*************************************************
******************* ORCA 6.1.1 ******************
*************************************************
$Calculation_Status
   &GeometryIndex 19
   &version [&Type "String"] "6.1.1"
   &progName [&Type "String"] "LeanSCF"
   &Status [&Type "String"] "NORMAL TERMINATION"
$End
$Geometry
   &GeometryIndex 1
   &NAtoms [&Type "Integer"] 42
   &NCorelessECP [&Type "Integer"] 0
   &NGhostAtoms [&Type "Integer"] 0
   &CartesianCoordinates [&Type "Coordinates", &Dim(42,4), &Units "Bohr"] 
              O     -5.118571770507   -6.065854310529   -2.214212652439
              C     -3.448094440541   -7.335609242262   -0.596770580907
              C     -3.931079943301   -6.598505482157    2.159160205842
              N     -3.669509909994   -3.867639796081    2.522411753689
              C     -1.362349433597   -2.507262235013    2.042583624250
              C      0.924703222900   -3.507113743546    2.918521103661
              C      3.159986378423   -2.153703678322    2.693284116636
              C      3.185684688529    0.246545482220    1.586326237853
              C      0.913058295825    1.271859822085    0.591705812512
              C     -1.378424559031   -0.115738488052    0.819298532136
              C     -3.735108993733    0.952972127466   -0.308973624403
              O     -5.654024461129   -0.417486158767   -0.650319636980
              C     -3.811369364299    3.617220772129   -1.142473391744
              C     -1.546650455014    4.988372644544   -1.365185893627
              C      0.881395121869    3.748418901812   -0.761662905503
              O      2.910246011818    4.769411570290   -1.482646564693
              C     -1.615738766881    7.508413717900   -2.210870898538
              C     -3.917582045266    8.649621163210   -2.815244546880
              C     -6.165070715121    7.288968987140   -2.594303001844
              C     -6.118065742855    4.782646815290   -1.768302669357
              N      5.497199774241    1.678081625724    1.598162329623
              C      7.930569805684    0.622895553380    0.816215840791
              C      7.847578362910   -0.187055372846   -1.957915257402
              O     10.232480981929   -1.034043438412   -2.737868746567
              H     -6.790003185404   -6.894985900322   -2.017797428257
              H     -1.479686422088   -6.839288414606   -1.128087643679
              H     -3.658541429287   -9.417298613463   -0.819744715373
              H     -5.876370828573   -7.185680903030    2.692707580089
              H     -2.607446198283   -7.630837868041    3.415167852383
              H     -5.239306184230   -2.876397860917    3.193792596301
              H      0.976298491123   -5.309797202012    3.878541361586
              H      4.865665621298   -2.952643605002    3.486212181977
              H      0.106573146227    8.597499757436   -2.397832389789
              H     -3.958159756594   10.590646350783   -3.459082026379
              H     -7.946442730421    8.176090224859   -3.067042163841
              H     -7.883723475927    3.760090870868   -1.612499247164
              H      5.449406994046    3.562198957993    2.186900686289
              H      8.443115557364   -1.006559563877    2.032778081006
              H      9.421227467479    2.084383780517    1.053329964438
              H      6.410534310232   -1.698990009204   -2.239087533279
              H      7.300701786479    1.456752195501   -3.143137447932
              H     10.454894812597   -2.750599491380   -2.013531636071
$End
$SCF_Mulliken_Population_Analysis
   &GeometryIndex 1
   &NAtoms [&Type "Integer"] 42
   &ATNO [&Type "ArrayOfIntegers", &Dim (42,1)] 
                                                         0

0                                                        8
1                                                        6
2                                                        6
3                                                        7
4                                                        6
5                                                        6
6                                                        6
7                                                        6
8                                                        6
9                                                        6
10                                                       6
11                                                       8
12                                                       6
13                                                       6
14                                                       6
15                                                       8
16                                                       6
17                                                       6
18                                                       6
19                                                       6
20                                                       7
21                                                       6
22                                                       6
23                                                       8
24                                                       1
25                                                       1
26                                                       1
27                                                       1
28                                                       1
29                                                       1
30                                                       1
31                                                       1
32                                                       1
33                                                       1
34                                                       1
35                                                       1
36                                                       1
37                                                       1
38                                                       1
39                                                       1
40                                                       1
41                                                       1
   &AtomicCharges [&Type "ArrayOfDoubles", &Dim (42,1)] 
                                                         0

0                                     -5.8873190789831931e-01
1                                     -1.2926464916288793e-02
2                                     -1.3422015539997201e-01
3                                     -6.0926253244574902e-01
4                                      2.6903316290546364e-01
5                                     -1.6726361279743163e-01
6                                     -1.6508538937502504e-01
7                                      2.5914888608348363e-01
8                                     -1.2409557537553795e-03
9                                     -2.6127834807008199e-03
10                                     2.6592312852452871e-01
11                                    -4.3631951475329522e-01
12                                     6.8091658623464113e-02
13                                     6.5738910073505075e-02
14                                     2.6721849892070537e-01
15                                    -4.5285890245780891e-01
16                                    -1.7121586360619112e-01
17                                    -1.2076284703966955e-01
18                                    -1.2045498430580626e-01
19                                    -1.7052482224177545e-01
20                                    -6.2661694281787916e-01
21                                    -1.3410074475612710e-01
22                                    -2.1955848824320334e-02
23                                    -6.1469777298592909e-01
24                                     3.8734580800965557e-01
25                                     1.4565140142924715e-01
26                                     1.0806502522173944e-01
27                                     1.3086971111114987e-01
28                                     1.1988998009535634e-01
29                                     3.2557674157725924e-01
30                                     1.3788033460195204e-01
31                                     1.3750463273492119e-01
32                                     1.5836841685572889e-01
33                                     1.3877888627573509e-01
34                                     1.3856985412779332e-01
35                                     1.5758163071777598e-01
36                                     3.2721812455612298e-01
37                                     1.1159413335554835e-01
38                                     1.5349578047192325e-01
39                                     1.1847125939206937e-01
40                                     1.6951273688373181e-01
41                                     3.8932334330712504e-01
   &Method [&Type "String"] "SCF"
   &Level [&Type "String"] "Relaxed density"
   &Mult [&Type "Integer"] 1
   &State [&Type "Integer"] -1
   &Irrep [&Type "Integer"] 0
$End
$SCF_Loewdin_Population_Analysis
   &GeometryIndex 1
   &NAtoms [&Type "Integer"] 42
   &ATNO [&Type "ArrayOfIntegers", &Dim (42,1)] 
                                                         0

0                                                        8
1                                                        6
2                                                        6
3                                                        7
4                                                        6
5                                                        6
6                                                        6
7                                                        6
8                                                        6
9                                                        6
10                                                       6
11                                                       8
12                                                       6
13                                                       6
14                                                       6
15                                                       8
16                                                       6
17                                                       6
18                                                       6
19                                                       6
20                                                       7
21                                                       6
22                                                       6
23                                                       8
24                                                       1
25                                                       1
26                                                       1
27                                                       1
28                                                       1
29                                                       1
30                                                       1
31                                                       1
32                                                       1
33                                                       1
34                                                       1
35                                                       1
36                                                       1
37                                                       1
38                                                       1
39                                                       1
40                                                       1
41                                                       1
   &AtomicCharges [&Type "ArrayOfDoubles", &Dim (42,1)] 
                                                         0

0                                     -3.8855198302174010e-01
1                                     -1.1817493151691316e-01
2                                     -1.7432697431324673e-01
3                                     -2.4743763185419798e-01
4                                      4.8998123202177446e-02
5                                     -1.3056331020754008e-01
6                                     -1.2912215061870658e-01
7                                      4.3884852789629392e-02
8                                     -6.3549558117260929e-02
9                                     -6.0143918131484675e-02
10                                     1.2281603263293928e-01
11                                    -2.2622976915038784e-01
12                                    -3.6086801154400661e-02
13                                    -3.8426920885408222e-02
14                                     1.2490894152256882e-01
15                                    -2.4225167030356864e-01
16                                    -9.5632859182415153e-02
17                                    -1.1674755125427883e-01
18                                    -1.1599030622621420e-01
19                                    -9.5760808463426272e-02
20                                    -2.5345838126429321e-01
21                                    -1.7279430649808880e-01
22                                    -1.2143420599702726e-01
23                                    -4.0193700112714659e-01
24                                     3.1003129676493191e-01
25                                     1.2230246773699416e-01
26                                     9.7550670924020255e-02
27                                     1.2185673153883847e-01
28                                     1.0477594979461924e-01
29                                     2.5287015232939303e-01
30                                     1.3829184090565094e-01
31                                     1.3820740326891445e-01
32                                     1.4899171742891126e-01
33                                     1.3652409953352374e-01
34                                     1.3642271020847563e-01
35                                     1.4880880821159514e-01
36                                     2.5318656156020003e-01
37                                     9.8487220128805952e-02
38                                     1.3316195696615341e-01
39                                     1.0218167918711463e-01
40                                     1.3398362662618601e-01
41                                     3.1037819602606143e-01
   &Method [&Type "String"] "SCF"
   &Level [&Type "String"] "Relaxed density"
   &Mult [&Type "Integer"] 1
   &State [&Type "Integer"] -1
   &Irrep [&Type "Integer"] 0
$End
$SCF_Mayer_Population_Analysis
   &GeometryIndex 1
   &NAtoms [&Type "Integer"] 42 "Total number of atoms"
   &NBondOrdersPrint [&Type "Integer"] 44 "The number of bond orders larger than threshold"
   &bondThresh [&Type "Double"]       1.0000000000000001e-01  "The threshold for printing"
   &components [&Type "ArrayOfIntegers", &Dim (44,4)] "The indices and atomic numbers of the bonding atoms"
                                                         0                           1                           2                           3

0                                                        0                           8                           1                           6
1                                                        0                           8                          24                           1
2                                                        1                           6                           2                           6
3                                                        1                           6                          25                           1
4                                                        1                           6                          26                           1
5                                                        2                           6                           3                           7
6                                                        2                           6                          27                           1
7                                                        2                           6                          28                           1
8                                                        3                           7                           4                           6
9                                                        3                           7                          29                           1
10                                                       4                           6                           5                           6
11                                                       4                           6                           9                           6
12                                                       5                           6                           6                           6
13                                                       5                           6                          30                           1
14                                                       6                           6                           7                           6
15                                                       6                           6                          31                           1
16                                                       7                           6                           8                           6
17                                                       7                           6                          20                           7
18                                                       8                           6                           9                           6
19                                                       8                           6                          14                           6
20                                                       9                           6                          10                           6
21                                                      10                           6                          11                           8
22                                                      10                           6                          12                           6
23                                                      12                           6                          13                           6
24                                                      12                           6                          19                           6
25                                                      13                           6                          14                           6
26                                                      13                           6                          16                           6
27                                                      14                           6                          15                           8
28                                                      16                           6                          17                           6
29                                                      16                           6                          32                           1
30                                                      17                           6                          18                           6
31                                                      17                           6                          33                           1
32                                                      18                           6                          19                           6
33                                                      18                           6                          34                           1
34                                                      19                           6                          35                           1
35                                                      20                           7                          21                           6
36                                                      20                           7                          36                           1
37                                                      21                           6                          22                           6
38                                                      21                           6                          37                           1
39                                                      21                           6                          38                           1
40                                                      22                           6                          23                           8
41                                                      22                           6                          39                           1
42                                                      22                           6                          40                           1
43                                                      23                           8                          41                           1
   &BondOrders [&Type "ArrayOfDoubles", &Dim (44,1)] "The bond orders"
                                                         0

0                                      9.9300927923131677e-01
1                                      7.9459824966808090e-01
2                                      9.6176088441901719e-01
3                                      9.3096219556983384e-01
4                                      9.3137565938634892e-01
5                                      9.8821781073336001e-01
6                                      9.4317754972831214e-01
7                                      9.1719394470275462e-01
8                                      1.0020690183378944e+00
9                                      8.2955561902826314e-01
10                                     1.3436238100692219e+00
11                                     1.3351904429092931e+00
12                                     1.4502948852836495e+00
13                                     9.1890244113092812e-01
14                                     1.3501816011048380e+00
15                                     9.1920267401497746e-01
16                                     1.3325837691881190e+00
17                                     9.9608525814980164e-01
18                                     1.2905220789108860e+00
19                                     9.6775922058949504e-01
20                                     9.6236366030831810e-01
21                                     1.8177791192820956e+00
22                                     9.7727885055177399e-01
23                                     1.3657373059756930e+00
24                                     1.3819969376841987e+00
25                                     9.8228091079710966e-01
26                                     1.3796236116980447e+00
27                                     1.8031750260584301e+00
28                                     1.4305311646914975e+00
29                                     9.1223493987977067e-01
30                                     1.4134463657949285e+00
31                                     9.3030290699284957e-01
32                                     1.4294556707956216e+00
33                                     9.3033940901915635e-01
34                                     9.1208106043492454e-01
35                                     9.5838158670920048e-01
36                                     8.2999509242523162e-01
37                                     9.6727202492189246e-01
38                                     9.2815738767121680e-01
39                                     9.3878492804983438e-01
40                                     9.5344173872648263e-01
41                                     9.3498606857690314e-01
42                                     9.2903535216574640e-01
43                                     7.9558483084401743e-01
   &ATNO [&Type "ArrayOfIntegers", &Dim (42,1)] "Atomic number of the elements"
                                                         0

0                                                        8
1                                                        6
2                                                        6
3                                                        7
4                                                        6
5                                                        6
6                                                        6
7                                                        6
8                                                        6
9                                                        6
10                                                       6
11                                                       8
12                                                       6
13                                                       6
14                                                       6
15                                                       8
16                                                       6
17                                                       6
18                                                       6
19                                                       6
20                                                       7
21                                                       6
22                                                       6
23                                                       8
24                                                       1
25                                                       1
26                                                       1
27                                                       1
28                                                       1
29                                                       1
30                                                       1
31                                                       1
32                                                       1
33                                                       1
34                                                       1
35                                                       1
36                                                       1
37                                                       1
38                                                       1
39                                                       1
40                                                       1
41                                                       1
   &NA [&Type "ArrayOfDoubles", &Dim (42,1)] "Mulliken gross atomic population"
                                                         0

0                                      8.5887319078983158e+00
1                                      6.0129264649162888e+00
2                                      6.1342201553999738e+00
3                                      7.6092625324457481e+00
4                                      5.7309668370945328e+00
5                                      6.1672636127974307e+00
6                                      6.1650853893750250e+00
7                                      5.7408511139165181e+00
8                                      6.0012409557537554e+00
9                                      6.0026127834806973e+00
10                                     5.7340768714754722e+00
11                                     8.4363195147532899e+00
12                                     5.9319083413765332e+00
13                                     5.9342610899264931e+00
14                                     5.7327815010792902e+00
15                                     8.4528589024578071e+00
16                                     6.1712158636061902e+00
17                                     6.1207628470396678e+00
18                                     6.1204549843058063e+00
19                                     6.1705248222417772e+00
20                                     7.6266169428178809e+00
21                                     6.1341007447561271e+00
22                                     6.0219558488243194e+00
23                                     8.6146977729859255e+00
24                                     6.1265419199034432e-01
25                                     8.5434859857075329e-01
26                                     8.9193497477826034e-01
27                                     8.6913028888885013e-01
28                                     8.8011001990464377e-01
29                                     6.7442325842274053e-01
30                                     8.6211966539804830e-01
31                                     8.6249536726507858e-01
32                                     8.4163158314427089e-01
33                                     8.6122111372426469e-01
34                                     8.6143014587220645e-01
35                                     8.4241836928222424e-01
36                                     6.7278187544387713e-01
37                                     8.8840586664445165e-01
38                                     8.4650421952807675e-01
39                                     8.8152874060793063e-01
40                                     8.3048726311626830e-01
41                                     6.1067665669287496e-01
   &ZA [&Type "ArrayOfDoubles", &Dim (42,1)] "Total nuclear charge"
                                                         0

0                                      8.0000000000000000e+00
1                                      6.0000000000000000e+00
2                                      6.0000000000000000e+00
3                                      7.0000000000000000e+00
4                                      6.0000000000000000e+00
5                                      6.0000000000000000e+00
6                                      6.0000000000000000e+00
7                                      6.0000000000000000e+00
8                                      6.0000000000000000e+00
9                                      6.0000000000000000e+00
10                                     6.0000000000000000e+00
11                                     8.0000000000000000e+00
12                                     6.0000000000000000e+00
13                                     6.0000000000000000e+00
14                                     6.0000000000000000e+00
15                                     8.0000000000000000e+00
16                                     6.0000000000000000e+00
17                                     6.0000000000000000e+00
18                                     6.0000000000000000e+00
19                                     6.0000000000000000e+00
20                                     7.0000000000000000e+00
21                                     6.0000000000000000e+00
22                                     6.0000000000000000e+00
23                                     8.0000000000000000e+00
24                                     1.0000000000000000e+00
25                                     1.0000000000000000e+00
26                                     1.0000000000000000e+00
27                                     1.0000000000000000e+00
28                                     1.0000000000000000e+00
29                                     1.0000000000000000e+00
30                                     1.0000000000000000e+00
31                                     1.0000000000000000e+00
32                                     1.0000000000000000e+00
33                                     1.0000000000000000e+00
34                                     1.0000000000000000e+00
35                                     1.0000000000000000e+00
36                                     1.0000000000000000e+00
37                                     1.0000000000000000e+00
38                                     1.0000000000000000e+00
39                                     1.0000000000000000e+00
40                                     1.0000000000000000e+00
41                                     1.0000000000000000e+00
   &QA [&Type "ArrayOfDoubles", &Dim (42,1)] "Mulliken gross atomic charge"
                                                         0

0                                     -5.8873190789831575e-01
1                                     -1.2926464916288793e-02
2                                     -1.3422015539997378e-01
3                                     -6.0926253244574813e-01
4                                      2.6903316290546719e-01
5                                     -1.6726361279743074e-01
6                                     -1.6508538937502504e-01
7                                      2.5914888608348186e-01
8                                     -1.2409557537553795e-03
9                                     -2.6127834806972672e-03
10                                     2.6592312852452782e-01
11                                    -4.3631951475328989e-01
12                                     6.8091658623466778e-02
13                                     6.5738910073506851e-02
14                                     2.6721849892070981e-01
15                                    -4.5285890245780713e-01
16                                    -1.7121586360619023e-01
17                                    -1.2076284703966778e-01
18                                    -1.2045498430580626e-01
19                                    -1.7052482224177723e-01
20                                    -6.2661694281788094e-01
21                                    -1.3410074475612710e-01
22                                    -2.1955848824319446e-02
23                                    -6.1469777298592554e-01
24                                     3.8734580800965568e-01
25                                     1.4565140142924671e-01
26                                     1.0806502522173966e-01
27                                     1.3086971111114987e-01
28                                     1.1988998009535623e-01
29                                     3.2557674157725947e-01
30                                     1.3788033460195170e-01
31                                     1.3750463273492142e-01
32                                     1.5836841685572911e-01
33                                     1.3877888627573531e-01
34                                     1.3856985412779355e-01
35                                     1.5758163071777576e-01
36                                     3.2721812455612287e-01
37                                     1.1159413335554835e-01
38                                     1.5349578047192325e-01
39                                     1.1847125939206937e-01
40                                     1.6951273688373170e-01
41                                     3.8932334330712504e-01
   &VA [&Type "ArrayOfDoubles", &Dim (42,1)] "Mayer's total valence"
                                                         0

0                                      1.8301954834889331e+00
1                                      3.8040484557176111e+00
2                                      3.8397766789364391e+00
3                                      2.9333728419452885e+00
4                                      3.8750490232823935e+00
5                                      3.8892484131125862e+00
6                                      3.8941397766108854e+00
7                                      3.8762378495545504e+00
8                                      3.7809761282526009e+00
9                                      3.7805220554679528e+00
10                                     3.8694206874783714e+00
11                                     2.0650984991013814e+00
12                                     3.8583702855360325e+00
13                                     3.8627881377744933e+00
14                                     3.8686369874329025e+00
15                                     2.0515622405671170e+00
16                                     3.8995925046638931e+00
17                                     3.9030260909960837e+00
18                                     3.9024449693250154e+00
19                                     3.9007910266019930e+00
20                                     2.9090212122917363e+00
21                                     3.8301689776547994e+00
22                                     3.7785573796263749e+00
23                                     1.8045170132857620e+00
24                                     8.1315417151645686e-01
25                                     9.4068757177235907e-01
26                                     9.3354072049906589e-01
27                                     9.4309774350334452e-01
28                                     9.3042974103999865e-01
29                                     8.7443091096081893e-01
30                                     9.4013678062984773e-01
31                                     9.4050808422023291e-01
32                                     9.4526145828826069e-01
33                                     9.3608861340396454e-01
34                                     9.3610480031324217e-01
35                                     9.4587978846821552e-01
36                                     8.7251095110449461e-01
37                                     9.3538370191312181e-01
38                                     9.3932936732635619e-01
39                                     9.3948073163568058e-01
40                                     9.3817152648791025e-01
41                                     8.1115942679850561e-01
   &BVA [&Type "ArrayOfDoubles", &Dim (42,1)] "Mayer's bonded valence"
                                                         0

0                                      1.8301954834889340e+00
1                                      3.8040484557175458e+00
2                                      3.8397766789364627e+00
3                                      2.9333728419453244e+00
4                                      3.8750490232823518e+00
5                                      3.8892484131125817e+00
6                                      3.8941397766108636e+00
7                                      3.8762378495545233e+00
8                                      3.7809761282526653e+00
9                                      3.7805220554679937e+00
10                                     3.8694206874784065e+00
11                                     2.0650984991014329e+00
12                                     3.8583702855359934e+00
13                                     3.8627881377745386e+00
14                                     3.8686369874329594e+00
15                                     2.0515622405671916e+00
16                                     3.8995925046639144e+00
17                                     3.9030260909960588e+00
18                                     3.9024449693249554e+00
19                                     3.9007910266019321e+00
20                                     2.9090212122917212e+00
21                                     3.8301689776547674e+00
22                                     3.7785573796263692e+00
23                                     1.8045170132858264e+00
24                                     8.1315417151645331e-01
25                                     9.4068757177235196e-01
26                                     9.3354072049906489e-01
27                                     9.4309774350334918e-01
28                                     9.3042974104000264e-01
29                                     8.7443091096082359e-01
30                                     9.4013678062984984e-01
31                                     9.4050808422022747e-01
32                                     9.4526145828826158e-01
33                                     9.3608861340396432e-01
34                                     9.3610480031324883e-01
35                                     9.4587978846820997e-01
36                                     8.7251095110449528e-01
37                                     9.3538370191312203e-01
38                                     9.3932936732636096e-01
39                                     9.3948073163567569e-01
40                                     9.3817152648790714e-01
41                                     8.1115942679850739e-01
   &FA [&Type "ArrayOfDoubles", &Dim (42,1)] "Mayer's free valence"
                                                         0

0                                      0.0000000000000000e+00
1                                      0.0000000000000000e+00
2                                      0.0000000000000000e+00
3                                      0.0000000000000000e+00
4                                      0.0000000000000000e+00
5                                      0.0000000000000000e+00
6                                      0.0000000000000000e+00
7                                      0.0000000000000000e+00
8                                      0.0000000000000000e+00
9                                      0.0000000000000000e+00
10                                     0.0000000000000000e+00
11                                     0.0000000000000000e+00
12                                     0.0000000000000000e+00
13                                     0.0000000000000000e+00
14                                     0.0000000000000000e+00
15                                     0.0000000000000000e+00
16                                     0.0000000000000000e+00
17                                     0.0000000000000000e+00
18                                     0.0000000000000000e+00
19                                     0.0000000000000000e+00
20                                     0.0000000000000000e+00
21                                     0.0000000000000000e+00
22                                     0.0000000000000000e+00
23                                     0.0000000000000000e+00
24                                     0.0000000000000000e+00
25                                     0.0000000000000000e+00
26                                     0.0000000000000000e+00
27                                     0.0000000000000000e+00
28                                     0.0000000000000000e+00
29                                     0.0000000000000000e+00
30                                     0.0000000000000000e+00
31                                     0.0000000000000000e+00
32                                     0.0000000000000000e+00
33                                     0.0000000000000000e+00
34                                     0.0000000000000000e+00
35                                     0.0000000000000000e+00
36                                     0.0000000000000000e+00
37                                     0.0000000000000000e+00
38                                     0.0000000000000000e+00
39                                     0.0000000000000000e+00
40                                     0.0000000000000000e+00
41                                     0.0000000000000000e+00
   &Method [&Type "String"] "SCF"
   &Level [&Type "String"] "Relaxed density"
   &Mult [&Type "Integer"] 1
   &State [&Type "Integer"] -1
   &Irrep [&Type "Integer"] 0
$End
$SCF_Energy
   &GeometryIndex 1
   &Method [&Type "String"] "SCF"
   &totalEnergy [&Type "ArrayOfDoubles", &Dim (1,1)] "Total energy of each state"
                                                         0

0                                     -1.1064315055818076e+03
   &Mult [&Type "ArrayOfIntegers", &Dim (1,1)] "Multiplicity of each state"
                                                         0

0                                                        1
$End
$DFT_Energy
   &GeometryIndex 1
   &nAlphaEl [&Type "Integer"] 86
   &nBetaEl [&Type "Integer"] 86
   &nTotalEl [&Type "Integer"] 171
   &finalEn [&Type "Double"]      -1.1064315055818076e+03  "No Van der Waals correction"
   &eExchange [&Type "Double"]      -1.1592657302131627e+02
   &eCorr [&Type "Double"]      -6.9377001532231741e+00
   &eXC [&Type "Double"]      -1.2286427317453945e+02
   &eCNL [&Type "Double"]       0.0000000000000000e+00
$End
$SCF_Timings
   &GeometryIndex 1
   &TOTAL [&Type "Double"]       4.4962046999999998e+01
   &PREP [&Type "Double"]       6.5395999999999999e-01
   &FOCK [&Type "Double"]       4.2838830000000009e+01
   &DENS [&Type "Double"]       1.0438999999999510e-01
   &ETOT [&Type "Double"]       4.4448999999995742e-02
   &POP [&Type "Double"]       4.5172999999998353e-02
   &TRAFO [&Type "Double"]       8.1897000000000553e-02
   &DIIS [&Type "Double"]       3.5670800000000025e-01
   &SOSCF [&Type "Double"]       3.5895399999998556e-01
   &XC [&Type "Double"]       5.0453369999999991e+00
   &FOCKSTART [&Type "Double"]       1.6778000000000626e-02
   &INT_PREP [&Type "Double"]       6.0000000052795599e-06
   &INT_BF [&Type "Double"]       1.3767680000003124e+00
   &INT_DENS [&Type "Double"]       1.2276209999998047e+00
   &INT_DENSIO [&Type "Double"]       1.4020858106900027e+05
   &INT_FUNC [&Type "Double"]       1.4922699999971201e-01
   &INT_POT [&Type "Double"]       1.1057809999999457e+00
   &INT_POTIO [&Type "Double"]       4.1042999999991281e-02
   &INT_SUM [&Type "Double"]       8.4899999999965559e-04
   &SPLITRIJ [&Type "Double"]       5.6251040000000057e+00
   &COSX [&Type "Double"]       3.3004086000000001e+01
$End
$Single_Point_Data
   &GeometryIndex 1
   &FinalEnergy [&Type "Double"]      -1.1064315055818076e+03  "Final single point energy"
   &Converged [&Type "Boolean"] true
$End
$SCF_Nuc_Gradient
   &GeometryIndex 1
   &NAtoms [&Type "Integer"] 42
   &gradNorm [&Type "Double"]       1.4162840511859459e-01
   &grad [&Type "ArrayOfDoubles", &Dim (126,1)] 
                                                         0

0                                      1.8777542703231363e-02
1                                      8.3349052471304863e-03
2                                      9.8394864536416049e-03
3                                     -3.2961954962819409e-03
4                                      1.1378865184105956e-02
5                                     -2.6311769107408706e-03
6                                     -6.7651583143776839e-03
7                                     -6.9839964256449873e-03
8                                     -9.2782485737501197e-03
9                                     -4.2011541958835753e-03
10                                    -1.4616981388472221e-02
11                                    -1.4532832880092003e-02
12                                     4.4089100249961759e-02
13                                     1.2235523643631032e-02
14                                    -3.8260361335854670e-03
15                                    -1.0404743466007792e-02
16                                    -3.0728074270805622e-03
17                                     4.3964824875584313e-03
18                                     8.3683386077802180e-03
19                                     8.2716564744624368e-03
20                                     2.3516665049261448e-03
21                                    -2.9978220761357532e-02
22                                    -3.2546523980946637e-02
23                                     3.5395627553596147e-03
24                                     3.9744515216605172e-03
25                                    -2.6116763452707636e-03
26                                    -5.2492973916197158e-03
27                                     4.3805900153850996e-04
28                                    -4.5587477478152005e-03
29                                    -4.9424906440767649e-03
30                                     3.5676391834761845e-02
31                                     3.8668451493550693e-02
32                                     6.7938393031277272e-03
33                                    -2.5663953746417612e-02
34                                    -3.0203078864768806e-02
35                                    -9.7572945048382542e-03
36                                    -2.9820603495456927e-04
37                                    -7.1732744416837246e-03
38                                     1.1961856886597011e-03
39                                     6.2825867636718269e-03
40                                    -3.2787383167568462e-03
41                                     2.5820297041215245e-04
42                                    -4.6379683872045108e-02
43                                    -1.1278269601778856e-02
44                                     1.3743665865858887e-02
45                                     3.4172347673167347e-02
46                                     7.7957346570518560e-03
47                                    -1.2464373681058516e-02
48                                     2.9626115384712992e-03
49                                    -1.3759335458558980e-03
50                                     1.0456174743119565e-03
51                                    -5.2575092520407082e-03
52                                     4.4260356564750913e-03
53                                    -2.0548830525571327e-03
54                                    -1.9730992365638161e-03
55                                     6.5145476861368096e-03
56                                    -2.4195793187392206e-03
57                                    -2.3424535497380827e-04
58                                    -3.1225822127053521e-03
59                                     1.2288106164730604e-03
60                                     1.3324945729108431e-02
61                                    -3.7784504928274620e-03
62                                    -1.7352190135111703e-02
63                                     1.0473901904413566e-02
64                                    -6.6934389257736395e-03
65                                    -9.2986543300309678e-03
66                                     1.1976186800015897e-02
67                                    -2.6043306149539924e-03
68                                     2.5242356935271659e-03
69                                    -1.5412800399101534e-02
70                                     2.4368503018181345e-02
71                                     8.9029830223075201e-05
72                                    -1.7092957643898982e-02
73                                    -1.1917621041439480e-02
74                                     2.7963947338056974e-03
75                                     1.0364763156666151e-02
76                                    -5.7788368043036609e-05
77                                     4.3657804608759204e-04
78                                    -4.8472872977443765e-03
79                                    -4.3763016912425901e-03
80                                    -3.2541495646531381e-03
81                                    -8.7764581172806999e-03
82                                    -6.2141421046049833e-03
83                                     3.7101017112285695e-04
84                                     4.3090598441418160e-03
85                                     2.7248688567872714e-03
86                                     2.6197376828723806e-03
87                                    -2.4098151491196595e-02
88                                     1.1721171922265683e-02
89                                     2.2050877294922874e-02
90                                     2.9572003119458061e-03
91                                     2.7078409348860744e-03
92                                    -1.5092785552544286e-03
93                                    -3.7856579524528366e-03
94                                    -1.5289490697340813e-03
95                                    -8.1583444561672547e-04
96                                    -4.0169504242969223e-03
97                                     3.5219776706507666e-03
98                                    -8.0533491119100589e-04
99                                    -7.5394892698602174e-04
100                                   -2.9637552298527048e-03
101                                    7.4474540690805391e-04
102                                    3.0547358121220669e-03
103                                   -6.8022595587136081e-04
104                                    3.8699582036335473e-04
105                                   -1.5005239854599672e-03
106                                    5.2001344113990211e-03
107                                   -1.0528714929194140e-03
108                                    3.7029470488926970e-03
109                                    2.7763304896226665e-02
110                                    1.9367011004039092e-02
111                                   -3.5850964579127731e-03
112                                   -2.3937248592315052e-03
113                                    3.9789917640438155e-03
114                                    8.9041725302943242e-03
115                                    7.4927477037878415e-03
116                                    7.3860907032825829e-05
117                                   -1.5923318497184369e-03
118                                   -8.4851241200495087e-03
119                                   -1.3947177222028741e-03
120                                   -3.4962492421556149e-03
121                                    8.4785552700957778e-03
122                                   -5.7165411680148437e-03
123                                   -3.9875944175792738e-04
124                                   -1.9088361866955367e-02
125                                    8.5227968039535973e-03
   &Method [&Type "String"] "SCF"
   &Level [&Type "String"] "Relaxed density"
   &Mult [&Type "Integer"] 1
   &State [&Type "Integer"] 0
   &Irrep [&Type "Integer"] 0
$End
$Geometry
   &GeometryIndex 2
   &NAtoms [&Type "Integer"] 42
   &NCorelessECP [&Type "Integer"] 0
   &NGhostAtoms [&Type "Integer"] 0
   &CartesianCoordinates [&Type "Coordinates", &Dim(42,4), &Units "Bohr"] 
              O     -4.830653658914   -6.467698429861   -2.351748004863
              C     -3.225836110781   -7.519740662708   -0.500199512049
              C     -3.821085294866   -6.569005318090    2.184073192487
              N     -3.673232865125   -3.831837944516    2.429303843751
              C     -1.461867522481   -2.434922473078    1.973288903045
              C      0.833673630333   -3.431044800524    2.844472418141
              C      3.069315191682   -2.092520768799    2.619884078537
              C      3.123169689126    0.312293825779    1.514836403593
              C      0.846433966884    1.357201290323    0.537052506776
              C     -1.473355626419   -0.026507690138    0.769843032614
              C     -3.840793029195    1.072486418345   -0.324217471110
              O     -5.795147782028   -0.184095212763   -0.616358105890
              C     -3.867149271532    3.749993226498   -1.126249772204
              C     -1.592473230442    5.096407535985   -1.362796002357
              C      0.840839779355    3.845739849622   -0.803402895137
              O      2.815858773756    4.898773633215   -1.504630459203
              C     -1.632047150000    7.616653857932   -2.177217104536
              C     -3.923665737306    8.789719053225   -2.734816605950
              C     -6.190656823759    7.448943027988   -2.497919988739
              C     -6.163008999305    4.936906004362   -1.704596262129
              N      5.425269921262    1.641787997652    1.526652509540
              C      7.835683417611    0.518165870551    0.814107568730
              C      7.848913736042   -0.362274831889   -1.949886026787
              O     10.267343358069   -1.254093305761   -2.678219919492
              H     -6.468117077362   -7.283503807801   -2.182806734314
              H     -1.277470525380   -7.009661881052   -0.998930538938
              H     -3.340211105446   -9.607887773351   -0.520989039842
              H     -5.748075587533   -7.154656944936    2.688996769039
              H     -2.545776177884   -7.513070351478    3.543270771156
              H     -5.240658263522   -2.902019645137    2.974380102642
              H      0.871712639428   -5.246826495463    3.794851525791
              H      4.782339713921   -2.899745355358    3.405232219747
              H      0.118821354968    8.664322891367   -2.370910868099
              H     -3.945953351025   10.745083632450   -3.357542164050
              H     -7.975324234697    8.362157371656   -2.937060139400
              H     -7.926157638856    3.906190136402   -1.533876846477
              H      5.405876643179    3.482161779778    2.012790554690
              H      8.313797460283   -1.081773631742    2.069395551512
              H      9.317789277015    1.945961217899    1.059925263686
              H      6.400177541296   -1.836232896287   -2.236624001057
              H      7.362293462526    1.241554694263   -3.169102114323
              H     10.479407526019   -2.923383151251   -1.939749380121
$End
$SCF_Energy
   &GeometryIndex 2
   &Method [&Type "String"] "SCF"
   &totalEnergy [&Type "ArrayOfDoubles", &Dim (1,1)] "Total energy of each state"
                                                         0

0                                     -1.1064496862427566e+03
   &Mult [&Type "ArrayOfIntegers", &Dim (1,1)] "Multiplicity of each state"
                                                         0

0                                                        1
$End
$DFT_Energy
   &GeometryIndex 2
   &nAlphaEl [&Type "Integer"] 85
   &nBetaEl [&Type "Integer"] 85
   &nTotalEl [&Type "Integer"] 171
   &finalEn [&Type "Double"]      -1.1064496862427566e+03  "No Van der Waals correction"
   &eExchange [&Type "Double"]      -1.1601693275953264e+02
   &eCorr [&Type "Double"]      -6.9425166864139856e+00
   &eXC [&Type "Double"]      -1.2295944944594662e+02
   &eCNL [&Type "Double"]       0.0000000000000000e+00
$End
$SCF_Timings
   &GeometryIndex 2
   &TOTAL [&Type "Double"]       3.7054335999999999e+01
   &PREP [&Type "Double"]       6.0192100000000004e-01
   &FOCK [&Type "Double"]       3.4811619999999998e+01
   &DENS [&Type "Double"]       9.6804999999999808e-02
   &ETOT [&Type "Double"]       3.6439000000005883e-02
   &TRAFO [&Type "Double"]       9.5937000000005490e-02
   &DIIS [&Type "Double"]       3.1663300000000039e-01
   &SOSCF [&Type "Double"]       3.3493000000000261e-01
   &XC [&Type "Double"]       3.9934780000000045e+00
   &FOCKSTART [&Type "Double"]       1.1314999999998077e-02
   &INT_PREP [&Type "Double"]       8.9999999941525743e-06
   &INT_BF [&Type "Double"]       1.1659839999999728e+00
   &INT_DENS [&Type "Double"]       9.7458800000012502e-01
   &INT_DENSIO [&Type "Double"]       9.9156814999000213e+04
   &INT_FUNC [&Type "Double"]       1.3389600000002133e-01
   &INT_POT [&Type "Double"]       8.6263699999998167e-01
   &INT_POTIO [&Type "Double"]       3.5968999999981044e-02
   &INT_SUM [&Type "Double"]       6.7899999999987415e-04
   &SPLITRIJ [&Type "Double"]       4.2564519999999968e+00
   &COSX [&Type "Double"]       2.7641537000000000e+01
$End
$Single_Point_Data
   &GeometryIndex 2
   &FinalEnergy [&Type "Double"]      -1.1064496862427566e+03  "Final single point energy"
   &Converged [&Type "Boolean"] true
$End
$SCF_Nuc_Gradient
   &GeometryIndex 2
   &NAtoms [&Type "Integer"] 42
   &gradNorm [&Type "Double"]       6.1427913204573158e-02
   &grad [&Type "ArrayOfDoubles", &Dim (126,1)] 
                                                         0

0                                      7.7997790801362377e-04
1                                      1.7725718830067794e-03
2                                      3.2233862143773995e-03
3                                      4.4471237061664143e-04
4                                      4.0992400976511707e-03
5                                     -2.6544910772024477e-03
6                                     -3.4161607938384929e-03
7                                     -3.6095845788832459e-03
8                                     -4.3176854802510628e-03
9                                     -1.0512321184216154e-02
10                                     6.1002958649485073e-04
11                                    -2.8634696164170133e-03
12                                     2.3755217076190299e-02
13                                     3.2420137633813739e-03
14                                     3.3699857607423500e-04
15                                    -1.2623945823760547e-02
16                                    -8.8576849015954695e-04
17                                     3.5798526721819990e-03
18                                     7.3024586219091470e-03
19                                     1.0505078697342102e-02
20                                     1.1529109494973419e-03
21                                    -1.2539677473511361e-02
22                                    -1.8667556704333940e-02
23                                     3.8622106591228722e-03
24                                     4.8053449760045580e-03
25                                     5.3304430782583068e-04
26                                    -5.3484282003232603e-03
27                                    -2.6230175377339460e-03
28                                    -4.7677891529749397e-03
29                                    -4.1171107878407096e-03
30                                     1.2153652376926893e-02
31                                     1.7594411872314586e-02
32                                     5.4221489149245544e-04
33                                    -6.5387221705784371e-03
34                                    -4.8107491651029344e-03
35                                    -8.0699598458149474e-03
36                                    -4.2064844464702322e-03
37                                    -6.2100151684420790e-03
38                                     1.2842208893553975e-03
39                                     7.3225233664465927e-03
40                                     2.7404370987220428e-04
41                                    -1.4030258278592209e-04
42                                    -2.0960947353285908e-02
43                                    -2.6531446802554037e-03
44                                     4.6072099577254833e-03
45                                     7.6222563103552354e-03
46                                     2.8198238926303021e-03
47                                    -7.3892116806828501e-03
48                                     1.7161960057534703e-03
49                                    -3.5961419862903937e-03
50                                     1.4176915331281219e-03
51                                    -1.1562606051741739e-03
52                                     1.7272236233694116e-03
53                                    -6.8088586106164473e-04
54                                    -1.1273597404644897e-03
55                                     1.8584210440172194e-03
56                                    -7.2202350030181259e-04
57                                     2.5090197951552207e-03
58                                    -3.1539714865329652e-03
59                                     1.3896697078209924e-03
60                                     3.2960472089767351e-03
61                                     9.8065896799548330e-03
62                                    -6.1981688859242979e-03
63                                     6.1985250830599303e-03
64                                    -1.3413373771620843e-03
65                                    -5.4151832978791350e-03
66                                     3.1432177558557671e-03
67                                     9.0100680689555665e-04
68                                     8.4163102321871408e-05
69                                    -3.0547338223060050e-03
70                                     3.4945903786965382e-03
71                                     9.1387232550449449e-04
72                                    -1.4310821220455960e-03
73                                    -3.4372518173979572e-03
74                                     4.2960392491409385e-04
75                                     2.7874439847327404e-03
76                                    -1.2488066184256769e-03
77                                     1.6986519570882375e-03
78                                    -2.2630394371754171e-03
79                                    -1.5453969579579674e-03
80                                    -2.3702790067219662e-03
81                                    -1.0705925725313925e-03
82                                    -2.7321496913167986e-03
83                                    -7.4373891569845529e-04
84                                     1.6943695257549407e-03
85                                     2.7964098736023013e-03
86                                     1.8248770480022991e-03
87                                     1.5800238339502559e-03
88                                    -2.1940527925112807e-03
89                                     1.2666591606438196e-02
90                                     1.8887899442013613e-03
91                                     6.5369129843617646e-05
92                                    -4.6258146747631124e-04
93                                    -1.2392232571128980e-03
94                                    -1.7159747958809951e-03
95                                    -1.9475983846223288e-04
96                                    -2.0087236418114551e-03
97                                     3.0160191471556297e-03
98                                    -5.1142001498595893e-04
99                                    -1.8841500889085067e-04
100                                   -6.0633505915569375e-04
101                                    4.1036773947691896e-05
102                                    6.3013006071466204e-04
103                                   -1.2635216455267329e-04
104                                   -5.2593282413915254e-05
105                                   -1.7552092143480191e-03
106                                    3.1828368848533239e-03
107                                   -5.2068531740288512e-04
108                                    2.6780090645054308e-03
109                                   -1.4337179035329994e-03
110                                    1.1861290607303704e-02
111                                   -2.6844839977408080e-03
112                                   -5.9657149695846456e-04
113                                    1.9517230602131147e-03
114                                    1.7391751170937053e-03
115                                    1.1563944241982371e-03
116                                   -5.7427697409332887e-04
117                                    1.8299923343145785e-04
118                                   -2.9269756511951239e-03
119                                   -6.2106356501785698e-05
120                                   -1.8399066812232190e-03
121                                    1.6595666646450902e-03
122                                   -6.5176973244641945e-04
123                                   -9.8978267226301764e-04
124                                   -2.8550416464805384e-03
125                                    1.1929551189326926e-03
   &Method [&Type "String"] "SCF"
   &Level [&Type "String"] "Relaxed density"
   &Mult [&Type "Integer"] 1
   &State [&Type "Integer"] 0
   &Irrep [&Type "Integer"] 0
$End
$Geometry
   &GeometryIndex 3
   &NAtoms [&Type "Integer"] 42
   &NCorelessECP [&Type "Integer"] 0
   &NGhostAtoms [&Type "Integer"] 0
   &CartesianCoordinates [&Type "Coordinates", &Dim(42,4), &Units "Bohr"] 
              O     -4.578267833226   -6.640645784538   -2.417689824292
              C     -3.076182096202   -7.603009647003   -0.425837010207
              C     -3.786642445934   -6.547331391785    2.191323265681
              N     -3.689225602319   -3.814740878296    2.356407924564
              C     -1.526775015670   -2.394244391442    1.932744314039
              C      0.792134106895   -3.395409736321    2.772378716877
              C      3.022129119551   -2.065644458767    2.546392850513
              C      3.094968466492    0.360650649710    1.462348449131
              C      0.805365857489    1.415323720188    0.523607338043
              C     -1.529564669778    0.032478611092    0.766715557213
              C     -3.912833722816    1.132638267971   -0.290382467430
              O     -5.885271185479   -0.073793903370   -0.535221241248
              C     -3.908564692542    3.823126207675   -1.094098815874
              C     -1.633245538696    5.158122928869   -1.346732521417
              C      0.819440247314    3.911411547280   -0.805948183129
              O      2.768375454081    4.983081499246   -1.493917512229
              C     -1.663098711471    7.676512941298   -2.156857449864
              C     -3.951732419567    8.861073584988   -2.689860498371
              C     -6.225736104004    7.528420508554   -2.435636221994
              C     -6.202756692789    5.016348679112   -1.650720015401
              N      5.399089834163    1.627446013157    1.454578550378
              C      7.795603670325    0.460813969515    0.804112819950
              C      7.863075918698   -0.498107822664   -1.938294144896
              O     10.300686828973   -1.418693089825   -2.608138521232
              H     -6.229472061544   -7.416260825137   -2.302499232344
              H     -1.121550879709   -7.096750777910   -0.870580502715
              H     -3.166060714517   -9.684246939756   -0.337936631638
              H     -5.726506117324   -7.113759786401    2.640155276645
              H     -2.576432388519   -7.462442424636    3.622470140500
              H     -5.297006668748   -2.910414375367    2.781543186292
              H      0.826428125926   -5.223768668323    3.700657962163
              H      4.743529566856   -2.881384447558    3.308484772290
              H      0.106071615377    8.691955858480   -2.361051943513
              H     -3.968724728253   10.820039972036   -3.308412303629
              H     -8.012582889551    8.450511395840   -2.856980459680
              H     -7.954904880327    3.968515577314   -1.465215477543
              H      5.402742014703    3.485388058333    1.826659108955
              H      8.267249227816   -1.101660315588    2.102025095610
              H      9.273990121241    1.883640716119    1.035726887383
              H      6.407243570474   -1.956155616760   -2.216482421855
              H      7.425531708396    1.070841784958   -3.206746380138
              H     10.509482623112   -3.059877266979   -1.830585177178
$End
$SCF_Energy
   &GeometryIndex 3
   &Method [&Type "String"] "SCF"
   &totalEnergy [&Type "ArrayOfDoubles", &Dim (1,1)] "Total energy of each state"
                                                         0

0                                     -1.1064565475660258e+03
   &Mult [&Type "ArrayOfIntegers", &Dim (1,1)] "Multiplicity of each state"
                                                         0

0                                                        1
$End
$DFT_Energy
   &GeometryIndex 3
   &nAlphaEl [&Type "Integer"] 85
   &nBetaEl [&Type "Integer"] 85
   &nTotalEl [&Type "Integer"] 171
   &finalEn [&Type "Double"]      -1.1064565475660258e+03  "No Van der Waals correction"
   &eExchange [&Type "Double"]      -1.1604494192148370e+02
   &eCorr [&Type "Double"]      -6.9444289572681459e+00
   &eXC [&Type "Double"]      -1.2298937087875184e+02
   &eCNL [&Type "Double"]       0.0000000000000000e+00
$End
$SCF_Timings
   &GeometryIndex 3
   &TOTAL [&Type "Double"]       3.5501406000000003e+01
   &PREP [&Type "Double"]       6.2674200000000002e-01
   &FOCK [&Type "Double"]       3.3144117999999992e+01
   &DENS [&Type "Double"]       8.2360000000001321e-02
   &ETOT [&Type "Double"]       3.3511999999999986e-02
   &TRAFO [&Type "Double"]       9.9249999999999616e-02
   &DIIS [&Type "Double"]       3.2633300000000265e-01
   &SOSCF [&Type "Double"]       2.6736400000000238e-01
   &XC [&Type "Double"]       3.6205060000000060e+00
   &FOCKSTART [&Type "Double"]       1.0927999999997051e-02
   &INT_PREP [&Type "Double"]       4.0000000014472903e-06
   &INT_BF [&Type "Double"]       1.0240999999999092e+00
   &INT_DENS [&Type "Double"]       8.8614399999990745e-01
   &INT_DENSIO [&Type "Double"]       7.8645264049000180e+04
   &INT_FUNC [&Type "Double"]       1.1749899999985480e-01
   &INT_POT [&Type "Double"]       8.0766000000011573e-01
   &INT_POTIO [&Type "Double"]       3.1019000000135577e-02
   &INT_SUM [&Type "Double"]       7.6699999999974011e-04
   &SPLITRIJ [&Type "Double"]       3.9553340000000046e+00
   &COSX [&Type "Double"]       2.6859333000000003e+01
$End
$Single_Point_Data
   &GeometryIndex 3
   &FinalEnergy [&Type "Double"]      -1.1064565475660258e+03  "Final single point energy"
   &Converged [&Type "Boolean"] true
$End
$SCF_Nuc_Gradient
   &GeometryIndex 3
   &NAtoms [&Type "Integer"] 42
   &gradNorm [&Type "Double"]       3.4512633839752269e-02
   &grad [&Type "ArrayOfDoubles", &Dim (126,1)] 
                                                         0

0                                     -3.7381140387168221e-03
1                                      6.6798526125319557e-04
2                                      5.5388700117092737e-04
3                                      1.6351218921050528e-03
4                                      8.3804905662207725e-04
5                                     -6.3601865253595791e-04
6                                     -9.4005981119685972e-04
7                                     -1.6004337365443932e-04
8                                     -2.1889779752039193e-03
9                                     -5.8256223369167782e-03
10                                     1.8924986116668208e-03
11                                    -3.6104839123945257e-03
12                                     8.9261784187380233e-03
13                                    -8.5491434533944283e-04
14                                     2.1290970071825791e-03
15                                    -8.8321179787688511e-03
16                                     5.1657741984567629e-06
17                                     2.9587792442275461e-03
18                                     4.6794173525249450e-03
19                                     7.6574150456248380e-03
20                                     1.2824205380781786e-03
21                                    -2.3441404672950167e-03
22                                    -7.8671117334184262e-03
23                                     3.0474704612431132e-03
24                                     3.1479061412225187e-03
25                                    -3.1381488114420875e-05
26                                    -4.3345945613191411e-03
27                                    -1.6585586560488030e-03
28                                    -4.0060854924008765e-03
29                                    -3.1197630348739624e-03
30                                    -2.1738793045442684e-03
31                                     3.3742452384508681e-03
32                                    -8.0696111534272336e-04
33                                     3.3320861242917554e-03
34                                     5.0961341585332720e-03
35                                    -7.5434723967522446e-03
36                                    -3.7329696019546901e-03
37                                    -2.2879170691391809e-03
38                                     9.3003762823306441e-04
39                                     4.0015402414493306e-03
40                                     1.9377415966895586e-03
41                                    -2.0849614009559730e-04
42                                    -3.0131060986070546e-03
43                                     2.3506492457127659e-03
44                                     1.2279903245213108e-04
45                                    -5.2332899470607375e-03
46                                    -6.1357330191555426e-04
47                                    -4.9340948022161824e-03
48                                     1.2577326568211644e-03
49                                    -3.2068601331773083e-03
50                                     1.1583196080747343e-03
51                                     2.5242489507180249e-04
52                                     5.3685593220435812e-04
53                                    -1.5902120766696920e-04
54                                    -6.0511880313640631e-04
55                                     8.5028686661756114e-05
56                                    -7.6542740475506188e-05
57                                     2.4283666924699299e-03
58                                    -2.5876192729393233e-03
59                                     1.1383888235780813e-03
60                                    -1.1539142427019478e-04
61                                     6.1159072812889681e-03
62                                    -5.3286552020830602e-03
63                                     2.0900051971724995e-03
64                                     5.8253072154833968e-04
65                                    -2.9857618257151247e-03
66                                    -1.0292895867625232e-03
67                                     1.1963070825147110e-03
68                                    -7.3763244827609875e-04
69                                     1.1775993468281509e-03
70                                    -2.2512925784653193e-03
71                                     1.0443666308478927e-03
72                                     2.5774843297564631e-03
73                                    -8.5061130113232852e-04
74                                    -5.3592995487657460e-04
75                                     7.0065618304471222e-07
76                                    -1.1628497890666459e-03
77                                     1.1359205785615584e-03
78                                    -9.4586174854344174e-04
79                                     1.9529907640497557e-04
80                                    -9.5719320874378035e-04
81                                     8.6969967734262799e-04
82                                    -7.1834791320276453e-04
83                                    -5.9561855654156198e-04
84                                     3.9047240150069662e-04
85                                     1.5681637957467159e-03
86                                     3.9581222454219966e-04
87                                     5.0030687074727742e-03
88                                    -4.5190420223861355e-03
89                                     1.1967459118255516e-02
90                                     9.0363339926648883e-04
91                                    -2.8732312549833994e-04
92                                    -2.7265556263315893e-04
93                                    -2.7357214603845881e-04
94                                    -1.0275288447012809e-03
95                                    -8.7768112206676463e-05
96                                    -1.0205810919207692e-03
97                                     1.8741803060095541e-03
98                                    -2.1782221501491505e-04
99                                     1.1010336283855809e-04
100                                    9.5969978839649528e-05
101                                   -1.2423285829145370e-04
102                                   -1.4585333104175091e-04
103                                   -5.5386522483741318e-05
104                                   -1.0649804207006619e-04
105                                   -1.1401585252611701e-03
106                                    1.7650401487475237e-03
107                                   -1.8437229811037181e-04
108                                    2.6672283545421879e-03
109                                   -5.3853238154238370e-03
110                                    1.1413137590475804e-02
111                                   -1.4825526489291585e-03
112                                    1.7388569110346475e-04
113                                    7.5015072951128969e-04
114                                   -5.6506647460149995e-04
115                                   -5.5079050460464518e-04
116                                   -4.5566195853607300e-04
117                                    8.6630365714512880e-04
118                                   -5.9286655445296710e-04
119                                    4.5985166600353428e-04
120                                   -7.8565106823368092e-04
121                                   -5.1714882242615001e-04
122                                    8.2783413971003472e-04
123                                   -7.1611837726161948e-04
124                                    1.5249654002111590e-03
125                                   -1.1075033865653588e-03
   &Method [&Type "String"] "SCF"
   &Level [&Type "String"] "Relaxed density"
   &Mult [&Type "Integer"] 1
   &State [&Type "Integer"] 0
   &Irrep [&Type "Integer"] 0
$End
$Geometry
   &GeometryIndex 4
   &NAtoms [&Type "Integer"] 42
   &NCorelessECP [&Type "Integer"] 0
   &NGhostAtoms [&Type "Integer"] 0
   &CartesianCoordinates [&Type "Coordinates", &Dim(42,4), &Units "Bohr"] 
              O     -4.222716317041   -6.919774875961   -2.461710171158
              C     -2.885581998268   -7.742422816942   -0.294422286636
              C     -3.784102819598   -6.531965342401    2.194643620833
              N     -3.730613622949   -3.797870964379    2.217731952097
              C     -1.599197735422   -2.349518766559    1.842100741371
              C      0.743302521582   -3.361211740199    2.647932528575
              C      2.965995924135   -2.041453062940    2.424299908555
              C      3.058306807220    0.411822431445    1.368929412346
              C      0.755400448900    1.483676591438    0.485847016371
              C     -1.591217178256    0.105082086722    0.736675293862
              C     -3.992343371948    1.222111338167   -0.250115728321
              O     -5.998104541930    0.063142571623   -0.413518195051
              C     -3.959836311133    3.926104811830   -1.051548391076
              C     -1.684175441143    5.246078896996   -1.324745944906
              C      0.786452547844    3.996655461107   -0.809363411378
              O      2.726326441602    5.093931199225   -1.465654156664
              C     -1.706452029134    7.769841755640   -2.119658431792
              C     -3.992644470509    8.972663987146   -2.613669936090
              C     -6.272911148260    7.652071266333   -2.337260418280
              C     -6.254852039905    5.136030363022   -1.570414219832
              N      5.374334325662    1.625117429318    1.334754176618
              C      7.766235536679    0.411895942336    0.780773483473
              C      7.895068809837   -0.672043671262   -1.916030294382
              O     10.347777013815   -1.631391183887   -2.486735447199
              H     -5.897245525179   -7.652521030010   -2.422631691090
              H     -0.911175440997   -7.244147829619   -0.642582727403
              H     -2.965847851921   -9.810587734045   -0.059292150041
              H     -5.750196165467   -7.077761809993    2.541098339975
              H     -2.682699697299   -7.380370526171    3.748351170619
              H     -5.390887440392   -2.919130916285    2.451383458895
              H      0.774213702498   -5.206622138876    3.542482064035
              H      4.695042916163   -2.870849597718    3.154781569600
              H      0.080790432477    8.750539789047   -2.337177675218
              H     -4.005079459557   10.936595628816   -3.218634137521
              H     -8.060032751288    8.588573066145   -2.727841876073
              H     -7.996298202225    4.073680688769   -1.365809695733
              H      5.401367060554    3.509071271846    1.537452457887
              H      8.226592370235   -1.088125256027    2.151612670996
              H      9.244693380645    1.838518204482    0.978788989857
              H      6.430801883657   -2.122360844145   -2.171186529592
              H      7.518680179377    0.841521018696   -3.266725144614
              H     10.542829275834   -3.234595749421   -1.630402937504
$End
$SCF_Energy
   &GeometryIndex 4
   &Method [&Type "String"] "SCF"
   &totalEnergy [&Type "ArrayOfDoubles", &Dim (1,1)] "Total energy of each state"
                                                         0

0                                     -1.1064642338861247e+03
   &Mult [&Type "ArrayOfIntegers", &Dim (1,1)] "Multiplicity of each state"
                                                         0

0                                                        1
$End
$DFT_Energy
   &GeometryIndex 4
   &nAlphaEl [&Type "Integer"] 86
   &nBetaEl [&Type "Integer"] 86
   &nTotalEl [&Type "Integer"] 172
   &finalEn [&Type "Double"]      -1.1064642338861247e+03  "No Van der Waals correction"
   &eExchange [&Type "Double"]      -1.1604832494990160e+02
   &eCorr [&Type "Double"]      -6.9451721184609534e+00
   &eXC [&Type "Double"]      -1.2299349706836256e+02
   &eCNL [&Type "Double"]       0.0000000000000000e+00
$End
$SCF_Timings
   &GeometryIndex 4
   &TOTAL [&Type "Double"]       3.7182738999999998e+01
   &PREP [&Type "Double"]       6.2224400000000002e-01
   &FOCK [&Type "Double"]       3.4539075000000004e+01
   &DENS [&Type "Double"]       8.1354999999998512e-02
   &ETOT [&Type "Double"]       3.5622999999994853e-02
   &TRAFO [&Type "Double"]       9.9178000000001987e-02
   &DIIS [&Type "Double"]       3.3679399999999937e-01
   &SOSCF [&Type "Double"]       2.6299999999999901e-01
   &XC [&Type "Double"]       3.8503460000000000e+00
   &FOCKSTART [&Type "Double"]       1.0697000000007173e-02
   &INT_PREP [&Type "Double"]       3.0000000013075123e-06
   &INT_BF [&Type "Double"]       1.1042929999999318e+00
   &INT_DENS [&Type "Double"]       9.2587199999991210e-01
   &INT_DENSIO [&Type "Double"]       8.3217116054000173e+04
   &INT_FUNC [&Type "Double"]       1.2952400000002218e-01
   &INT_POT [&Type "Double"]       8.6548300000007217e-01
   &INT_POTIO [&Type "Double"]       3.1736999999955273e-02
   &INT_SUM [&Type "Double"]       7.1699999999541575e-04
   &SPLITRIJ [&Type "Double"]       4.1492110000000046e+00
   &COSX [&Type "Double"]       2.8098281000000004e+01
$End
$Single_Point_Data
   &GeometryIndex 4
   &FinalEnergy [&Type "Double"]      -1.1064642338861247e+03  "Final single point energy"
   &Converged [&Type "Boolean"] true
$End
$SCF_Nuc_Gradient
   &GeometryIndex 4
   &NAtoms [&Type "Integer"] 42
   &gradNorm [&Type "Double"]       3.3270627766825246e-02
   &grad [&Type "ArrayOfDoubles", &Dim (126,1)] 
                                                         0

0                                     -2.9658025776965469e-03
1                                      8.9933848352280465e-04
2                                     -6.5541060180154820e-04
3                                      1.3219570312417578e-03
4                                     -9.8891938242798468e-04
5                                      8.3088411288585740e-04
6                                      1.8947032623499449e-04
7                                      2.1781844428949565e-03
8                                     -1.2607125381711645e-03
9                                     -2.2303216242067214e-03
10                                     9.5637385110940165e-04
11                                    -4.3359749449486847e-03
12                                    -2.0373471796515663e-04
13                                    -1.2378615153789928e-03
14                                     2.3689638767366954e-03
15                                    -2.9926453961449107e-03
16                                     1.2625542397975698e-03
17                                     2.1837371382880041e-03
18                                     7.9754380183344464e-04
19                                     3.0967273878387269e-03
20                                     1.6642676019202052e-03
21                                     2.3452346490271114e-03
22                                    -9.9990087388569793e-05
23                                     1.8122873116514504e-03
24                                     2.8922965708583041e-04
25                                    -2.1252861675876145e-03
26                                    -2.5121183237378775e-03
27                                     1.7078145408364331e-03
28                                    -2.6209497001647916e-03
29                                    -1.7232307549816181e-03
30                                    -9.9121055929846658e-03
31                                    -5.6398471945162121e-03
32                                    -1.5280498869639503e-03
33                                     6.2415061323142784e-03
34                                     9.1789823712999374e-03
35                                    -7.5040498550111578e-03
36                                    -1.0871967936575931e-03
37                                     1.9665456347714994e-03
38                                     7.3045544520626560e-04
39                                    -6.7716556174976517e-04
40                                     2.0784447338826409e-03
41                                     3.1269703758434950e-04
42                                     7.9320879468661176e-03
43                                     4.3080177245901352e-03
44                                    -2.5164340788094430e-03
45                                    -1.0074785424635357e-02
46                                    -1.4036489807054964e-03
47                                    -4.4129536415026815e-03
48                                     8.2043455009304933e-04
49                                    -1.8053163364745439e-03
50                                     7.0827120623462997e-04
51                                     3.5545590512273129e-04
52                                    -1.2767433040475340e-04
53                                     6.3423526529132745e-05
54                                    -1.9416460387861045e-05
55                                    -3.5535310441138501e-04
56                                     1.2537877139889853e-04
57                                     1.3695910067692552e-03
58                                    -1.5153288964454767e-03
59                                     7.9306540413210183e-04
60                                    -5.4989407761821263e-04
61                                     1.8770788350089274e-03
62                                    -5.5427667361856309e-03
63                                    -1.0587585994201280e-03
64                                     1.5063277395216713e-03
65                                    -1.5394715392510749e-03
66                                    -2.9421731044914148e-03
67                                     5.0720438174297472e-04
68                                    -7.1444528551225378e-04
69                                     2.5276132559753917e-03
70                                    -2.4899433470682159e-03
71                                     5.6388608702398479e-04
72                                     2.3782413894643528e-03
73                                    -4.0709971911578879e-04
74                                    -9.4141223935899354e-04
75                                    -8.1476775524577660e-04
76                                    -5.8798562794599302e-04
77                                     1.4120347105379266e-04
78                                    -1.8848744307463014e-04
79                                     8.3198727275216044e-04
80                                     2.2437508417143606e-04
81                                     9.4808852077823969e-04
82                                     3.0193490801071199e-04
83                                    -8.7305582301563933e-05
84                                    -2.2568909657358360e-04
85                                    -2.5442152951740682e-04
86                                    -6.4830129291934546e-04
87                                     3.9608693945766549e-03
88                                    -5.7542124459524918e-03
89                                     1.2150676243486577e-02
90                                    -4.5400431425045989e-05
91                                    -4.2005658777702348e-04
92                                    -2.0981071965614495e-04
93                                     3.4645845087560856e-04
94                                    -2.0006444736472839e-04
95                                    -1.0077203505222398e-04
96                                    -2.1681766752795761e-04
97                                     6.1158329159244351e-04
98                                     3.3441974251764706e-05
99                                     2.3002842765958501e-04
100                                    3.0303212605986563e-04
101                                   -1.3131001718991175e-04
102                                   -3.9030547370866309e-04
103                                   -5.3751215557173992e-05
104                                   -7.0119829104445253e-05
105                                   -3.8234769043801742e-04
106                                    4.3857122094870249e-04
107                                    5.7184119364450670e-05
108                                    3.6294788628669760e-03
109                                   -4.8016720136843660e-03
110                                    1.1673085689936497e-02
111                                   -1.5908926951870017e-04
112                                    3.9844053181559147e-04
113                                    6.0837435869876000e-06
114                                   -9.1111444285840726e-04
115                                   -7.8049975981420161e-04
116                                   -1.3070600114626491e-04
117                                    8.3932321857077552e-04
118                                    3.1756786783057600e-04
119                                    6.1746347117237060e-04
120                                   -1.8930161991968786e-05
121                                   -8.5970269308244252e-04
122                                    9.1811911314811090e-04
123                                   -1.6347767055605728e-04
124                                    1.5106881062756372e-03
125                                   -1.4135946833152280e-03
   &Method [&Type "String"] "SCF"
   &Level [&Type "String"] "Relaxed density"
   &Mult [&Type "Integer"] 1
   &State [&Type "Integer"] 0
   &Irrep [&Type "Integer"] 0
$End
$Geometry
   &GeometryIndex 5
   &NAtoms [&Type "Integer"] 42
   &NCorelessECP [&Type "Integer"] 0
   &NGhostAtoms [&Type "Integer"] 0
   &CartesianCoordinates [&Type "Coordinates", &Dim(42,4), &Units "Bohr"] 
              O     -3.769533312569   -7.279319258061   -2.467970083428
              C     -2.664022259078   -7.909442358303   -0.114386728835
              C     -3.798479031906   -6.505710063239    2.167559029648
              N     -3.771833065453   -3.777137889297    1.991374509706
              C     -1.668972218426   -2.299564064001    1.691093073118
              C      0.699362272778   -3.323478395408    2.460871271065
              C      2.911132108994   -2.009637367787    2.241910054337
              C      3.016921299412    0.474466152333    1.218728203592
              C      0.697884363297    1.570384796640    0.422522198777
              C     -1.655579641390    0.195298032017    0.683770356866
              C     -4.077476273564    1.343560818640   -0.171904444603
              O     -6.121595090765    0.229327366550   -0.208800055424
              C     -4.026081876632    4.054603659338   -0.981281935637
              C     -1.752555730379    5.361400871165   -1.284938091960
              C      0.735585592630    4.113693074070   -0.794919560078
              O      2.675130972403    5.248947659199   -1.394449722709
              C     -1.774399786201    7.893966059231   -2.060485009494
              C     -4.060498865974    9.112858612023   -2.505526363323
              C     -6.343973340837    7.802707562376   -2.197030572998
              C     -6.326022744185    5.282863674064   -1.448403746896
              N      5.342847517106    1.637261577144    1.132801238378
              C      7.738771375990    0.375453081175    0.734526291563
              C      7.948033508076   -0.927875630495   -1.860743844969
              O     10.415246117959   -1.932549994540   -2.267040802930
              H     -5.468151343621   -7.959010364150   -2.529241213053
              H     -0.667434218851   -7.424314016381   -0.328049233599
              H     -2.764229551659   -9.947596883772    0.303413509234
              H     -5.791394562803   -7.032561690137    2.364571678437
              H     -2.857700169640   -7.242966378464    3.876275030549
              H     -5.470709484290   -2.939090418443    1.939854768910
              H      0.731341844834   -5.191173631035    3.306896387189
              H      4.650715382229   -2.855542548736    2.926039325490
              H      0.029042545560    8.840269678547   -2.295765616289
              H     -4.073685293843   11.081707098902   -3.094360072159
              H     -8.131982797485    8.753629226647   -2.546719759373
              H     -8.053600272511    4.204291485536   -1.213515642205
              H      5.389160411595    3.532571061691    1.067670160813
              H      8.182363828733   -1.002265509316    2.231774356304
              H      9.213807840754    1.815943609777    0.855208757066
              H      6.478840780797   -2.382105391701   -2.053865922691
              H      7.645935765587    0.471448924258   -3.347994317428
              H     10.587787422223   -3.455312284748   -1.266960202553
$End
$SCF_Energy
   &GeometryIndex 5
   &Method [&Type "String"] "SCF"
   &totalEnergy [&Type "ArrayOfDoubles", &Dim (1,1)] "Total energy of each state"
                                                         0

0                                     -1.1064744432796431e+03
   &Mult [&Type "ArrayOfIntegers", &Dim (1,1)] "Multiplicity of each state"
                                                         0

0                                                        1
$End
$DFT_Energy
   &GeometryIndex 5
   &nAlphaEl [&Type "Integer"] 86
   &nBetaEl [&Type "Integer"] 86
   &nTotalEl [&Type "Integer"] 172
   &finalEn [&Type "Double"]      -1.1064744432796431e+03  "No Van der Waals correction"
   &eExchange [&Type "Double"]      -1.1604860155937675e+02
   &eCorr [&Type "Double"]      -6.9463740208236153e+00
   &eXC [&Type "Double"]      -1.2299497558020036e+02
   &eCNL [&Type "Double"]       0.0000000000000000e+00
$End
$SCF_Timings
   &GeometryIndex 5
   &TOTAL [&Type "Double"]       4.2263915999999995e+01
   &PREP [&Type "Double"]       5.9306999999999999e-01
   &FOCK [&Type "Double"]       3.9561739000000003e+01
   &DENS [&Type "Double"]       1.0470500000000271e-01
   &ETOT [&Type "Double"]       3.9831000000011052e-02
   &POP [&Type "Double"]       9.9999999747524271e-07
   &TRAFO [&Type "Double"]       9.4098999999999933e-02
   &DIIS [&Type "Double"]       3.3235299999999857e-01
   &SOSCF [&Type "Double"]       3.3970000000000677e-01
   &XC [&Type "Double"]       4.6064470000000020e+00
   &FOCKSTART [&Type "Double"]       1.2714999999999477e-02
   &INT_PREP [&Type "Double"]       4.0000000005591119e-06
   &INT_BF [&Type "Double"]       1.3720470000001050e+00
   &INT_DENS [&Type "Double"]       1.1655569999998789e+00
   &INT_DENSIO [&Type "Double"]       1.1325833691900023e+05
   &INT_FUNC [&Type "Double"]       1.5058699999993763e-01
   &INT_POT [&Type "Double"]       1.0816769999998206e+00
   &INT_POTIO [&Type "Double"]       3.9073000000095170e-02
   &INT_SUM [&Type "Double"]       1.0019999999952844e-03
   &SPLITRIJ [&Type "Double"]       4.8013859999999999e+00
   &COSX [&Type "Double"]       3.1624464000000003e+01
$End
$Single_Point_Data
   &GeometryIndex 5
   &FinalEnergy [&Type "Double"]      -1.1064744432796431e+03  "Final single point energy"
   &Converged [&Type "Boolean"] true
$End
$SCF_Nuc_Gradient
   &GeometryIndex 5
   &NAtoms [&Type "Integer"] 42
   &gradNorm [&Type "Double"]       4.1182956750704422e-02
   &grad [&Type "ArrayOfDoubles", &Dim (126,1)] 
                                                         0

0                                     -7.8547251098561033e-04
1                                      1.1104039033985602e-03
2                                     -5.8507642164068452e-04
3                                      5.6828655856322463e-04
4                                     -1.6954150916941024e-03
5                                      1.8434644043184706e-03
6                                     -1.1601313700915911e-05
7                                      3.6235312582078918e-03
8                                     -5.8051152342671053e-04
9                                      1.5489587356097463e-03
10                                     1.2796825215725949e-03
11                                    -4.5986927817506934e-03
12                                    -8.1276105066877685e-03
13                                    -1.0880146857120132e-04
14                                     1.4286467785690048e-03
15                                     3.5134328813337667e-03
16                                     2.2417485407149190e-03
17                                     1.2070098886996367e-03
18                                    -3.4564144264792596e-03
19                                    -1.9814141542370232e-03
20                                     2.0855855718146955e-03
21                                     4.0856624346992821e-03
22                                     6.9183915043603481e-03
23                                    -7.4915076593330687e-06
24                                    -2.3917352304385769e-03
25                                    -5.1915968383877548e-03
26                                    -4.2048679909582193e-04
27                                     5.5364176157391282e-03
28                                    -8.7692077694967452e-04
29                                    -4.9401067812696042e-04
30                                    -1.3335670062255500e-02
31                                    -1.0985574259811032e-02
32                                    -5.1715334660290546e-04
33                                     5.6513314089166600e-03
34                                     1.0261401966400185e-02
35                                    -6.7425613358602192e-03
36                                     2.7171463899769016e-03
37                                     5.3408986156224247e-03
38                                    -1.5188999043687368e-04
39                                    -5.4152049316497919e-03
40                                     9.8222453711321878e-04
41                                     7.6342866605052205e-04
42                                     1.4855519056067745e-02
43                                     5.4190460604331969e-03
44                                    -3.3526137728555616e-03
45                                    -1.1238515256568382e-02
46                                    -1.4622692401914383e-03
47                                    -4.6145286844477829e-03
48                                     2.7748743707883827e-04
49                                     3.8529980005999609e-04
50                                     2.8106173679696284e-04
51                                    -9.5534927664897573e-06
52                                    -5.8305908714187393e-04
53                                     1.8399964075531405e-04
54                                     5.6048847722828254e-04
55                                    -3.1280928110392903e-04
56                                     1.5785132131387533e-04
57                                    -4.0230004177503609e-04
58                                     8.6311011551536143e-05
59                                     4.7617888104956041e-04
60                                    -1.3344065883722639e-03
61                                    -1.7518914602754482e-03
62                                    -4.8510706266222670e-03
63                                    -3.2293864451077951e-03
64                                     2.2223205148181914e-03
65                                    -1.0324793144455557e-03
66                                    -3.6073356076072871e-03
67                                    -5.3879319252106428e-04
68                                    -3.9537825211482386e-04
69                                     2.5834096863317502e-03
70                                    -1.2750825536878424e-03
71                                     1.6588823224067406e-04
72                                     1.3375904574987052e-03
73                                    -3.5793740894929371e-04
74                                    -1.2938738736855693e-03
75                                    -6.4824579274080918e-04
76                                     1.0124802907711394e-04
77                                    -7.7456594051867819e-04
78                                     1.6430700556281652e-04
79                                     1.1498871069365868e-03
80                                     1.3127654392427815e-03
81                                     4.3512650397675712e-04
82                                     1.0394880532378914e-03
83                                     1.3731600479755662e-04
84                                    -5.7992945366319715e-04
85                                    -2.3773872835606280e-03
86                                    -1.1387154406199418e-03
87                                     2.1949776936124599e-03
88                                    -8.0928339900192547e-03
89                                     1.0907490468586974e-02
90                                    -8.8359029983845622e-04
91                                    -6.4618774760893949e-04
92                                    -4.6598853407459062e-04
93                                     8.2332565215262332e-04
94                                     6.7121731016429875e-04
95                                    -2.3251691250003592e-04
96                                     5.2988693039701662e-04
97                                    -8.2844859923410230e-04
98                                     2.4726646481256984e-04
99                                     2.4929180605775397e-04
100                                    2.9591244242541115e-04
101                                   -7.0767257219869761e-05
102                                   -3.8774561757795589e-04
103                                   -6.6473896806154564e-05
104                                    9.2979141798343878e-06
105                                    5.1632982767502167e-04
106                                   -9.1800894414512113e-04
107                                    2.2460516728630905e-04
108                                    5.6430442355945368e-03
109                                   -3.6063072571282939e-03
110                                    1.1071126119465355e-02
111                                    1.2142693973448970e-03
112                                    4.7771839063585897e-04
113                                   -4.9380786247642250e-04
114                                   -6.0172200654873276e-04
115                                   -5.9430711170083139e-04
116                                    2.7383504292429264e-04
117                                    5.1220656893286032e-04
118                                    6.8980804798900175e-04
119                                    6.0121246049342839e-04
120                                    6.8484861810068007e-04
121                                   -6.7398464752946308e-04
122                                    5.8121738849409299e-04
123                                    2.4309428691793658e-04
124                                    6.2896475763105086e-04
125                                   -1.1450668554024018e-03
   &Method [&Type "String"] "SCF"
   &Level [&Type "String"] "Relaxed density"
   &Mult [&Type "Integer"] 1
   &State [&Type "Integer"] 0
   &Irrep [&Type "Integer"] 0
$End
$Geometry
   &GeometryIndex 6
   &NAtoms [&Type "Integer"] 42
   &NCorelessECP [&Type "Integer"] 0
   &NGhostAtoms [&Type "Integer"] 0
   &CartesianCoordinates [&Type "Coordinates", &Dim(42,4), &Units "Bohr"] 
              O     -3.554956280762   -7.553219607306   -2.457001840655
              C     -2.601272025831   -8.035787872318   -0.006300728977
              C     -3.842596960315   -6.459248030379    2.101959945904
              N     -3.771266136304   -3.743034110937    1.763726618445
              C     -1.673156397546   -2.268479722574    1.538306513777
              C      0.713935930404   -3.292901832954    2.296643767564
              C      2.914368382631   -1.973811864109    2.071302557431
              C      3.013529411164    0.526317493192    1.048646536762
              C      0.678411285201    1.634911313975    0.340988276905
              C     -1.667052142515    0.254939966406    0.622352800620
              C     -4.106398593076    1.416859259547   -0.080910625747
              O     -6.168689188735    0.317306058533    0.049224502980
              C     -4.074717560567    4.125841640046   -0.902389864779
              C     -1.810224890890    5.437791443298   -1.245193818788
              C      0.695141788018    4.205308237832   -0.782624231251
              O      2.637448425048    5.394615665824   -1.297879972466
              C     -1.854263893050    7.978471614031   -2.004344968326
              C     -4.150259427625    9.193575107607   -2.398723110053
              C     -6.425547900400    7.877271596996   -2.050389060695
              C     -6.388609783095    5.355687191850   -1.313197011078
              N      5.330634998826    1.672542695210    0.882023049924
              C      7.750035557694    0.405481733259    0.674575932898
              C      8.056927715813   -1.169941809727   -1.755828885019
              O     10.544116882395   -2.177329418692   -1.962198112726
              H     -5.284413358811   -8.152242693112   -2.559863957737
              H     -0.587169615178   -7.601292696851   -0.149931331567
              H     -2.766991666228  -10.036561594461    0.553338176430
              H     -5.855399879044   -6.942878930023    2.197382066665
              H     -3.029447338910   -7.101242265011    3.912114558826
              H     -5.452762081169   -2.918705094398    1.425030718169
              H      0.753461418551   -5.168673962828    3.121326386257
              H      4.665124138304   -2.822196301096    2.720498064077
              H     -0.048134036051    8.913324004552   -2.263384273022
              H     -4.181301300024   11.165535756053   -2.975187093732
              H     -8.220534900390    8.829089020904   -2.357333887034
              H     -8.098447865134    4.257872105572   -1.041232289081
              H      5.357847005454    3.535365874175    0.496606390887
              H      8.182235273824   -0.789239994351    2.324148129113
              H      9.203148923471    1.875427831410    0.676903065377
              H      6.603952864896   -2.651276697903   -1.846703591938
              H      7.808742406389    0.054814673146   -3.401354997253
              H     10.704550832465   -3.570285841080   -0.782617148679
$End
$SCF_Energy
   &GeometryIndex 6
   &Method [&Type "String"] "SCF"
   &totalEnergy [&Type "ArrayOfDoubles", &Dim (1,1)] "Total energy of each state"
                                                         0

0                                     -1.1064837293185710e+03
   &Mult [&Type "ArrayOfIntegers", &Dim (1,1)] "Multiplicity of each state"
                                                         0

0                                                        1
$End
$DFT_Energy
   &GeometryIndex 6
   &nAlphaEl [&Type "Integer"] 86
   &nBetaEl [&Type "Integer"] 86
   &nTotalEl [&Type "Integer"] 172
   &finalEn [&Type "Double"]      -1.1064837293185710e+03  "No Van der Waals correction"
   &eExchange [&Type "Double"]      -1.1605083833158992e+02
   &eCorr [&Type "Double"]      -6.9478485224877016e+00
   &eXC [&Type "Double"]      -1.2299868685407762e+02
   &eCNL [&Type "Double"]       0.0000000000000000e+00
$End
$SCF_Timings
   &GeometryIndex 6
   &TOTAL [&Type "Double"]       4.6015482999999996e+01
   &PREP [&Type "Double"]       6.0460799999999992e-01
   &FOCK [&Type "Double"]       4.3194601999999996e+01
   &DENS [&Type "Double"]       1.1210499999999968e-01
   &ETOT [&Type "Double"]       4.8100999999998173e-02
   &POP [&Type "Double"]       9.9999999747524271e-07
   &TRAFO [&Type "Double"]       1.0218600000000055e-01
   &DIIS [&Type "Double"]       3.3444099999999910e-01
   &SOSCF [&Type "Double"]       3.9600300000000654e-01
   &XC [&Type "Double"]       4.9321410000000094e+00
   &FOCKSTART [&Type "Double"]       1.3347000000003550e-02
   &INT_PREP [&Type "Double"]       6.9999999965375537e-06
   &INT_BF [&Type "Double"]       1.4246569999999821e+00
   &INT_DENS [&Type "Double"]       1.1768060000000666e+00
   &INT_DENSIO [&Type "Double"]       1.3382016117700026e+05
   &INT_FUNC [&Type "Double"]       1.6539399999986593e-01
   &INT_POT [&Type "Double"]       1.0387459999999686e+00
   &INT_POTIO [&Type "Double"]       4.1704000000154728e-02
   &INT_SUM [&Type "Double"]       9.4599999999012141e-04
   &SPLITRIJ [&Type "Double"]       5.2060259999999996e+00
   &COSX [&Type "Double"]       3.4526164000000001e+01
$End
$Single_Point_Data
   &GeometryIndex 6
   &FinalEnergy [&Type "Double"]      -1.1064837293185710e+03  "Final single point energy"
   &Converged [&Type "Boolean"] true
$End
$SCF_Nuc_Gradient
   &GeometryIndex 6
   &NAtoms [&Type "Integer"] 42
   &gradNorm [&Type "Double"]       4.2930810063358027e-02
   &grad [&Type "ArrayOfDoubles", &Dim (126,1)] 
                                                         0

0                                      1.1554664431673300e-03
1                                      1.1264297152246555e-03
2                                      3.6154856930659118e-04
3                                      1.8425847340153984e-04
4                                     -1.7175952056183233e-03
5                                      1.6445866626815034e-03
6                                     -1.0741803761491892e-03
7                                      3.5122172874485838e-03
8                                     -1.0852052367985032e-04
9                                      4.9110042370708457e-03
10                                     4.5734941073131558e-03
11                                    -4.0855784835560974e-03
12                                    -1.3073016099118685e-02
13                                     2.0554524924856626e-03
14                                    -7.9757789042355157e-04
15                                     7.6688055693789753e-03
16                                     2.0820111712565176e-03
17                                     7.4383642911281939e-04
18                                    -5.2505778834152084e-03
19                                    -5.3276399964431991e-03
20                                     2.3464425190870934e-03
21                                     2.9691695542366989e-03
22                                     1.1532334876815677e-02
23                                    -2.0849094553370730e-03
24                                    -3.1879210793792287e-03
25                                    -7.3147395513674385e-03
26                                     1.7886704398181533e-03
27                                     6.8952071981324414e-03
28                                     2.5520043686885069e-04
29                                     8.9953282098002157e-04
30                                    -1.0170071020870974e-02
31                                    -1.2391321454799376e-02
32                                    -4.5974909738719788e-04
33                                     3.3010410854537042e-03
34                                     6.4748721293216849e-03
35                                    -2.3641791723333881e-03
36                                     5.0630320810271939e-03
37                                     6.4144483993216067e-03
38                                    -9.0339470197525057e-04
39                                    -7.7055221465271717e-03
40                                    -3.2758849172426219e-04
41                                     1.2239589943544328e-03
42                                     1.5337407893092181e-02
43                                     4.3895546998573010e-03
44                                    -4.2344193002811503e-03
45                                    -8.6041759721527389e-03
46                                    -8.9036285722499109e-04
47                                    -3.2769663002192584e-03
48                                    -3.2412207648183089e-04
49                                     2.4803035781273963e-03
50                                     2.4900298791534492e-05
51                                    -2.4464494437365786e-04
52                                    -7.5319653337846404e-04
53                                     2.0758872911789961e-04
54                                     8.4454234842520903e-04
55                                    -2.3512801144401352e-04
56                                     1.0313767526912154e-04
57                                    -2.0888711998843235e-03
58                                     1.6235119022250111e-03
59                                     3.2754167555154590e-04
60                                    -3.5219843222394354e-03
61                                    -3.7070210587887009e-03
62                                    -2.7272986684249434e-03
63                                    -3.6538336001775765e-03
64                                     2.3590664338781139e-03
65                                    -1.4278956804290657e-03
66                                    -3.1630251312920951e-03
67                                    -1.3101891332242960e-03
68                                     1.3664833617857419e-04
69                                     1.7433785222447096e-03
70                                     3.0063994174642228e-04
71                                    -2.1688687316129274e-04
72                                     2.0599541854665615e-04
73                                    -4.4099095842362046e-04
74                                    -1.4191412407127194e-03
75                                    -5.1859149739752475e-04
76                                     2.4752458995705440e-04
77                                    -1.4852349701726907e-03
78                                     1.9313239071783866e-04
79                                     1.1202984873516786e-03
80                                     1.8611767118551642e-03
81                                    -7.8453215743401472e-05
82                                     1.2217889424344930e-03
83                                    -2.9229533445882666e-04
84                                    -8.0145133614215047e-04
85                                    -3.6618629980968501e-03
86                                    -6.9059444959390648e-04
87                                    -3.6215191373228928e-04
88                                    -8.9765137782493454e-03
89                                     6.8692734182460441e-03
90                                    -1.1945516375010436e-03
91                                    -2.7079358174753043e-04
92                                    -5.8345053665631585e-04
93                                     8.8466732010164528e-04
94                                     1.1237477766538884e-03
95                                    -4.4145917041824717e-04
96                                     9.9326111302883158e-04
97                                    -1.8509926412438593e-03
98                                     3.0855014239369524e-04
99                                     1.8219010200344263e-04
100                                    1.8335418078996302e-04
101                                    1.3691734173378045e-05
102                                   -2.4447423908055543e-04
103                                   -6.6584237703920524e-05
104                                    8.2580717757088640e-05
105                                    1.1824856893774549e-03
106                                   -1.7533966507819465e-03
107                                    2.2679339510717905e-04
108                                    7.7458857544002099e-03
109                                   -2.3568438544059878e-03
110                                    8.3124124764084317e-03
111                                    2.3587261399868262e-03
112                                    5.5132863400185472e-04
113                                   -5.9865595732716548e-04
114                                   -1.1994882789545525e-04
115                                   -2.5114427677447315e-04
116                                    5.4639628106005825e-04
117                                    1.1222652167187930e-04
118                                    6.7834151269410836e-04
119                                    5.1681454466523044e-04
120                                    1.0961940569672451e-03
121                                   -3.9353746935805178e-04
122                                    1.1464129980992555e-04
123                                    3.5349071567262330e-04
124                                   -3.0847846802156687e-04
125                                   -4.6251618282061591e-04
   &Method [&Type "String"] "SCF"
   &Level [&Type "String"] "Relaxed density"
   &Mult [&Type "Integer"] 1
   &State [&Type "Integer"] 0
   &Irrep [&Type "Integer"] 0
$End
$Geometry
   &GeometryIndex 7
   &NAtoms [&Type "Integer"] 42
   &NCorelessECP [&Type "Integer"] 0
   &NGhostAtoms [&Type "Integer"] 0
   &CartesianCoordinates [&Type "Coordinates", &Dim(42,4), &Units "Bohr"] 
              O     -3.618893949870   -7.665966722934   -2.444936776720
              C     -2.659483127244   -8.100455021718    0.010553946436
              C     -3.874134366367   -6.436595349411    2.068357077153
              N     -3.749829583565   -3.728213370223    1.657787834010
              C     -1.636717820942   -2.274446896516    1.462721274205
              C      0.756365504813   -3.303447397197    2.205131279887
              C      2.951282366984   -1.975325938695    1.966740740535
              C      3.025722724919    0.530483141790    0.947327946925
              C      0.680497186565    1.657804192640    0.314855711792
              C     -1.653536886640    0.271286147762    0.604926453114
              C     -4.095652693100    1.448978521348   -0.005191121043
              O     -6.161456012110    0.337182339166    0.182136821759
              C     -4.091262738224    4.142952521791   -0.842923283747
              C     -1.830797440605    5.468117338297   -1.189005390769
              C      0.671046680893    4.250958309807   -0.713149022768
              O      2.623727869941    5.475720661958   -1.159114539905
              C     -1.892406353394    8.009594664526   -1.952225716201
              C     -4.195137605186    9.208696941246   -2.352528362211
              C     -6.462953273221    7.880030157234   -2.003319137547
              C     -6.412833525661    5.361609884509   -1.258024829087
              N      5.320337707848    1.697352729413    0.703958249156
              C      7.771217744830    0.467565087030    0.621660633301
              C      8.158960693610   -1.277851083442   -1.677015989889
              O     10.662130103563   -2.249677249980   -1.747451924335
              H     -5.374827229322   -8.195689620214   -2.503176416932
              H     -0.635482596544   -7.715911040196   -0.149410020764
              H     -2.869201641195  -10.084267185901    0.621123883546
              H     -5.896597134266   -6.886421531839    2.157032005558
              H     -3.081111606580   -7.018358945663    3.906491201579
              H     -5.387282911287   -2.875112142325    1.153626517810
              H      0.808330067029   -5.182491657088    3.020741994405
              H      4.710499781216   -2.825442282937    2.587855537708
              H     -0.092313875140    8.956473286321   -2.209651419571
              H     -4.239788297413   11.178586847825   -2.933140178528
              H     -8.261472311947    8.822700597999   -2.314028231398
              H     -8.117382268791    4.256907587616   -0.980444037679
              H      5.282744499921    3.503745887725    0.080281830976
              H      8.191254247629   -0.586002591138    2.368349520684
              H      9.195057076195    1.965758550339    0.537725149893
              H      6.732655156823   -2.789990280335   -1.694414974212
              H      7.929216400666   -0.184109880585   -3.417592765070
              H     10.819509454067   -3.536729264694   -0.450134213645
$End
$SCF_Energy
   &GeometryIndex 7
   &Method [&Type "String"] "SCF"
   &totalEnergy [&Type "ArrayOfDoubles", &Dim (1,1)] "Total energy of each state"
                                                         0

0                                     -1.1064889433669723e+03
   &Mult [&Type "ArrayOfIntegers", &Dim (1,1)] "Multiplicity of each state"
                                                         0

0                                                        1
$End
$DFT_Energy
   &GeometryIndex 7
   &nAlphaEl [&Type "Integer"] 86
   &nBetaEl [&Type "Integer"] 86
   &nTotalEl [&Type "Integer"] 172
   &finalEn [&Type "Double"]      -1.1064889433669723e+03  "No Van der Waals correction"
   &eExchange [&Type "Double"]      -1.1605027677665643e+02
   &eCorr [&Type "Double"]      -6.9486747939253339e+00
   &eXC [&Type "Double"]      -1.2299895157058177e+02
   &eCNL [&Type "Double"]       0.0000000000000000e+00
$End
$SCF_Timings
   &GeometryIndex 7
   &TOTAL [&Type "Double"]       4.4952660000000002e+01
   &PREP [&Type "Double"]       6.5720200000000006e-01
   &FOCK [&Type "Double"]       4.2006580000000007e+01
   &DENS [&Type "Double"]       1.0554699999999428e-01
   &ETOT [&Type "Double"]       4.2196000000007672e-02
   &TRAFO [&Type "Double"]       1.1267099999999886e-01
   &DIIS [&Type "Double"]       3.6469999999999914e-01
   &SOSCF [&Type "Double"]       3.6919099999999982e-01
   &XC [&Type "Double"]       4.8938340000000018e+00
   &FOCKSTART [&Type "Double"]       1.2689000000002282e-02
   &INT_PREP [&Type "Double"]       6.0000000017268462e-06
   &INT_BF [&Type "Double"]       1.4352480000000272e+00
   &INT_DENS [&Type "Double"]       1.1637209999999802e+00
   &INT_DENSIO [&Type "Double"]       1.1881378917200028e+05
   &INT_FUNC [&Type "Double"]       1.6463000000007444e-01
   &INT_POT [&Type "Double"]       1.0290949999998436e+00
   &INT_POTIO [&Type "Double"]       4.0579000000166232e-02
   &INT_SUM [&Type "Double"]       9.9300000000646094e-04
   &SPLITRIJ [&Type "Double"]       5.2092970000000012e+00
   &COSX [&Type "Double"]       3.3534212000000011e+01
$End
$Single_Point_Data
   &GeometryIndex 7
   &FinalEnergy [&Type "Double"]      -1.1064889433669723e+03  "Final single point energy"
   &Converged [&Type "Boolean"] true
$End
$SCF_Nuc_Gradient
   &GeometryIndex 7
   &NAtoms [&Type "Integer"] 42
   &gradNorm [&Type "Double"]       3.1179962838396469e-02
   &grad [&Type "ArrayOfDoubles", &Dim (126,1)] 
                                                         0

0                                      1.9568895249665874e-03
1                                      9.8993433386770913e-04
2                                      1.2377655208313521e-03
3                                      9.0240245621431292e-05
4                                     -1.1723640348322052e-03
5                                      5.9845764934791934e-04
6                                     -1.7694630147753743e-03
7                                      1.9525720066930936e-03
8                                      1.1632441827041928e-04
9                                      5.6429605038469180e-03
10                                     4.6657367426015950e-03
11                                    -1.9318684082201623e-03
12                                    -1.0767294310794276e-02
13                                     2.4502235642819524e-03
14                                    -1.9412182678129122e-03
15                                     7.5452040971923720e-03
16                                     7.8873708526341901e-04
17                                     6.0613947969083079e-04
18                                    -4.1102994791390179e-03
19                                    -5.4227038032469699e-03
20                                     1.9709011430890863e-03
21                                    -2.9395389487769236e-04
22                                     1.0389765429079226e-02
23                                    -2.6160712024732823e-03
24                                    -1.5303732967246533e-03
25                                    -6.3218192348933611e-03
26                                     1.9252284145845448e-03
27                                     5.3770341479784239e-03
28                                     1.3076591456703257e-03
29                                     4.2374922509862828e-04
30                                    -3.5379793068484044e-03
31                                    -7.0058507522909597e-03
32                                     1.2197156510467128e-03
33                                    -9.1867407962853420e-05
34                                     2.1261420327708946e-03
35                                    -2.0414318368847106e-04
36                                     4.1590722712192777e-03
37                                     3.9674084187077130e-03
38                                    -1.6608763803508397e-03
39                                    -5.9949527314850926e-03
40                                    -1.6518349584075664e-03
41                                     4.3510501319016411e-04
42                                     8.8146456906817716e-03
43                                     2.1438054087160041e-03
44                                    -1.7972159576771785e-03
45                                    -3.3113174126899181e-03
46                                    -2.1218332038108745e-04
47                                    -1.8937658145375957e-03
48                                    -7.9086442930553780e-04
49                                     3.1366955339870300e-03
50                                    -5.3695280905347031e-06
51                                    -3.7205721555559623e-04
52                                    -5.8247657889624882e-04
53                                     1.8938857670890846e-04
54                                     7.2278494271971194e-04
55                                    -2.4752776963191114e-06
56                                     3.7125180700852550e-05
57                                    -2.4680169470254198e-03
58                                     2.2273419871430139e-03
59                                     1.4724484664464452e-04
60                                    -4.9739459079746751e-03
61                                    -2.9942049602056584e-03
62                                    -4.0770083106837773e-04
63                                    -2.0942323903641868e-03
64                                     1.4394693225443095e-03
65                                    -1.9788852866083062e-03
66                                    -1.5508571989302708e-03
67                                    -1.4229230119710626e-03
68                                     6.1156247436461308e-04
69                                     1.8413705309694439e-04
70                                     1.6112941278757509e-03
71                                    -4.9294753171799655e-04
72                                    -7.0343791736773853e-04
73                                    -5.4062306233625124e-04
74                                    -1.1224485532003621e-03
75                                    -1.8018775707132062e-04
76                                    -4.5275947241976700e-06
77                                    -1.3026413440206108e-03
78                                     4.9722665680099892e-05
79                                     4.7267105687320843e-04
80                                     1.5467997751117540e-03
81                                    -4.3473606104590945e-04
82                                     5.7965041764851399e-04
83                                    -1.0304562321637265e-03
84                                    -6.4774406154996522e-04
85                                    -2.9974384839042204e-03
86                                    -8.1531213177887807e-05
87                                    -1.8490545460817243e-03
88                                    -6.1524460818469240e-03
89                                     2.8241913617373937e-03
90                                    -8.8331631286275164e-04
91                                     1.2096161449171028e-04
92                                    -2.2569160204932714e-04
93                                     5.9332075542872786e-04
94                                     9.7132372203721784e-04
95                                    -3.9870659031555900e-04
96                                     9.9360518359553618e-04
97                                    -1.8456019824287517e-03
98                                     2.2631283937968316e-04
99                                     2.9218076660236444e-05
100                                   -1.2749007726742256e-06
101                                    7.9813026783823182e-05
102                                   -5.2400920316220123e-06
103                                   -1.5251273516120323e-05
104                                    1.0232708142464408e-04
105                                    1.1177994537127089e-03
106                                   -1.7082307249392109e-03
107                                    1.6671051914312479e-04
108                                    7.2718179303382022e-03
109                                   -1.0736472029638233e-03
110                                    4.0236707429899682e-03
111                                    2.5539673100170440e-03
112                                    5.7496282103550178e-04
113                                   -1.1377114155597390e-04
114                                    3.1340257972956032e-04
115                                    1.0657353466597685e-04
116                                    4.5743257065235937e-04
117                                   -2.7144702734338555e-04
118                                    1.9525981508480839e-04
119                                    3.8727924228270857e-04
120                                    9.0147496287215287e-04
121                                   -1.0266096956032533e-04
122                                   -3.7933864463915445e-04
123                                    3.1534146099235216e-04
124                                   -9.8764986548455225e-04
125                                    2.5140286837982417e-04
   &Method [&Type "String"] "SCF"
   &Level [&Type "String"] "Relaxed density"
   &Mult [&Type "Integer"] 1
   &State [&Type "Integer"] 0
   &Irrep [&Type "Integer"] 0
$End
$Geometry
   &GeometryIndex 8
   &NAtoms [&Type "Integer"] 42
   &NCorelessECP [&Type "Integer"] 0
   &NGhostAtoms [&Type "Integer"] 0
   &CartesianCoordinates [&Type "Coordinates", &Dim(42,4), &Units "Bohr"] 
              O     -4.066770471908   -7.722820358320   -2.378698581068
              C     -2.874372470063   -8.150110427549   -0.026516525290
              C     -3.881888324321   -6.436872786981    2.101773901635
              N     -3.725132124028   -3.739797710079    1.634312734677
              C     -1.582976603360   -2.328344134030    1.394828705121
              C      0.809693429464   -3.373991547489    2.088492099121
              C      3.006021505577   -2.039619791858    1.828208759303
              C      3.044123233242    0.470713917692    0.837319569962
              C      0.690851411747    1.627322722162    0.278938985929
              C     -1.633541181773    0.234973943646    0.566278878060
              C     -4.066863071657    1.436120127083   -0.001009077736
              O     -6.139301796088    0.320277409523    0.219638928789
              C     -4.083938573222    4.118702470124   -0.819863628424
              C     -1.820079401011    5.462215336090   -1.127748499660
              C      0.658356365458    4.246598733207   -0.629239887305
              O      2.626456385543    5.512779980416   -0.950066631153
              C     -1.888322989924    8.004894893594   -1.888434693709
              C     -4.191710549135    9.187831570811   -2.328667097770
              C     -6.456133790021    7.844419718263   -2.020683132761
              C     -6.404135521872    5.326343697605   -1.274653312491
              N      5.295715139777    1.704824464049    0.553411012160
              C      7.795464242269    0.567504932676    0.607791002310
              C      8.362481558970   -1.220086767096   -1.619444819631
              O     10.886920794151   -2.118011446567   -1.522182595501
              H     -5.836938741210   -8.182411767290   -2.225945779118
              H     -0.863683468371   -7.805231956139   -0.366426231339
              H     -3.066705841674  -10.129474779513    0.608651180996
              H     -5.898068732169   -6.854925216421    2.353617381225
              H     -2.946298646193   -6.959589890511    3.886638118394
              H     -5.315527394027   -2.829886216691    1.048026089352
              H      0.878016891756   -5.257413505564    2.894042148966
              H      4.770887506904   -2.897592357473    2.419833401440
              H     -0.099680748143    8.980787023303   -2.114684960340
              H     -4.241194326950   11.157147591455   -2.909288049664
              H     -8.253441688863    8.777055978661   -2.363964851865
              H     -8.116668018124    4.227188485138   -1.026926182825
              H      5.137740361556    3.442502387001   -0.259222931839
              H      8.142712105829   -0.418600875010    2.408691649754
              H      9.166907802518    2.115970704957    0.549230336221
              H      6.986731103083   -2.778917031612   -1.680332342876
              H      8.188434032347   -0.177325567337   -3.399110850483
              H     11.005860622813   -3.345152010616   -0.164106962154
$End
$SCF_Energy
   &GeometryIndex 8
   &Method [&Type "String"] "SCF"
   &totalEnergy [&Type "ArrayOfDoubles", &Dim (1,1)] "Total energy of each state"
                                                         0

0                                     -1.1064919736762431e+03
   &Mult [&Type "ArrayOfIntegers", &Dim (1,1)] "Multiplicity of each state"
                                                         0

0                                                        1
$End
$DFT_Energy
   &GeometryIndex 8
   &nAlphaEl [&Type "Integer"] 85
   &nBetaEl [&Type "Integer"] 85
   &nTotalEl [&Type "Integer"] 171
   &finalEn [&Type "Double"]      -1.1064919736762431e+03  "No Van der Waals correction"
   &eExchange [&Type "Double"]      -1.1605294723382228e+02
   &eCorr [&Type "Double"]      -6.9495515446074680e+00
   &eXC [&Type "Double"]      -1.2300249877842975e+02
   &eCNL [&Type "Double"]       0.0000000000000000e+00
$End
$SCF_Timings
   &GeometryIndex 8
   &TOTAL [&Type "Double"]       4.3874072999999996e+01
   &PREP [&Type "Double"]       6.4888800000000002e-01
   &FOCK [&Type "Double"]       4.1328390999999996e+01
   &DENS [&Type "Double"]       1.0554599999999681e-01
   &ETOT [&Type "Double"]       4.6041000000000665e-02
   &TRAFO [&Type "Double"]       1.0520900000000033e-01
   &DIIS [&Type "Double"]       3.5073599999999949e-01
   &SOSCF [&Type "Double"]       3.3503699999999803e-01
   &XC [&Type "Double"]       4.6267709999999962e+00
   &FOCKSTART [&Type "Double"]       1.2371000000001575e-02
   &INT_PREP [&Type "Double"]       7.0000000089720515e-06
   &INT_BF [&Type "Double"]       1.3282960000001918e+00
   &INT_DENS [&Type "Double"]       1.0684930000000756e+00
   &INT_DENSIO [&Type "Double"]       1.1887478692400023e+05
   &INT_FUNC [&Type "Double"]       1.5230199999998462e-01
   &INT_POT [&Type "Double"]       9.3445899999998527e-01
   &INT_POTIO [&Type "Double"]       3.8062999999856295e-02
   &INT_SUM [&Type "Double"]       6.4300000000372393e-04
   &SPLITRIJ [&Type "Double"]       4.8127030000000026e+00
   &COSX [&Type "Double"]       3.3181334000000007e+01
$End
$Single_Point_Data
   &GeometryIndex 8
   &FinalEnergy [&Type "Double"]      -1.1064919736762431e+03  "Final single point energy"
   &Converged [&Type "Boolean"] true
$End
$SCF_Nuc_Gradient
   &GeometryIndex 8
   &NAtoms [&Type "Integer"] 42
   &gradNorm [&Type "Double"]       1.5781366612072117e-02
   &grad [&Type "ArrayOfDoubles", &Dim (126,1)] 
                                                         0

0                                      1.4318759959386085e-03
1                                      4.3693518380955032e-04
2                                      1.4029623438659433e-03
3                                      1.6565462794180391e-04
4                                     -1.8972075003429595e-05
5                                     -7.9702392461537819e-04
6                                     -1.8573464020159233e-03
7                                     -2.0218016289730301e-04
8                                      5.0963495050095758e-04
9                                      3.4188410882518422e-03
10                                     1.5905635728853673e-03
11                                     8.4980980729823519e-04
12                                    -2.8366328661258572e-03
13                                     5.4613367203711072e-04
14                                    -2.4685620406363212e-03
15                                     3.5069738937264158e-03
16                                    -9.6433997941421101e-04
17                                     3.7174031674126057e-05
18                                    -9.6823191287608024e-04
19                                    -2.4916813209346564e-03
20                                     6.6613817575976800e-04
21                                    -3.4429054513855362e-03
22                                     3.7697710396983782e-03
23                                    -2.8476427619319351e-03
24                                     1.5633506523349897e-03
25                                    -1.6532301317499637e-03
26                                     2.0357615537266761e-03
27                                     9.3086557938770742e-04
28                                     2.2355686826120921e-03
29                                     7.4113860040251819e-04
30                                     3.4273798571555769e-03
31                                     5.2331034035593693e-04
32                                    -1.8285748769697012e-03
33                                    -2.9504208109842889e-03
34                                     2.1461119319110544e-05
35                                     1.4564331627408555e-03
36                                     8.1865155913697640e-04
37                                    -2.9198669473338990e-04
38                                     1.9917662044200909e-04
39                                    -8.8910555351048859e-04
40                                    -1.7692370466853014e-03
41                                     4.2664454642643047e-04
42                                    -1.0171922566102332e-03
43                                    -1.7465547642120383e-03
44                                    -1.7185267642665786e-03
45                                     2.9355371612443393e-03
46                                    -9.6126790306794163e-05
47                                     1.8154579669005244e-03
48                                    -9.6691932616300991e-04
49                                     2.2867170440112328e-03
50                                    -1.6204249353464484e-04
51                                    -9.8677299442731167e-05
52                                    -2.7647657735188624e-04
53                                     7.2514730636311087e-05
54                                     2.7765401580837068e-04
55                                    -5.7012231118314105e-06
56                                    -4.6171789816987219e-05
57                                    -1.6150389131350251e-03
58                                     1.8964481766481911e-03
59                                    -1.3045600652590583e-04
60                                    -5.4164763214905737e-03
61                                     3.0147074431347010e-04
62                                     2.6769173326962395e-03
63                                     5.6572846468393861e-04
64                                    -2.0724834153409977e-04
65                                    -2.0426203122626552e-03
66                                     5.2750116145445711e-04
67                                    -1.0959121620149927e-03
68                                     4.0528260985260578e-04
69                                    -1.2049717536652682e-03
70                                     1.6917997052614125e-03
71                                    -9.0574297099299539e-05
72                                    -7.9963877132438466e-04
73                                    -4.0008229208929325e-04
74                                    -2.6040529110391009e-04
75                                     2.6134936669353070e-04
76                                    -4.8528574087571691e-04
77                                    -4.5960184039378627e-04
78                                    -1.9463974468514854e-04
79                                    -1.8231919360023330e-04
80                                     6.6421249718330577e-04
81                                    -5.3476797908530438e-04
82                                    -2.6147100129698259e-04
83                                    -1.7625576527757134e-03
84                                    -7.5027630506846466e-06
85                                    -7.1677431786042189e-04
86                                     3.3979060122776850e-04
87                                    -1.0604434111962102e-03
88                                    -1.5704912215961930e-03
89                                     1.9959011908178559e-04
90                                    -3.4001676174681347e-04
91                                     3.1702076117365308e-04
92                                     6.0796007125592244e-04
93                                     7.9068047994179658e-05
94                                     6.3673624129320650e-04
95                                     2.5823331126627325e-04
96                                     5.5638248343625740e-04
97                                    -9.7050214535794599e-04
98                                     2.1639473141168986e-05
99                                    -1.5233539425427156e-04
100                                   -1.2599339607924365e-04
101                                    1.3345153847927477e-04
102                                    2.0157319622488012e-04
103                                    9.4162650806653425e-05
104                                    8.1075932858290511e-05
105                                    5.5788634518633140e-04
106                                   -9.1664896121300410e-04
107                                    3.6278677707248658e-05
108                                    2.9938136479277649e-03
109                                    1.5703380852383209e-05
110                                   -1.6823967973854242e-03
111                                    1.7270690988775428e-03
112                                    7.1210516422819115e-04
113                                    7.2666047557914948e-04
114                                    3.2321127418896700e-04
115                                    2.7500949956196785e-04
116                                   -8.8776147479201206e-06
117                                   -8.4873815071273562e-05
118                                   -9.1816534703414998e-05
119                                    1.1516600892803180e-04
120                                    1.3679612870953067e-04
121                                    1.1405445595338848e-04
122                                   -5.7253670137236146e-04
123                                    3.0973927271811530e-05
124                                   -9.2393931866355250e-04
125                                    3.9946592519371493e-04
   &Method [&Type "String"] "SCF"
   &Level [&Type "String"] "Relaxed density"
   &Mult [&Type "Integer"] 1
   &State [&Type "Integer"] 0
   &Irrep [&Type "Integer"] 0
$End
$Geometry
   &GeometryIndex 9
   &NAtoms [&Type "Integer"] 42
   &NCorelessECP [&Type "Integer"] 0
   &NGhostAtoms [&Type "Integer"] 0
   &CartesianCoordinates [&Type "Coordinates", &Dim(42,4), &Units "Bohr"] 
              O     -4.528210327482   -7.625291155259   -2.309403755381
              C     -3.077035208450   -8.101556472654   -0.114794307472
              C     -3.845475715137   -6.427150409358    2.139814040067
              N     -3.696090850996   -3.729793060427    1.694473765298
              C     -1.534274390932   -2.348654455482    1.409697430152
              C      0.853095129181   -3.428231064582    2.016256901562
              C      3.055783953415   -2.098723289488    1.746097509346
              C      3.088197565098    0.433912052329    0.835935872378
              C      0.722696065026    1.625196365579    0.313976666012
              C     -1.599197709477    0.223812480309    0.609994261105
              C     -4.039475518763    1.428600944718    0.085448645727
              O     -6.098801643511    0.286973025711    0.292188200847
              C     -4.081610453450    4.085049720904   -0.783206717192
              C     -1.824934861577    5.444885167635   -1.096883193362
              C      0.650659295317    4.262474328885   -0.554778172829
              O      2.598039152414    5.543714396426   -0.941173595593
              C     -1.910154992107    7.962784570851   -1.929295663002
              C     -4.219464815390    9.108186511931   -2.434659821447
              C     -6.473635078460    7.750240269632   -2.118957997538
              C     -6.405563510877    5.254723353803   -1.301255985986
              N      5.342320968346    1.682743158093    0.610205898456
              C      7.837325372713    0.542550191162    0.703342778238
              C      8.524398613548   -1.062916336662   -1.625980093327
              O     11.035547599268   -1.990176032094   -1.465388068207
              H     -6.270164465150   -8.069596505647   -1.949696816647
              H     -1.112697090453   -7.747244968594   -0.656464584480
              H     -3.205999746813  -10.096600414979    0.484779632302
              H     -5.827230329198   -6.837032753787    2.591784357455
              H     -2.733385556015   -6.962564007307    3.813509124725
              H     -5.270188798796   -2.785748514087    1.115238041449
              H      0.931392502700   -5.335291028331    2.764284752940
              H      4.821667807804   -2.989308269123    2.284712629702
              H     -0.138007151776    8.967273696267   -2.159393727931
              H     -4.280545672371   11.059206403633   -3.073756216527
              H     -8.275906161915    8.652330560289   -2.514944235486
              H     -8.119513595189    4.159449379673   -1.047099516823
              H      5.164039414991    3.450495686985   -0.129074201792
              H      8.065563192454   -0.586622585050    2.436205868926
              H      9.208849148376    2.084544833308    0.841622267678
              H      7.149874865569   -2.602143737320   -1.889480544640
              H      8.443814645620    0.121508289833   -3.320426286890
              H     11.074298371341   -3.306010384420   -0.190947883404
$End
$SCF_Energy
   &GeometryIndex 9
   &Method [&Type "String"] "SCF"
   &totalEnergy [&Type "ArrayOfDoubles", &Dim (1,1)] "Total energy of each state"
                                                         0

0                                     -1.1064929173013145e+03
   &Mult [&Type "ArrayOfIntegers", &Dim (1,1)] "Multiplicity of each state"
                                                         0

0                                                        1
$End
$DFT_Energy
   &GeometryIndex 9
   &nAlphaEl [&Type "Integer"] 86
   &nBetaEl [&Type "Integer"] 86
   &nTotalEl [&Type "Integer"] 171
   &finalEn [&Type "Double"]      -1.1064929173013145e+03  "No Van der Waals correction"
   &eExchange [&Type "Double"]      -1.1605445422187294e+02
   &eCorr [&Type "Double"]      -6.9496027406685972e+00
   &eXC [&Type "Double"]      -1.2300405696254154e+02
   &eCNL [&Type "Double"]       0.0000000000000000e+00
$End
$SCF_Timings
   &GeometryIndex 9
   &TOTAL [&Type "Double"]       4.9149913999999995e+01
   &PREP [&Type "Double"]       6.6937000000000002e-01
   &FOCK [&Type "Double"]       4.6256268000000013e+01
   &DENS [&Type "Double"]       1.2035300000000149e-01
   &ETOT [&Type "Double"]       4.8375999999993091e-02
   &POP [&Type "Double"]       9.9999999747524271e-07
   &TRAFO [&Type "Double"]       1.1337000000000330e-01
   &DIIS [&Type "Double"]       3.7849899999999881e-01
   &SOSCF [&Type "Double"]       3.8873799999999470e-01
   &XC [&Type "Double"]       5.4360490000000041e+00
   &FOCKSTART [&Type "Double"]       1.4027000000015666e-02
   &INT_PREP [&Type "Double"]       6.9999999912084832e-06
   &INT_BF [&Type "Double"]       1.5659539999997820e+00
   &INT_DENS [&Type "Double"]       1.2022950000000163e+00
   &INT_DENSIO [&Type "Double"]       1.3704193964500024e+05
   &INT_FUNC [&Type "Double"]       1.7432600000012588e-01
   &INT_POT [&Type "Double"]       1.0062220000002888e+00
   &INT_POTIO [&Type "Double"]       4.1988999999815313e-02
   &INT_SUM [&Type "Double"]       1.1639999999939477e-03
   &SPLITRIJ [&Type "Double"]       6.1600629999999903e+00
   &COSX [&Type "Double"]       3.6151135999999994e+01
$End
$Single_Point_Data
   &GeometryIndex 9
   &FinalEnergy [&Type "Double"]      -1.1064929173013145e+03  "Final single point energy"
   &Converged [&Type "Boolean"] true
$End
$SCF_Nuc_Gradient
   &GeometryIndex 9
   &NAtoms [&Type "Integer"] 42
   &gradNorm [&Type "Double"]       1.5177713455861453e-02
   &grad [&Type "ArrayOfDoubles", &Dim (126,1)] 
                                                         0

0                                     -2.1013033922809288e-05
1                                     -1.6578601720432240e-04
2                                      8.8801393293036490e-04
3                                      2.9673002336676538e-04
4                                      7.8697481354417231e-04
5                                     -1.2949943082046986e-03
6                                     -1.4073582460566933e-03
7                                     -8.2044683315371167e-04
8                                      1.0617801516127623e-03
9                                     -4.4060831183205529e-04
10                                     1.1102436530359278e-03
11                                     4.3754121724508266e-04
12                                     3.4302359493967038e-03
13                                     3.1824970896342578e-04
14                                    -1.8061447552436861e-03
15                                    -6.5478972573990157e-04
16                                    -5.0709780963133222e-04
17                                    -4.2068358207850154e-04
18                                     1.0832555836832736e-03
19                                    -2.3386338010756430e-04
20                                    -6.8924508242731476e-05
21                                    -8.1485665896025017e-05
22                                    -2.9482663400295650e-03
23                                    -1.8866904942437248e-03
24                                     1.7221359320577362e-04
25                                     1.9011468436372359e-03
26                                    -1.2776843435461510e-03
27                                    -2.7158695221572438e-03
28                                    -5.1943485944046242e-04
29                                    -5.9505183236662623e-04
30                                     2.7898840834790217e-03
31                                     4.5959250183029710e-03
32                                     2.4706769339086602e-03
33                                    -6.0875723626563349e-04
34                                    -1.6062976007915619e-03
35                                    -4.1689502506923881e-04
36                                    -6.6450975782135838e-04
37                                    -2.9717082192708688e-03
38                                    -3.3196658097300880e-04
39                                     3.0604725697404855e-03
40                                    -9.7808305423285891e-04
41                                    -1.1244167776384081e-03
42                                    -6.2841878404763518e-03
43                                     5.5665978757954426e-04
44                                     5.2700773696925385e-03
45                                    -4.8070355744178617e-04
46                                     3.0006882592306661e-03
47                                    -3.3601598158927437e-03
48                                    -6.6941970555337016e-04
49                                     6.2889542289969180e-04
50                                    -2.5308503246668224e-04
51                                     2.9312741383847457e-04
52                                    -4.5189194819578171e-06
53                                     4.2090717127123145e-05
54                                     1.0501151069125525e-05
55                                    -2.4759925308581038e-04
56                                     1.0125760586196172e-04
57                                    -1.8678454278377166e-04
58                                     8.1771581958751949e-04
59                                    -1.6882885842026737e-04
60                                    -2.2509255877117829e-04
61                                    -4.3375077739230689e-04
62                                     3.2391292755768741e-03
63                                     9.5002489567905940e-04
64                                    -1.6774923712434969e-03
65                                    -1.6730780986855195e-03
66                                     1.2736743420102975e-03
67                                    -1.5939584273586688e-04
68                                     2.8528620396530563e-04
69                                    -8.1429497538026974e-04
70                                     2.8769495102337617e-04
71                                     6.2045339622751605e-04
72                                     1.8791035373019738e-04
73                                    -9.9996715276294557e-05
74                                     6.9922812985415139e-05
75                                     2.8297195658699703e-04
76                                    -7.3118891821869619e-04
77                                     1.2899762554558630e-04
78                                    -2.7199637322009029e-04
79                                    -1.4711514170565043e-04
80                                     1.3648545076604818e-04
81                                    -1.7067514044044607e-04
82                                    -3.3518429280077894e-04
83                                    -1.8072339581533953e-03
84                                     4.9628352516575824e-04
85                                     6.6598112654552011e-04
86                                     3.4208742819891169e-04
87                                     5.9458492444092181e-04
88                                     2.1057736377563807e-04
89                                     7.4167801974209246e-05
90                                    -2.1507934571500693e-04
91                                     6.7387202841773242e-05
92                                     8.9265709719368869e-04
93                                     2.4036166351698585e-04
94                                     3.6500884347716311e-04
95                                     7.8637887177906290e-04
96                                     1.8410526872567057e-04
97                                    -6.3303154099220160e-05
98                                    -2.7327018519068824e-05
99                                    -1.9753752749525691e-04
100                                   -3.9680431978356134e-05
101                                    6.9110736919120175e-05
102                                    1.4299438240339413e-04
103                                    1.4989595376552201e-04
104                                    4.2182926680151001e-06
105                                    5.2507373522858725e-05
106                                   -1.3977006558008043e-04
107                                   -1.1952269545652261e-05
108                                    6.1303391179809777e-04
109                                   -6.9493055517377833e-04
110                                   -2.1304490198588433e-04
111                                    4.1750465267184275e-04
112                                    1.5903952827292511e-04
113                                    9.5076906049756937e-04
114                                   -1.2871610476682116e-04
115                                    1.2175758468888076e-04
116                                   -4.3217571712787090e-04
117                                    2.2262100316700062e-04
118                                   -1.2739284791074557e-04
119                                   -1.9440365312049790e-04
120                                   -4.1509336250623169e-04
121                                    4.2285148698709141e-05
122                                   -2.2516322653914900e-04
123                                   -1.4102601763588823e-04
124                                   -1.3382354183005818e-04
125                                   -2.8119733788495305e-04
   &Method [&Type "String"] "SCF"
   &Level [&Type "String"] "Relaxed density"
   &Mult [&Type "Integer"] 1
   &State [&Type "Integer"] 0
   &Irrep [&Type "Integer"] 0
$End
$Geometry
   &GeometryIndex 10
   &NAtoms [&Type "Integer"] 42
   &NCorelessECP [&Type "Integer"] 0
   &NGhostAtoms [&Type "Integer"] 0
   &CartesianCoordinates [&Type "Coordinates", &Dim(42,4), &Units "Bohr"] 
              O     -4.989969485872   -7.585212349444   -2.176623259323
              C     -3.293472383515   -8.088614130420   -0.167650789062
              C     -3.803187832884   -6.454695776067    2.185918927332
              N     -3.682753565342   -3.758167189443    1.758537787646
              C     -1.523141529125   -2.387005197923    1.412488245353
              C      0.871599184832   -3.478880622069    1.951863978425
              C      3.076147195722   -2.149293041744    1.673986605564
              C      3.102998438179    0.400499228263    0.825422679548
              C      0.735216649139    1.580905133122    0.296158699307
              C     -1.588389316614    0.178615258417    0.590173991371
              C     -4.028288793562    1.380528406042    0.039296591023
              O     -6.088495525435    0.251824253746    0.256632494237
              C     -4.058711537738    4.043384156944   -0.824011376716
              C     -1.798726122156    5.406907418836   -1.112794903130
              C      0.675920589611    4.216908708992   -0.569329245126
              O      2.622537944043    5.523077408175   -0.833274661668
              C     -1.877332358223    7.925495397823   -1.936271774499
              C     -4.182520625496    9.068391842128   -2.467979321910
              C     -6.438574633166    7.706675196794   -2.181092866834
              C     -6.376490806321    5.210360006953   -1.364218367424
              N      5.342281231599    1.681035051408    0.623863686040
              C      7.845176766043    0.579544377952    0.766263048554
              C      8.650984464993   -0.890788663335   -1.614172077880
              O     11.170831164718   -1.795146760537   -1.407415555542
              H     -6.677053075899   -8.037009540021   -1.623467978167
              H     -1.407348133858   -7.702047929047   -0.921363878729
              H     -3.338222825137  -10.094591291956    0.402052228817
              H     -5.721590851502   -6.862298998537    2.857728238205
              H     -2.517952103615   -7.016882359392    3.718194351748
              H     -5.270383602474   -2.806337256656    1.233309111242
              H      0.962586914410   -5.406730386557    2.642320738900
              H      4.846202290726   -3.064685397911    2.153057113358
              H     -0.108077874974    8.939126778891   -2.144521444301
              H     -4.236883725828   11.019935791392   -3.107521748840
              H     -8.238499062278    8.604935734236   -2.598246642831
              H     -8.095988279575    4.120055087192   -1.127550900265
              H      5.135732134783    3.462217080375   -0.069345123934
              H      8.006055005539   -0.640523512310    2.440265250747
              H      9.185774565602    2.128286463546    1.045890454027
              H      7.309373893934   -2.429864801002   -2.012355039342
              H      8.617906396549    0.380791278229   -3.243564754780
              H     11.184729239065   -3.160724911779   -0.188145252733
$End
$SCF_Energy
   &GeometryIndex 10
   &Method [&Type "String"] "SCF"
   &totalEnergy [&Type "ArrayOfDoubles", &Dim (1,1)] "Total energy of each state"
                                                         0

0                                     -1.1064937254424722e+03
   &Mult [&Type "ArrayOfIntegers", &Dim (1,1)] "Multiplicity of each state"
                                                         0

0                                                        1
$End
$DFT_Energy
   &GeometryIndex 10
   &nAlphaEl [&Type "Integer"] 86
   &nBetaEl [&Type "Integer"] 86
   &nTotalEl [&Type "Integer"] 172
   &finalEn [&Type "Double"]      -1.1064937254424722e+03  "No Van der Waals correction"
   &eExchange [&Type "Double"]      -1.1606057419996652e+02
   &eCorr [&Type "Double"]      -6.9500277278470532e+00
   &eXC [&Type "Double"]      -1.2301060192781358e+02
   &eCNL [&Type "Double"]       0.0000000000000000e+00
$End
$SCF_Timings
   &GeometryIndex 10
   &TOTAL [&Type "Double"]       3.8837351999999996e+01
   &PREP [&Type "Double"]       6.3742399999999999e-01
   &FOCK [&Type "Double"]       3.6328553000000007e+01
   &DENS [&Type "Double"]       9.7536000000001621e-02
   &ETOT [&Type "Double"]       4.0712999999995780e-02
   &POP [&Type "Double"]       9.9999999747524271e-07
   &TRAFO [&Type "Double"]       9.9330999999999392e-02
   &DIIS [&Type "Double"]       3.4062999999999999e-01
   &SOSCF [&Type "Double"]       3.1664500000000206e-01
   &XC [&Type "Double"]       4.0797219999999959e+00
   &FOCKSTART [&Type "Double"]       1.1997999999999620e-02
   &INT_PREP [&Type "Double"]       2.9999999986429771e-06
   &INT_BF [&Type "Double"]       1.1715279999997437e+00
   &INT_DENS [&Type "Double"]       9.6416700000013211e-01
   &INT_DENSIO [&Type "Double"]       9.6392025545000171e+04
   &INT_FUNC [&Type "Double"]       1.4110500000000226e-01
   &INT_POT [&Type "Double"]       8.4054900000016097e-01
   &INT_POTIO [&Type "Double"]       3.6790999999953833e-02
   &INT_SUM [&Type "Double"]       6.6500000000591086e-04
   &SPLITRIJ [&Type "Double"]       4.3540580000000011e+00
   &COSX [&Type "Double"]       2.9193404000000005e+01
$End
$Single_Point_Data
   &GeometryIndex 10
   &FinalEnergy [&Type "Double"]      -1.1064937254424722e+03  "Final single point energy"
   &Converged [&Type "Boolean"] true
$End
$SCF_Nuc_Gradient
   &GeometryIndex 10
   &NAtoms [&Type "Integer"] 42
   &gradNorm [&Type "Double"]       1.1114737728170484e-02
   &grad [&Type "ArrayOfDoubles", &Dim (126,1)] 
                                                         0

0                                     -1.1150585261156670e-03
1                                     -3.7134317512388382e-04
2                                      4.4404004903159100e-05
3                                      3.9566827375656088e-04
4                                      6.0456668923794532e-04
5                                     -6.5391249434508525e-04
6                                      5.8844360182310623e-04
7                                      6.0179699945837883e-05
8                                      8.4044327770683991e-04
9                                     -1.2690814010916374e-03
10                                    -8.1573885473876229e-04
11                                    -4.6545308430143151e-04
12                                     3.1129856702283507e-03
13                                    -1.0948264740513157e-03
14                                    -3.1558078046957892e-04
15                                    -2.3839791852847264e-03
16                                    -3.2064327034604656e-04
17                                    -2.5063468828175062e-04
18                                     1.0550867007432518e-03
19                                     1.2223805470948923e-03
20                                    -5.3751284956143203e-04
21                                    -3.9045443271815833e-04
22                                    -3.9255972732783230e-03
23                                    -4.6149780670666322e-04
24                                     1.1007097237940994e-03
25                                     2.4845939446264953e-03
26                                     1.6646745928709100e-04
27                                    -2.8456214293481608e-03
28                                    -9.0358655178826228e-04
29                                     7.4194628905607796e-06
30                                     2.2253192463089766e-04
31                                     2.0364603479034737e-03
32                                     1.5121698494995062e-04
33                                     6.7552688296113050e-04
34                                     2.2593008908516898e-04
35                                    -6.8229492728227870e-04
36                                    -1.4241618389963934e-03
37                                    -1.5009720997858217e-03
38                                     8.1699045756535027e-04
39                                     2.2424152070882469e-03
40                                     7.9929940267352284e-04
41                                     9.2857026888975430e-04
42                                    -1.6410075428142934e-03
43                                    -3.7702196199582150e-04
44                                    -2.9865585854049539e-03
45                                    -1.4812562849187971e-03
46                                     5.8432706801803125e-04
47                                     1.1578535995758477e-03
48                                    -1.5798902320765529e-04
49                                    -2.2380368428860653e-04
50                                     4.7987384660178045e-05
51                                     6.8283972403337945e-04
52                                    -7.9105628492059932e-05
53                                    -3.7262795385684111e-06
54                                    -1.9205273031666636e-04
55                                    -6.5303462007192808e-04
56                                     1.7399154259363503e-04
57                                     4.4217107136704237e-04
58                                     2.3604329085977205e-06
59                                    -2.5714112329965500e-04
60                                     1.2613087072825546e-03
61                                     2.8338766387043975e-03
62                                     1.6453195805292836e-03
63                                     2.6159380473320115e-04
64                                    -1.1162134320368278e-03
65                                    -9.8159882640342505e-04
66                                     3.3713458573826627e-04
67                                     5.7605968035844002e-04
68                                    -1.1452120579506786e-04
69                                     2.8651424196932118e-04
70                                    -8.9385085424417698e-04
71                                     1.1342931437781367e-03
72                                     8.6199313687787549e-04
73                                     1.7542057402968741e-04
74                                    -1.1490970676067414e-04
75                                    -1.1373662010949470e-04
76                                    -7.1105912270265359e-04
77                                     1.3216402442764452e-04
78                                    -6.1156964401854960e-05
79                                     2.4761999826283798e-04
80                                     6.9347987539450373e-05
81                                     2.1376098158626400e-04
82                                     2.1043554843303003e-04
83                                    -1.2582538355117023e-03
84                                     6.0809512578380298e-04
85                                     6.4274236008582397e-04
86                                     2.6514618511860877e-04
87                                     9.0377165427399375e-04
88                                     8.6016090830734471e-04
89                                     1.4056466687365418e-03
90                                    -5.0753991488385400e-04
91                                    -2.2618952441977314e-04
92                                     6.9958194849180366e-04
93                                     2.4700867334864762e-04
94                                     3.9701439132702743e-04
95                                     5.8592176264130047e-04
96                                    -1.5051904550511530e-04
97                                     1.9734679201838246e-04
98                                    -5.0271930978472434e-05
99                                    -9.7007966619572228e-05
100                                    9.4326716512299624e-05
101                                   -5.0370574640176691e-05
102                                   -5.6928684304263788e-05
103                                    1.3046175122247150e-04
104                                   -1.2535898473262086e-05
105                                   -1.3194828717882912e-04
106                                    2.1327529448395000e-04
107                                   -3.5722848752063607e-05
108                                   -2.4085645436636161e-04
109                                   -1.8623028498382932e-03
110                                    1.4156449261502890e-04
111                                   -4.2281680186323500e-04
112                                    2.1583456750481900e-04
113                                    1.8572065152017148e-04
114                                   -5.9777268059815758e-04
115                                   -2.2780567045382893e-05
116                                   -5.0503974510086869e-04
117                                    3.5436272498987065e-04
118                                    4.0704114047496187e-05
119                                   -3.6300619525041211e-04
120                                   -5.2815390133580283e-04
121                                   -2.4843478718691858e-04
122                                    3.0314834626127274e-04
123                                   -4.4822582396211036e-05
124                                    4.9112724085992321e-04
125                                   -8.0265592810305209e-04
   &Method [&Type "String"] "SCF"
   &Level [&Type "String"] "Relaxed density"
   &Mult [&Type "Integer"] 1
   &State [&Type "Integer"] 0
   &Irrep [&Type "Integer"] 0
$End
$Geometry
   &GeometryIndex 11
   &NAtoms [&Type "Integer"] 42
   &NCorelessECP [&Type "Integer"] 0
   &NGhostAtoms [&Type "Integer"] 0
   &CartesianCoordinates [&Type "Coordinates", &Dim(42,4), &Units "Bohr"] 
              O     -5.177489521543   -7.563320968621   -2.122375841223
              C     -3.398049362735   -8.082721617663   -0.188911781047
              C     -3.800467976911   -6.464686498926    2.194483302166
              N     -3.675262054420   -3.766714732141    1.777476702336
              C     -1.517256235591   -2.396053779413    1.423591274846
              C      0.890052318430   -3.494556908936    1.911964223695
              C      3.091566213805   -2.163326269860    1.626917378127
              C      3.115014409005    0.404316987994    0.825333503533
              C      0.743136207825    1.574626498325    0.314513488305
              C     -1.577765202918    0.168816652957    0.606568342417
              C     -4.021062444264    1.360559576202    0.049761087206
              O     -6.080705761963    0.239540093068    0.294867739078
              C     -4.047203323015    4.025958073868   -0.825193017046
              C     -1.789625436150    5.393473124902   -1.104873520399
              C      0.690043397985    4.216807051073   -0.525360819288
              O      2.640255126241    5.509968492162   -0.810900296705
              C     -1.868446134242    7.907540566966   -1.939764967374
              C     -4.173432162937    9.043248420477   -2.490638211523
              C     -6.428347150793    7.678343014541   -2.208901712876
              C     -6.364854319183    5.185817692334   -1.378841473106
              N      5.346468904718    1.688884258194    0.608086771037
              C      7.854406482674    0.611260386535    0.785807591300
              C      8.699139581628   -0.842978131034   -1.591792457049
              O     11.228349323367   -1.721352313305   -1.368941772769
              H     -6.842204384955   -8.017663341036   -1.505205970372
              H     -1.549115774293   -7.679712528894   -1.021971935410
              H     -3.411943184410  -10.093266362395    0.365134293905
              H     -5.689713070987   -6.862030798083    2.953209686684
              H     -2.460857897491   -7.054556510794    3.665759623560
              H     -5.263559508874   -2.820888121890    1.241452454412
              H      0.994648766229   -5.442265381508    2.538545440409
              H      4.866859223770   -3.101187924265    2.036445488921
              H     -0.099291392178    8.923713283144   -2.136599957848
              H     -4.227029881008   10.991831252101   -3.139379935556
              H     -8.228525800623    8.569316462419   -2.640601453274
              H     -8.081835907464    4.090998885239   -1.144232101427
              H      5.133142896361    3.472611990524   -0.078263455456
              H      8.001672376074   -0.619601517573    2.451494593562
              H      9.181453603789    2.166673874014    1.094618033498
              H      7.373892939235   -2.392322275809   -2.003983647344
              H      8.671638065728    0.432916398067   -3.217745080712
              H     11.252304070982   -3.078017109653   -0.139044352786
$End
$SCF_Energy
   &GeometryIndex 11
   &Method [&Type "String"] "SCF"
   &totalEnergy [&Type "ArrayOfDoubles", &Dim (1,1)] "Total energy of each state"
                                                         0

0                                     -1.1064939827318804e+03
   &Mult [&Type "ArrayOfIntegers", &Dim (1,1)] "Multiplicity of each state"
                                                         0

0                                                        1
$End
$DFT_Energy
   &GeometryIndex 11
   &nAlphaEl [&Type "Integer"] 86
   &nBetaEl [&Type "Integer"] 86
   &nTotalEl [&Type "Integer"] 172
   &finalEn [&Type "Double"]      -1.1064939827318804e+03  "No Van der Waals correction"
   &eExchange [&Type "Double"]      -1.1606203680245136e+02
   &eCorr [&Type "Double"]      -6.9501836672790116e+00
   &eXC [&Type "Double"]      -1.2301222046973037e+02
   &eCNL [&Type "Double"]       0.0000000000000000e+00
$End
$SCF_Timings
   &GeometryIndex 11
   &TOTAL [&Type "Double"]       3.1280874999999998e+01
   &PREP [&Type "Double"]       6.2745299999999993e-01
   &FOCK [&Type "Double"]       2.8854772000000001e+01
   &DENS [&Type "Double"]       9.3893000000004889e-02
   &ETOT [&Type "Double"]       2.9937999999996912e-02
   &TRAFO [&Type "Double"]       9.4747999999997390e-02
   &DIIS [&Type "Double"]       3.6163500000000148e-01
   &SOSCF [&Type "Double"]       2.0089999999999897e-01
   &XC [&Type "Double"]       3.1115759999999959e+00
   &FOCKSTART [&Type "Double"]       1.0082000000001257e-02
   &INT_PREP [&Type "Double"]       2.0000000011677344e-06
   &INT_BF [&Type "Double"]       9.0732699999995337e-01
   &INT_DENS [&Type "Double"]       7.3668300000007747e-01
   &INT_DENSIO [&Type "Double"]       5.6740622228000080e+04
   &INT_FUNC [&Type "Double"]       1.0990600000006712e-01
   &INT_POT [&Type "Double"]       6.8018799999987412e-01
   &INT_POTIO [&Type "Double"]       2.7403000000028932e-02
   &INT_SUM [&Type "Double"]       5.4599999999993543e-04
   &SPLITRIJ [&Type "Double"]       3.3422959999999988e+00
   &COSX [&Type "Double"]       2.3811817000000001e+01
$End
$Single_Point_Data
   &GeometryIndex 11
   &FinalEnergy [&Type "Double"]      -1.1064939827318804e+03  "Final single point energy"
   &Converged [&Type "Boolean"] true
$End
$SCF_Nuc_Gradient
   &GeometryIndex 11
   &NAtoms [&Type "Integer"] 42
   &gradNorm [&Type "Double"]       7.2434550139794853e-03
   &grad [&Type "ArrayOfDoubles", &Dim (126,1)] 
                                                         0

0                                     -7.5736463106730600e-04
1                                     -2.3284456254861474e-04
2                                     -3.2099509069458132e-04
3                                      3.4911497287155174e-04
4                                      9.2207893909131144e-05
5                                     -6.2228953480916727e-05
6                                      1.1717500433852078e-03
7                                      4.7583895844770241e-04
8                                      6.6878661843268461e-04
9                                     -1.3345402832526942e-03
10                                    -4.1622846734225283e-04
11                                    -9.4969755380708287e-04
12                                     1.3952394995783712e-04
13                                    -2.2590396644559321e-04
14                                     4.8385080285044159e-04
15                                    -8.5292885916254946e-04
16                                    -1.1015284436820261e-04
17                                     5.7863124391509257e-05
18                                     1.7401222169845243e-04
19                                     6.6189423440814882e-04
20                                    -2.5413569241419104e-04
21                                    -1.1951152124100098e-04
22                                    -9.3569052851696921e-04
23                                     4.1785646698377921e-05
24                                     1.0157528263472805e-03
25                                     5.3675535802813479e-04
26                                    -8.0452597617657398e-04
27                                    -1.1014552885635076e-03
28                                    -8.7011962536337126e-04
29                                     1.7377006750141089e-05
30                                    -1.1291614316227272e-03
31                                    -1.2805768608881440e-03
32                                    -1.1736831623670521e-03
33                                     1.1061587048498689e-03
34                                     2.3838306346229965e-04
35                                     3.6993381609250198e-04
36                                    -5.6680789392468678e-04
37                                     3.2670083482481960e-04
38                                     3.3038839099652079e-04
39                                     1.4141424192819219e-04
40                                     4.0834348394780395e-04
41                                    -6.9562570870909668e-04
42                                     1.9223230227645438e-03
43                                     1.5516451039164492e-03
44                                     1.8893726611955500e-03
45                                    -9.7027062624088778e-04
46                                    -1.8893872232600417e-03
47                                     1.2801369602357532e-04
48                                     1.1267280449836492e-04
49                                    -3.6375282452728863e-04
50                                    -9.5931326990192356e-05
51                                     5.0996616490302585e-04
52                                    -3.4232425711933079e-05
53                                     6.9493033141534988e-05
54                                    -1.9719222767243527e-04
55                                    -5.0711876612417883e-04
56                                     1.3470887443839397e-04
57                                     2.9348626974773362e-04
58                                    -1.3119239705224051e-04
59                                     1.7268052808711715e-04
60                                     4.6253183922190244e-04
61                                     2.7381011722805056e-03
62                                     6.0778495183553410e-04
63                                    -3.8840390324106772e-04
64                                    -2.4270598908911201e-04
65                                    -2.6236805750445152e-04
66                                    -6.0190849280204045e-04
67                                     2.1988795688273124e-04
68                                    -2.2193529214134533e-04
69                                     8.1596395701866165e-04
70                                    -6.6727406600124162e-04
71                                     8.3149818209382609e-04
72                                     5.3481025170468155e-04
73                                     2.0356298188652089e-04
74                                    -2.0932224371847385e-04
75                                    -3.9356903500181728e-04
76                                    -3.4061454394290758e-04
77                                    -6.1435816918101183e-05
78                                     1.6236957976854469e-04
79                                     3.0448313350256440e-04
80                                     2.1806756023280000e-04
81                                     2.0528047622941914e-04
82                                     2.6658539793087549e-04
83                                    -5.0177226271752584e-04
84                                    -6.0807777676363806e-05
85                                    -4.7313192854253616e-05
86                                    -4.7408327414455442e-05
87                                     7.3482566928037563e-04
88                                     6.4794535834088174e-04
89                                     9.2453050829593986e-04
90                                    -4.4085151995487681e-04
91                                     4.8686915778362039e-05
92                                     7.1237416159816713e-05
93                                     1.0925714208709358e-04
94                                     3.1070222046550300e-04
95                                     1.1706945600077623e-05
96                                    -1.1225363530134591e-04
97                                     7.5914571637608619e-05
98                                     4.4963227719671539e-05
99                                    -1.5135788730056415e-05
100                                    1.1542712891532414e-04
101                                   -3.3823077982012006e-05
102                                   -1.0889663895241597e-04
103                                    3.8910053633878228e-05
104                                   -7.2088725962100864e-05
105                                   -6.0927344579131404e-05
106                                    1.1721337176080759e-04
107                                    3.3505590733451385e-05
108                                   -9.5042181975805995e-05
109                                   -1.6888789049948338e-03
110                                   -2.3259970689132325e-04
111                                   -1.9264195887211399e-04
112                                    3.6598768899556711e-04
113                                   -3.7016939180573027e-04
114                                   -4.2357355338165648e-04
115                                   -5.5029459851696494e-05
116                                   -2.6887626088245575e-04
117                                    1.6600170551087090e-04
118                                    2.1551115014573075e-04
119                                   -1.3482114837675557e-04
120                                   -2.1965782425646197e-04
121                                   -2.6011432971220771e-04
122                                    3.0362229194208501e-04
123                                    1.5686678699687595e-05
124                                    3.3844300389637705e-04
125                                   -6.3772718271271067e-04
   &Method [&Type "String"] "SCF"
   &Level [&Type "String"] "Relaxed density"
   &Mult [&Type "Integer"] 1
   &State [&Type "Integer"] 0
   &Irrep [&Type "Integer"] 0
$End
$Geometry
   &GeometryIndex 12
   &NAtoms [&Type "Integer"] 42
   &NCorelessECP [&Type "Integer"] 0
   &NGhostAtoms [&Type "Integer"] 0
   &CartesianCoordinates [&Type "Coordinates", &Dim(42,4), &Units "Bohr"] 
              O     -5.288402936308   -7.571325602189   -2.068896143257
              C     -3.465782471681   -8.094132708098   -0.177922147964
              C     -3.806923181248   -6.466734411122    2.206879085095
              N     -3.670393609088   -3.769629864850    1.771601051798
              C     -1.509695556742   -2.402213408235    1.401218782731
              C      0.903839646366   -3.508149676048    1.852362844122
              C      3.102561959166   -2.176558943651    1.564364667184
              C      3.125354050658    0.402523192907    0.793865215810
              C      0.749904910254    1.571842860588    0.290646593564
              C     -1.568735159910    0.166639439133    0.594118193071
              C     -4.016055034685    1.359761221787    0.055748933170
              O     -6.075698658220    0.235033436070    0.300117771813
              C     -4.047313810770    4.022605014048   -0.828645929806
              C     -1.793272833662    5.389181778296   -1.122243142067
              C      0.692086463034    4.211151475235   -0.563038847208
              O      2.637714422252    5.517169869962   -0.837112683488
              C     -1.878152173878    7.905068690431   -1.952919981197
              C     -4.187077951693    9.041788602844   -2.488187885368
              C     -6.439196845633    7.676094812438   -2.195501171787
              C     -6.369195148998    5.181872840283   -1.368952928339
              N      5.358836635168    1.683284281178    0.586824046169
              C      7.867578241406    0.614140689920    0.812170927031
              C      8.762438893581   -0.811505353560   -1.564497694606
              O     11.289602662277   -1.681060214947   -1.306159613131
              H     -6.941120232552   -8.021050474484   -1.411889771721
              H     -1.635669316185   -7.690597385103   -1.054397762041
              H     -3.470537991762  -10.105429849803    0.376691847318
              H     -5.679705755944   -6.850716811137    3.017078556654
              H     -2.438065252343   -7.059105930392    3.648770695611
              H     -5.257034769675   -2.833418670159    1.204397133506
              H      1.018002288108   -5.466723745848    2.440520727670
              H      4.878520221519   -3.128998579258    1.934473478106
              H     -0.109807234009    8.920741748802   -2.160970717607
              H     -4.244307055569   10.990744101704   -3.134282823268
              H     -8.242207976895    8.566408726512   -2.614671669202
              H     -8.083873196350    4.085607116317   -1.124158028831
              H      5.151944482391    3.485504374422   -0.063548259009
              H      7.981984952889   -0.638897795827    2.465061678133
              H      9.186722947919    2.167866010161    1.169330793180
              H      7.449171105493   -2.362031860525   -2.013451741065
              H      8.761523473618    0.480665976197   -3.179526123450
              H     11.300436816600   -3.037415030689   -0.072760698913
$End
$SCF_Energy
   &GeometryIndex 12
   &Method [&Type "String"] "SCF"
   &totalEnergy [&Type "ArrayOfDoubles", &Dim (1,1)] "Total energy of each state"
                                                         0

0                                     -1.1064941116303041e+03
   &Mult [&Type "ArrayOfIntegers", &Dim (1,1)] "Multiplicity of each state"
                                                         0

0                                                        1
$End
$DFT_Energy
   &GeometryIndex 12
   &nAlphaEl [&Type "Integer"] 86
   &nBetaEl [&Type "Integer"] 86
   &nTotalEl [&Type "Integer"] 171
   &finalEn [&Type "Double"]      -1.1064941116303041e+03  "No Van der Waals correction"
   &eExchange [&Type "Double"]      -1.1605557854370306e+02
   &eCorr [&Type "Double"]      -6.9497266642821991e+00
   &eXC [&Type "Double"]      -1.2300530520798526e+02
   &eCNL [&Type "Double"]       0.0000000000000000e+00
$End
$SCF_Timings
   &GeometryIndex 12
   &TOTAL [&Type "Double"]       3.2740629000000006e+01
   &PREP [&Type "Double"]       6.5208299999999997e-01
   &FOCK [&Type "Double"]       3.0249314999999999e+01
   &DENS [&Type "Double"]       7.8067000000000775e-02
   &ETOT [&Type "Double"]       3.2905000000000406e-02
   &POP [&Type "Double"]       9.9999999747524271e-07
   &TRAFO [&Type "Double"]       1.0122800000000254e-01
   &DIIS [&Type "Double"]       3.5188099999999967e-01
   &SOSCF [&Type "Double"]       2.3116599999999643e-01
   &XC [&Type "Double"]       3.5906120000000028e+00
   &FOCKSTART [&Type "Double"]       1.2891999999999904e-02
   &INT_PREP [&Type "Double"]       2.9999999995311555e-06
   &INT_BF [&Type "Double"]       1.1049059999999251e+00
   &INT_DENS [&Type "Double"]       8.8868899999996032e-01
   &INT_DENSIO [&Type "Double"]       6.7057676913000105e+04
   &INT_FUNC [&Type "Double"]       1.2404600000015620e-01
   &INT_POT [&Type "Double"]       7.9534799999994910e-01
   &INT_POTIO [&Type "Double"]       3.1456999999996960e-02
   &INT_SUM [&Type "Double"]       9.8099999999679000e-04
   &SPLITRIJ [&Type "Double"]       3.6072549999999959e+00
   &COSX [&Type "Double"]       2.4469200999999995e+01
$End
$Single_Point_Data
   &GeometryIndex 12
   &FinalEnergy [&Type "Double"]      -1.1064941116303041e+03  "Final single point energy"
   &Converged [&Type "Boolean"] true
$End
$SCF_Nuc_Gradient
   &GeometryIndex 12
   &NAtoms [&Type "Integer"] 42
   &gradNorm [&Type "Double"]       3.5158874776961791e-03
   &grad [&Type "ArrayOfDoubles", &Dim (126,1)] 
                                                         0

0                                      3.6968466071178596e-04
1                                     -9.2687073429964517e-06
2                                     -2.4220290419499357e-04
3                                     -1.4007652719843361e-05
4                                      1.2015681646465604e-06
5                                      5.3879751564178680e-05
6                                      7.0146716713752506e-04
7                                      1.5571145824173904e-04
8                                      3.2909364874593450e-04
9                                     -8.6425814619903174e-04
10                                    -7.2208788219689513e-04
11                                    -3.9445726148723548e-04
12                                    -2.3242999651486643e-04
13                                     6.0551619168489751e-04
14                                     2.2938214391736954e-04
15                                     6.4867760831269911e-04
16                                     1.3397972640613598e-04
17                                     1.0075809837108152e-04
18                                    -4.0584480628880204e-04
19                                    -1.5228272433651102e-04
20                                     1.8937031230473189e-05
21                                     2.5020890551331366e-04
22                                     1.1006488111914292e-04
23                                     8.4854730685330476e-06
24                                    -1.3777771982576015e-04
25                                    -2.3858937097401278e-05
26                                     2.1717231716764790e-05
27                                     1.4858333940000190e-04
28                                    -2.1858390921002113e-04
29                                    -8.1406500516627289e-05
30                                    -2.7346667771527278e-04
31                                    -6.5545571749986431e-04
32                                     4.9633018032886611e-04
33                                    -1.6512072602004046e-05
34                                    -5.1428125340763353e-04
35                                     1.3881137788581549e-04
36                                     2.9734984948642795e-04
37                                     6.2556795069641791e-04
38                                    -2.9608058124065695e-04
39                                    -7.8283420473057586e-04
40                                     2.0817721752149770e-04
41                                     3.1838539849241010e-05
42                                     1.3377767786665051e-03
43                                    -2.0030939046034035e-04
44                                    -7.6506609501744011e-04
45                                    -4.1693232632505905e-04
46                                     1.0208052537147294e-04
47                                     4.4079499520956883e-04
48                                     1.5518643142406474e-04
49                                    -2.8801951874996012e-04
50                                     1.1734706748478888e-04
51                                    -8.4841605242890958e-05
52                                     1.1239638646555472e-04
53                                    -1.7264899401681078e-05
54                                    -9.3863824151330100e-05
55                                     1.0610491228817132e-04
56                                     6.0878516774942604e-07
57                                     1.8436984966209435e-04
58                                    -2.9389171722674079e-04
59                                     4.2044060593110152e-05
60                                     6.6700370103607576e-04
61                                    -1.0823292248600402e-05
62                                     7.8323402106440787e-04
63                                    -2.6685465253119614e-04
64                                    -1.6636312283126869e-04
65                                     8.0993789435990227e-05
66                                    -4.4314181546714279e-04
67                                    -1.8237924469951400e-04
68                                     4.7981035496080793e-05
69                                     3.8107166734591136e-04
70                                     3.4852810084595731e-04
71                                    -2.5211111140399645e-06
72                                    -3.0147100490290901e-04
73                                     1.4871593515757009e-05
74                                     8.4650208922593118e-05
75                                    -9.4218989344418969e-05
76                                     6.2624115385601087e-05
77                                    -1.6551921033029771e-04
78                                     1.3950047027611176e-04
79                                    -2.8662696068465499e-05
80                                     2.0104641388203615e-04
81                                    -1.4569475479792038e-04
82                                    -9.6282977050839158e-05
83                                     8.5503015330515297e-05
84                                    -3.7869767676675103e-04
85                                    -3.5853490496568635e-04
86                                    -1.3730585137743112e-04
87                                    -1.9943604310518337e-04
88                                     7.9527790807418230e-04
89                                    -7.9459640385498576e-05
90                                    -1.3480094916415442e-04
91                                     2.7515403535566252e-04
92                                    -1.9412282169779110e-04
93                                     2.1513116167604096e-05
94                                     1.1448221533091885e-04
95                                    -1.7414564534931620e-04
96                                    -2.8831647848281960e-05
97                                     6.7394474318790976e-05
98                                     3.0804520665256296e-05
99                                    -9.8573035028359790e-06
100                                   -2.6620059892568104e-05
101                                   -2.8873459399905710e-05
102                                    1.2776843465206467e-05
103                                   -1.0344099431847109e-05
104                                   -1.1340216599570185e-05
105                                   -5.7808416644128391e-05
106                                    6.5455718317536382e-05
107                                    1.8627188960881891e-05
108                                    2.4951386765354605e-06
109                                    1.4488818886096433e-04
110                                   -4.6026219398291601e-04
111                                   -2.8680832996903771e-05
112                                    2.4672035345091325e-05
113                                   -2.1860187644456852e-04
114                                    1.1706056196877923e-04
115                                    1.3789482654358309e-04
116                                   -4.2220574711884784e-05
117                                   -1.9432057457038909e-05
118                                    3.6119401047085553e-05
119                                    2.3743223132803581e-05
120                                    4.6067763403266279e-05
121                                    1.9819593967268512e-05
122                                   -1.1898757547226801e-04
123                                   -4.9098568748420779e-05
124                                   -3.0993280567997994e-04
125                                    4.3226511581700988e-05
   &Method [&Type "String"] "SCF"
   &Level [&Type "String"] "Relaxed density"
   &Mult [&Type "Integer"] 1
   &State [&Type "Integer"] 0
   &Irrep [&Type "Integer"] 0
$End
$Geometry
   &GeometryIndex 13
   &NAtoms [&Type "Integer"] 42
   &NCorelessECP [&Type "Integer"] 0
   &NGhostAtoms [&Type "Integer"] 0
   &CartesianCoordinates [&Type "Coordinates", &Dim(42,4), &Units "Bohr"] 
              O     -5.369159627787   -7.567747591191   -2.026548863851
              C     -3.511025949001   -8.101309677626   -0.173881023266
              C     -3.798660698562   -6.472787663173    2.216524882279
              N     -3.663194340638   -3.776892384370    1.773887242107
              C     -1.505266769711   -2.412665881905    1.379007454412
              C      0.909788297660   -3.522096154512    1.812053694642
              C      3.107295464996   -2.189594905003    1.521580572103
              C      3.126723703728    0.393612955893    0.764493126297
              C      0.749624387871    1.565054485875    0.271634205889
              C     -1.567716952639    0.159529667615    0.576739638889
              C     -4.015328320876    1.356202465930    0.041375177280
              O     -6.076523916778    0.232858779393    0.282363088786
              C     -4.048103415899    4.020820509887   -0.834282883197
              C     -1.794611767612    5.387661152470   -1.126440191806
              C      0.689318950714    4.207597395667   -0.572486994461
              O      2.635911530935    5.511768081440   -0.856724066361
              C     -1.879845482211    7.905854911688   -1.951256523720
              C     -4.189147811974    9.044934561299   -2.479676568989
              C     -6.440998321982    7.679032218659   -2.188287802678
              C     -6.370556360211    5.182148169974   -1.369612898355
              N      5.358264551746    1.677851296497    0.563226733580
              C      7.869819512406    0.621577977940    0.822444514051
              C      8.804706192921   -0.791658301443   -1.546085363408
              O     11.330808608952   -1.650886358412   -1.256070699914
              H     -7.009617015544   -8.012916570593   -1.336578457482
              H     -1.696133962268   -7.702714897718   -1.084680277115
              H     -3.514186504365  -10.113856487458    0.376225085150
              H     -5.654066839927   -6.851528297386    3.068311949912
              H     -2.398633600011   -7.062881056365    3.629780196785
              H     -5.253682887111   -2.846136206816    1.208095625253
              H      1.028071562863   -5.483439751275    2.392567232699
              H      4.883646180081   -3.145479960787    1.881147838379
              H     -0.111472494163    8.921245803338   -2.160321686732
              H     -4.246504107570   10.995933150061   -3.119303504767
              H     -8.244329696656    8.570926508176   -2.602259427214
              H     -8.085055853231    4.084992856937   -1.128001798977
              H      5.150001035771    3.484600304660   -0.073272367070
              H      7.966186690829   -0.636903576311    2.473239720792
              H      9.176483358102    2.180032793851    1.203966868974
              H      7.504309301300   -2.346990832327   -2.017244848985
              H      8.820272129436    0.505599661444   -3.157116799855
              H     11.332591255313   -3.001349210713   -0.016024541646
$End
$SCF_Energy
   &GeometryIndex 13
   &Method [&Type "String"] "SCF"
   &totalEnergy [&Type "ArrayOfDoubles", &Dim (1,1)] "Total energy of each state"
                                                         0

0                                     -1.1064941474329198e+03
   &Mult [&Type "ArrayOfIntegers", &Dim (1,1)] "Multiplicity of each state"
                                                         0

0                                                        1
$End
$DFT_Energy
   &GeometryIndex 13
   &nAlphaEl [&Type "Integer"] 85
   &nBetaEl [&Type "Integer"] 85
   &nTotalEl [&Type "Integer"] 171
   &finalEn [&Type "Double"]      -1.1064941474329198e+03  "No Van der Waals correction"
   &eExchange [&Type "Double"]      -1.1605474566865846e+02
   &eCorr [&Type "Double"]      -6.9496495802882468e+00
   &eXC [&Type "Double"]      -1.2300439524894671e+02
   &eCNL [&Type "Double"]       0.0000000000000000e+00
$End
$SCF_Timings
   &GeometryIndex 13
   &TOTAL [&Type "Double"]       3.6663127000000003e+01
   &PREP [&Type "Double"]       6.0081200000000001e-01
   &FOCK [&Type "Double"]       3.4104351999999992e+01
   &DENS [&Type "Double"]       8.7648000000001502e-02
   &ETOT [&Type "Double"]       3.3361000000009966e-02
   &POP [&Type "Double"]       9.9999999747524271e-07
   &TRAFO [&Type "Double"]       9.8910000000000942e-02
   &DIIS [&Type "Double"]       3.6398800000000087e-01
   &SOSCF [&Type "Double"]       2.6051599999999908e-01
   &XC [&Type "Double"]       3.8770120000000077e+00
   &FOCKSTART [&Type "Double"]       1.3736999999996558e-02
   &INT_PREP [&Type "Double"]       2.0000000020559128e-06
   &INT_BF [&Type "Double"]       1.0803730000001162e+00
   &INT_DENS [&Type "Double"]       8.8209399999991334e-01
   &INT_DENSIO [&Type "Double"]       6.9573688790000131e+04
   &INT_FUNC [&Type "Double"]       1.2270200000000120e-01
   &INT_POT [&Type "Double"]       7.1195599999996517e-01
   &INT_POTIO [&Type "Double"]       3.2111000000003109e-02
   &INT_SUM [&Type "Double"]       8.8200000000338008e-04
   &SPLITRIJ [&Type "Double"]       4.1915399999999980e+00
   &COSX [&Type "Double"]       2.7479369999999999e+01
$End
$Single_Point_Data
   &GeometryIndex 13
   &FinalEnergy [&Type "Double"]      -1.1064941474329198e+03  "Final single point energy"
   &Converged [&Type "Boolean"] true
$End
$SCF_Nuc_Gradient
   &GeometryIndex 13
   &NAtoms [&Type "Integer"] 42
   &gradNorm [&Type "Double"]       2.5284106669183292e-03
   &grad [&Type "ArrayOfDoubles", &Dim (126,1)] 
                                                         0

0                                      4.2456657362937439e-04
1                                     -2.2939371122548957e-05
2                                     -8.3528463280579945e-05
3                                     -1.3540604335297163e-04
4                                     -6.2200530651715380e-06
5                                      2.9976662887079564e-05
6                                      2.9698911101628742e-04
7                                      2.0682158398071734e-04
8                                      1.7268250704000065e-05
9                                      5.5848475792610874e-05
10                                    -1.0486299789412568e-03
11                                     1.0008626693980283e-04
12                                    -3.5430637050035130e-04
13                                    -8.7300843168020004e-05
14                                    -1.1702228650434243e-04
15                                     6.2935976828046303e-04
16                                     1.9080531634901865e-04
17                                    -3.7944116858999732e-05
18                                    -4.8114626347170453e-04
19                                    -2.9277988418149013e-04
20                                     6.5180776782403776e-05
21                                     9.6068982379758638e-05
22                                     2.6957727554177691e-05
23                                    -3.1644640512558039e-04
24                                    -3.1178402386755621e-04
25                                    -7.2296220430478897e-05
26                                     5.5640833865243378e-05
27                                     3.3261140637014242e-04
28                                     3.0937891112426535e-04
29                                    -9.3025847133082484e-06
30                                     3.2832428980184014e-04
31                                     5.7394818491762756e-05
32                                     1.3924149994628404e-04
33                                    -6.3349859819206156e-04
34                                    -1.8930643242431877e-05
35                                    -1.5117597090842649e-04
36                                     2.7970000380839188e-04
37                                     3.1520093271596161e-04
38                                    -1.2419173324079019e-04
39                                    -5.3908111096204192e-04
40                                    -1.0130922918885621e-04
41                                    -7.7948110792584735e-05
42                                     3.6141208978121564e-04
43                                    -1.7807389538848639e-04
44                                     1.5299759351368458e-04
45                                    -3.9591863238319647e-05
46                                     3.3585108596440039e-04
47                                    -9.8914582609015145e-05
48                                     1.2953420627216661e-04
49                                    -2.4225540281423708e-04
50                                     6.4935661719407040e-05
51                                    -2.3693926502778295e-04
52                                     1.0470912322813053e-04
53                                    -1.6083418513904157e-05
54                                    -2.2311065251773288e-05
55                                     2.6122298695151203e-04
56                                    -6.2661296252666809e-05
57                                     1.1346013956164969e-04
58                                    -2.3701483820495750e-04
59                                     5.9511327488291632e-05
60                                     3.4030769729467836e-04
61                                     3.4671602314146482e-05
62                                     6.6081127446386209e-04
63                                     3.3437219254132955e-05
64                                    -3.6710490059134460e-05
65                                     1.0265966059051085e-04
66                                    -1.3134698626761018e-04
67                                    -1.6450927954301392e-04
68                                     9.8713536937702906e-06
69                                     5.5241641116310358e-05
70                                     4.3059142401920270e-04
71                                    -9.5798765690602306e-05
72                                    -2.6910526198631324e-04
73                                     1.8785677022278846e-05
74                                     1.2905682986308342e-04
75                                     5.6019143436503160e-05
76                                     1.6479602129788190e-04
77                                    -9.5928165749131766e-05
78                                     6.1172411163794814e-05
79                                    -9.9257590277429530e-05
80                                     7.6930918950723903e-05
81                                    -1.2389798474782276e-04
82                                    -1.1504398539877170e-04
83                                     1.2187584356412873e-04
84                                    -6.5768691891829323e-05
85                                    -2.6001845270842705e-04
86                                     2.7827566687385619e-05
87                                    -2.9532875293347693e-04
88                                     6.8650043662818461e-04
89                                    -5.7462939688904258e-05
90                                    -3.5245445813125720e-05
91                                     2.7301537612045568e-06
92                                    -3.2995496425033966e-05
93                                    -2.9929122617816661e-05
94                                    -6.3457414581358229e-06
95                                    -6.7120479351520657e-05
96                                    -2.4560662409522926e-05
97                                     6.7936403171930948e-05
98                                    -1.0925578318006501e-05
99                                    -6.3249923259803276e-06
100                                   -4.5822857460159350e-05
101                                    6.2818896683844438e-06
102                                    4.0910337672755981e-05
103                                   -1.7959758249780355e-05
104                                    3.5217953192612228e-06
105                                   -5.3814829560239197e-05
106                                    5.9600615193486361e-05
107                                   -1.3972001027609537e-05
108                                    2.6025805596859020e-05
109                                    7.8571523163151191e-05
110                                   -3.2708868583182504e-04
111                                    1.9175257879693042e-06
112                                   -8.7207732261534998e-05
113                                   -3.4008496109572128e-05
114                                    1.6037139022774538e-04
115                                    6.1792082214795485e-05
116                                   -6.6718099229756689e-06
117                                   -4.7884531491279581e-05
118                                   -3.2359302700901704e-05
119                                    8.0134768610559681e-05
120                                    8.2734861108156241e-05
121                                    5.8491835071089460e-05
122                                   -1.6018256765357175e-04
123                                   -6.8741107844327853e-05
124                                   -2.9982463440281215e-04
125                                    9.3563063399360047e-05
   &Method [&Type "String"] "SCF"
   &Level [&Type "String"] "Relaxed density"
   &Mult [&Type "Integer"] 1
   &State [&Type "Integer"] 0
   &Irrep [&Type "Integer"] 0
$End
$Geometry
   &GeometryIndex 14
   &NAtoms [&Type "Integer"] 42
   &NCorelessECP [&Type "Integer"] 0
   &NGhostAtoms [&Type "Integer"] 0
   &CartesianCoordinates [&Type "Coordinates", &Dim(42,4), &Units "Bohr"] 
              O     -5.458363636739   -7.543118425685   -1.992702208601
              C     -3.569603019956   -8.099051577264   -0.177476050732
              C     -3.798022477988   -6.472558526943    2.220312788820
              N     -3.655396180417   -3.778033998475    1.775493861788
              C     -1.496617312501   -2.422173629833    1.364077387596
              C      0.918903999104   -3.534077084943    1.785798649348
              C      3.116285627719   -2.201265679388    1.488964739154
              C      3.132144413558    0.382829952241    0.733754977066
              C      0.753488629437    1.553767800576    0.246753131864
              C     -1.561433847762    0.148402148957    0.559352973981
              C     -4.010551798963    1.344472300880    0.031956091769
              O     -6.069509620930    0.221033374188    0.285981666882
              C     -4.048235166055    4.010323660964   -0.837503986169
              C     -1.795768337102    5.378512851589   -1.135202972530
              C      0.688834672058    4.197353011252   -0.593308746780
              O      2.634623839598    5.501958472565   -0.883140110557
              C     -1.884390786741    7.898688297142   -1.954246486122
              C     -4.195795802248    9.038406886765   -2.470456730202
              C     -6.446404754246    7.671419612082   -2.173421502681
              C     -6.372915845103    5.172724126517   -1.361238482926
              N      5.359725476375    1.670109944895    0.527545091052
              C      7.874511489680    0.632866073080    0.826938550410
              C      8.857699741552   -0.772481399603   -1.526577668275
              O     11.384466714504   -1.614245265477   -1.198166142645
              H     -7.087926121820   -7.980397804606   -1.274228653870
              H     -1.768172401236   -7.713344640852   -1.119933166543
              H     -3.581532797532  -10.113157806286    0.364990467370
              H     -5.636385280534   -6.840577113784    3.111686290484
              H     -2.369973035846   -7.066739555459    3.603305725989
              H     -5.243602848552   -2.852792441531    1.198704516295
              H      1.040441079979   -5.496627600192    2.363270910956
              H      4.893268007670   -3.158929395743    1.841519205254
              H     -0.116823633339    8.914243330978   -2.168755417305
              H     -4.255800791338   10.991325532789   -3.104243489158
              H     -8.251620181759    8.564252635585   -2.577467309545
              H     -8.086034025145    4.074228655445   -1.116497851602
              H      5.146243762614    3.480845628617   -0.093509732948
              H      7.953096079925   -0.625322184916    2.479297482777
              H      9.163073101021    2.200341973190    1.229935605060
              H      7.575694150141   -2.336975875777   -2.017973524889
              H      8.888690902656    0.525046686693   -3.136556894121
              H     11.379688035160   -2.951283006925    0.055474272696
$End
$SCF_Energy
   &GeometryIndex 14
   &Method [&Type "String"] "SCF"
   &totalEnergy [&Type "ArrayOfDoubles", &Dim (1,1)] "Total energy of each state"
                                                         0

0                                     -1.1064941722684941e+03
   &Mult [&Type "ArrayOfIntegers", &Dim (1,1)] "Multiplicity of each state"
                                                         0

0                                                        1
$End
$DFT_Energy
   &GeometryIndex 14
   &nAlphaEl [&Type "Integer"] 85
   &nBetaEl [&Type "Integer"] 85
   &nTotalEl [&Type "Integer"] 171
   &finalEn [&Type "Double"]      -1.1064941722684941e+03  "No Van der Waals correction"
   &eExchange [&Type "Double"]      -1.1605724904220220e+02
   &eCorr [&Type "Double"]      -6.9498275343145988e+00
   &eXC [&Type "Double"]      -1.2300707657651679e+02
   &eCNL [&Type "Double"]       0.0000000000000000e+00
$End
$SCF_Timings
   &GeometryIndex 14
   &TOTAL [&Type "Double"]       3.1135195000000000e+01
   &PREP [&Type "Double"]       6.7967599999999995e-01
   &FOCK [&Type "Double"]       2.8513959999999997e+01
   &DENS [&Type "Double"]       6.8177000000002153e-02
   &ETOT [&Type "Double"]       2.8902999999999679e-02
   &POP [&Type "Double"]       1.0000000010279564e-06
   &TRAFO [&Type "Double"]       9.6273000000000053e-02
   &DIIS [&Type "Double"]       3.4537400000000229e-01
   &SOSCF [&Type "Double"]       1.6218300000000063e-01
   &XC [&Type "Double"]       3.1227869999999953e+00
   &FOCKSTART [&Type "Double"]       1.2464000000001030e-02
   &INT_PREP [&Type "Double"]       2.0000000002795559e-06
   &INT_BF [&Type "Double"]       8.7491900000001444e-01
   &INT_DENS [&Type "Double"]       7.3320899999992317e-01
   &INT_DENSIO [&Type "Double"]       5.1236700129000063e+04
   &INT_FUNC [&Type "Double"]       1.0051100000002933e-01
   &INT_POT [&Type "Double"]       6.6999600000005977e-01
   &INT_POTIO [&Type "Double"]       2.5083999999976569e-02
   &INT_SUM [&Type "Double"]       6.2999999999746592e-04
   &SPLITRIJ [&Type "Double"]       3.3333709999999979e+00
   &COSX [&Type "Double"]       2.3742781000000008e+01
$End
$Single_Point_Data
   &GeometryIndex 14
   &FinalEnergy [&Type "Double"]      -1.1064941722684941e+03  "Final single point energy"
   &Converged [&Type "Boolean"] true
$End
$SCF_Nuc_Gradient
   &GeometryIndex 14
   &NAtoms [&Type "Integer"] 42
   &gradNorm [&Type "Double"]       1.6356005344857994e-03
   &grad [&Type "ArrayOfDoubles", &Dim (126,1)] 
                                                         0

0                                      9.2128769355631634e-05
1                                     -1.3231942724904744e-04
2                                      6.4800934405695454e-05
3                                     -1.2788142336980085e-04
4                                     -6.8790298022439189e-05
5                                     -4.5320299361939487e-06
6                                     -2.2009347117194801e-04
7                                      2.6754689779689284e-04
8                                     -1.9213612620323783e-04
9                                      1.0808647182826425e-04
10                                    -9.9675206630234214e-05
11                                     1.5208150559417599e-04
12                                    -4.9452961367334181e-04
13                                    -2.0734940567344179e-04
14                                    -2.1729075969004891e-04
15                                     1.6657760673642608e-04
16                                     1.2330635483390195e-04
17                                    -1.0204254877598656e-04
18                                    -1.6461690271030172e-04
19                                    -1.7924548848900421e-04
20                                     8.7915644730828663e-05
21                                     2.4976011090271921e-04
22                                     1.6692091253394520e-04
23                                    -4.7681522342880173e-04
24                                    -3.7086601997007342e-04
25                                    -1.3876490728931268e-04
26                                     1.5784365839210251e-04
27                                     2.7862807871395501e-04
28                                     1.7385180633573000e-04
29                                     2.2358895302458659e-04
30                                     1.7087810243571200e-04
31                                    -9.0138544417292521e-05
32                                    -5.0937606708809785e-04
33                                    -2.3896381862065219e-05
34                                    -1.2433220451232851e-04
35                                     2.6047470144111712e-04
36                                     1.0929878503430912e-04
37                                     6.6102355064018292e-05
38                                     1.1315536490531797e-04
39                                    -1.1092354795570747e-04
40                                    -7.5740196103471491e-05
41                                    -1.0435956392315648e-05
42                                    -8.6847103076104215e-05
43                                    -8.3010036791619779e-05
44                                     1.4454196919226614e-04
45                                    -4.6777160317534872e-05
46                                     2.2833693945445432e-04
47                                    -1.4008283944268174e-04
48                                     7.7424933806718998e-05
49                                    -8.2580495475631510e-05
50                                     1.7597559483707031e-05
51                                    -1.4867653857073698e-04
52                                     1.4629688640299676e-05
53                                    -1.3462311311426833e-05
54                                     4.7545669143403413e-05
55                                     1.5869756187918138e-04
56                                    -6.0285059696636722e-05
57                                     2.6560011594928268e-06
58                                    -1.0602862431975668e-04
59                                     6.3784568085617499e-05
60                                    -1.7643190093176442e-04
61                                     1.8094337632900553e-04
62                                     4.5567122343725952e-04
63                                     1.5402791211628804e-04
64                                     1.1668559412404342e-04
65                                     2.7142035609842297e-05
66                                     1.0401966743674856e-04
67                                    -2.9376927802851269e-05
68                                    -1.5212334276686057e-04
69                                    -6.9109349775414719e-05
70                                     9.7424899175760360e-05
71                                     4.9209435606434315e-05
72                                     4.2077478721452843e-05
73                                     9.7090917259914922e-05
74                                     1.8779860982059970e-05
75                                     7.0284642436801992e-05
76                                     1.7128145489542224e-04
77                                     4.4140907953987840e-05
78                                     5.4821559900032624e-06
79                                    -3.0457882166545769e-05
80                                    -6.1761878811766868e-05
81                                     6.5658794587919456e-05
82                                     3.1758216507277170e-06
83                                     3.6378855283084044e-05
84                                     1.3912396923863868e-04
85                                    -8.4269057167227213e-06
86                                     1.0035531334331993e-04
87                                     1.7233592149634713e-04
88                                     2.2626470231801310e-04
89                                    -9.9826203728795027e-05
90                                     5.3605034598943474e-05
91                                    -1.7261402559926031e-04
92                                     3.0867103363724224e-05
93                                    -5.0020220582508435e-05
94                                    -1.0887766286241107e-04
95                                     3.6110396925144450e-05
96                                    -2.6921827593340275e-05
97                                     4.1039196245123977e-05
98                                    -3.2876087513240837e-05
99                                     1.9255280817580267e-05
100                                   -7.1728680647031862e-06
101                                    2.6812846566207083e-05
102                                    5.8163644925668390e-06
103                                   -1.9228480102814749e-05
104                                    1.9044853579959498e-05
105                                   -1.0243275630539284e-05
106                                    4.2827304139028688e-05
107                                   -3.6831772595356804e-05
108                                   -7.8017410848826851e-06
109                                   -2.0743329913114339e-04
110                                   -6.1236613903767334e-05
111                                   -1.6289139569381286e-05
112                                   -8.2329227705818520e-05
113                                    4.9645334855241696e-05
114                                    1.4946898792153607e-05
115                                   -9.3763490698006713e-05
116                                   -1.1668977672685266e-05
117                                   -1.8240634269708900e-05
118                                    1.2095329687988876e-05
119                                    1.1815750335850139e-04
120                                    5.5341752085921736e-05
121                                   -1.5600617870398237e-05
122                                   -3.1441384859498545e-05
123                                   -3.4794062069944121e-05
124                                   -2.4964816414091429e-05
125                                   -8.3875461846877331e-05
   &Method [&Type "String"] "SCF"
   &Level [&Type "String"] "Relaxed density"
   &Mult [&Type "Integer"] 1
   &State [&Type "Integer"] 0
   &Irrep [&Type "Integer"] 0
$End
$Geometry
   &GeometryIndex 15
   &NAtoms [&Type "Integer"] 42
   &NCorelessECP [&Type "Integer"] 0
   &NGhostAtoms [&Type "Integer"] 0
   &CartesianCoordinates [&Type "Coordinates", &Dim(42,4), &Units "Bohr"] 
              O     -5.518900144255   -7.521314150066   -1.974460618669
              C     -3.606274277276   -8.096521954246   -0.189718016101
              C     -3.791218303702   -6.479558169549    2.218269136767
              N     -3.648252660370   -3.783264133724    1.781708495621
              C     -1.491243338628   -2.425914405698    1.363677000792
              C      0.926164338710   -3.537192306521    1.776607361199
              C      3.122624603836   -2.203539164076    1.472551737201
              C      3.134184278928    0.380064211767    0.716544571173
              C      0.754134026698    1.549256568958    0.235905765539
              C     -1.559706943607    0.144388976922    0.557522956072
              C     -4.010317463561    1.342133445126    0.038767417082
              O     -6.067998901117    0.215926917230    0.284810310691
              C     -4.049088858490    4.006968920409   -0.833926737696
              C     -1.796872015031    5.374825515992   -1.137880155400
              C      0.688100580467    4.192371849631   -0.604220260206
              O      2.634536110245    5.494569291070   -0.900284519367
              C     -1.886827934526    7.895159247969   -1.956657569547
              C     -4.199133545020    9.034891118812   -2.467229016621
              C     -6.449418511669    7.668034355219   -2.164867919045
              C     -6.374766454762    5.169671978092   -1.352701332027
              N      5.359278585119    1.666696651427    0.492536698155
              C      7.875863106736    0.644789670589    0.822531294317
              C      8.888300338784   -0.772518821792   -1.510987569583
              O     11.416171559038   -1.598993552075   -1.153866000273
              H     -7.139281304875   -7.960380596165   -1.237253923423
              H     -1.816698031453   -7.716588393032   -1.156293691271
              H     -3.622027704304  -10.113012066000    0.342334889661
              H     -5.616204503144   -6.845204482342    3.137346952775
              H     -2.343105186046   -7.081345553711    3.576024220504
              H     -5.238868250987   -2.864550260794    1.204378956880
              H      1.051248371409   -5.500253766801    2.350926582333
              H      4.901366386032   -3.161390380666    1.816106320125
              H     -0.119028509534    8.909231863576   -2.175969042505
              H     -4.260392840046   10.987942853075   -3.100815302423
              H     -8.255544620793    8.561276986738   -2.564459376382
              H     -8.086941098899    4.070701819519   -1.103347410566
              H      5.142123524965    3.479482308929   -0.120905711961
              H      7.946195950147   -0.600388320606    2.485059566971
              H      9.152171063366    2.222097577698    1.225797161773
              H      7.618705319971   -2.347103152439   -2.003046029050
              H      8.927202222380    0.513380458612   -3.129661722802
              H     11.409741054161   -2.914829013748    0.121651787698
$End
$SCF_Energy
   &GeometryIndex 15
   &Method [&Type "String"] "SCF"
   &totalEnergy [&Type "ArrayOfDoubles", &Dim (1,1)] "Total energy of each state"
                                                         0

0                                     -1.1064941776851833e+03
   &Mult [&Type "ArrayOfIntegers", &Dim (1,1)] "Multiplicity of each state"
                                                         0

0                                                        1
$End
$DFT_Energy
   &GeometryIndex 15
   &nAlphaEl [&Type "Integer"] 85
   &nBetaEl [&Type "Integer"] 85
   &nTotalEl [&Type "Integer"] 171
   &finalEn [&Type "Double"]      -1.1064941776851833e+03  "No Van der Waals correction"
   &eExchange [&Type "Double"]      -1.1605811313885830e+02
   &eCorr [&Type "Double"]      -6.9498630230841520e+00
   &eXC [&Type "Double"]      -1.2300797616194245e+02
   &eCNL [&Type "Double"]       0.0000000000000000e+00
$End
$SCF_Timings
   &GeometryIndex 15
   &TOTAL [&Type "Double"]       3.2616058000000002e+01
   &PREP [&Type "Double"]       6.3280599999999998e-01
   &FOCK [&Type "Double"]       2.9685278999999998e+01
   &DENS [&Type "Double"]       6.3926999999996070e-02
   &ETOT [&Type "Double"]       2.5767999999995794e-02
   &TRAFO [&Type "Double"]       1.0049900000000100e-01
   &DIIS [&Type "Double"]       3.0671300000000112e-01
   &SOSCF [&Type "Double"]       1.7763500000000043e-01
   &XC [&Type "Double"]       3.1886539999999961e+00
   &FOCKSTART [&Type "Double"]       1.1928999999997858e-02
   &INT_PREP [&Type "Double"]       1.9999999967268423e-06
   &INT_BF [&Type "Double"]       8.9104499999983933e-01
   &INT_DENS [&Type "Double"]       7.4064500000010280e-01
   &INT_DENSIO [&Type "Double"]       4.7187776416000095e+04
   &INT_FUNC [&Type "Double"]       1.0165599999997621e-01
   &INT_POT [&Type "Double"]       7.2374300000000868e-01
   &INT_POTIO [&Type "Double"]       2.3702999999966501e-02
   &INT_SUM [&Type "Double"]       8.0199999999663873e-04
   &SPLITRIJ [&Type "Double"]       3.5391389999999956e+00
   &COSX [&Type "Double"]       2.4990160000000003e+01
$End
$Single_Point_Data
   &GeometryIndex 15
   &FinalEnergy [&Type "Double"]      -1.1064941776851833e+03  "Final single point energy"
   &Converged [&Type "Boolean"] true
$End
$SCF_Nuc_Gradient
   &GeometryIndex 15
   &NAtoms [&Type "Integer"] 42
   &gradNorm [&Type "Double"]       1.6741927342374648e-03
   &grad [&Type "ArrayOfDoubles", &Dim (126,1)] 
                                                         0

0                                     -1.1780347174423361e-04
1                                     -1.5193682881044224e-04
2                                      6.1990182369714431e-05
3                                     -4.4876984360224526e-05
4                                     -1.7278198434759681e-04
5                                      1.0932115639725182e-05
6                                     -3.0303978837428400e-04
7                                      1.0716009970931223e-04
8                                     -2.3410467302767413e-04
9                                      1.4151354595743487e-04
10                                     1.8855715238513815e-04
11                                     9.3373539289898222e-05
12                                    -4.5671055900283961e-04
13                                    -2.3380337139821544e-04
14                                     4.8315127187623444e-05
15                                    -1.9179369744631858e-05
16                                    -8.4691975070660952e-05
17                                    -7.3785632887284069e-05
18                                     3.7781679518816835e-05
19                                    -1.5565916290673915e-05
20                                     6.2004878780691497e-07
21                                     9.0154945691019693e-05
22                                     3.9338516746823156e-04
23                                    -1.6739282731978444e-04
24                                    -1.1969749123203009e-04
25                                    -2.5568635245196147e-04
26                                     2.2916315443807789e-05
27                                     2.3515936255570635e-04
28                                     1.5808110425410277e-04
29                                    -1.6088654007511208e-04
30                                    -5.2874320172369149e-05
31                                     2.9634972302955420e-04
32                                     7.0014525749420922e-04
33                                     1.5590543711307969e-04
34                                     7.7131829265830731e-06
35                                    -3.5947193462577964e-04
36                                    -5.3334650182056131e-05
37                                    -1.9432826701248906e-04
38                                    -1.6929360171365204e-04
39                                     1.1022057268403329e-04
40                                    -1.0338517697232319e-04
41                                    -5.6317298996886450e-05
42                                    -7.2785371812822408e-05
43                                     8.1054448266532075e-05
44                                     5.9988790020240601e-05
45                                     7.0027261622251924e-05
46                                    -1.8662513165007555e-04
47                                     3.3527832753454945e-06
48                                     9.3946817740914179e-06
49                                     9.7426781747886326e-05
50                                     3.6440755329651686e-05
51                                    -1.6954356385035646e-05
52                                    -6.6897122308756662e-05
53                                     4.5817019376850898e-06
54                                     6.9023978583868106e-05
55                                    -1.9466131501305606e-06
56                                    -3.3004821815146856e-06
57                                    -7.9721315798420012e-05
58                                     3.6660994333734265e-05
59                                    -9.9393556505650293e-06
60                                    -5.2508591311754838e-04
61                                     1.6598060378949717e-04
62                                     1.9800800078655784e-04
63                                     7.9486876800392847e-05
64                                     1.8079127731251976e-04
65                                    -5.5823362811041610e-05
66                                     1.7252930823283275e-04
67                                     6.7592733135751759e-05
68                                    -2.0400535004066328e-04
69                                    -8.0342231129182373e-05
70                                    -1.1030441424197956e-04
71                                     1.3737407765787579e-04
72                                     1.6006257912071220e-04
73                                     1.2353169870608222e-04
74                                    -5.1586052207008848e-05
75                                     2.5276436936283453e-06
76                                     9.6991219865637246e-05
77                                     1.1867368056846239e-04
78                                    -7.0454983760442208e-06
79                                     3.7843929874686877e-05
80                                    -1.4374080452717736e-04
81                                     1.3476901553866050e-04
82                                     9.0118342969094239e-05
83                                    -8.8496734038517877e-06
84                                     1.4769788676295692e-04
85                                     1.2053458842535558e-04
86                                     7.0828926659993741e-05
87                                     2.6714464802157778e-04
88                                    -1.9144807996139546e-04
89                                     7.1156272629276096e-05
90                                     8.8233320475458732e-05
91                                    -1.1853735320954684e-04
92                                    -2.7325419863985512e-06
93                                    -3.2990524535703170e-05
94                                    -1.3398609576842357e-04
95                                     3.6506272672043316e-05
96                                    -6.7562204880133869e-06
97                                    -1.3437672422969560e-05
98                                    -1.8651589111934319e-05
99                                     3.7540487601876379e-05
100                                    2.7679189724127973e-05
101                                    1.4729089016646268e-05
102                                   -3.4520535159676680e-05
103                                   -1.4753306733172877e-05
104                                    2.7983629084897543e-05
105                                    1.9659864834847829e-05
106                                   -1.2391816064050154e-05
107                                   -2.0721509473888011e-05
108                                    5.6956507782370339e-05
109                                   -2.0531853174426962e-04
110                                   -2.3430873651301976e-05
111                                    5.3744740095978960e-06
112                                    1.3821167711786098e-05
113                                    9.3148237427786995e-06
114                                   -6.8040806380287311e-05
115                                   -1.0866370469106434e-04
116                                    1.8207351137666805e-05
117                                   -3.5993046860638422e-05
118                                    2.3176265546182018e-05
119                                    1.0365913934887866e-04
120                                    1.8542262728656403e-05
121                                   -5.2018298078715386e-05
122                                    6.9337286652426666e-05
123                                    1.8046208335238678e-05
124                                    1.1405842725442650e-04
125                                   -1.5440118607962239e-04
   &Method [&Type "String"] "SCF"
   &Level [&Type "String"] "Relaxed density"
   &Mult [&Type "Integer"] 1
   &State [&Type "Integer"] 0
   &Irrep [&Type "Integer"] 0
$End
$Geometry
   &GeometryIndex 16
   &NAtoms [&Type "Integer"] 42
   &NCorelessECP [&Type "Integer"] 0
   &NGhostAtoms [&Type "Integer"] 0
   &CartesianCoordinates [&Type "Coordinates", &Dim(42,4), &Units "Bohr"] 
              O     -5.530668788389   -7.518024896424   -1.973786087711
              C     -3.611852379033   -8.096699830983   -0.196547319199
              C     -3.787325130689   -6.481896457183    2.213670506064
              N     -3.644587762729   -3.784250794087    1.779167438571
              C     -1.487769459910   -2.423872894857    1.362077236905
              C      0.929980047733   -3.531790871762    1.779995227305
              C      3.125778142400   -2.197926695326    1.471296576064
              C      3.135595706581    0.382576598397    0.706549777408
              C      0.754791240071    1.550591471855    0.225262236056
              C     -1.558610141206    0.144820005009    0.550893989002
              C     -4.010287443381    1.340824292083    0.032070199385
              O     -6.067937984971    0.216877057494    0.289830017176
              C     -4.051457130967    4.007671812687   -0.834341666270
              C     -1.800029383972    5.376193667427   -1.142395827931
              C      0.686345559898    4.192999821029   -0.617575010496
              O      2.632164150225    5.494989431067   -0.919857205618
              C     -1.892456566525    7.897723739284   -1.957488195025
              C     -4.206197624645    9.038043152924   -2.459754454077
              C     -6.455633746792    7.670724987871   -2.152629207915
              C     -6.378653234740    5.171336214348   -1.344272562717
              N      5.361846014125    1.666138455965    0.471289144224
              C      7.877436553789    0.647490981507    0.817030804018
              C      8.898029719304   -0.787180272394   -1.501850211690
              O     11.425009521584   -1.609557167600   -1.129520528689
              H     -7.148506251401   -7.962459108242   -1.233342978636
              H     -1.825227079504   -7.719497500294   -1.169693618058
              H     -3.628604374848  -10.113562024914    0.334500743192
              H     -5.610555037296   -6.847511399249    3.137013068758
              H     -2.336403978639   -7.086377281095    3.566516662690
              H     -5.237654862578   -2.867130830832    1.203886088757
              H      1.055984138035   -5.492518494136    2.360615323142
              H      4.905532169862   -3.153037503766    1.816801449106
              H     -0.125118370618    8.911934602203   -2.179928601770
              H     -4.269591263566   10.991851526431   -3.090700928788
              H     -8.262772328297    8.564574471164   -2.546153513423
              H     -8.089919123798    4.071650196370   -1.091475975732
              H      5.145540248408    3.480554578678   -0.139761500413
              H      7.943349103344   -0.584603401340    2.489510794408
              H      9.151858415135    2.228965226969    1.211827437095
              H      7.631172106187   -2.366257905996   -1.987227945155
              H      8.941757936660    0.486703925283   -3.130090920052
              H     11.415648694052   -2.911080942254    0.161096798451
$End
$SCF_Energy
   &GeometryIndex 16
   &Method [&Type "String"] "SCF"
   &totalEnergy [&Type "ArrayOfDoubles", &Dim (1,1)] "Total energy of each state"
                                                         0

0                                     -1.1064941847176735e+03
   &Mult [&Type "ArrayOfIntegers", &Dim (1,1)] "Multiplicity of each state"
                                                         0

0                                                        1
$End
$DFT_Energy
   &GeometryIndex 16
   &nAlphaEl [&Type "Integer"] 85
   &nBetaEl [&Type "Integer"] 85
   &nTotalEl [&Type "Integer"] 171
   &finalEn [&Type "Double"]      -1.1064941847176735e+03  "No Van der Waals correction"
   &eExchange [&Type "Double"]      -1.1605678143116594e+02
   &eCorr [&Type "Double"]      -6.9497502145888665e+00
   &eXC [&Type "Double"]      -1.2300653164575481e+02
   &eCNL [&Type "Double"]       0.0000000000000000e+00
$End
$SCF_Timings
   &GeometryIndex 16
   &TOTAL [&Type "Double"]       1.0168910900000000e+02
   &PREP [&Type "Double"]       6.5966499999999995e-01
   &FOCK [&Type "Double"]       7.8357542000000009e+01
   &DENS [&Type "Double"]       9.8368399999998246e-01
   &ETOT [&Type "Double"]       1.2691419999999862e+00
   &POP [&Type "Double"]       1.0000000116860974e-06
   &TRAFO [&Type "Double"]       4.6480000000002519e-02
   &DIIS [&Type "Double"]       1.5130870000000005e+00
   &SOSCF [&Type "Double"]       7.3743190000000247e+00
   &XC [&Type "Double"]       1.4029905000000001e+01
   &FOCKSTART [&Type "Double"]       3.4770899999999827e-01
   &INT_PREP [&Type "Double"]       3.0000000030838692e-06
   &INT_BF [&Type "Double"]       2.0549610000002225e+00
   &INT_DENS [&Type "Double"]       1.4169989999999704e+00
   &INT_DENSIO [&Type "Double"]       1.9731872886200028e+05
   &INT_FUNC [&Type "Double"]       2.3280099999976400e-01
   &INT_POT [&Type "Double"]       1.3404369999997741e+00
   &INT_POTIO [&Type "Double"]       6.8698999999936561e-02
   &INT_SUM [&Type "Double"]       1.2783799999998458e-01
   &SPLITRIJ [&Type "Double"]       8.1378420000000027e+00
   &COSX [&Type "Double"]       6.1699240999999986e+01
$End
$Single_Point_Data
   &GeometryIndex 16
   &FinalEnergy [&Type "Double"]      -1.1064941847176735e+03  "Final single point energy"
   &Converged [&Type "Boolean"] true
$End
$SCF_Nuc_Gradient
   &GeometryIndex 16
   &NAtoms [&Type "Integer"] 42
   &gradNorm [&Type "Double"]       1.0406167588984897e-03
   &grad [&Type "ArrayOfDoubles", &Dim (126,1)] 
                                                         0

0                                     -1.1651110615372440e-05
1                                     -9.3012184714552637e-05
2                                     -1.0338792872405245e-05
3                                     -1.1040229126318968e-05
4                                     -9.7439789622247308e-05
5                                     -1.1332079440318221e-05
6                                     -1.7267640428827308e-04
7                                     -1.8625381704603927e-04
8                                     -1.1215718162359278e-04
9                                      1.0735052723061939e-04
10                                     1.1022636802551777e-04
11                                     9.9935270524612041e-05
12                                     1.2470749026703698e-04
13                                     4.4111757664947598e-05
14                                     1.0870691136885026e-04
15                                    -8.7359596366715087e-05
16                                    -1.5790890642707056e-04
17                                    -2.3719575311317853e-06
18                                     1.6521239118374997e-04
19                                     9.8889415876018960e-05
20                                    -4.5133806649746283e-05
21                                    -7.7727873228281008e-05
22                                     1.0890731712507457e-04
23                                     8.9491341718829151e-05
24                                    -2.3654513390695964e-05
25                                    -1.2546426519695342e-04
26                                     2.7196626084045883e-05
27                                     7.7868582755366567e-05
28                                     1.5390393598417595e-04
29                                     3.6289095670319002e-05
30                                     9.8408228645319173e-05
31                                     7.5254052463405441e-05
32                                    -3.4847287653310549e-04
33                                    -2.7064257882014608e-05
34                                     9.3385669303308605e-05
35                                     6.8057743778590640e-05
36                                    -1.2020795461097078e-04
37                                    -1.5171307338306128e-04
38                                     1.2280541106934884e-04
39                                     2.0820341098509720e-04
40                                    -3.9083734467315612e-05
41                                     4.0236159854392661e-05
42                                    -3.0527115058812115e-04
43                                     1.9034701551817745e-05
44                                    -6.3178064559660241e-05
45                                     1.1558651967680245e-04
46                                    -1.6718541440696733e-05
47                                    -2.1129179766904427e-05
48                                    -3.6486599060941982e-05
49                                     1.4085490746346130e-04
50                                    -3.0968112744694798e-05
51                                     2.3541968524172507e-05
52                                    -6.0125264826765834e-05
53                                     9.8441840388624469e-06
54                                     5.3960937426100752e-05
55                                    -5.7866705751224989e-05
56                                     1.2007960483159663e-05
57                                    -8.7723526163097088e-05
58                                     1.2140331150681249e-04
59                                    -8.5605854154985339e-06
60                                    -1.8864837108319155e-04
61                                    -2.4317754235941152e-04
62                                     1.8715464563841266e-04
63                                     1.1570676807806657e-05
64                                    -2.4303317297177940e-07
65                                    -1.3496083518613894e-04
66                                     1.7755009227476276e-04
67                                     6.5727833531594240e-05
68                                    -7.2135609175377757e-05
69                                    -9.5534223214094327e-05
70                                    -1.4687869748064575e-05
71                                     3.0826894323543463e-05
72                                    -5.1957192806206809e-06
73                                     6.2295434840473063e-05
74                                     8.4852704753946018e-06
75                                     9.6080321713709615e-06
76                                     1.3952552498072701e-05
77                                     8.1950313246315076e-05
78                                    -1.3911171052622719e-05
79                                     1.0886654639219451e-05
80                                    -1.2033653280884432e-04
81                                     2.7566484916280443e-05
82                                     4.5690830104378605e-05
83                                    -2.8498190990794425e-06
84                                     4.5902441531076033e-05
85                                     1.2991052549167492e-04
86                                     4.6409888480036798e-06
87                                    -1.2360188093532565e-04
88                                    -1.5426697704380710e-04
89                                     3.5382710495697467e-05
90                                     8.1040465827138253e-05
91                                     3.4063867933170622e-05
92                                    -4.0853154611275588e-05
93                                    -5.3515792273473028e-06
94                                    -7.9039496771127205e-05
95                                     1.1238329159127258e-05
96                                     5.3759123361807326e-06
97                                    -2.7905232001940172e-05
98                                    -7.4503661319502701e-07
99                                     2.4944513238787241e-05
100                                    1.6058071768687565e-05
101                                    1.4372278047583564e-05
102                                   -2.3631397821938238e-05
103                                   -1.4004343108081629e-05
104                                    1.2307635347576229e-05
105                                    1.6863571352415674e-05
106                                   -3.4679438215751146e-05
107                                   -4.5444160852170512e-06
108                                    1.0635252309059914e-04
109                                    1.6861307990398422e-04
110                                   -5.3308860209835829e-05
111                                   -6.1001514769457726e-06
112                                    3.3251790772084733e-05
113                                   -2.0795293482867017e-05
114                                   -2.5773352543168038e-05
115                                    1.7827531590408618e-05
116                                    4.4672515973225024e-05
117                                   -4.7194705224906652e-05
118                                   -1.8548870552914654e-05
119                                    4.4879610334544462e-05
120                                   -1.2667840640988304e-05
121                                   -1.4573755290347989e-06
122                                    3.2665738844528391e-05
123                                    2.6858946953745716e-05
124                                    9.3469415924640753e-06
125                                   -1.8975570461154945e-05
   &Method [&Type "String"] "SCF"
   &Level [&Type "String"] "Relaxed density"
   &Mult [&Type "Integer"] 1
   &State [&Type "Integer"] 0
   &Irrep [&Type "Integer"] 0
$End
$Geometry
   &GeometryIndex 17
   &NAtoms [&Type "Integer"] 42
   &NCorelessECP [&Type "Integer"] 0
   &NGhostAtoms [&Type "Integer"] 0
   &CartesianCoordinates [&Type "Coordinates", &Dim(42,4), &Units "Bohr"] 
              O     -5.516351176606   -7.525006107508   -1.979557694786
              C     -3.601494238385   -8.096855150987   -0.195797173588
              C     -3.787357195087   -6.479442983064    2.211762669323
              N     -3.645541007046   -3.782245407127    1.774524797464
              C     -1.488902389681   -2.421601665125    1.359512998163
              C      0.928335693356   -3.527874244262    1.783513305461
              C      3.124220953328   -2.194874356473    1.472978669257
              C      3.134765008317    0.383537780074    0.701475692998
              C      0.754067929979    1.552278219462    0.221350001860
              C     -1.559710343015    0.146487741740    0.547831003763
              C     -4.011752009480    1.342743440376    0.032568991783
              O     -6.069053448594    0.217891098035    0.289684321280
              C     -4.052959860682    4.010366981900   -0.832520697512
              C     -1.801686264250    5.378941599400   -1.141352300071
              C      0.685607319559    4.195235206296   -0.619496003406
              O      2.631177265772    5.497316737275   -0.922078371920
              C     -1.894677531026    7.900841976748   -1.954940887152
              C     -4.208728900775    9.041542575527   -2.455287579437
              C     -6.458002244226    7.674103471954   -2.147467404811
              C     -6.380408104254    5.174305408329   -1.340302298087
              N      5.361719502030    1.665719818925    0.462922492537
              C      7.876577615430    0.646516174075    0.812218395964
              C      8.895477283527   -0.799021114343   -1.500596042030
              O     11.422354873334   -1.620872012472   -1.124927732218
              H     -7.135194412958   -7.975136419125   -1.244563297830
              H     -1.813007456178   -7.718530876822   -1.165220406687
              H     -3.615795429510  -10.112729107412    0.339646761934
              H     -5.614372933744   -6.845863542751    3.127590360762
              H     -2.341977884239   -7.082895700658    3.570907021086
              H     -5.238191249684   -2.864924355121    1.197842402344
              H      1.052952299401   -5.486878230799    2.370270094350
              H      4.904070952260   -3.148062714719    1.822619132660
              H     -0.127410977075    8.915197436771   -2.177501310603
              H     -4.272705110265   10.995502672474   -3.085606084661
              H     -8.265239025114    8.568241450685   -2.539730228181
              H     -8.091526144458    4.074651744181   -1.086307897695
              H      5.145516063843    3.479525980575   -0.149647295116
              H      7.942543987159   -0.578265306024    2.490164826397
              H      9.152378274619    2.228932742807    1.199021872992
              H      7.628171631463   -2.379496881630   -1.979663865750
              H      8.939776954529    0.467893760870   -3.134398386052
              H     11.412331747322   -2.917197898749    0.171064403620
$End
$SCF_Energy
   &GeometryIndex 17
   &Method [&Type "String"] "SCF"
   &totalEnergy [&Type "ArrayOfDoubles", &Dim (1,1)] "Total energy of each state"
                                                         0

0                                     -1.1064941874170390e+03
   &Mult [&Type "ArrayOfIntegers", &Dim (1,1)] "Multiplicity of each state"
                                                         0

0                                                        1
$End
$DFT_Energy
   &GeometryIndex 17
   &nAlphaEl [&Type "Integer"] 85
   &nBetaEl [&Type "Integer"] 85
   &nTotalEl [&Type "Integer"] 171
   &finalEn [&Type "Double"]      -1.1064941874170390e+03  "No Van der Waals correction"
   &eExchange [&Type "Double"]      -1.1605677621875535e+02
   &eCorr [&Type "Double"]      -6.9497596615152242e+00
   &eXC [&Type "Double"]      -1.2300653588027058e+02
   &eCNL [&Type "Double"]       0.0000000000000000e+00
$End
$SCF_Timings
   &GeometryIndex 17
   &TOTAL [&Type "Double"]       8.3905864999999991e+01
   &PREP [&Type "Double"]       6.8094399999999999e-01
   &FOCK [&Type "Double"]       6.8900974000000005e+01
   &DENS [&Type "Double"]       1.3386500000000012e+00
   &ETOT [&Type "Double"]       1.2067590000000141e+00
   &TRAFO [&Type "Double"]       4.5998000000011530e-02
   &DIIS [&Type "Double"]       1.5563620000000000e+00
   &SOSCF [&Type "Double"]       8.1694169999999886e+00
   &XC [&Type "Double"]       1.2616992000000005e+01
   &FOCKSTART [&Type "Double"]       2.8808699999998999e-01
   &INT_PREP [&Type "Double"]       5.0000000033634251e-06
   &INT_BF [&Type "Double"]       1.4553090000000104e+00
   &INT_DENS [&Type "Double"]       1.1290329999998683e+00
   &INT_DENSIO [&Type "Double"]       1.6826880347100031e+05
   &INT_FUNC [&Type "Double"]       1.5513400000043909e-01
   &INT_POT [&Type "Double"]       9.6748500000023974e-01
   &INT_POTIO [&Type "Double"]       3.6889999999546674e-02
   &INT_SUM [&Type "Double"]       7.0671000000011475e-02
   &SPLITRIJ [&Type "Double"]       7.7807629999999959e+00
   &COSX [&Type "Double"]       4.8149720000000002e+01
$End
$Single_Point_Data
   &GeometryIndex 17
   &FinalEnergy [&Type "Double"]      -1.1064941874170390e+03  "Final single point energy"
   &Converged [&Type "Boolean"] true
$End
$SCF_Nuc_Gradient
   &GeometryIndex 17
   &NAtoms [&Type "Integer"] 42
   &gradNorm [&Type "Double"]       6.1024797871793890e-04
   &grad [&Type "ArrayOfDoubles", &Dim (126,1)] 
                                                         0

0                                      2.4069177917813989e-05
1                                     -6.2053482053653353e-05
2                                     -5.1239104491007659e-05
3                                      8.8111434782926767e-07
4                                      3.0475487344486241e-05
5                                      4.6408684773180386e-06
6                                     -8.6106719473233451e-06
7                                     -1.6822269485247329e-04
8                                      1.2319724265047460e-06
9                                      1.4047230622601936e-04
10                                     1.8007192271295158e-04
11                                     4.2208180519393013e-05
12                                     8.9227467331358390e-05
13                                     3.6045500456188817e-05
14                                    -3.8760940737507521e-05
15                                    -1.1481208586182345e-04
16                                    -4.6593846693351870e-05
17                                     4.8231329051393046e-05
18                                     1.0703148287923014e-04
19                                     8.3213449712848941e-05
20                                    -3.8511246794577583e-06
21                                    -6.8382957344841067e-05
22                                    -3.6056675153980922e-05
23                                    -4.6906448172739576e-05
24                                     3.5674743471844281e-05
25                                    -2.9177704497090895e-05
26                                     3.6010953877983060e-05
27                                    -2.3881199877534565e-05
28                                    -2.8513970654522880e-05
29                                     2.1554789211864281e-05
30                                     1.1175862792089930e-05
31                                    -4.8899934475682416e-06
32                                    -9.6684537647238888e-05
33                                    -5.5392609222271183e-06
34                                    -2.9914136697978266e-05
35                                     6.2163793921252153e-05
36                                    -5.4627391926694024e-05
37                                    -5.0518758223982996e-05
38                                     3.5395431054151272e-05
39                                     9.2688713353744623e-05
40                                     5.7965344546218045e-06
41                                     1.5275371535065224e-05
42                                    -1.1610228398198363e-04
43                                     1.6804506478867998e-05
44                                    -5.0171365487655661e-05
45                                     6.9682159411499356e-05
46                                    -3.9369111887177510e-06
47                                     1.5710382725603322e-05
48                                    -3.7958945895671947e-05
49                                     9.5509942868388098e-05
50                                    -2.9805831152043827e-05
51                                     2.7672298064995715e-05
52                                    -2.4147666838503223e-05
53                                     1.3983665785921584e-05
54                                     1.7760936068880739e-05
55                                    -5.0456760677122792e-05
56                                     1.9010605505492828e-05
57                                    -5.5400697077559458e-05
58                                     8.7688984567235728e-05
59                                    -2.3525757469364944e-05
60                                    -3.8218004942081052e-05
61                                    -1.3168735356159159e-04
62                                     2.0572333114922403e-04
63                                    -3.1183582707566826e-06
64                                    -4.1932607828289170e-05
65                                    -9.5376471524653839e-05
66                                     6.3683466952936529e-05
67                                     4.8930994211299206e-06
68                                     1.0947483241596778e-06
69                                    -3.4893152127513094e-05
70                                     2.6317856810564866e-05
71                                     1.2110597791548106e-06
72                                    -4.7771859739809130e-05
73                                     3.5096902639669691e-05
74                                     1.9890915512230101e-05
75                                     1.1550407004151664e-05
76                                    -1.2750316785853366e-05
77                                     8.6190314737971674e-06
78                                     1.8925191559064983e-06
79                                    -1.1243256217707831e-07
80                                    -3.3685924052916094e-05
81                                    -2.9736120268991639e-05
82                                     1.5729995659713447e-05
83                                    -5.9050579537256453e-07
84                                    -1.1131716278006687e-05
85                                     3.9188015904273454e-05
86                                    -2.9375850109869539e-05
87                                    -1.3176740299677969e-04
88                                    -6.4375799990537552e-05
89                                    -2.1961262520742153e-05
90                                     2.7955691171102637e-05
91                                     3.1476439468297590e-05
92                                    -2.3997235907555203e-05
93                                    -1.0329293871874645e-05
94                                    -1.0388981061010272e-05
95                                    -8.3498963993691722e-06
96                                     1.0907183885688898e-05
97                                    -2.7315869489230593e-05
98                                     1.6955125622240830e-05
99                                     7.6764468521488965e-06
100                                    1.8437099597867768e-06
101                                    5.1854168891737884e-06
102                                   -7.9907979474991286e-06
103                                   -8.3307043008962189e-06
104                                    3.8378535084718224e-06
105                                    1.7252213774632263e-05
106                                   -2.9761358109448022e-05
107                                    1.2616257350522853e-05
108                                    6.1206741176239587e-05
109                                    1.1612629247170769e-04
110                                   -7.0687887254047843e-05
111                                    4.2075721148338019e-06
112                                    1.6721136386052549e-05
113                                   -1.9998481241567667e-05
114                                   -9.6288365574320744e-06
115                                    4.8420629093048895e-05
116                                    3.1934219983750789e-05
117                                   -1.7793934533674727e-05
118                                    1.5187864588761535e-06
119                                    5.5665222561465666e-06
120                                   -1.3251285733007281e-05
121                                    1.4820497499651308e-05
122                                   -1.9214670041733939e-06
123                                    1.8277857430481353e-05
124                                   -2.6621577738084046e-05
125                                    1.8838132816278996e-05
   &Method [&Type "String"] "SCF"
   &Level [&Type "String"] "Relaxed density"
   &Mult [&Type "Integer"] 1
   &State [&Type "Integer"] 0
   &Irrep [&Type "Integer"] 0
$End
$Geometry
   &GeometryIndex 18
   &NAtoms [&Type "Integer"] 42
   &NCorelessECP [&Type "Integer"] 0
   &NGhostAtoms [&Type "Integer"] 0
   &CartesianCoordinates [&Type "Coordinates", &Dim(42,4), &Units "Bohr"] 
              O     -5.513706003322   -7.526146414945   -1.979999632671
              C     -3.597773842218   -8.095460634495   -0.196599510938
              C     -3.785855459044   -6.478406430179    2.210892415751
              N     -3.645367266363   -3.781430189630    1.773263438010
              C     -1.489029820449   -2.420230713518    1.358661022361
              C      0.928230538984   -3.526040484317    1.783205130056
              C      3.123942885221   -2.193534474424    1.470455014794
              C      3.134362566816    0.384048480145    0.696228259318
              C      0.753473279721    1.553332826858    0.218119791111
              C     -1.560294429744    0.147623404773    0.546374323569
              C     -4.012625297174    1.343902031480    0.032628691764
              O     -6.069683916034    0.218381926188    0.288487805673
              C     -4.054210782465    4.011991304509   -0.831259005849
              C     -1.803255705785    5.380721745520   -1.140645077199
              C      0.684597831481    4.196611740402   -0.621505627813
              O      2.629832171532    5.498737585024   -0.925532143791
              C     -1.896821541566    7.902915747203   -1.953029988181
              C     -4.211195335575    9.043883905524   -2.451675763175
              C     -6.460213891312    7.676207256237   -2.143444479369
              C     -6.381941691567    5.175953410212   -1.337488473292
              N      5.361524050924    1.664881837505    0.452128663801
              C      7.875878456069    0.646923097867    0.808523073249
              C      8.896876643680   -0.808191337327   -1.497308459350
              O     11.423459163594   -1.628435836553   -1.115713184382
              H     -7.131223058623   -7.983406014359   -1.246643585213
              H     -1.810022923417   -7.714846542065   -1.166559536056
              H     -3.609283079130  -10.111309273520    0.339311104667
              H     -5.613192341963   -6.846263123104    3.125472360526
              H     -2.341069545579   -7.081672940468    3.570816729416
              H     -5.237761305158   -2.864373188009    1.195938733115
              H      1.052536501523   -5.484450493430    2.372277163656
              H      4.904079027412   -3.146106720815    1.820197949513
              H     -0.129775210232    8.917585872898   -2.176092275744
              H     -4.275707457935   10.998076458945   -3.081169331928
              H     -8.267608825464    8.570498231381   -2.534532173931
              H     -8.092969169002    4.076251944517   -1.083107179407
              H      5.144636210037    3.478906345241   -0.158656812501
              H      7.939935383155   -0.571140003984    2.491611854267
              H      9.151743658187    2.230570723814    1.189655613578
              H      7.630355647803   -2.390677534518   -1.971600463443
              H      8.942976342892    0.452030052947   -3.136244515974
              H     11.412147558988   -2.917913636226    0.187065340423
$End
$SCF_Energy
   &GeometryIndex 18
   &Method [&Type "String"] "SCF"
   &totalEnergy [&Type "ArrayOfDoubles", &Dim (1,1)] "Total energy of each state"
                                                         0

0                                     -1.1064941879717023e+03
   &Mult [&Type "ArrayOfIntegers", &Dim (1,1)] "Multiplicity of each state"
                                                         0

0                                                        1
$End
$DFT_Energy
   &GeometryIndex 18
   &nAlphaEl [&Type "Integer"] 85
   &nBetaEl [&Type "Integer"] 85
   &nTotalEl [&Type "Integer"] 171
   &finalEn [&Type "Double"]      -1.1064941879717023e+03  "No Van der Waals correction"
   &eExchange [&Type "Double"]      -1.1605693323454571e+02
   &eCorr [&Type "Double"]      -6.9497769119702717e+00
   &eXC [&Type "Double"]      -1.2300671014651599e+02
   &eCNL [&Type "Double"]       0.0000000000000000e+00
$End
$SCF_Timings
   &GeometryIndex 18
   &TOTAL [&Type "Double"]       5.3089489999999998e+01
   &PREP [&Type "Double"]       1.9092760000000000e+00
   &FOCK [&Type "Double"]       4.7170042000000002e+01
   &DENS [&Type "Double"]       2.0288200000000245e-01
   &ETOT [&Type "Double"]       6.2092599999999987e-01
   &POP [&Type "Double"]       1.0000000045806701e-06
   &TRAFO [&Type "Double"]       4.1424999999996714e-02
   &DIIS [&Type "Double"]       6.0027999999999970e-02
   &SOSCF [&Type "Double"]       3.1432829999999994e+00
   &XC [&Type "Double"]       7.0917800000000062e+00
   &FOCKSTART [&Type "Double"]       1.4977999999987057e-02
   &INT_PREP [&Type "Double"]       5.0000000113570309e-06
   &INT_BF [&Type "Double"]       1.1944190000000798e+00
   &INT_DENS [&Type "Double"]       9.6794100000000327e-01
   &INT_DENSIO [&Type "Double"]       8.9693314042000158e+04
   &INT_FUNC [&Type "Double"]       1.6231499999992582e-01
   &INT_POT [&Type "Double"]       7.5792899999986130e-01
   &INT_POTIO [&Type "Double"]       3.7434000000008183e-02
   &INT_SUM [&Type "Double"]       3.0381999999984366e-02
   &SPLITRIJ [&Type "Double"]       4.7707150000000063e+00
   &COSX [&Type "Double"]       3.5685492999999994e+01
$End
$Single_Point_Data
   &GeometryIndex 18
   &FinalEnergy [&Type "Double"]      -1.1064941879717023e+03  "Final single point energy"
   &Converged [&Type "Boolean"] true
$End
$SCF_Nuc_Gradient
   &GeometryIndex 18
   &NAtoms [&Type "Integer"] 42
   &gradNorm [&Type "Double"]       3.4602327182523457e-04
   &grad [&Type "ArrayOfDoubles", &Dim (126,1)] 
                                                         0

0                                      1.8342787474069644e-05
1                                     -3.7460129797606267e-05
2                                     -3.2518594637320763e-05
3                                     -5.8771765893209094e-06
4                                      9.6055057715892234e-05
5                                      8.5581973038317827e-06
6                                      2.2832576219083273e-05
7                                     -9.8474722190083214e-05
8                                      2.3303237997526760e-05
9                                      5.1263006278702561e-05
10                                     1.1172968679355744e-04
11                                    -2.4638355953440771e-05
12                                     9.7118817035370120e-05
13                                     3.0354433511611822e-05
14                                    -2.9164310668162996e-06
15                                    -8.6197758382589029e-05
16                                     1.2496643430226495e-05
17                                     1.3962043019510872e-05
18                                     3.8394564361041161e-05
19                                     3.8811866679550749e-05
20                                    -8.1696082848831120e-06
21                                    -5.4944279153319731e-05
22                                    -8.0465164366612385e-05
23                                    -9.3715151961732551e-06
24                                     5.6728781516073024e-05
25                                     3.6013713747173881e-05
26                                     6.5566317921234019e-06
27                                    -6.2418115170798094e-05
28                                    -6.9208726950507893e-05
29                                    -9.5714097426286004e-06
30                                    -1.6739620394667920e-05
31                                    -3.4632066460982269e-06
32                                     2.5164800825976108e-05
33                                    -4.2650869503946254e-06
34                                    -3.1144473472022316e-05
35                                     9.5227439095360578e-06
36                                     7.9152877567600921e-07
37                                    -6.4216132681094162e-06
38                                     3.0762965169545131e-06
39                                     2.4921644814379640e-05
40                                     6.7461906133811644e-06
41                                     3.4569021504747555e-06
42                                    -3.2893643408304918e-05
43                                     3.8217821889952042e-06
44                                    -1.9347688093397652e-05
45                                     1.7010225927704958e-05
46                                     1.4214665951750582e-05
47                                     1.4319676305954432e-05
48                                    -3.1222458274457465e-05
49                                     3.2888385379487017e-05
50                                    -1.5434193772055627e-05
51                                     9.5195226253001752e-06
52                                     9.5573126690506882e-08
53                                     1.0473494816518047e-05
54                                    -1.9616617834006256e-06
55                                    -1.5482232456169587e-05
56                                     1.2296580183028538e-05
57                                    -1.7379835456868276e-05
58                                     3.6521609671255617e-05
59                                    -2.2883683709121888e-05
60                                     2.5964674780568076e-05
61                                     7.9527265279474846e-06
62                                     9.0146439860754740e-05
63                                     1.5069775813326275e-05
64                                    -2.0083391521565769e-05
65                                    -4.4165206527169154e-05
66                                     6.0734224087144462e-06
67                                    -8.8576196668084528e-06
68                                     3.9318849070678341e-05
69                                    -9.7976755610296173e-06
70                                     2.0875770580353059e-05
71                                    -6.2894485218789598e-06
72                                    -1.7690729209429712e-05
73                                     2.1651662858113152e-05
74                                     1.2854114260371641e-05
75                                     1.1845011498368141e-05
76                                    -1.5490911813284547e-05
77                                    -2.6906125560166583e-05
78                                     4.0948714781652990e-06
79                                    -1.3347971958982408e-05
80                                     9.1889009621870521e-06
81                                    -2.6406258815475647e-05
82                                    -2.7475049002925744e-06
83                                    -3.5186555173427614e-06
84                                    -1.4226432658998034e-05
85                                    -1.1324025013817463e-05
86                                    -2.8521355618177369e-05
87                                    -3.9492735237789400e-05
88                                    -4.8526104321072738e-05
89                                    -1.7364046054277327e-05
90                                     1.4381654875397776e-06
91                                    -1.2652493138753940e-06
92                                    -3.7068202214732282e-06
93                                    -3.0196829540196646e-06
94                                     1.3115416022516091e-05
95                                    -1.0153440073240594e-05
96                                     1.1834570128044231e-05
97                                    -1.5832468209631134e-05
98                                     1.8725285704623840e-05
99                                    -5.8378325325791902e-06
100                                   -4.3001584167923212e-06
101                                    2.1657080553141861e-06
102                                    2.7600063681465503e-06
103                                   -2.2176035591181531e-08
104                                   -1.5635609162262254e-07
105                                    1.0967114968341019e-05
106                                   -1.7909512720487575e-05
107                                    1.4263658444015059e-05
108                                    1.4744304747914966e-05
109                                   -7.9159163924036324e-06
110                                   -3.2215972787089098e-05
111                                    3.4583762830624545e-06
112                                   -5.1572661820542542e-06
113                                   -4.7881113639514084e-06
114                                   -6.6091874352525171e-06
115                                    2.7053712702229671e-05
116                                    1.2582105732961146e-05
117                                   -2.5675047416184871e-06
118                                    2.5223529804552225e-06
119                                   -1.2653678931183465e-05
120                                   -7.3674917277534446e-06
121                                    1.2568922255262738e-05
122                                   -1.1400669966799004e-05
123                                    1.7415263401966696e-06
124                                   -1.0589540701266831e-05
125                                    1.6755566047271797e-05
   &Method [&Type "String"] "SCF"
   &Level [&Type "String"] "Relaxed density"
   &Mult [&Type "Integer"] 1
   &State [&Type "Integer"] 0
   &Irrep [&Type "Integer"] 0
$End
$Geometry
   &GeometryIndex 19
   &NAtoms [&Type "Integer"] 42
   &NCorelessECP [&Type "Integer"] 0
   &NGhostAtoms [&Type "Integer"] 0
   &CartesianCoordinates [&Type "Coordinates", &Dim(42,4), &Units "Bohr"] 
              O     -5.512622938027   -7.528721854997   -1.979044613921
              C     -3.596338525489   -8.095990377316   -0.195350399845
              C     -3.785608765461   -6.477584601544    2.211211806251
              N     -3.645696145921   -3.781031173508    1.772003107372
              C     -1.489475250243   -2.419843262320    1.356548984202
              C      0.927992282189   -3.525559612052    1.780725147423
              C      3.123607042368   -2.193326227715    1.466727828896
              C      3.134001223366    0.383986293779    0.691316938978
              C      0.752942370143    1.553493864596    0.214587270755
              C     -1.560780074584    0.148017606392    0.544033321450
              C     -4.013220584587    1.344498772781    0.031093261405
              O     -6.070218556754    0.218910833521    0.286510003468
              C     -4.054987799992    4.013082018524   -0.831313660923
              C     -1.804161429218    5.381828864988   -1.140778887455
              C      0.683945142899    4.197134311136   -0.623805354125
              O      2.629020426214    5.499170804987   -0.928646902071
              C     -1.897907478429    7.904527581499   -1.951443014773
              C     -4.212445526908    9.046065670011   -2.448216437236
              C     -6.461400630440    7.678333044636   -2.139955010220
              C     -6.382869024739    5.177462137232   -1.335775362375
              N      5.361185650333    1.664073380152    0.444260052069
              C      7.875181565882    0.647322830679    0.806514870324
              C      8.899375110475   -0.812796018506   -1.494783693088
              O     11.425709850413   -1.631670456007   -1.108265474296
              H     -7.129397898050   -7.990789783237   -1.247204620470
              H     -1.808908218040   -7.714389925916   -1.165426925221
              H     -3.606373411671  -10.111549331758    0.341533411789
              H     -5.612898904799   -6.845640212422    3.125643517669
              H     -2.340984187937   -7.079775520028    3.571881717431
              H     -5.238048213629   -2.864114303934    1.194570227715
              H      1.052276827504   -5.483698506987    2.370725934989
              H      4.903862648168   -3.145804724628    1.816230686693
              H     -0.130980561351    8.919328384780   -2.174866426537
              H     -4.277132063129   11.000731267990   -3.076240718265
              H     -8.268906291107    8.573049691702   -2.529564976111
              H     -8.093943371748    4.077792389425   -1.081599352023
              H      5.144056827345    3.478803921300   -0.164021817711
              H      7.937131588686   -0.567025664270    2.492454520696
              H      9.150579101034    2.231770543037    1.185502830527
              H      7.633909708301   -2.396638610878   -1.967208389897
              H      8.947365066871    0.443737727262   -3.136431516586
              H     11.413163438959   -2.917171829080    0.198375371457
$End
$SCF_Mulliken_Population_Analysis
   &GeometryIndex 19
   &NAtoms [&Type "Integer"] 42
   &ATNO [&Type "ArrayOfIntegers", &Dim (42,1)] 
                                                         0

0                                                        8
1                                                        6
2                                                        6
3                                                        7
4                                                        6
5                                                        6
6                                                        6
7                                                        6
8                                                        6
9                                                        6
10                                                       6
11                                                       8
12                                                       6
13                                                       6
14                                                       6
15                                                       8
16                                                       6
17                                                       6
18                                                       6
19                                                       6
20                                                       7
21                                                       6
22                                                       6
23                                                       8
24                                                       1
25                                                       1
26                                                       1
27                                                       1
28                                                       1
29                                                       1
30                                                       1
31                                                       1
32                                                       1
33                                                       1
34                                                       1
35                                                       1
36                                                       1
37                                                       1
38                                                       1
39                                                       1
40                                                       1
41                                                       1
   &AtomicCharges [&Type "ArrayOfDoubles", &Dim (42,1)] 
                                                         0

0                                     -6.1321599598461418e-01
1                                     -1.0609187755301619e-02
2                                     -1.6970836572547565e-01
3                                     -6.2167735527540913e-01
4                                      3.0025830965277045e-01
5                                     -1.7928454421328777e-01
6                                     -1.7763343338049431e-01
7                                      3.0500987153435677e-01
8                                     -1.9729938031549210e-02
9                                     -1.9478470274759907e-02
10                                     3.0112874944533097e-01
11                                    -5.0051677417878615e-01
12                                     5.4351392511815533e-02
13                                     5.4222227908320875e-02
14                                     2.9903929185603584e-01
15                                    -5.0375212850723194e-01
16                                    -1.7283853761389079e-01
17                                    -1.2456584611996924e-01
18                                    -1.2464077611258606e-01
19                                    -1.7236270447510371e-01
20                                    -6.4739413634955945e-01
21                                    -1.5925623375707154e-01
22                                    -2.1002375432357390e-02
23                                    -6.1908789494112249e-01
24                                     3.9399322569547202e-01
25                                     1.5312151414318242e-01
26                                     1.1815663621770578e-01
27                                     1.4514388302470804e-01
28                                     1.4515529336110566e-01
29                                     3.7690559267462742e-01
30                                     1.3334989429060662e-01
31                                     1.2853784691039893e-01
32                                     1.5921029914689899e-01
33                                     1.3531238426082937e-01
34                                     1.3519726554568923e-01
35                                     1.5908983037162183e-01
36                                     3.7851363985500719e-01
37                                     1.3339712103371781e-01
38                                     1.6718307286629730e-01
39                                     1.2826748321342341e-01
40                                     1.5736475552044138e-01
41                                     3.9484511708836501e-01
   &Method [&Type "String"] "SCF"
   &Level [&Type "String"] "Relaxed density"
   &Mult [&Type "Integer"] 1
   &State [&Type "Integer"] -1
   &Irrep [&Type "Integer"] 0
$End
$SCF_Loewdin_Population_Analysis
   &GeometryIndex 19
   &NAtoms [&Type "Integer"] 42
   &ATNO [&Type "ArrayOfIntegers", &Dim (42,1)] 
                                                         0

0                                                        8
1                                                        6
2                                                        6
3                                                        7
4                                                        6
5                                                        6
6                                                        6
7                                                        6
8                                                        6
9                                                        6
10                                                       6
11                                                       8
12                                                       6
13                                                       6
14                                                       6
15                                                       8
16                                                       6
17                                                       6
18                                                       6
19                                                       6
20                                                       7
21                                                       6
22                                                       6
23                                                       8
24                                                       1
25                                                       1
26                                                       1
27                                                       1
28                                                       1
29                                                       1
30                                                       1
31                                                       1
32                                                       1
33                                                       1
34                                                       1
35                                                       1
36                                                       1
37                                                       1
38                                                       1
39                                                       1
40                                                       1
41                                                       1
   &AtomicCharges [&Type "ArrayOfDoubles", &Dim (42,1)] 
                                                         0

0                                     -4.0516616088583746e-01
1                                     -1.1642277257721645e-01
2                                     -1.8377001293599182e-01
3                                     -2.0397427732526818e-01
4                                      5.1160543976417117e-02
5                                     -1.3619241043900931e-01
6                                     -1.3713537460918523e-01
7                                      5.0145237437781987e-02
8                                     -8.4687892733668946e-02
9                                     -8.2450146306040750e-02
10                                     1.1682144030091113e-01
11                                    -2.6637184975346173e-01
12                                    -3.7507642762712123e-02
13                                    -3.8013598463772169e-02
14                                     1.1608326985285355e-01
15                                    -2.7060875123497219e-01
16                                    -1.0043885924192697e-01
17                                    -1.1756510475203630e-01
18                                    -1.1748714771791313e-01
19                                    -1.0019245268307220e-01
20                                    -2.0640351367864618e-01
21                                    -1.8285268770068619e-01
22                                    -1.1732742804552831e-01
23                                    -4.0707321448528511e-01
24                                     3.0979398189612861e-01
25                                     1.2711880455593683e-01
26                                     1.0368030783188809e-01
27                                     1.2718786745440003e-01
28                                     1.2494028318675510e-01
29                                     2.7342836175472274e-01
30                                     1.3556497278141943e-01
31                                     1.3433344159873217e-01
32                                     1.4945553350791174e-01
33                                     1.3463701487186475e-01
34                                     1.3458720126237811e-01
35                                     1.4945743791677168e-01
36                                     2.7450709305518239e-01
37                                     1.1466692635603648e-01
38                                     1.3897037072667318e-01
39                                     1.0573887817533112e-01
40                                     1.2954140875614562e-01
41                                     3.0982092107621706e-01
   &Method [&Type "String"] "SCF"
   &Level [&Type "String"] "Relaxed density"
   &Mult [&Type "Integer"] 1
   &State [&Type "Integer"] -1
   &Irrep [&Type "Integer"] 0
$End
$SCF_Mayer_Population_Analysis
   &GeometryIndex 19
   &NAtoms [&Type "Integer"] 42 "Total number of atoms"
   &NBondOrdersPrint [&Type "Integer"] 46 "The number of bond orders larger than threshold"
   &bondThresh [&Type "Double"]       1.0000000000000001e-01  "The threshold for printing"
   &components [&Type "ArrayOfIntegers", &Dim (46,4)] "The indices and atomic numbers of the bonding atoms"
                                                         0                           1                           2                           3

0                                                        0                           8                           1                           6
1                                                        0                           8                          24                           1
2                                                        1                           6                           2                           6
3                                                        1                           6                          25                           1
4                                                        1                           6                          26                           1
5                                                        2                           6                           3                           7
6                                                        2                           6                          27                           1
7                                                        2                           6                          28                           1
8                                                        3                           7                           4                           6
9                                                        3                           7                          29                           1
10                                                       4                           6                           5                           6
11                                                       4                           6                           9                           6
12                                                       5                           6                           6                           6
13                                                       5                           6                          30                           1
14                                                       6                           6                           7                           6
15                                                       6                           6                          31                           1
16                                                       7                           6                           8                           6
17                                                       7                           6                          20                           7
18                                                       8                           6                           9                           6
19                                                       8                           6                          14                           6
20                                                       9                           6                          10                           6
21                                                      10                           6                          11                           8
22                                                      10                           6                          12                           6
23                                                      11                           8                          29                           1
24                                                      12                           6                          13                           6
25                                                      12                           6                          19                           6
26                                                      13                           6                          14                           6
27                                                      13                           6                          16                           6
28                                                      14                           6                          15                           8
29                                                      15                           8                          36                           1
30                                                      16                           6                          17                           6
31                                                      16                           6                          32                           1
32                                                      17                           6                          18                           6
33                                                      17                           6                          33                           1
34                                                      18                           6                          19                           6
35                                                      18                           6                          34                           1
36                                                      19                           6                          35                           1
37                                                      20                           7                          21                           6
38                                                      20                           7                          36                           1
39                                                      21                           6                          22                           6
40                                                      21                           6                          37                           1
41                                                      21                           6                          38                           1
42                                                      22                           6                          23                           8
43                                                      22                           6                          39                           1
44                                                      22                           6                          40                           1
45                                                      23                           8                          41                           1
   &BondOrders [&Type "ArrayOfDoubles", &Dim (46,1)] "The bond orders"
                                                         0

0                                      9.8500296859043268e-01
1                                      7.8801976830444431e-01
2                                      9.6032184453013203e-01
3                                      9.3445659887636334e-01
4                                      9.2514692285932187e-01
5                                      9.9179430673314106e-01
6                                      9.3992973615070130e-01
7                                      9.1728824131075504e-01
8                                      1.1310165153112535e+00
9                                      7.1012733883779788e-01
10                                     1.2425156965684159e+00
11                                     1.2997918745810795e+00
12                                     1.5637466705214715e+00
13                                     9.1351031839278107e-01
14                                     1.2443236481879154e+00
15                                     9.1335963921300645e-01
16                                     1.2963168775022900e+00
17                                     1.1254455811338226e+00
18                                     1.2533541764854423e+00
19                                     1.0462829460468634e+00
20                                     1.0427407232979387e+00
21                                     1.6627430953149194e+00
22                                     1.0030984105450493e+00
23                                     1.3472689899561749e-01
24                                     1.3700951764670006e+00
25                                     1.3789626629997040e+00
26                                     1.0038481072365870e+00
27                                     1.3780446906181063e+00
28                                     1.6576641980304143e+00
29                                     1.3873003154046637e-01
30                                     1.4339834087212577e+00
31                                     9.0644523407029154e-01
32                                     1.3996917940259079e+00
33                                     9.3127764624961618e-01
34                                     1.4337242751045114e+00
35                                     9.3129046842681118e-01
36                                     9.0630082028127457e-01
37                                     9.5494513688828575e-01
38                                     7.1163742136650954e-01
39                                     9.6162906989861452e-01
40                                     9.2679607175151046e-01
41                                     9.3548687694313026e-01
42                                     9.6178637192724836e-01
43                                     9.3023462913811938e-01
44                                     9.3761806368774070e-01
45                                     7.8918567960938046e-01
   &ATNO [&Type "ArrayOfIntegers", &Dim (42,1)] "Atomic number of the elements"
                                                         0

0                                                        8
1                                                        6
2                                                        6
3                                                        7
4                                                        6
5                                                        6
6                                                        6
7                                                        6
8                                                        6
9                                                        6
10                                                       6
11                                                       8
12                                                       6
13                                                       6
14                                                       6
15                                                       8
16                                                       6
17                                                       6
18                                                       6
19                                                       6
20                                                       7
21                                                       6
22                                                       6
23                                                       8
24                                                       1
25                                                       1
26                                                       1
27                                                       1
28                                                       1
29                                                       1
30                                                       1
31                                                       1
32                                                       1
33                                                       1
34                                                       1
35                                                       1
36                                                       1
37                                                       1
38                                                       1
39                                                       1
40                                                       1
41                                                       1
   &NA [&Type "ArrayOfDoubles", &Dim (42,1)] "Mulliken gross atomic population"
                                                         0

0                                      8.6132159959846177e+00
1                                      6.0106091877552981e+00
2                                      6.1697083657254748e+00
3                                      7.6216773552754127e+00
4                                      5.6997416903472313e+00
5                                      6.1792845442132887e+00
6                                      6.1776334333804961e+00
7                                      5.6949901284656432e+00
8                                      6.0197299380315474e+00
9                                      6.0194784702747546e+00
10                                     5.6988712505546690e+00
11                                     8.5005167741787826e+00
12                                     5.9456486074881827e+00
13                                     5.9457777720916791e+00
14                                     5.7009607081439650e+00
15                                     8.5037521285072284e+00
16                                     6.1728385376138899e+00
17                                     6.1245658461199657e+00
18                                     6.1246407761125869e+00
19                                     6.1723627044751028e+00
20                                     7.6473941363495648e+00
21                                     6.1592562337570698e+00
22                                     6.0210023754323538e+00
23                                     8.6190878949411207e+00
24                                     6.0600677430452810e-01
25                                     8.4687848585681746e-01
26                                     8.8184336378229422e-01
27                                     8.5485611697529185e-01
28                                     8.5484470663889467e-01
29                                     6.2309440732537236e-01
30                                     8.6665010570939294e-01
31                                     8.7146215308960129e-01
32                                     8.4078970085310112e-01
33                                     8.6468761573917052e-01
34                                     8.6480273445431077e-01
35                                     8.4091016962837828e-01
36                                     6.2148636014499270e-01
37                                     8.6660287896628230e-01
38                                     8.3281692713370248e-01
39                                     8.7173251678657659e-01
40                                     8.4263524447955884e-01
41                                     6.0515488291163499e-01
   &ZA [&Type "ArrayOfDoubles", &Dim (42,1)] "Total nuclear charge"
                                                         0

0                                      8.0000000000000000e+00
1                                      6.0000000000000000e+00
2                                      6.0000000000000000e+00
3                                      7.0000000000000000e+00
4                                      6.0000000000000000e+00
5                                      6.0000000000000000e+00
6                                      6.0000000000000000e+00
7                                      6.0000000000000000e+00
8                                      6.0000000000000000e+00
9                                      6.0000000000000000e+00
10                                     6.0000000000000000e+00
11                                     8.0000000000000000e+00
12                                     6.0000000000000000e+00
13                                     6.0000000000000000e+00
14                                     6.0000000000000000e+00
15                                     8.0000000000000000e+00
16                                     6.0000000000000000e+00
17                                     6.0000000000000000e+00
18                                     6.0000000000000000e+00
19                                     6.0000000000000000e+00
20                                     7.0000000000000000e+00
21                                     6.0000000000000000e+00
22                                     6.0000000000000000e+00
23                                     8.0000000000000000e+00
24                                     1.0000000000000000e+00
25                                     1.0000000000000000e+00
26                                     1.0000000000000000e+00
27                                     1.0000000000000000e+00
28                                     1.0000000000000000e+00
29                                     1.0000000000000000e+00
30                                     1.0000000000000000e+00
31                                     1.0000000000000000e+00
32                                     1.0000000000000000e+00
33                                     1.0000000000000000e+00
34                                     1.0000000000000000e+00
35                                     1.0000000000000000e+00
36                                     1.0000000000000000e+00
37                                     1.0000000000000000e+00
38                                     1.0000000000000000e+00
39                                     1.0000000000000000e+00
40                                     1.0000000000000000e+00
41                                     1.0000000000000000e+00
   &QA [&Type "ArrayOfDoubles", &Dim (42,1)] "Mulliken gross atomic charge"
                                                         0

0                                     -6.1321599598461773e-01
1                                     -1.0609187755298066e-02
2                                     -1.6970836572547476e-01
3                                     -6.2167735527541268e-01
4                                      3.0025830965276867e-01
5                                     -1.7928454421328865e-01
6                                     -1.7763343338049609e-01
7                                      3.0500987153435677e-01
8                                     -1.9729938031547434e-02
9                                     -1.9478470274754578e-02
10                                     3.0112874944533097e-01
11                                    -5.0051677417878260e-01
12                                     5.4351392511817309e-02
13                                     5.4222227908320875e-02
14                                     2.9903929185603495e-01
15                                    -5.0375212850722839e-01
16                                    -1.7283853761388990e-01
17                                    -1.2456584611996568e-01
18                                    -1.2464077611258695e-01
19                                    -1.7236270447510282e-01
20                                    -6.4739413634956477e-01
21                                    -1.5925623375706977e-01
22                                    -2.1002375432353837e-02
23                                    -6.1908789494112071e-01
24                                     3.9399322569547190e-01
25                                     1.5312151414318254e-01
26                                     1.1815663621770578e-01
27                                     1.4514388302470815e-01
28                                     1.4515529336110533e-01
29                                     3.7690559267462764e-01
30                                     1.3334989429060706e-01
31                                     1.2853784691039871e-01
32                                     1.5921029914689888e-01
33                                     1.3531238426082948e-01
34                                     1.3519726554568923e-01
35                                     1.5908983037162172e-01
36                                     3.7851363985500730e-01
37                                     1.3339712103371770e-01
38                                     1.6718307286629752e-01
39                                     1.2826748321342341e-01
40                                     1.5736475552044116e-01
41                                     3.9484511708836501e-01
   &VA [&Type "ArrayOfDoubles", &Dim (42,1)] "Mayer's total valence"
                                                         0

0                                      1.8163103021235969e+00
1                                      3.7956345282167385e+00
2                                      3.8497322886190735e+00
3                                      2.9907706563233467e+00
4                                      3.8520053017386680e+00
5                                      3.9124680668772034e+00
6                                      3.9144383929530226e+00
7                                      3.8459552163348807e+00
8                                      3.8083156018229665e+00
9                                      3.8098531442580672e+00
10                                     3.8482164247924744e+00
11                                     2.0567016627636989e+00
12                                     3.9006242933337649e+00
13                                     3.8997362222753491e+00
14                                     3.8481334763979671e+00
15                                     2.0550319730626714e+00
16                                     3.8894663078253133e+00
17                                     3.8957235489454698e+00
18                                     3.8954863038843692e+00
19                                     3.8899611674277552e+00
20                                     2.9687615693859501e+00
21                                     3.8266804502096301e+00
22                                     3.7911280654567565e+00
23                                     1.8083288568549998e+00
24                                     8.0729491836190947e-01
25                                     9.3546740657982097e-01
26                                     9.2970117185349488e-01
27                                     9.3502613933902956e-01
28                                     9.3410385019517073e-01
29                                     8.7268771374831267e-01
30                                     9.4196915474741094e-01
31                                     9.4434046513939851e-01
32                                     9.4724090282578155e-01
33                                     9.3748203666022134e-01
34                                     9.3750485732985211e-01
35                                     9.4737846163337280e-01
36                                     8.6934459482278581e-01
37                                     9.3816344600780965e-01
38                                     9.3192352545834112e-01
39                                     9.3204931122118273e-01
40                                     9.3300978454725181e-01
41                                     8.0538946367687747e-01
   &BVA [&Type "ArrayOfDoubles", &Dim (42,1)] "Mayer's bonded valence"
                                                         0

0                                      1.8163103021235756e+00
1                                      3.7956345282167741e+00
2                                      3.8497322886190632e+00
3                                      2.9907706563233010e+00
4                                      3.8520053017387861e+00
5                                      3.9124680668773038e+00
6                                      3.9144383929530076e+00
7                                      3.8459552163347936e+00
8                                      3.8083156018229745e+00
9                                      3.8098531442581400e+00
10                                     3.8482164247924602e+00
11                                     2.0567016627636949e+00
12                                     3.9006242933337636e+00
13                                     3.8997362222752168e+00
14                                     3.8481334763979431e+00
15                                     2.0550319730626807e+00
16                                     3.8894663078252885e+00
17                                     3.8957235489454400e+00
18                                     3.8954863038843612e+00
19                                     3.8899611674277579e+00
20                                     2.9687615693858893e+00
21                                     3.8266804502096141e+00
22                                     3.7911280654566908e+00
23                                     1.8083288568549367e+00
24                                     8.0729491836190748e-01
25                                     9.3546740657981986e-01
26                                     9.2970117185348955e-01
27                                     9.3502613933902379e-01
28                                     9.3410385019516795e-01
29                                     8.7268771374831811e-01
30                                     9.4196915474740783e-01
31                                     9.4434046513938785e-01
32                                     9.4724090282578288e-01
33                                     9.3748203666021490e-01
34                                     9.3750485732985456e-01
35                                     9.4737846163337380e-01
36                                     8.6934459482278537e-01
37                                     9.3816344600781909e-01
38                                     9.3192352545833590e-01
39                                     9.3204931122118206e-01
40                                     9.3300978454724381e-01
41                                     8.0538946367687581e-01
   &FA [&Type "ArrayOfDoubles", &Dim (42,1)] "Mayer's free valence"
                                                         0

0                                      0.0000000000000000e+00
1                                      0.0000000000000000e+00
2                                      0.0000000000000000e+00
3                                      0.0000000000000000e+00
4                                      0.0000000000000000e+00
5                                      0.0000000000000000e+00
6                                      0.0000000000000000e+00
7                                      0.0000000000000000e+00
8                                      0.0000000000000000e+00
9                                      0.0000000000000000e+00
10                                     0.0000000000000000e+00
11                                     0.0000000000000000e+00
12                                     0.0000000000000000e+00
13                                     0.0000000000000000e+00
14                                     0.0000000000000000e+00
15                                     0.0000000000000000e+00
16                                     0.0000000000000000e+00
17                                     0.0000000000000000e+00
18                                     0.0000000000000000e+00
19                                     0.0000000000000000e+00
20                                     0.0000000000000000e+00
21                                     0.0000000000000000e+00
22                                     0.0000000000000000e+00
23                                     0.0000000000000000e+00
24                                     0.0000000000000000e+00
25                                     0.0000000000000000e+00
26                                     0.0000000000000000e+00
27                                     0.0000000000000000e+00
28                                     0.0000000000000000e+00
29                                     0.0000000000000000e+00
30                                     0.0000000000000000e+00
31                                     0.0000000000000000e+00
32                                     0.0000000000000000e+00
33                                     0.0000000000000000e+00
34                                     0.0000000000000000e+00
35                                     0.0000000000000000e+00
36                                     0.0000000000000000e+00
37                                     0.0000000000000000e+00
38                                     0.0000000000000000e+00
39                                     0.0000000000000000e+00
40                                     0.0000000000000000e+00
41                                     0.0000000000000000e+00
   &Method [&Type "String"] "SCF"
   &Level [&Type "String"] "Relaxed density"
   &Mult [&Type "Integer"] 1
   &State [&Type "Integer"] -1
   &Irrep [&Type "Integer"] 0
$End
$SCF_Energy
   &GeometryIndex 19
   &Method [&Type "String"] "SCF"
   &totalEnergy [&Type "ArrayOfDoubles", &Dim (1,1)] "Total energy of each state"
                                                         0

0                                     -1.1064941888144697e+03
   &Mult [&Type "ArrayOfIntegers", &Dim (1,1)] "Multiplicity of each state"
                                                         0

0                                                        1
$End
$DFT_Energy
   &GeometryIndex 19
   &nAlphaEl [&Type "Integer"] 86
   &nBetaEl [&Type "Integer"] 86
   &nTotalEl [&Type "Integer"] 171
   &finalEn [&Type "Double"]      -1.1064941888144697e+03  "No Van der Waals correction"
   &eExchange [&Type "Double"]      -1.1605701628526208e+02
   &eCorr [&Type "Double"]      -6.9497840060086959e+00
   &eXC [&Type "Double"]      -1.2300680029127078e+02
   &eCNL [&Type "Double"]       0.0000000000000000e+00
$End
$SCF_Timings
   &GeometryIndex 19
   &TOTAL [&Type "Double"]       3.0815704000000000e+01
   &PREP [&Type "Double"]       6.6143299999999994e-01
   &FOCK [&Type "Double"]       2.8848414999999999e+01
   &DENS [&Type "Double"]       5.5483999999996314e-02
   &ETOT [&Type "Double"]       2.8206000000002618e-02
   &POP [&Type "Double"]       1.0161099999999834e-01
   &TRAFO [&Type "Double"]       4.0337999999998431e-02
   &DIIS [&Type "Double"]       6.8243999999999971e-02
   &SOSCF [&Type "Double"]       2.9429599999999745e-01
   &XC [&Type "Double"]       2.9036759999999955e+00
   &FOCKSTART [&Type "Double"]       1.0566000000002296e-02
   &INT_PREP [&Type "Double"]       4.0000000041118255e-06
   &INT_BF [&Type "Double"]       8.1274400000008473e-01
   &INT_DENS [&Type "Double"]       6.7429600000002043e-01
   &INT_DENSIO [&Type "Double"]       5.1347396003000118e+04
   &INT_FUNC [&Type "Double"]       9.2099000000064102e-02
   &INT_POT [&Type "Double"]       5.4273999999998779e-01
   &INT_POTIO [&Type "Double"]       2.2697999999950369e-02
   &INT_SUM [&Type "Double"]       6.4100000000344437e-04
   &SPLITRIJ [&Type "Double"]       3.1045260000000057e+00
   &COSX [&Type "Double"]       2.4042799999999996e+01
$End
$Single_Point_Data
   &GeometryIndex 19
   &FinalEnergy [&Type "Double"]      -1.1064941888144697e+03  "Final single point energy"
   &Converged [&Type "Boolean"] true
$End
$SCF_Dipole_Moment
   &GeometryIndex 19
   &dipoleMagnitude [&Type "Double", &Units "a.u."]       1.6691958707550671e+00
   &dipoleElecContrib [&Type "ArrayOfDoubles", &Dim (3,1)] "Electronic contribution"
                                                         0

0                                     -7.4751634180598927e+00
1                                      1.2884477359242709e+01
2                                     -6.8104061389794956e-01
   &dipoleNucContrib [&Type "ArrayOfDoubles", &Dim (3,1)] "Nuclear contribution"
                                                         0

0                                      7.3893046706409358e+00
1                                     -1.4234217577663607e+01
2                                      1.6593271124322599e+00
   &dipoleTotal [&Type "ArrayOfDoubles", &Dim (3,1)] "Total"
                                                         0

0                                     -8.5858747418956938e-02
1                                     -1.3497402184208980e+00
2                                      9.7828649853431038e-01
   &doAtomicDipole [&Type "Boolean"] false
   &Method [&Type "String"] "SCF"
   &Level [&Type "String"] "Relaxed density"
   &Mult [&Type "Integer"] 1
   &State [&Type "Integer"] -1
   &Irrep [&Type "Integer"] 0
$End
$Calculation_Info
   &GeometryIndex 19
   &Mult [&Type "Integer"] 1
   &Charge [&Type "Integer"] 0
   &NumOfAtoms [&Type "Integer"] 42
   &NumOfElectrons [&Type "Integer"] 172
   &NumOfBasisFuncts [&Type "Integer"] 372
   &NumOfAuxCBasisFuncts [&Type "Integer"] 0
   &NumOfAuxJBasisFuncts [&Type "Integer"] 1374
   &NumOfAuxJKBasisFuncts [&Type "Integer"] 0
   &NumOfCABSBasisFuncts [&Type "Integer"] 0
$End
$Calculation_Timings
   &GeometryIndex 19
   &GTOINT [&Type "Double"]       1.2515622600000039e+02
   &SCF [&Type "Double"]       9.2126066100000003e+02
   &SCFGRAD [&Type "Double"]       4.2791507200000018e+02
   &GSTEP [&Type "Double"]       3.0707799999961582e-01
   &PROP [&Type "Double"]       1.5803450000000794e+00
   &SUM [&Type "Double"]       1.4762193820000002e+03
$End
