*************************************************
******************* ORCA 6.1.1 ******************
*************************************************
$Calculation_Status
   &GeometryIndex 33
   &version [&Type "String"] "6.1.1"
   &progName [&Type "String"] "LeanSCF"
   &Status [&Type "String"] "NORMAL TERMINATION"
$End
$Geometry
   &GeometryIndex 1
   &NAtoms [&Type "Integer"] 52
   &NCorelessECP [&Type "Integer"] 0
   &NGhostAtoms [&Type "Integer"] 0
   &CartesianCoordinates [&Type "Coordinates", &Dim(52,4), &Units "Bohr"] 
              C     13.777361034542    1.067493442914    2.127448957253
              C     11.346601395191   -0.012117982217    1.149935202151
              O     11.387495560058   -2.167645775382    0.132484844208
              N      8.988991032477    1.349008496215    1.373596119786
              C      6.721849721055    0.346664873548    0.244455728575
              C      6.670785069033   -0.277121402245   -2.332629335956
              C      4.468498213664   -1.232076494932   -3.433550673577
              C      2.274513265351   -1.569603333198   -1.984731283825
              C      2.330050029859   -0.954177734945    0.603044188213
              C      4.532502028395    0.002544856390    1.701924338150
              N      0.027939015075   -2.542478642121   -3.175779235464
              C     -2.362341821213   -2.755053689261   -1.910834620502
              C     -3.285803512940   -5.171969421722   -1.421643502782
              C     -5.554748152217   -5.532126013901   -0.129537192692
              C     -6.908860628645   -3.420490284937    0.782054807934
              C     -5.942789921174   -0.941927906535    0.380589237105
              C     -3.749518042121   -0.605418005490   -1.122250279652
              C     -2.997246943222    1.998554422624   -1.902176046534
              O     -1.323542962574    2.323756070203   -3.567315429295
              C     -4.292629225846    4.229919136523   -0.830602458129
              C     -3.535498733988    6.690383437665   -1.503059140728
              C     -4.765289813031    8.791822903609   -0.486650815570
              C     -6.757924139417    8.464381212467    1.206294262088
              C     -7.526679999684    6.034379504473    1.889091866242
              C     -6.304732323446    3.899156686337    0.875556094883
              C     -7.099936507224    1.321482820937    1.609405463126
              O     -8.661000451481    1.064992503760    3.391501942734
              N     -9.306283325808   -3.790622552404    1.998131407429
              S     -6.674911229354   -8.656659901730    0.283717226753
              O     -6.582686074464   -9.335805458952    3.040112243625
              O     -9.343597461206   -8.844860524202   -0.671630154182
              O     -4.864805720318  -10.699097903684   -1.347061851530
              C      8.823946603824    3.624684963591    2.948421314312
              H     13.612661707675    1.456264835131    4.181763396630
              H     14.224347027684    2.844089723431    1.106808930569
              H     15.355707866000   -0.284670196746    1.831601408371
              H      8.332798655796    0.000051891880   -3.493264621011
              H      4.465715497445   -1.691730853027   -5.427399035621
              H      0.683548581319   -1.220339273633    1.784687199651
              H      4.540328518151    0.454363030434    3.697383540545
              H      0.198632307574   -3.407357670963   -4.943567332395
              H     -2.206594693961   -6.785248558862   -2.067388207279
              H     -1.990526431370    6.992279640854   -2.810305124020
              H     -4.171251832805   10.677224588246   -1.012226417915
              H     -7.708695435136   10.096041413354    1.992152446222
              H     -9.079775384574    5.827651496759    3.205202309164
              H     -9.696501813606   -5.410753817607    3.049910587013
              H    -10.804497038653   -2.549470987865    1.675581990480
              H     -5.600245935611  -12.384394730554   -0.996336353362
              H      8.989764932021    3.098079195940    4.972475493518
              H     10.349059264274    4.973022077905    2.444626827667
              H      6.995818266423    4.614925873027    2.651592733005
$End
$SCF_Mulliken_Population_Analysis
   &GeometryIndex 1
   &NAtoms [&Type "Integer"] 52
   &ATNO [&Type "ArrayOfIntegers", &Dim (52,1)] 
                                                         0

0                                                        6
1                                                        6
2                                                        8
3                                                        7
4                                                        6
5                                                        6
6                                                        6
7                                                        6
8                                                        6
9                                                        6
10                                                       7
11                                                       6
12                                                       6
13                                                       6
14                                                       6
15                                                       6
16                                                       6
17                                                       6
18                                                       8
19                                                       6
20                                                       6
21                                                       6
22                                                       6
23                                                       6
24                                                       6
25                                                       6
26                                                       8
27                                                       7
28                                                      16
29                                                       8
30                                                       8
31                                                       8
32                                                       6
33                                                       1
34                                                       1
35                                                       1
36                                                       1
37                                                       1
38                                                       1
39                                                       1
40                                                       1
41                                                       1
42                                                       1
43                                                       1
44                                                       1
45                                                       1
46                                                       1
47                                                       1
48                                                       1
49                                                       1
50                                                       1
51                                                       1
   &AtomicCharges [&Type "ArrayOfDoubles", &Dim (52,1)] 
                                                         0

0                                     -5.3259414081269973e-01
1                                      5.3068716500028756e-01
2                                     -4.7141996401512110e-01
3                                     -4.9488728347350897e-01
4                                      2.8027919982742233e-01
5                                     -1.2012943992813163e-01
6                                     -1.9940602881745484e-01
7                                      3.7745028844426898e-01
8                                     -1.9847244107769146e-01
9                                     -1.6173267981958528e-01
10                                    -7.2791206660225427e-01
11                                     2.4971954337994884e-01
12                                    -1.8881595697810294e-01
13                                    -1.7046251092693598e-01
14                                     3.0063236469996379e-01
15                                     9.3820018777712733e-04
16                                     2.6508306487264655e-02
17                                     2.9152556553914977e-01
18                                    -4.2059482488412314e-01
19                                     6.2834736659956647e-02
20                                    -1.7006976786391448e-01
21                                    -1.1895545038693989e-01
22                                    -1.1824277240140191e-01
23                                    -1.7077028473458800e-01
24                                     6.2053483761798311e-02
25                                     2.7918877292110889e-01
26                                    -4.3650672183103545e-01
27                                    -7.9140387037105686e-01
28                                     1.1954443301343769e+00
29                                    -5.2825790352471991e-01
30                                    -5.2458798134903972e-01
31                                    -6.5789633123440261e-01
32                                    -3.1833539462949645e-01
33                                     1.6443356073767534e-01
34                                     1.6676540756417391e-01
35                                     1.9318855834444371e-01
36                                     1.4111537791501538e-01
37                                     1.2467958350111430e-01
38                                     1.2925920623936449e-01
39                                     1.2964767520853782e-01
40                                     3.2714239919300847e-01
41                                     1.8727342611179099e-01
42                                     1.6808068229585471e-01
43                                     1.4593394448459573e-01
44                                     1.4626820971606347e-01
45                                     1.6633409958998580e-01
46                                     3.6870883931084064e-01
47                                     3.5235607558026882e-01
48                                     4.6534902247497723e-01
49                                     1.5573255484483872e-01
50                                     1.5899474754062060e-01
51                                     1.7292848796586380e-01
   &Method [&Type "String"] "SCF"
   &Level [&Type "String"] "Relaxed density"
   &Mult [&Type "Integer"] 1
   &State [&Type "Integer"] -1
   &Irrep [&Type "Integer"] 0
$End
$SCF_Loewdin_Population_Analysis
   &GeometryIndex 1
   &NAtoms [&Type "Integer"] 52
   &ATNO [&Type "ArrayOfIntegers", &Dim (52,1)] 
                                                         0

0                                                        6
1                                                        6
2                                                        8
3                                                        7
4                                                        6
5                                                        6
6                                                        6
7                                                        6
8                                                        6
9                                                        6
10                                                       7
11                                                       6
12                                                       6
13                                                       6
14                                                       6
15                                                       6
16                                                       6
17                                                       6
18                                                       8
19                                                       6
20                                                       6
21                                                       6
22                                                       6
23                                                       6
24                                                       6
25                                                       6
26                                                       8
27                                                       7
28                                                      16
29                                                       8
30                                                       8
31                                                       8
32                                                       6
33                                                       1
34                                                       1
35                                                       1
36                                                       1
37                                                       1
38                                                       1
39                                                       1
40                                                       1
41                                                       1
42                                                       1
43                                                       1
44                                                       1
45                                                       1
46                                                       1
47                                                       1
48                                                       1
49                                                       1
50                                                       1
51                                                       1
   &AtomicCharges [&Type "ArrayOfDoubles", &Dim (52,1)] 
                                                         0

0                                     -3.7822415630368056e-01
1                                      1.4067370592252892e-01
2                                     -2.8800272124945714e-01
3                                     -9.9627859931509022e-02
4                                      1.5725358131470912e-02
5                                     -1.0561989958294138e-01
6                                     -1.5125030905304993e-01
7                                      5.0531157483644229e-02
8                                     -1.6503555998619746e-01
9                                     -1.3176256213855009e-01
10                                    -2.1501093392603643e-01
11                                     2.8540280725470879e-02
12                                    -1.0108826968089968e-01
13                                    -1.8809872708077791e-01
14                                     8.6966862281078861e-02
15                                    -6.1447697084880737e-02
16                                    -2.5805679804495441e-02
17                                     1.2908558635933698e-01
18                                    -2.0409472160437936e-01
19                                    -3.8611673568271776e-02
20                                    -9.0815932536626676e-02
21                                    -1.1127891108620158e-01
22                                    -1.1134671486403747e-01
23                                    -9.1872929615274046e-02
24                                    -3.9494435550468943e-02
25                                     1.2825886345745463e-01
26                                    -2.2661898453059948e-01
27                                    -3.8059676394350550e-01
28                                     1.2795676291321350e+00
29                                    -5.6893080927544482e-01
30                                    -5.6337422994139530e-01
31                                    -5.2623361513661315e-01
32                                    -2.7139750493430981e-01
33                                     1.4151656001380086e-01
34                                     1.4256534742284255e-01
35                                     1.5620065931410299e-01
36                                     1.4263751746747644e-01
37                                     1.3135007172965152e-01
38                                     1.3393876712444464e-01
39                                     1.3418274785977546e-01
40                                     2.5765228658898942e-01
41                                     1.6269850732317837e-01
42                                     1.5358808221177367e-01
43                                     1.3992581444392416e-01
44                                     1.4013157000556720e-01
45                                     1.5268788252258569e-01
46                                     2.7047900924302259e-01
47                                     2.6597515990908271e-01
48                                     3.6111646553885934e-01
49                                     1.2063590967940829e-01
50                                     1.2827901810685161e-01
51                                     1.4073078241125292e-01
   &Method [&Type "String"] "SCF"
   &Level [&Type "String"] "Relaxed density"
   &Mult [&Type "Integer"] 1
   &State [&Type "Integer"] -1
   &Irrep [&Type "Integer"] 0
$End
$SCF_Mayer_Population_Analysis
   &GeometryIndex 1
   &NAtoms [&Type "Integer"] 52 "Total number of atoms"
   &NBondOrdersPrint [&Type "Integer"] 55 "The number of bond orders larger than threshold"
   &bondThresh [&Type "Double"]       1.0000000000000001e-01  "The threshold for printing"
   &components [&Type "ArrayOfIntegers", &Dim (55,4)] "The indices and atomic numbers of the bonding atoms"
                                                         0                           1                           2                           3

0                                                        0                           6                           1                           6
1                                                        0                           6                          33                           1
2                                                        0                           6                          34                           1
3                                                        0                           6                          35                           1
4                                                        1                           6                           2                           8
5                                                        1                           6                           3                           7
6                                                        3                           7                           4                           6
7                                                        3                           7                          32                           6
8                                                        4                           6                           5                           6
9                                                        4                           6                           9                           6
10                                                       5                           6                           6                           6
11                                                       5                           6                          36                           1
12                                                       6                           6                           7                           6
13                                                       6                           6                          37                           1
14                                                       7                           6                           8                           6
15                                                       7                           6                          10                           7
16                                                       8                           6                           9                           6
17                                                       8                           6                          38                           1
18                                                       9                           6                          39                           1
19                                                      10                           7                          11                           6
20                                                      10                           7                          40                           1
21                                                      11                           6                          12                           6
22                                                      11                           6                          16                           6
23                                                      12                           6                          13                           6
24                                                      12                           6                          41                           1
25                                                      13                           6                          14                           6
26                                                      13                           6                          28                          16
27                                                      14                           6                          15                           6
28                                                      14                           6                          27                           7
29                                                      15                           6                          16                           6
30                                                      15                           6                          25                           6
31                                                      16                           6                          17                           6
32                                                      17                           6                          18                           8
33                                                      17                           6                          19                           6
34                                                      19                           6                          20                           6
35                                                      19                           6                          24                           6
36                                                      20                           6                          21                           6
37                                                      20                           6                          42                           1
38                                                      21                           6                          22                           6
39                                                      21                           6                          43                           1
40                                                      22                           6                          23                           6
41                                                      22                           6                          44                           1
42                                                      23                           6                          24                           6
43                                                      23                           6                          45                           1
44                                                      24                           6                          25                           6
45                                                      25                           6                          26                           8
46                                                      27                           7                          46                           1
47                                                      27                           7                          47                           1
48                                                      28                          16                          29                           8
49                                                      28                          16                          30                           8
50                                                      28                          16                          31                           8
51                                                      31                           8                          48                           1
52                                                      32                           6                          49                           1
53                                                      32                           6                          50                           1
54                                                      32                           6                          51                           1
   &BondOrders [&Type "ArrayOfDoubles", &Dim (55,1)] "The bond orders"
                                                         0

0                                      9.8711947761259400e-01
1                                      9.2886980671862873e-01
2                                      9.2946939854085486e-01
3                                      9.3864835351984111e-01
4                                      1.8489309886739287e+00
5                                      1.0501950261780979e+00
6                                      8.6638009305092489e-01
7                                      9.5200686966601078e-01
8                                      1.4198540011453309e+00
9                                      1.4186468952037954e+00
10                                     1.4559378977892425e+00
11                                     9.1903495034451732e-01
12                                     1.3762538567913607e+00
13                                     9.2345870444701816e-01
14                                     1.3979937987666515e+00
15                                     9.1941491700736722e-01
16                                     1.4384463469814783e+00
17                                     9.1473086125978909e-01
18                                     9.2212197358175407e-01
19                                     9.4220036845966182e-01
20                                     8.3345541591278893e-01
21                                     1.3829199155456240e+00
22                                     1.3516534130532500e+00
23                                     1.3632858018138536e+00
24                                     9.0347284327676691e-01
25                                     1.2942283823508252e+00
26                                     8.1808989713168168e-01
27                                     1.2962837487861711e+00
28                                     1.0854638360738065e+00
29                                     1.3155305867970180e+00
30                                     9.5760974222724027e-01
31                                     9.4722820184152534e-01
32                                     1.8344836123262740e+00
33                                     9.8738543370098608e-01
34                                     1.3794591384452737e+00
35                                     1.3566309496545808e+00
36                                     1.4281178496209168e+00
37                                     9.0946482335529633e-01
38                                     1.4110988885672500e+00
39                                     9.2906559686993129e-01
40                                     1.4284948277429499e+00
41                                     9.2895734980138389e-01
42                                     1.3795323584325350e+00
43                                     9.1046066259040537e-01
44                                     9.8233661747195211e-01
45                                     1.8241571176611209e+00
46                                     8.0164367866136699e-01
47                                     8.1773581094079606e-01
48                                     1.6575443995162025e+00
49                                     1.6610849756967370e+00
50                                     8.7908176522537773e-01
51                                     7.3039309178820411e-01
52                                     9.3659341427146492e-01
53                                     9.3584943926841591e-01
54                                     9.3949289440707728e-01
   &ATNO [&Type "ArrayOfIntegers", &Dim (52,1)] "Atomic number of the elements"
                                                         0

0                                                        6
1                                                        6
2                                                        8
3                                                        7
4                                                        6
5                                                        6
6                                                        6
7                                                        6
8                                                        6
9                                                        6
10                                                       7
11                                                       6
12                                                       6
13                                                       6
14                                                       6
15                                                       6
16                                                       6
17                                                       6
18                                                       8
19                                                       6
20                                                       6
21                                                       6
22                                                       6
23                                                       6
24                                                       6
25                                                       6
26                                                       8
27                                                       7
28                                                      16
29                                                       8
30                                                       8
31                                                       8
32                                                       6
33                                                       1
34                                                       1
35                                                       1
36                                                       1
37                                                       1
38                                                       1
39                                                       1
40                                                       1
41                                                       1
42                                                       1
43                                                       1
44                                                       1
45                                                       1
46                                                       1
47                                                       1
48                                                       1
49                                                       1
50                                                       1
51                                                       1
   &NA [&Type "ArrayOfDoubles", &Dim (52,1)] "Mulliken gross atomic population"
                                                         0

0                                      6.5325941408127024e+00
1                                      5.4693128349997133e+00
2                                      8.4714199640151246e+00
3                                      7.4948872834735099e+00
4                                      5.7197208001725777e+00
5                                      6.1201294399281325e+00
6                                      6.1994060288174584e+00
7                                      5.6225497115557266e+00
8                                      6.1984724410776950e+00
9                                      6.1617326798195835e+00
10                                     7.7279120666022552e+00
11                                     5.7502804566200503e+00
12                                     6.1888159569781012e+00
13                                     6.1704625109269333e+00
14                                     5.6993676353000362e+00
15                                     5.9990617998122264e+00
16                                     5.9734916935127336e+00
17                                     5.7084744344608511e+00
18                                     8.4205948248841267e+00
19                                     5.9371652633400380e+00
20                                     6.1700697678639145e+00
21                                     6.1189554503869399e+00
22                                     6.1182427724013984e+00
23                                     6.1707702847345880e+00
24                                     5.9379465162382008e+00
25                                     5.7208112270788964e+00
26                                     8.4365067218310408e+00
27                                     7.7914038703710604e+00
28                                     1.4804555669865625e+01
29                                     8.5282579035247199e+00
30                                     8.5245879813490433e+00
31                                     8.6578963312344044e+00
32                                     6.3183353946294964e+00
33                                     8.3556643926232432e-01
34                                     8.3323459243582598e-01
35                                     8.0681144165555652e-01
36                                     8.5888462208498395e-01
37                                     8.7532041649888559e-01
38                                     8.7074079376063540e-01
39                                     8.7035232479146196e-01
40                                     6.7285760080699175e-01
41                                     8.1272657388820890e-01
42                                     8.3191931770414529e-01
43                                     8.5406605551540415e-01
44                                     8.5373179028393653e-01
45                                     8.3366590041001420e-01
46                                     6.3129116068915958e-01
47                                     6.4764392441973107e-01
48                                     5.3465097752502266e-01
49                                     8.4426744515516128e-01
50                                     8.4100525245937963e-01
51                                     8.2707151203413620e-01
   &ZA [&Type "ArrayOfDoubles", &Dim (52,1)] "Total nuclear charge"
                                                         0

0                                      6.0000000000000000e+00
1                                      6.0000000000000000e+00
2                                      8.0000000000000000e+00
3                                      7.0000000000000000e+00
4                                      6.0000000000000000e+00
5                                      6.0000000000000000e+00
6                                      6.0000000000000000e+00
7                                      6.0000000000000000e+00
8                                      6.0000000000000000e+00
9                                      6.0000000000000000e+00
10                                     7.0000000000000000e+00
11                                     6.0000000000000000e+00
12                                     6.0000000000000000e+00
13                                     6.0000000000000000e+00
14                                     6.0000000000000000e+00
15                                     6.0000000000000000e+00
16                                     6.0000000000000000e+00
17                                     6.0000000000000000e+00
18                                     8.0000000000000000e+00
19                                     6.0000000000000000e+00
20                                     6.0000000000000000e+00
21                                     6.0000000000000000e+00
22                                     6.0000000000000000e+00
23                                     6.0000000000000000e+00
24                                     6.0000000000000000e+00
25                                     6.0000000000000000e+00
26                                     8.0000000000000000e+00
27                                     7.0000000000000000e+00
28                                     1.6000000000000000e+01
29                                     8.0000000000000000e+00
30                                     8.0000000000000000e+00
31                                     8.0000000000000000e+00
32                                     6.0000000000000000e+00
33                                     1.0000000000000000e+00
34                                     1.0000000000000000e+00
35                                     1.0000000000000000e+00
36                                     1.0000000000000000e+00
37                                     1.0000000000000000e+00
38                                     1.0000000000000000e+00
39                                     1.0000000000000000e+00
40                                     1.0000000000000000e+00
41                                     1.0000000000000000e+00
42                                     1.0000000000000000e+00
43                                     1.0000000000000000e+00
44                                     1.0000000000000000e+00
45                                     1.0000000000000000e+00
46                                     1.0000000000000000e+00
47                                     1.0000000000000000e+00
48                                     1.0000000000000000e+00
49                                     1.0000000000000000e+00
50                                     1.0000000000000000e+00
51                                     1.0000000000000000e+00
   &QA [&Type "ArrayOfDoubles", &Dim (52,1)] "Mulliken gross atomic charge"
                                                         0

0                                     -5.3259414081270240e-01
1                                      5.3068716500028668e-01
2                                     -4.7141996401512465e-01
3                                     -4.9488728347350985e-01
4                                      2.8027919982742233e-01
5                                     -1.2012943992813252e-01
6                                     -1.9940602881745839e-01
7                                      3.7745028844427342e-01
8                                     -1.9847244107769502e-01
9                                     -1.6173267981958350e-01
10                                    -7.2791206660225516e-01
11                                     2.4971954337994973e-01
12                                    -1.8881595697810116e-01
13                                    -1.7046251092693332e-01
14                                     3.0063236469996379e-01
15                                     9.3820018777357461e-04
16                                     2.6508306487266431e-02
17                                     2.9152556553914888e-01
18                                    -4.2059482488412669e-01
19                                     6.2834736659961976e-02
20                                    -1.7006976786391448e-01
21                                    -1.1895545038693989e-01
22                                    -1.1824277240139835e-01
23                                    -1.7077028473458800e-01
24                                     6.2053483761799200e-02
25                                     2.7918877292110356e-01
26                                    -4.3650672183104078e-01
27                                    -7.9140387037106041e-01
28                                     1.1954443301343751e+00
29                                    -5.2825790352471991e-01
30                                    -5.2458798134904328e-01
31                                    -6.5789633123440439e-01
32                                    -3.1833539462949645e-01
33                                     1.6443356073767568e-01
34                                     1.6676540756417402e-01
35                                     1.9318855834444348e-01
36                                     1.4111537791501605e-01
37                                     1.2467958350111441e-01
38                                     1.2925920623936460e-01
39                                     1.2964767520853804e-01
40                                     3.2714239919300825e-01
41                                     1.8727342611179110e-01
42                                     1.6808068229585471e-01
43                                     1.4593394448459585e-01
44                                     1.4626820971606347e-01
45                                     1.6633409958998580e-01
46                                     3.6870883931084042e-01
47                                     3.5235607558026893e-01
48                                     4.6534902247497734e-01
49                                     1.5573255484483872e-01
50                                     1.5899474754062037e-01
51                                     1.7292848796586380e-01
   &VA [&Type "ArrayOfDoubles", &Dim (52,1)] "Mayer's total valence"
                                                         0

0                                      3.7890374406696212e+00
1                                      3.9306621767837808e+00
2                                      2.0511228112469109e+00
3                                      2.9828893018321381e+00
4                                      3.9026893485338068e+00
5                                      3.9531038880504825e+00
6                                      3.9214983636128644e+00
7                                      3.8664109299167322e+00
8                                      3.9217747613453628e+00
9                                      3.9329337386966094e+00
10                                     2.8765767972535761e+00
11                                     3.8743673720476730e+00
12                                     3.9014393681962889e+00
13                                     3.7197766508847154e+00
14                                     3.8980079766834601e+00
15                                     3.7537589748152929e+00
16                                     3.8197289779898136e+00
17                                     3.8681219390703192e+00
18                                     2.0759712141795972e+00
19                                     3.8643832563094480e+00
20                                     3.8935642018777727e+00
21                                     3.8991388799100366e+00
22                                     3.8999808501551003e+00
23                                     3.8966536910285621e+00
24                                     3.8570141422154567e+00
25                                     3.8776699504506378e+00
26                                     2.0690635456229867e+00
27                                     2.8828970895401862e+00
28                                     5.1319534093670072e+00
29                                     1.9004316860261299e+00
30                                     1.9032701979116591e+00
31                                     1.7900315760024710e+00
32                                     3.8102961568459532e+00
33                                     9.3190532865858500e-01
34                                     9.3127096360517547e-01
35                                     9.3728201752011864e-01
36                                     9.4222705065567514e-01
37                                     9.3880258956433138e-01
38                                     9.4387166490328300e-01
39                                     9.3892088660087192e-01
40                                     8.6470944370353864e-01
41                                     9.3653076696320303e-01
42                                     9.4348830954561902e-01
43                                     9.3490354184616709e-01
44                                     9.3481745662088567e-01
45                                     9.4352627313017456e-01
46                                     8.5189560037038481e-01
47                                     8.6004782545623004e-01
48                                     7.6404095241599534e-01
49                                     9.2498548587375407e-01
50                                     9.3174143582281133e-01
51                                     9.3991950478375830e-01
   &BVA [&Type "ArrayOfDoubles", &Dim (52,1)] "Mayer's bonded valence"
                                                         0

0                                      3.7890374406695972e+00
1                                      3.9306621767837480e+00
2                                      2.0511228112468807e+00
3                                      2.9828893018321416e+00
4                                      3.9026893485338370e+00
5                                      3.9531038880504967e+00
6                                      3.9214983636128657e+00
7                                      3.8664109299167944e+00
8                                      3.9217747613453948e+00
9                                      3.9329337386966161e+00
10                                     2.8765767972535894e+00
11                                     3.8743673720477543e+00
12                                     3.9014393681963355e+00
13                                     3.7197766508847669e+00
14                                     3.8980079766835205e+00
15                                     3.7537589748153195e+00
16                                     3.8197289779898580e+00
17                                     3.8681219390702855e+00
18                                     2.0759712141795283e+00
19                                     3.8643832563093508e+00
20                                     3.8935642018777141e+00
21                                     3.8991388799100255e+00
22                                     3.8999808501550310e+00
23                                     3.8966536910285514e+00
24                                     3.8570141422152968e+00
25                                     3.8776699504506165e+00
26                                     2.0690635456229636e+00
27                                     2.8828970895400889e+00
28                                     5.1319534093670498e+00
29                                     1.9004316860261241e+00
30                                     1.9032701979116595e+00
31                                     1.7900315760024235e+00
32                                     3.8102961568459150e+00
33                                     9.3190532865858744e-01
34                                     9.3127096360517059e-01
35                                     9.3728201752013185e-01
36                                     9.4222705065566625e-01
37                                     9.3880258956433105e-01
38                                     9.4387166490329510e-01
39                                     9.3892088660087403e-01
40                                     8.6470944370353919e-01
41                                     9.3653076696320037e-01
42                                     9.4348830954561858e-01
43                                     9.3490354184617863e-01
44                                     9.3481745662087379e-01
45                                     9.4352627313018067e-01
46                                     8.5189560037038259e-01
47                                     8.6004782545622549e-01
48                                     7.6404095241599201e-01
49                                     9.2498548587375629e-01
50                                     9.3174143582280367e-01
51                                     9.3991950478375363e-01
   &FA [&Type "ArrayOfDoubles", &Dim (52,1)] "Mayer's free valence"
                                                         0

0                                      0.0000000000000000e+00
1                                      0.0000000000000000e+00
2                                      0.0000000000000000e+00
3                                      0.0000000000000000e+00
4                                      0.0000000000000000e+00
5                                      0.0000000000000000e+00
6                                      0.0000000000000000e+00
7                                      0.0000000000000000e+00
8                                      0.0000000000000000e+00
9                                      0.0000000000000000e+00
10                                     0.0000000000000000e+00
11                                     0.0000000000000000e+00
12                                     0.0000000000000000e+00
13                                     0.0000000000000000e+00
14                                     0.0000000000000000e+00
15                                     0.0000000000000000e+00
16                                     0.0000000000000000e+00
17                                     0.0000000000000000e+00
18                                     0.0000000000000000e+00
19                                     0.0000000000000000e+00
20                                     0.0000000000000000e+00
21                                     0.0000000000000000e+00
22                                     0.0000000000000000e+00
23                                     0.0000000000000000e+00
24                                     0.0000000000000000e+00
25                                     0.0000000000000000e+00
26                                     0.0000000000000000e+00
27                                     0.0000000000000000e+00
28                                     0.0000000000000000e+00
29                                     0.0000000000000000e+00
30                                     0.0000000000000000e+00
31                                     0.0000000000000000e+00
32                                     0.0000000000000000e+00
33                                     0.0000000000000000e+00
34                                     0.0000000000000000e+00
35                                     0.0000000000000000e+00
36                                     0.0000000000000000e+00
37                                     0.0000000000000000e+00
38                                     0.0000000000000000e+00
39                                     0.0000000000000000e+00
40                                     0.0000000000000000e+00
41                                     0.0000000000000000e+00
42                                     0.0000000000000000e+00
43                                     0.0000000000000000e+00
44                                     0.0000000000000000e+00
45                                     0.0000000000000000e+00
46                                     0.0000000000000000e+00
47                                     0.0000000000000000e+00
48                                     0.0000000000000000e+00
49                                     0.0000000000000000e+00
50                                     0.0000000000000000e+00
51                                     0.0000000000000000e+00
   &Method [&Type "String"] "SCF"
   &Level [&Type "String"] "Relaxed density"
   &Mult [&Type "Integer"] 1
   &State [&Type "Integer"] -1
   &Irrep [&Type "Integer"] 0
$End
$SCF_Energy
   &GeometryIndex 1
   &Method [&Type "String"] "SCF"
   &totalEnergy [&Type "ArrayOfDoubles", &Dim (1,1)] "Total energy of each state"
                                                         0

0                                     -1.9006341956978461e+03
   &Mult [&Type "ArrayOfIntegers", &Dim (1,1)] "Multiplicity of each state"
                                                         0

0                                                        1
$End
$DFT_Energy
   &GeometryIndex 1
   &nAlphaEl [&Type "Integer"] 121
   &nBetaEl [&Type "Integer"] 121
   &nTotalEl [&Type "Integer"] 242
   &finalEn [&Type "Double"]      -1.9006341956978461e+03  "No Van der Waals correction"
   &eExchange [&Type "Double"]      -1.7501947080911259e+02
   &eCorr [&Type "Double"]      -9.9697025350104731e+00
   &eXC [&Type "Double"]      -1.8498917334412306e+02
   &eCNL [&Type "Double"]       0.0000000000000000e+00
$End
$SCF_Timings
   &GeometryIndex 1
   &TOTAL [&Type "Double"]       5.5271132000000001e+01
   &PREP [&Type "Double"]       7.0566600000000002e-01
   &FOCK [&Type "Double"]       5.1222697000000004e+01
   &DENS [&Type "Double"]       1.6817299999998880e-01
   &ETOT [&Type "Double"]       5.8340999999995979e-02
   &POP [&Type "Double"]       6.9718999999999198e-02
   &TRAFO [&Type "Double"]       1.6030600000000028e-01
   &DIIS [&Type "Double"]       6.7543700000000140e-01
   &SOSCF [&Type "Double"]       4.5695700000000183e-01
   &XC [&Type "Double"]       5.4898380000000007e+00
   &FOCKSTART [&Type "Double"]       2.2591000000005690e-02
   &INT_PREP [&Type "Double"]       7.0000000036429810e-06
   &INT_BF [&Type "Double"]       1.4840740000002102e+00
   &INT_DENS [&Type "Double"]       1.5039479999997729e+00
   &INT_DENSIO [&Type "Double"]       1.7461859657000034e+05
   &INT_FUNC [&Type "Double"]       1.4678699999991895e-01
   &INT_POT [&Type "Double"]       1.4326249999998701e+00
   &INT_POTIO [&Type "Double"]       4.2447000000080948e-02
   &INT_SUM [&Type "Double"]       1.1549999999962424e-03
   &SPLITRIJ [&Type "Double"]       7.4782620000000080e+00
   &COSX [&Type "Double"]       4.0324758000000003e+01
$End
$Single_Point_Data
   &GeometryIndex 1
   &FinalEnergy [&Type "Double"]      -1.9006341956978461e+03  "Final single point energy"
   &Converged [&Type "Boolean"] true
$End
$SCF_Nuc_Gradient
   &GeometryIndex 1
   &NAtoms [&Type "Integer"] 52
   &gradNorm [&Type "Double"]       2.1485732630536955e-01
   &grad [&Type "ArrayOfDoubles", &Dim (156,1)] 
                                                         0

0                                     -6.3522055227439901e-03
1                                     -1.3691990252309114e-02
2                                     -8.9591143816684492e-03
3                                      3.4642410349375277e-02
4                                      5.2980186565367071e-02
5                                      2.7934300321413308e-02
6                                      4.5555964633509985e-03
7                                     -4.7570943721243653e-02
8                                     -1.8320878014709163e-02
9                                     -2.9540118625437990e-02
10                                     8.8468532819263868e-03
11                                     5.8753101073475630e-03
12                                    -7.8281012152531526e-03
13                                     2.5333618772332978e-04
14                                    -3.9939445173331201e-03
15                                     7.7195815549430391e-03
16                                     2.1819640814353409e-03
17                                    -1.1199962743760061e-03
18                                    -5.0012335925194058e-03
19                                    -3.1609406907035717e-03
20                                    -6.0687914991523068e-03
21                                     2.3279026389913152e-02
22                                     8.5765020444378420e-03
23                                     1.1340064922914964e-02
24                                    -4.1728794237316930e-03
25                                    -2.2128887380288842e-03
26                                     3.0357787231532068e-03
27                                    -9.1938869591409039e-04
28                                     2.2106919853385060e-03
29                                     9.7633917673391191e-03
30                                    -6.9733854673398772e-03
31                                     9.0237320052412653e-03
32                                    -1.3111949431475617e-03
33                                    -2.4125224943262288e-02
34                                    -9.6598535153125890e-03
35                                     1.5262450682848164e-02
36                                     4.7506581365315062e-03
37                                     2.8460684722030616e-03
38                                    -3.9530217864243711e-03
39                                    -3.0170131915821907e-02
40                                    -8.1919082558321032e-04
41                                     2.0397287241545652e-02
42                                     6.5027601578936528e-02
43                                     9.3278302144756062e-03
44                                    -3.1431145666412481e-02
45                                    -3.3848508038545333e-03
46                                    -1.9657227863609933e-03
47                                     9.5313650486100326e-03
48                                     1.5872639329846533e-03
49                                     3.7811038743024161e-03
50                                    -6.2453985024385969e-03
51                                    -3.9139226756915446e-02
52                                    -8.0324352608667771e-03
53                                     4.1244716399229664e-02
54                                     3.1884166399729019e-02
55                                     1.8148074132369463e-03
56                                    -3.2158107421935034e-02
57                                     3.6372148470874832e-03
58                                    -4.2504977131274380e-03
59                                    -2.3062649903483057e-03
60                                     1.2115616437665816e-03
61                                    -2.3621631939378003e-03
62                                    -8.3239131940361644e-04
63                                    -2.3475505797255006e-03
64                                     6.5810860109054292e-03
65                                     1.8942318068971911e-03
66                                     9.7326985244428066e-04
67                                     6.9693584601834557e-03
68                                    -8.8603852124809201e-04
69                                    -5.8685540653982682e-04
70                                    -2.0633442490577761e-03
71                                     2.9650274667938903e-04
72                                    -3.0488434812011439e-03
73                                    -5.1267884689161630e-03
74                                     2.3655904603318290e-03
75                                     3.2510490825020860e-02
76                                     1.1699116065089388e-02
77                                    -4.1618619397511103e-02
78                                    -2.1622833171842826e-02
79                                    -8.4659142576279794e-03
80                                     3.3520382583347830e-02
81                                    -1.5863942749995689e-02
82                                     4.4624270800319721e-04
83                                     9.5276448485639431e-03
84                                     8.2217535155831550e-02
85                                     3.6879756221072188e-02
86                                    -4.9269723812236210e-02
87                                    -1.8564982286635553e-02
88                                    -1.0849950517834453e-02
89                                     3.2082882476725971e-02
90                                    -4.1397814507274089e-02
91                                    -5.1928787306678506e-03
92                                     7.1543313653173457e-03
93                                    -4.6466277751650020e-04
94                                    -1.9394273911714346e-02
95                                    -3.0652247792802290e-03
96                                    -1.3874743080004442e-03
97                                    -2.5080442677622716e-03
98                                    -2.9841697846897386e-03
99                                    -3.7520375967030842e-03
100                                   -3.1375632125597366e-03
101                                    7.9861052775805630e-03
102                                   -3.2056499472896127e-05
103                                    3.9885294992941522e-03
104                                   -8.0551288661873666e-03
105                                    1.3970062875690636e-02
106                                   -5.6002177150671351e-03
107                                    3.5107181140878879e-04
108                                   -1.6422975548002483e-03
109                                    5.8509295866773434e-04
110                                   -8.5018078209571357e-04
111                                    1.0786232019211733e-03
112                                    3.1945687810536194e-04
113                                    3.0181741513003457e-03
114                                    2.4823400363129244e-03
115                                    9.2138827591515399e-04
116                                   -1.1664065733535400e-04
117                                   -6.1671793435719158e-04
118                                    1.6128391016624610e-04
119                                   -2.5120214381071926e-03
120                                   -3.6685539199061978e-04
121                                   -1.1892389463187353e-02
122                                   -2.6755437374311908e-02
123                                   -1.6614983385013493e-03
124                                    1.1319126604828478e-03
125                                    1.4576243483822859e-04
126                                   -1.6373752405950404e-03
127                                    5.3823068523539408e-03
128                                    1.3526694264527489e-03
129                                   -1.5251580922190297e-03
130                                   -2.3022151353482845e-03
131                                    1.2461017667639296e-03
132                                    2.0082281855418327e-03
133                                   -1.6962758935124833e-03
134                                   -1.5124930465636038e-03
135                                    4.0823147092333700e-04
136                                    5.5477097114182642e-03
137                                   -7.3367499635108857e-04
138                                   -7.0022665292821668e-03
139                                   -1.8748308721482199e-02
140                                    2.0898174335321623e-02
141                                   -2.8108635086953604e-02
142                                    1.3371891738556047e-02
143                                   -1.1266306751599092e-02
144                                   -1.3140879663343097e-03
145                                   -1.1626941477880542e-02
146                                   -7.7928767833421175e-04
147                                    7.9715595110775930e-04
148                                   -7.7056014140911705e-03
149                                    5.3363042806957584e-03
150                                    5.6900021116655375e-03
151                                    5.3988983301208049e-03
152                                   -4.4527934523994478e-03
153                                   -9.8803286426273063e-03
154                                    8.8102273597680802e-03
155                                   -2.6043130562855565e-06
   &Method [&Type "String"] "SCF"
   &Level [&Type "String"] "Relaxed density"
   &Mult [&Type "Integer"] 1
   &State [&Type "Integer"] 0
   &Irrep [&Type "Integer"] 0
$End
$Geometry
   &GeometryIndex 2
   &NAtoms [&Type "Integer"] 52
   &NCorelessECP [&Type "Integer"] 0
   &NGhostAtoms [&Type "Integer"] 0
   &CartesianCoordinates [&Type "Coordinates", &Dim(52,4), &Units "Bohr"] 
              C     13.717691815982    1.060089620401    2.100179711316
              C     11.315184122694   -0.093244075798    1.101667522059
              O     11.349993607260   -2.202275755265    0.101429608744
              N      9.042788197420    1.265743730174    1.328254690577
              C      6.767575592801    0.280739324746    0.237655009580
              C      6.679993556005   -0.380275346909   -2.322712139431
              C      4.458450368044   -1.313227940792   -3.384033311776
              C      2.273000906052   -1.594882793682   -1.912199685896
              C      2.361772842492   -0.942597784155    0.656589221835
              C      4.590074909277   -0.010245281311    1.713732745008
              N      0.051514002776   -2.541599272561   -3.056441386579
              C     -2.330341341037   -2.714663211902   -1.839110988386
              C     -3.269199338206   -5.129503402102   -1.361124450637
              C     -5.563598503012   -5.481991749016   -0.124494010665
              C     -6.960526252917   -3.399376273345    0.782842984883
              C     -5.986040764138   -0.917200756339    0.394524948728
              C     -3.750745593896   -0.572049134289   -1.073604441773
              C     -2.993721791196    2.040244846607   -1.854081534028
              O     -1.324826973009    2.394553816562   -3.454765772285
              C     -4.335706626005    4.249466129043   -0.798961786420
              C     -3.579080900235    6.699964496936   -1.465943762227
              C     -4.841572031279    8.790229728577   -0.478304884203
              C     -6.870227817464    8.450608755894    1.182361159972
              C     -7.633541299103    6.020914758018    1.855687782923
              C     -6.375079590080    3.907770351701    0.869412416582
              C     -7.186658123075    1.337321899282    1.606886380412
              O     -8.779405023868    1.116452839343    3.311986794385
              N     -9.276464878386   -3.820378990797    1.945773982710
              S     -6.712196550374   -8.594347617427    0.288699141833
              O     -6.595311734673   -9.290325577982    3.009622175071
              O     -9.276887134071   -8.845955481387   -0.826854033810
              O     -4.702600346232  -10.391710188199   -1.334356158352
              C      8.927604515587    3.554775844918    2.880469643434
              H     13.553996533545    1.466697871146    4.134603886239
              H     14.146780697671    2.831669342150    1.095253982493
              H     15.283678384856   -0.260992946523    1.811216439363
              H      8.339545488999   -0.149390745082   -3.499601995299
              H      4.425680436511   -1.804805211835   -5.376174103998
              H      0.717923394522   -1.169595243396    1.857469518026
              H      4.627519826656    0.468744711238    3.707464251344
              H      0.227929842026   -3.408410721478   -4.758850256959
              H     -2.176488426001   -6.748069191518   -1.981916784948
              H     -2.007076573816    6.983036747049   -2.749033477465
              H     -4.247277331081   10.682798465932   -1.000219698793
              H     -7.853069227547   10.079144629175    1.949919135173
              H     -9.208884134257    5.778225710970    3.143064482040
              H     -9.627006115671   -5.446552120329    2.897174287555
              H    -10.738187892745   -2.617290476144    1.691595255408
              H     -5.328874600566  -12.116513656142   -1.071217773685
              H      9.094396156211    3.092435978386    4.904314167533
              H     10.449160023334    4.870275596928    2.356581174485
              H      7.128341731015    4.535565731632    2.569182933284
$End
$SCF_Energy
   &GeometryIndex 2
   &Method [&Type "String"] "SCF"
   &totalEnergy [&Type "ArrayOfDoubles", &Dim (1,1)] "Total energy of each state"
                                                         0

0                                     -1.9006667083492773e+03
   &Mult [&Type "ArrayOfIntegers", &Dim (1,1)] "Multiplicity of each state"
                                                         0

0                                                        1
$End
$DFT_Energy
   &GeometryIndex 2
   &nAlphaEl [&Type "Integer"] 121
   &nBetaEl [&Type "Integer"] 121
   &nTotalEl [&Type "Integer"] 242
   &finalEn [&Type "Double"]      -1.9006667083492773e+03  "No Van der Waals correction"
   &eExchange [&Type "Double"]      -1.7518605114683848e+02
   &eCorr [&Type "Double"]      -9.9822188369608345e+00
   &eXC [&Type "Double"]      -1.8516826998379932e+02
   &eCNL [&Type "Double"]       0.0000000000000000e+00
$End
$SCF_Timings
   &GeometryIndex 2
   &TOTAL [&Type "Double"]       4.7730829000000000e+01
   &PREP [&Type "Double"]       7.2296499999999997e-01
   &FOCK [&Type "Double"]       4.4372861999999998e+01
   &DENS [&Type "Double"]       1.7080099999999732e-01
   &ETOT [&Type "Double"]       5.3633999999997961e-02
   &POP [&Type "Double"]       9.9999999747524271e-07
   &TRAFO [&Type "Double"]       1.7681800000000081e-01
   &DIIS [&Type "Double"]       5.6476700000000069e-01
   &SOSCF [&Type "Double"]       4.2380299999999238e-01
   &XC [&Type "Double"]       4.4212219999999931e+00
   &FOCKSTART [&Type "Double"]       2.1475000000003908e-02
   &INT_PREP [&Type "Double"]       8.0000000046709374e-06
   &INT_BF [&Type "Double"]       1.1763159999999919e+00
   &INT_DENS [&Type "Double"]       1.1494320000000151e+00
   &INT_DENSIO [&Type "Double"]       1.4064067946300039e+05
   &INT_FUNC [&Type "Double"]       1.2185399999963131e-01
   &INT_POT [&Type "Double"]       9.9885699999997790e-01
   &INT_POTIO [&Type "Double"]       3.4907999999977513e-02
   &INT_SUM [&Type "Double"]       9.8399999999099208e-04
   &SPLITRIJ [&Type "Double"]       6.4612470000000064e+00
   &COSX [&Type "Double"]       3.5038587999999997e+01
$End
$Single_Point_Data
   &GeometryIndex 2
   &FinalEnergy [&Type "Double"]      -1.9006667083492773e+03  "Final single point energy"
   &Converged [&Type "Boolean"] true
$End
$SCF_Nuc_Gradient
   &GeometryIndex 2
   &NAtoms [&Type "Integer"] 52
   &gradNorm [&Type "Double"]       1.1063626346317051e-01
   &grad [&Type "ArrayOfDoubles", &Dim (156,1)] 
                                                         0

0                                     -2.6093915325355321e-03
1                                     -8.8963673714334071e-03
2                                     -5.8891611694681760e-03
3                                      1.7501295126591446e-02
4                                      2.3992334055887077e-02
5                                      1.2274815281506257e-02
6                                     -6.3882896199443651e-04
7                                     -1.4656988406757832e-02
8                                     -4.2671899836093929e-03
9                                     -1.4375427494825770e-02
10                                    -6.9724805015868030e-04
11                                     1.5299874853998974e-03
12                                    -2.5057836835285507e-03
13                                    -3.7597385672626105e-05
14                                    -4.1883695616723587e-03
15                                     4.5045002636129872e-03
16                                     1.5290311009582514e-03
17                                     1.2793826175233336e-03
18                                    -5.0668057358186427e-03
19                                    -2.1249641731623525e-03
20                                    -2.3957449362338040e-03
21                                     1.3161568270592380e-02
22                                     3.4112996318379253e-03
23                                     7.0763804026462776e-03
24                                    -2.4380369420790582e-03
25                                    -2.2045032741179332e-03
26                                    -5.0047783483178621e-04
27                                    -2.5595541010196496e-04
28                                     1.1527498343374340e-03
29                                     4.9141063050336387e-03
30                                    -2.1172987911746224e-03
31                                     1.0805977910445450e-03
32                                    -7.5585662269451181e-03
33                                    -1.0948204451713385e-02
34                                    -8.6985749246760828e-03
35                                     7.3148154181518141e-03
36                                     4.3252492476684862e-03
37                                     3.7758459344174322e-03
38                                    -3.2257293041616092e-03
39                                    -2.3923325817971089e-02
40                                     1.0404278770554942e-03
41                                     1.4630318883529211e-02
42                                     3.2970866072299959e-02
43                                     3.1061182782866244e-03
44                                    -1.5844778748368725e-02
45                                    -5.9286389303151166e-03
46                                    -2.5135339537241397e-03
47                                     1.0502186682133624e-02
48                                     3.8069173701506392e-03
49                                     5.2759432106860848e-03
50                                    -7.2722459259390998e-03
51                                    -1.8925161426287029e-02
52                                    -3.2953280005897367e-03
53                                     1.9923662643348716e-02
54                                     1.0559691972129637e-02
55                                     2.4213053463399276e-03
56                                    -1.1428912604111718e-02
57                                     5.7614767724054813e-03
58                                    -2.2368992943549021e-03
59                                    -4.0588297548463520e-03
60                                     1.2649949447185449e-04
61                                    -4.0034511671949990e-03
62                                     1.3403257816815839e-04
63                                    -1.9248104292303447e-04
64                                     2.6125514640692599e-03
65                                     8.4452593115250107e-05
66                                    -3.6688484439521135e-04
67                                     2.4947778877389554e-03
68                                     2.9428018498642988e-04
69                                     8.2220811308050812e-04
70                                    -3.6250336369689530e-03
71                                    -8.3112814240271504e-04
72                                    -5.2827555523712252e-03
73                                    -3.8456111318534991e-03
74                                     3.6855896702373478e-03
75                                     1.4369049428055780e-02
76                                     7.6148383639998898e-03
77                                    -1.8623091556523308e-02
78                                    -4.2026146788773366e-03
79                                     2.7743863652438666e-04
80                                     1.3414468719242512e-02
81                                    -1.3590653073735852e-02
82                                    -5.4089377791090298e-04
83                                     4.6504946599181390e-03
84                                     4.8178911094276938e-02
85                                     2.1107704325621535e-02
86                                    -2.7076783167140447e-02
87                                    -9.6976153307075860e-03
88                                    -6.6943749518724449e-03
89                                     2.0965042084436281e-02
90                                    -2.6638065825819623e-02
91                                    -2.8018893921516672e-03
92                                     2.0556343594838877e-03
93                                     2.7614239152616848e-03
94                                    -1.3192834282103966e-02
95                                    -3.9510059892102489e-03
96                                    -5.0037410208015123e-04
97                                    -5.7088287408277316e-04
98                                    -5.0458977432131860e-04
99                                    -2.2877409038056795e-03
100                                   -2.1881794850839298e-03
101                                    3.0461259041492383e-03
102                                   -4.4520772492410293e-04
103                                    8.5690813316935399e-04
104                                   -3.9462633537846736e-03
105                                    4.5540045301449283e-03
106                                   -9.8950732226904536e-05
107                                    8.5212796238142569e-04
108                                   -9.4956237084042883e-04
109                                    6.2619663646806129e-04
110                                   -7.5894013786062531e-04
111                                    9.5985765533155264e-04
112                                   -1.1785270086087096e-04
113                                    1.0665262876625170e-03
114                                    1.1791844677685737e-03
115                                    5.1849331146566063e-04
116                                    5.4203882391776204e-04
117                                   -5.1218595759207688e-04
118                                    3.8461634272471401e-04
119                                   -9.6385607551496832e-04
120                                   -1.3653620936443789e-03
121                                   -1.6097193264509313e-03
122                                   -5.2319350250834840e-03
123                                   -3.3901604676774000e-04
124                                   -4.0086556862173328e-04
125                                   -5.9149533133997373e-04
126                                   -6.8534694320276923e-04
127                                    3.9820164327822871e-03
128                                    5.2863542984812883e-04
129                                   -4.9271380555052091e-04
130                                   -6.4826514433352633e-04
131                                    3.3213688119658469e-04
132                                    6.6894068088912961e-04
133                                   -4.5536813550139943e-04
134                                   -3.7792030052360981e-04
135                                   -3.3582238539325848e-04
136                                    3.9188566558107842e-03
137                                   -1.0254807297435664e-04
138                                   -2.5352199964361055e-04
139                                   -1.4186475878907312e-03
140                                    7.1536280563043730e-03
141                                   -7.1579230566065077e-03
142                                   -3.2571142824051325e-03
143                                   -8.4514516309658061e-03
144                                   -1.1237441125032943e-03
145                                   -1.8338282570456721e-03
146                                    3.2597665195317066e-04
147                                    3.7115816549651570e-04
148                                   -3.8606475834533568e-03
149                                    1.3211431669895024e-03
150                                    1.8397002121778583e-03
151                                    1.7470854309906136e-03
152                                   -2.3210165225047152e-03
153                                   -2.2700519410954467e-03
154                                    3.5992780442305056e-03
155                                    4.6404140113154996e-04
   &Method [&Type "String"] "SCF"
   &Level [&Type "String"] "Relaxed density"
   &Mult [&Type "Integer"] 1
   &State [&Type "Integer"] 0
   &Irrep [&Type "Integer"] 0
$End
$Geometry
   &GeometryIndex 3
   &NAtoms [&Type "Integer"] 52
   &NCorelessECP [&Type "Integer"] 0
   &NGhostAtoms [&Type "Integer"] 0
   &CartesianCoordinates [&Type "Coordinates", &Dim(52,4), &Units "Bohr"] 
              C     13.704402936416    1.151136765429    2.073590744346
              C     11.335245359069   -0.094294736669    1.043079061548
              O     11.411934780207   -2.177744777166    0.051271217239
              N      9.102277277249    1.255196040640    1.265925093802
              C      6.815187089643    0.256363659636    0.224475126333
              C      6.683389063973   -0.463159544344   -2.316755291163
              C      4.444003730244   -1.395161185318   -3.324544146396
              C      2.267195456831   -1.627154912310   -1.823129532918
              C      2.399435269319   -0.913521230653    0.724339008460
              C      4.653180647008    0.015475736884    1.725429887473
              N      0.063291497039   -2.583293096292   -2.913295264910
              C     -2.321896448481   -2.731010905694   -1.742627162877
              C     -3.299636826852   -5.143681237840   -1.296057081993
              C     -5.634102622302   -5.476866645191   -0.147756935276
              C     -7.067864051959   -3.404897673145    0.763529762082
              C     -6.047879095103   -0.927858755813    0.399927040422
              C     -3.761223605242   -0.597196384132   -1.002756818413
              C     -2.942825041114    2.008603390271   -1.775182806552
              O     -1.234580815273    2.345515764396   -3.297401564895
              C     -4.312268110817    4.221922085573   -0.736929512770
              C     -3.513129189597    6.660239315437   -1.378578040623
              C     -4.784601019540    8.756288237934   -0.421782968051
              C     -6.865662030558    8.428797885790    1.182545650456
              C     -7.666550623097    6.006251091548    1.828628652499
              C     -6.395883837734    3.892609299978    0.872306577759
              C     -7.276258192403    1.326706154870    1.595131439583
              O     -8.934929008979    1.139709276030    3.208569302289
              N     -9.335584410776   -3.847220700237    1.895949946344
              S     -6.860679410323   -8.573084599251    0.226591796630
              O     -6.796598712624   -9.293749186164    2.908591851040
              O     -9.282892843464   -8.854376327942   -1.090762095551
              O     -4.666606852371  -10.157835430417   -1.318665229536
              C      8.981978866200    3.572595600116    2.774452692033
              H     13.535248957034    1.572309264383    4.095163476469
              H     14.107540445578    2.927922670997    1.084848417038
              H     15.282645911222   -0.140052095291    1.790165828430
              H      8.334178858239   -0.279973036805   -3.515595834243
              H      4.377385178218   -1.932319231658   -5.307371719583
              H      0.766276003785   -1.102210953319    1.949815143366
              H      4.724123821108    0.535150244202    3.710845421007
              H      0.253269147080   -3.471928769867   -4.587130090502
              H     -2.205401707041   -6.768629393350   -1.892047645459
              H     -1.899989560319    6.900664229469   -2.620062653039
              H     -4.158292590173   10.646741851154   -0.923431807681
              H     -7.859634997816   10.064362508788    1.927199932628
              H     -9.275916137181    5.742252209426    3.070105935812
              H     -9.688472406963   -5.515476932714    2.742794318444
              H    -10.773525951229   -2.617542723287    1.757730249317
              H     -5.186892685210  -11.924680975320   -1.163938757282
              H      9.149109875984    3.192160043805    4.808050550376
              H     10.480801008145    4.888161913444    2.226070722581
              H      7.177677642742    4.507786181091    2.430291109288
$End
$SCF_Energy
   &GeometryIndex 3
   &Method [&Type "String"] "SCF"
   &totalEnergy [&Type "ArrayOfDoubles", &Dim (1,1)] "Total energy of each state"
                                                         0

0                                     -1.9006781211801979e+03
   &Mult [&Type "ArrayOfIntegers", &Dim (1,1)] "Multiplicity of each state"
                                                         0

0                                                        1
$End
$DFT_Energy
   &GeometryIndex 3
   &nAlphaEl [&Type "Integer"] 121
   &nBetaEl [&Type "Integer"] 121
   &nTotalEl [&Type "Integer"] 242
   &finalEn [&Type "Double"]      -1.9006781211801979e+03  "No Van der Waals correction"
   &eExchange [&Type "Double"]      -1.7527190318104522e+02
   &eCorr [&Type "Double"]      -9.9892256770582399e+00
   &eXC [&Type "Double"]      -1.8526112885810346e+02
   &eCNL [&Type "Double"]       0.0000000000000000e+00
$End
$SCF_Timings
   &GeometryIndex 3
   &TOTAL [&Type "Double"]       5.1025114000000002e+01
   &PREP [&Type "Double"]       7.3921799999999993e-01
   &FOCK [&Type "Double"]       4.7348793999999998e+01
   &DENS [&Type "Double"]       1.4410899999999316e-01
   &ETOT [&Type "Double"]       5.4282000000001496e-02
   &TRAFO [&Type "Double"]       1.6941599999999468e-01
   &DIIS [&Type "Double"]       5.9353400000000178e-01
   &SOSCF [&Type "Double"]       4.6834199999999893e-01
   &XC [&Type "Double"]       4.7476500000000099e+00
   &FOCKSTART [&Type "Double"]       2.0389999999998909e-02
   &INT_PREP [&Type "Double"]       6.0000000079440952e-06
   &INT_BF [&Type "Double"]       1.3007439999999644e+00
   &INT_DENS [&Type "Double"]       1.2328409999999765e+00
   &INT_DENSIO [&Type "Double"]       1.4960479205700033e+05
   &INT_FUNC [&Type "Double"]       1.3616799999988061e-01
   &INT_POT [&Type "Double"]       1.0988270000000462e+00
   &INT_POTIO [&Type "Double"]       3.8023000000023011e-02
   &INT_SUM [&Type "Double"]       1.4330000000004617e-03
   &SPLITRIJ [&Type "Double"]       6.6722160000000024e+00
   &COSX [&Type "Double"]       3.7849733999999998e+01
$End
$Single_Point_Data
   &GeometryIndex 3
   &FinalEnergy [&Type "Double"]      -1.9006781211801979e+03  "Final single point energy"
   &Converged [&Type "Boolean"] true
$End
$SCF_Nuc_Gradient
   &GeometryIndex 3
   &NAtoms [&Type "Integer"] 52
   &gradNorm [&Type "Double"]       3.4621346678276009e-02
   &grad [&Type "ArrayOfDoubles", &Dim (156,1)] 
                                                         0

0                                     -9.9947880461037641e-04
1                                     -2.3015100681924514e-03
2                                     -2.2211483386642174e-03
3                                      2.2381086947892495e-03
4                                      2.7559278488119565e-03
5                                      6.8973544790990049e-04
6                                     -1.6948651361203479e-03
7                                      3.1774420588611685e-03
8                                      3.2498311619430509e-03
9                                     -1.1051975265142615e-03
10                                    -4.5801963509493754e-03
11                                    -2.3552879134043636e-04
12                                     3.7517548727709904e-04
13                                     3.0476842006067761e-04
14                                    -2.9383121201483481e-03
15                                     1.4496921218604825e-03
16                                     8.2277090679723497e-04
17                                     1.6192878556355039e-03
18                                    -2.7347911420341001e-03
19                                    -8.7113068210652872e-04
20                                    -7.2297988412287073e-04
21                                     2.6639096905521492e-03
22                                    -9.5032815855523173e-04
23                                     3.0285618035194861e-03
24                                    -1.4661712366302732e-03
25                                    -1.6896439874315768e-03
26                                    -1.3774121059819122e-03
27                                     3.9538756341169108e-04
28                                     4.9493777225829982e-04
29                                     1.3565843747185558e-03
30                                     1.2405377094676026e-03
31                                     2.3103315753914000e-03
32                                    -3.8881451063409976e-03
33                                    -1.9850835077218631e-03
34                                    -5.4038380833727334e-03
35                                     1.8001532844240109e-03
36                                     3.1343259961963132e-03
37                                     1.6056812700568635e-03
38                                    -1.1729613324483190e-03
39                                    -1.1431442294024624e-02
40                                    -1.3399238173255335e-03
41                                     5.7637259232176941e-03
42                                     3.8069559398588478e-03
43                                    -2.0669183080517135e-03
44                                    -2.6089059759358754e-03
45                                    -3.0054949632124239e-03
46                                    -2.1351213870734742e-03
47                                     6.8261458862829277e-03
48                                     3.0117738089743412e-03
49                                     3.0713795667656335e-03
50                                    -5.6967956688629591e-03
51                                    -1.5426352796586162e-03
52                                    -5.0453568085215283e-04
53                                     2.5100764218295435e-03
54                                    -2.3889542053712742e-03
55                                    -6.7993097414829895e-04
56                                     1.4196227130924832e-03
57                                     3.9154342650789542e-03
58                                     3.5111832528492148e-04
59                                    -2.0455230525442680e-03
60                                    -3.5073215227027221e-05
61                                    -3.5912356184197164e-03
62                                     3.0623265443333048e-04
63                                     6.2109351914722832e-04
64                                     4.6264193596316783e-04
65                                    -5.1328289315721171e-04
66                                    -7.1591893873271251e-04
67                                     3.0015121039210502e-04
68                                     5.9746410933531058e-04
69                                     7.6573462081339083e-04
70                                    -3.4011945837233958e-03
71                                    -8.8871096024666085e-04
72                                    -4.1084534952669297e-03
73                                    -5.9037814654455678e-04
74                                     1.7406537149005502e-03
75                                    -5.7082636576227808e-04
76                                     3.0753689013952434e-03
77                                    -8.3573336789277697e-04
78                                     7.0649886319503197e-03
79                                     4.8350287801762759e-03
80                                     1.5806807540251766e-03
81                                    -7.7735506352847455e-04
82                                     1.3344549931518998e-03
83                                    -1.0373392711685026e-03
84                                     1.3376555667770934e-02
85                                     3.8079326864184915e-03
86                                    -6.7034291438853033e-03
87                                    -2.3147679393337693e-03
88                                    -1.3684666704544962e-03
89                                     4.9279048618598997e-03
90                                    -7.4800053130305022e-03
91                                    -8.0892573219144837e-05
92                                     1.6558372436411839e-03
93                                     4.0916912732570088e-03
94                                     4.8378146641248065e-04
95                                    -2.7019796510852762e-03
96                                     3.4304752848612896e-04
97                                     2.0070971209210434e-04
98                                     8.1138596372028887e-04
99                                    -7.8535858962036631e-04
100                                   -8.5503436676452604e-04
101                                    8.8689704393019042e-05
102                                   -4.1191844112468262e-04
103                                   -3.8227499838067169e-04
104                                   -8.5062960540310817e-04
105                                    5.3746323164821641e-05
106                                    1.2442874228994344e-03
107                                    5.1409150349872312e-04
108                                   -4.6569731192641628e-04
109                                    5.8763186402233797e-04
110                                   -5.0338543495750954e-04
111                                    6.4895536124631031e-04
112                                   -3.1287618116812577e-04
113                                    1.4392634601997911e-04
114                                    5.0776302593782963e-04
115                                    2.0776174168090147e-04
116                                    5.5024056845541514e-04
117                                   -1.9423482112051679e-04
118                                    4.6551646651728229e-04
119                                   -1.7115773600570594e-04
120                                   -1.0234498318058595e-03
121                                    1.6879984844197365e-03
122                                    9.3381110078211149e-04
123                                    1.0520607353042832e-05
124                                   -8.5159949685759129e-04
125                                   -7.6142391716948338e-04
126                                   -2.4345592612678990e-04
127                                    2.2497565714361678e-03
128                                    2.4249882515967047e-04
129                                    4.2816154321029254e-05
130                                   -1.1395714943518431e-05
131                                   -1.0873340666164855e-04
132                                   -3.9449368125221707e-06
133                                   -2.2907150100337503e-05
134                                    1.3278301915631285e-04
135                                   -3.5522389048808778e-04
136                                    2.1331976343947345e-03
137                                   -7.1466409201081937e-06
138                                    2.1399556353755914e-03
139                                    2.5168531158228646e-03
140                                    2.6155795026069212e-03
141                                   -2.3721968934869997e-03
142                                   -7.4267110756324473e-03
143                                   -7.9403882032718712e-03
144                                   -2.3550838068964186e-03
145                                    1.4366691306432755e-03
146                                    1.4442571777796773e-03
147                                    2.1036232088633006e-04
148                                   -9.8984716815046780e-04
149                                   -3.9762548613359039e-04
150                                   -2.3361071007613199e-04
151                                   -1.6280642493783637e-04
152                                   -6.4209458052847529e-04
153                                    6.9215739330572013e-04
154                                    6.4659757640848914e-04
155                                    4.2101070875504021e-04
   &Method [&Type "String"] "SCF"
   &Level [&Type "String"] "Relaxed density"
   &Mult [&Type "Integer"] 1
   &State [&Type "Integer"] 0
   &Irrep [&Type "Integer"] 0
$End
$Geometry
   &GeometryIndex 4
   &NAtoms [&Type "Integer"] 52
   &NCorelessECP [&Type "Integer"] 0
   &NGhostAtoms [&Type "Integer"] 0
   &CartesianCoordinates [&Type "Coordinates", &Dim(52,4), &Units "Bohr"] 
              C     13.747283365048    1.215389921156    2.080462742106
              C     11.392878840694   -0.043324843161    0.997200926695
              O     11.499221995738   -2.111833394968   -0.022195586543
              N      9.160898561910    1.311548570454    1.200738343194
              C      6.865749807339    0.278027623881    0.206596935351
              C      6.715391259412   -0.533513794102   -2.307014760377
              C      4.466323906008   -1.482471853737   -3.270193738792
              C      2.288913402243   -1.649833853913   -1.755255534501
              C      2.440177450383   -0.840532363208    0.763042716659
              C      4.707298872323    0.100649620136    1.720278581125
              N      0.090440145947   -2.654758283388   -2.797412880785
              C     -2.307924267312   -2.765680893764   -1.659255012183
              C     -3.331543661788   -5.175254139860   -1.264491871631
              C     -5.707449523890   -5.491626710810   -0.212596547839
              C     -7.136059261939   -3.416651145152    0.727201558028
              C     -6.079317391046   -0.948490941090    0.393225457280
              C     -3.752262140237   -0.628068544529   -0.940925010538
              C     -2.893997552408    1.979417672811   -1.696776852948
              O     -1.141068418337    2.316618581380   -3.164064532432
              C     -4.285671084859    4.193107346873   -0.671329173000
              C     -3.458514831850    6.630041931449   -1.283544652888
              C     -4.739348432209    8.727634120047   -0.344073712968
              C     -6.858341145588    8.402458882430    1.211200018068
              C     -7.685626843096    5.981157143826    1.826402660575
              C     -6.402749795250    3.866157616853    0.887960293638
              C     -7.335952260556    1.299204978280    1.568677801062
              O     -9.094998564520    1.117682411320    3.072971911529
              N     -9.378202101496   -3.860975704382    1.902968445089
              S     -7.040509426109   -8.571417368620    0.083295275385
              O     -7.187505796135   -9.276502814186    2.754076291401
              O     -9.312609758748   -8.827708500017   -1.459738017295
              O     -4.739461267491  -10.177479648664   -1.256589588993
              C      9.019770563410    3.665688626669    2.649874099789
              H     13.560736503654    1.620347819164    4.102106811240
              H     14.162169791837    3.004650757452    1.123035921469
              H     15.327123388099   -0.074239352786    1.797909890724
              H      8.367059291236   -0.416048682938   -3.513299447819
              H      4.384882710502   -2.089822467787   -5.233036915224
              H      0.810018217410   -0.980076716455    2.000291687072
              H      4.792737812728    0.681142251570    3.688931497921
              H      0.295034598774   -3.595603849432   -4.441368391556
              H     -2.241566198412   -6.803932082629   -1.848521560830
              H     -1.815296716025    6.847776411423   -2.490054406163
              H     -4.091987975903   10.617857843380   -0.821224044694
              H     -7.861968740544   10.039702109560    1.940342516648
              H     -9.321971053089    5.699905053554    3.028578811319
              H     -9.779665284611   -5.586140963527    2.601032292441
              H    -10.743450414437   -2.548382904742    2.001340548278
              H     -5.258421556640  -11.948295498098   -1.152956867399
              H      9.179705055802    3.356248287895    4.695185993701
              H     10.504358213044    4.983269345763    2.074406188554
              H      7.205267748779    4.562982369724    2.268195886440
$End
$SCF_Energy
   &GeometryIndex 4
   &Method [&Type "String"] "SCF"
   &totalEnergy [&Type "ArrayOfDoubles", &Dim (1,1)] "Total energy of each state"
                                                         0

0                                     -1.9006845577671552e+03
   &Mult [&Type "ArrayOfIntegers", &Dim (1,1)] "Multiplicity of each state"
                                                         0

0                                                        1
$End
$DFT_Energy
   &GeometryIndex 4
   &nAlphaEl [&Type "Integer"] 121
   &nBetaEl [&Type "Integer"] 121
   &nTotalEl [&Type "Integer"] 242
   &finalEn [&Type "Double"]      -1.9006845577671552e+03  "No Van der Waals correction"
   &eExchange [&Type "Double"]      -1.7527284414439475e+02
   &eCorr [&Type "Double"]      -9.9898140778412152e+00
   &eXC [&Type "Double"]      -1.8526265822223596e+02
   &eCNL [&Type "Double"]       0.0000000000000000e+00
$End
$SCF_Timings
   &GeometryIndex 4
   &TOTAL [&Type "Double"]       5.7461352000000005e+01
   &PREP [&Type "Double"]       7.2477800000000003e-01
   &FOCK [&Type "Double"]       5.3318349999999988e+01
   &DENS [&Type "Double"]       1.6262700000000052e-01
   &ETOT [&Type "Double"]       5.6738000000002842e-02
   &TRAFO [&Type "Double"]       1.8904199999999882e-01
   &DIIS [&Type "Double"]       6.2935499999999855e-01
   &SOSCF [&Type "Double"]       5.4188899999999851e-01
   &XC [&Type "Double"]       5.1683059999999950e+00
   &FOCKSTART [&Type "Double"]       2.0725999999992806e-02
   &INT_PREP [&Type "Double"]       2.9999999950902634e-06
   &INT_BF [&Type "Double"]       1.4121289999998732e+00
   &INT_DENS [&Type "Double"]       1.3326729999999722e+00
   &INT_DENSIO [&Type "Double"]       1.6091078135900036e+05
   &INT_FUNC [&Type "Double"]       1.4963199999987076e-01
   &INT_POT [&Type "Double"]       1.1420169999999636e+00
   &INT_POTIO [&Type "Double"]       4.1240999999886618e-02
   &INT_SUM [&Type "Double"]       1.6719999999956769e-03
   &SPLITRIJ [&Type "Double"]       7.1828659999999971e+00
   &COSX [&Type "Double"]       4.3174791000000006e+01
$End
$Single_Point_Data
   &GeometryIndex 4
   &FinalEnergy [&Type "Double"]      -1.9006845577671552e+03  "Final single point energy"
   &Converged [&Type "Boolean"] true
$End
$SCF_Nuc_Gradient
   &GeometryIndex 4
   &NAtoms [&Type "Integer"] 52
   &gradNorm [&Type "Double"]       2.2423725690890413e-02
   &grad [&Type "ArrayOfDoubles", &Dim (156,1)] 
                                                         0

0                                      1.6823554765034963e-04
1                                      4.1938665541402936e-04
2                                     -4.9043405112964011e-04
3                                     -1.0228138729274847e-03
4                                     -2.3367372386640106e-03
5                                     -4.7458509200892784e-04
6                                     -8.7598040351649642e-04
7                                      2.5956003981017495e-03
8                                      1.7887984992749628e-03
9                                      8.9819053613635763e-04
10                                    -1.7238365907451675e-03
11                                    -3.9220074770916075e-04
12                                     5.4149096733649427e-04
13                                     3.5198911327209009e-04
14                                    -1.2359789807527347e-03
15                                     2.2785076219167255e-05
16                                     4.1577645324900395e-04
17                                     1.2695055741768768e-03
18                                    -5.8141656343273923e-04
19                                    -6.3160647291185534e-05
20                                    -3.6107098472321075e-04
21                                    -9.5238928360225072e-04
22                                    -2.1460444907540691e-03
23                                     1.4390639680397013e-03
24                                    -8.5407394443469398e-04
25                                    -6.0708031753011274e-04
26                                    -7.4495969296488329e-04
27                                     3.8765242039012771e-04
28                                    -2.6495493575917628e-05
29                                    -4.0459520651847658e-06
30                                     1.9061547257209904e-03
31                                     1.8246615138447358e-03
32                                    -2.3849095596249967e-03
33                                     9.0307333625777586e-05
34                                    -4.0018113349268164e-03
35                                     1.2072053024739585e-03
36                                     3.7909610271880112e-03
37                                     3.5167424158394356e-04
38                                     1.1149256501159499e-03
39                                    -4.8311048233767445e-03
40                                    -6.2533658465846464e-04
41                                     7.8479488329895319e-04
42                                     7.3759342562278521e-04
43                                    -1.5675231950065538e-03
44                                    -3.6861854421049497e-03
45                                    -3.0557355986978590e-04
46                                    -2.9329224558149875e-03
47                                     2.1148762413734090e-03
48                                     1.0833889948897585e-04
49                                     1.1048785991089882e-03
50                                    -2.4179840114655279e-03
51                                     2.1476210879878277e-03
52                                     4.5194772367580793e-04
53                                    -1.7367408409434126e-03
54                                    -2.8580590423958330e-03
55                                    -9.9304080295001262e-05
56                                     1.9852841221709161e-03
57                                     1.6300910853184886e-03
58                                     1.3484116540692648e-03
59                                    -9.4181401897035222e-05
60                                     7.2537852861126462e-05
61                                    -2.5053912217229135e-03
62                                     1.8672807849623441e-04
63                                     3.1421496290970352e-04
64                                     9.6046440794056442e-05
65                                    -2.3020098851914833e-04
66                                    -3.0824159015933883e-04
67                                     5.5109701152675217e-05
68                                     2.4608294105832318e-04
69                                     2.8274798628932785e-04
70                                    -2.4630581813749868e-03
71                                    -7.1841249637201454e-04
72                                    -1.9683867046135367e-03
73                                     9.4573477401194150e-04
74                                    -9.2251765978738215e-04
75                                    -3.4607094866830335e-03
76                                     1.4529813039713714e-03
77                                     5.6136403296709603e-03
78                                     7.6819688816130438e-03
79                                     5.2226027139062881e-03
80                                     4.5745091854731967e-05
81                                    -3.6430913408399407e-04
82                                     2.3379183279983590e-03
83                                     1.7630438803733356e-03
84                                    -5.9782920637443948e-04
85                                    -7.0664781597647164e-04
86                                     1.5796991727972803e-03
87                                     9.5285021468760611e-04
88                                     2.0480057886698710e-04
89                                    -1.9736233399043068e-03
90                                     2.2421221395707569e-04
91                                     1.2894475764856778e-04
92                                     1.9816440386994649e-03
93                                     2.1484614365713806e-03
94                                     2.4835539408727958e-03
95                                    -1.4596745580299497e-03
96                                     1.2557607471314763e-04
97                                     5.0626194936344987e-04
98                                     6.1011274166318519e-04
99                                     1.0796814238757564e-04
100                                   -2.2743157495268979e-04
101                                   -5.3636690143077370e-04
102                                   -1.9192796884635183e-04
103                                   -3.7433094479777385e-04
104                                    1.7606732333225183e-04
105                                   -5.2458907403413191e-04
106                                    7.6711137282514663e-04
107                                    1.9970279384239412e-04
108                                    1.1964392011953873e-05
109                                    3.4347633231301619e-04
110                                   -3.9597445800801379e-04
111                                    3.2268905636185889e-04
112                                   -2.5739594512544373e-04
113                                   -4.4112733373569135e-05
114                                    2.0576979909497917e-04
115                                    3.0255696809542224e-05
116                                    3.9393572484397454e-04
117                                    6.4582589087874495e-05
118                                    2.7883164176085301e-04
119                                    5.1421913286220367e-05
120                                   -5.6930748873057491e-04
121                                    1.9724968707237056e-03
122                                    7.0574156697150725e-04
123                                   -2.1854560202461126e-04
124                                    2.5605960769226055e-04
125                                   -3.9633844724745737e-04
126                                    9.3606012274705108e-08
127                                    1.1709344856944796e-03
128                                    1.0326784452291404e-04
129                                    1.5956857926224810e-04
130                                    1.0167574907704591e-04
131                                   -1.5682903828127120e-04
132                                   -1.6149165307116631e-04
133                                    5.1023550222628611e-05
134                                    1.6623651845490417e-04
135                                   -2.2699584636048931e-04
136                                    1.0509965788899935e-03
137                                    5.3042978938808161e-05
138                                    1.1648516629922459e-03
139                                    2.2999668772484827e-03
140                                    1.2560498554442245e-03
141                                   -3.7262426069706589e-03
142                                   -8.3183667918992066e-03
143                                   -6.5830440909164911e-03
144                                   -1.7804259349465945e-03
145                                    8.1019254497061155e-04
146                                    9.2221236484384128e-04
147                                    1.3541638372247672e-04
148                                   -4.0353171664529730e-05
149                                   -5.5637530583069195e-04
150                                   -7.2968111859156304e-04
151                                   -2.6262854895423016e-04
152                                   -1.5854029330991670e-05
153                                    7.0519882764791264e-04
154                                   -1.4544583315762027e-04
155                                    2.5377134567048515e-04
   &Method [&Type "String"] "SCF"
   &Level [&Type "String"] "Relaxed density"
   &Mult [&Type "Integer"] 1
   &State [&Type "Integer"] 0
   &Irrep [&Type "Integer"] 0
$End
$Geometry
   &GeometryIndex 5
   &NAtoms [&Type "Integer"] 52
   &NCorelessECP [&Type "Integer"] 0
   &NGhostAtoms [&Type "Integer"] 0
   &CartesianCoordinates [&Type "Coordinates", &Dim(52,4), &Units "Bohr"] 
              C     13.796134167212    1.292492693714    2.095887748349
              C     11.461016796300    0.028056559139    0.953499470441
              O     11.589622244239   -2.056539535307   -0.034780358765
              N      9.228186431560    1.393582558206    1.111245805723
              C      6.922707798330    0.317192368618    0.177502013508
              C      6.756546881530   -0.631995141458   -2.289310034951
              C      4.496487983702   -1.607926220593   -3.192950541951
              C      2.316256102461   -1.675598517457   -1.670022340066
              C      2.484529130931   -0.726691781141    0.798692959896
              C      4.763609861323    0.238631950711    1.699021405622
              N      0.117813020225   -2.745290250587   -2.647734962957
              C     -2.299295183801   -2.807028872903   -1.555524806419
              C     -3.383889636995   -5.212115972876   -1.251382415648
              C     -5.787160754000   -5.512154305301   -0.284933388442
              C     -7.192096680833   -3.440072193219    0.726938717316
              C     -6.114111209054   -0.975047626902    0.403927845613
              C     -3.742163482232   -0.666886071433   -0.848547831323
              C     -2.832731609148    1.936829479717   -1.572525548295
              O     -1.018256461781    2.266625763426   -2.967926829501
              C     -4.250645500121    4.153291611352   -0.577162512806
              C     -3.378464757380    6.588898575445   -1.139979807184
              C     -4.671509754260    8.690712029549   -0.228709614454
              C     -6.849268202799    8.372754214339    1.244598292375
              C     -7.722937748146    5.955023282121    1.804699301373
              C     -6.424152115907    3.833511874874    0.895699483920
              C     -7.438585647792    1.270352462167    1.489155033459
              O     -9.327772535418    1.104546884860    2.840325852664
              N     -9.386654061522   -3.901986216285    1.969390682725
              S     -7.255446104716   -8.564242426997   -0.146923636732
              O     -7.707030149942   -9.262638676864    2.485238233971
              O     -9.319717585661   -8.747033278466   -1.955294991350
              O     -4.871132467637  -10.245562653695   -1.214551186758
              C      9.071808371257    3.801362618743    2.465941788675
              H     13.561998160418    1.726602286036    4.107078006772
              H     14.259115127713    3.068763213849    1.136379497528
              H     15.366624488901   -0.022582835852    1.868684698887
              H      8.410496263513   -0.608308310605   -3.496429277027
              H      4.400685060908   -2.320091142332   -5.120106448713
              H      0.853348822928   -0.787912456947    2.041637958925
              H      4.858895951014    0.916748641962    3.635962585087
              H      0.342524692720   -3.770559494614   -4.241487016061
              H     -2.308331463276   -6.845046103726   -1.849078703366
              H     -1.689438208411    6.776335020025   -2.287133788412
              H     -3.989974583319   10.578919937402   -0.664044409146
              H     -7.864223164916   10.014016451331    1.948325791639
              H     -9.405935651129    5.657265299524    2.936451005664
              H     -9.837386080872   -5.675690531835    2.508568269506
              H    -10.600425637047   -2.519289347319    2.437366108627
              H     -5.413488229514  -12.011583418987   -1.188200264205
              H      9.210093986832    3.587810567740    4.525924722753
              H     10.558445433951    5.101337404137    1.853633249627
              H      7.255277927458    4.668209615815    2.024577179267
$End
$SCF_Energy
   &GeometryIndex 5
   &Method [&Type "String"] "SCF"
   &totalEnergy [&Type "ArrayOfDoubles", &Dim (1,1)] "Total energy of each state"
                                                         0

0                                     -1.9006911531813716e+03
   &Mult [&Type "ArrayOfIntegers", &Dim (1,1)] "Multiplicity of each state"
                                                         0

0                                                        1
$End
$DFT_Energy
   &GeometryIndex 5
   &nAlphaEl [&Type "Integer"] 121
   &nBetaEl [&Type "Integer"] 121
   &nTotalEl [&Type "Integer"] 242
   &finalEn [&Type "Double"]      -1.9006911531813716e+03  "No Van der Waals correction"
   &eExchange [&Type "Double"]      -1.7526436221087096e+02
   &eCorr [&Type "Double"]      -9.9901075410679994e+00
   &eXC [&Type "Double"]      -1.8525446975193896e+02
   &eCNL [&Type "Double"]       0.0000000000000000e+00
$End
$SCF_Timings
   &GeometryIndex 5
   &TOTAL [&Type "Double"]       6.2222637999999996e+01
   &PREP [&Type "Double"]       7.7299099999999998e-01
   &FOCK [&Type "Double"]       5.6780293000000000e+01
   &DENS [&Type "Double"]       1.7261400000000293e-01
   &ETOT [&Type "Double"]       6.1566999999997485e-02
   &POP [&Type "Double"]       1.0000000045806701e-06
   &TRAFO [&Type "Double"]       2.0824500000000157e-01
   &DIIS [&Type "Double"]       6.9630199999999931e-01
   &SOSCF [&Type "Double"]       4.6901999999999688e-01
   &XC [&Type "Double"]       5.6299989999999935e+00
   &FOCKSTART [&Type "Double"]       2.2308999999994139e-02
   &INT_PREP [&Type "Double"]       7.0000000071956947e-06
   &INT_BF [&Type "Double"]       1.5401290000003520e+00
   &INT_DENS [&Type "Double"]       1.4659100000000800e+00
   &INT_DENSIO [&Type "Double"]       1.5807802902700033e+05
   &INT_FUNC [&Type "Double"]       1.5415000000007506e-01
   &INT_POT [&Type "Double"]       1.4094409999999531e+00
   &INT_POTIO [&Type "Double"]       4.0522000000067671e-02
   &INT_SUM [&Type "Double"]       1.6189999999935978e-03
   &SPLITRIJ [&Type "Double"]       6.8551109999999937e+00
   &COSX [&Type "Double"]       4.7783350999999996e+01
$End
$Single_Point_Data
   &GeometryIndex 5
   &FinalEnergy [&Type "Double"]      -1.9006911531813716e+03  "Final single point energy"
   &Converged [&Type "Boolean"] true
$End
$SCF_Nuc_Gradient
   &GeometryIndex 5
   &NAtoms [&Type "Integer"] 52
   &gradNorm [&Type "Double"]       2.7746927230810865e-02
   &grad [&Type "ArrayOfDoubles", &Dim (156,1)] 
                                                         0

0                                      5.5788486591318298e-04
1                                      1.8752214348421170e-03
2                                      1.3087541143593506e-03
3                                     -2.2429106416968284e-03
4                                     -3.4318059981665039e-03
5                                     -3.2056425571692637e-03
6                                      9.8057712464114100e-05
7                                     -7.6815203822744316e-05
8                                      8.9228245285638552e-04
9                                      2.1772841727897563e-03
10                                     1.2732733316702799e-03
11                                     5.2148151910740709e-04
12                                     1.2516627814614101e-04
13                                     5.7120307655409569e-04
14                                     4.4979044966531045e-04
15                                    -1.0220499165889685e-03
16                                    -1.3815281083287903e-04
17                                     2.5136478403714468e-05
18                                     1.5737684922506046e-03
19                                     7.2070926386585271e-04
20                                     4.2880583598914335e-06
21                                    -2.6876439845799210e-03
22                                    -2.3849065973827258e-03
23                                     2.5780103509623342e-04
24                                    -2.7316878717098536e-06
25                                     5.2917072457154407e-04
26                                     1.0758010509673288e-04
27                                     7.0333269431989420e-05
28                                    -4.6927834549832098e-04
29                                    -1.0092624396796923e-03
30                                     9.8039504655335341e-04
31                                     8.1252229239109700e-04
32                                    -8.6724004441875516e-04
33                                     8.5300816634967247e-04
34                                    -1.8034865480902329e-03
35                                     1.1524518214441962e-03
36                                     2.8595102740096578e-03
37                                    -1.5187124012949749e-04
38                                     3.6356614407344404e-03
39                                     1.6887314038743773e-03
40                                     1.2223912108926538e-03
41                                    -3.4446108619777087e-03
42                                    -1.6993096470870536e-03
43                                    -1.2185309532040112e-03
44                                    -3.8975892878428155e-03
45                                     3.1646821542494485e-03
46                                    -2.5436873158807966e-03
47                                    -2.1523378202816489e-03
48                                    -3.1784517161028147e-03
49                                    -1.1268325670263507e-03
50                                     9.5759307331616528e-04
51                                     4.4524744281548845e-03
52                                     1.0908656061846544e-03
53                                    -3.3703157712688392e-03
54                                    -1.5663220372403863e-03
55                                     8.4966705723082958e-05
56                                     9.8991847714552383e-04
57                                    -1.0842143028223367e-03
58                                     1.4689937003386500e-03
59                                     1.9564261307257746e-03
60                                     1.8763407757195483e-04
61                                    -7.4946512635266221e-04
62                                    -2.7670846992427361e-04
63                                    -3.8383572841518832e-04
64                                     5.7959118500802709e-05
65                                     2.9797251289056040e-04
66                                     3.5447732468717186e-04
67                                     2.1260390341719393e-04
68                                    -2.9261306328973169e-04
69                                    -3.7603555228796215e-04
70                                    -8.2970144595732875e-04
71                                    -3.0004342671251238e-04
72                                     1.9111597505211547e-03
73                                     1.5971249218202921e-03
74                                    -2.1443875746507413e-03
75                                    -6.3699475884085865e-03
76                                     5.7652114964401244e-04
77                                     5.5225109748895107e-03
78                                     6.0802276266824773e-03
79                                     5.8291664672383628e-03
80                                     3.4276777329012020e-04
81                                     2.6996253087311142e-03
82                                     3.2968869174025695e-03
83                                     2.6867117902803009e-03
84                                    -1.0822486372141699e-02
85                                    -2.8297481563107491e-03
86                                     6.2642039437096342e-03
87                                     3.6982039554273594e-03
88                                     1.5445688614062064e-03
89                                    -5.8876209905486254e-03
90                                     4.9289901498493771e-03
91                                     1.4348280309055272e-04
92                                     2.7425554695388321e-03
93                                    -7.0116970351458141e-04
94                                     1.4646505444498026e-03
95                                    -9.4478831144728659e-04
96                                    -2.3969833213870195e-04
97                                    -1.8094709928402619e-04
98                                     3.3982873143965225e-04
99                                     7.9380885526862677e-04
100                                    4.3271286118320984e-04
101                                   -3.3191659074652269e-04
102                                   -8.5787643947336789e-05
103                                   -8.9417420420040417e-05
104                                    7.2903510243550740e-04
105                                   -4.8185934777936201e-04
106                                   -1.9247616385978383e-04
107                                   -9.8971530039886763e-05
108                                    1.3715438243941391e-04
109                                    1.0099296105746131e-04
110                                   -1.7544571191477343e-05
111                                   -1.0785531962168374e-04
112                                   -1.5048228398657770e-04
113                                   -7.0378685680994035e-05
114                                   -1.2095336005246704e-04
115                                   -1.6686712621561284e-04
116                                    1.0789734999056000e-04
117                                    2.3105780366872771e-04
118                                    6.7077839106269299e-05
119                                    1.4731691075775544e-04
120                                   -1.3623876740696469e-04
121                                    1.6799770244013690e-03
122                                   -6.3520677022441130e-04
123                                   -9.7893583832470155e-05
124                                    9.2850531330596064e-04
125                                    6.9484107747125323e-05
126                                    1.0805675547653770e-04
127                                   -1.1793477486959913e-04
128                                    1.3515344296610721e-05
129                                    1.7238043112903501e-04
130                                    5.6369932743272066e-05
131                                   -7.9440715192183320e-05
132                                   -1.9038168853754978e-04
133                                    1.9560004150209753e-05
134                                    4.7671737176693818e-05
135                                   -1.0092496253277794e-05
136                                   -2.1049535854044191e-04
137                                    7.1568221220938422e-05
138                                   -7.5638270508539274e-04
139                                    8.3524873789272980e-04
140                                    1.4839170941649549e-04
141                                   -5.0694127494070873e-03
142                                   -9.7292539604170725e-03
143                                   -2.9519001907975517e-03
144                                   -2.3760842579570451e-04
145                                   -3.5068290121259560e-05
146                                    1.7445831197158979e-04
147                                    1.5243878757803878e-04
148                                    6.9157384651698239e-04
149                                   -2.5722499832536716e-04
150                                   -5.0684394440281277e-04
151                                    1.0751943256906427e-04
152                                    2.4607228404491255e-04
153                                    1.2160561254889735e-04
154                                   -6.6459533967763718e-04
155                                    2.4617206674182324e-05
   &Method [&Type "String"] "SCF"
   &Level [&Type "String"] "Relaxed density"
   &Mult [&Type "Integer"] 1
   &State [&Type "Integer"] 0
   &Irrep [&Type "Integer"] 0
$End
$Geometry
   &GeometryIndex 6
   &NAtoms [&Type "Integer"] 52
   &NCorelessECP [&Type "Integer"] 0
   &NGhostAtoms [&Type "Integer"] 0
   &CartesianCoordinates [&Type "Coordinates", &Dim(52,4), &Units "Bohr"] 
              C     13.874540284885    1.276925052652    2.079888421849
              C     11.531660852014    0.014557426299    0.946274967720
              O     11.663494472834   -2.060812823740   -0.063563744561
              N      9.309057843725    1.403275550275    1.069991239917
              C      6.989814287817    0.319637578276    0.176006919402
              C      6.814457664145   -0.741343720574   -2.245989762147
              C      4.540075887066   -1.718217211614   -3.110023375549
              C      2.352917709799   -1.676957921597   -1.596098128308
              C      2.531461053530   -0.616458756718    0.825960786839
              C      4.823966780228    0.346349004408    1.690850297902
              N      0.148516453574   -2.782035448646   -2.526824653319
              C     -2.285468646055   -2.800279138353   -1.479698282995
              C     -3.420721347895   -5.202399636365   -1.268220029880
              C     -5.826738317767   -5.503287287846   -0.326730026958
              C     -7.196170706744   -3.438406802858    0.773315678509
              C     -6.120318416364   -0.980782120224    0.439393470656
              C     -3.727232242703   -0.662996719925   -0.764303819432
              C     -2.819343885206    1.946309350416   -1.461885702981
              O     -0.962568943256    2.293383224687   -2.800809761180
              C     -4.293511815900    4.147847583442   -0.508943607574
              C     -3.423747747878    6.594377863751   -1.038498472717
              C     -4.766114275671    8.682670274823   -0.171021093426
              C     -6.992892453217    8.343860686570    1.223101871338
              C     -7.867289406564    5.919307162246    1.746057336687
              C     -6.514950963378    3.808112788008    0.884953326690
              C     -7.532875798013    1.235328585206    1.420894721435
              O     -9.563672591758    1.040889646487    2.563323964971
              N     -9.338252485123   -3.868338157918    2.096647306247
              S     -7.367867486840   -8.534095272977   -0.365700695929
              O     -8.099524993527   -9.243733275000    2.202257172078
              O     -9.227302083536   -8.657800553742   -2.387826354284
              O     -4.919372960618  -10.261335497913   -1.182581326046
              C      9.171427436028    3.849775499214    2.354100923526
              H     13.645993993680    1.719830322542    4.090230205203
              H     14.346943351456    3.048742123749    1.115120852923
              H     15.436467843248   -0.049645927566    1.850581897223
              H      8.474905086748   -0.810833557925   -3.441425962631
              H      4.435322086620   -2.518554973495   -5.001997194060
              H      0.893316943667   -0.594250592742    2.060891726363
              H      4.923560827886    1.107249309870    3.596369540811
              H      0.392942455744   -3.898891458417   -4.056931287359
              H     -2.364238341112   -6.834469412491   -1.906756576923
              H     -1.697716659631    6.782891415086   -2.129113354796
              H     -4.087959399822   10.577868860861   -0.579578711210
              H     -8.045424854726    9.976298638328    1.890657798788
              H     -9.587683402839    5.591876992866    2.811160605435
              H     -9.825066216604   -5.648189267285    2.590365257978
              H    -10.295584471155   -2.434550567117    2.908481981214
              H     -5.470122737857  -12.023256718018   -1.239468200772
              H      9.279940822148    3.697806064388    4.422217014985
              H     10.686486808463    5.109365771086    1.724959334688
              H      7.372462744249    4.727386026633    1.861548499040
$End
$SCF_Energy
   &GeometryIndex 6
   &Method [&Type "String"] "SCF"
   &totalEnergy [&Type "ArrayOfDoubles", &Dim (1,1)] "Total energy of each state"
                                                         0

0                                     -1.9006950534605285e+03
   &Mult [&Type "ArrayOfIntegers", &Dim (1,1)] "Multiplicity of each state"
                                                         0

0                                                        1
$End
$DFT_Energy
   &GeometryIndex 6
   &nAlphaEl [&Type "Integer"] 121
   &nBetaEl [&Type "Integer"] 121
   &nTotalEl [&Type "Integer"] 242
   &finalEn [&Type "Double"]      -1.9006950534605285e+03  "No Van der Waals correction"
   &eExchange [&Type "Double"]      -1.7526145924341341e+02
   &eCorr [&Type "Double"]      -9.9907417968251959e+00
   &eXC [&Type "Double"]      -1.8525220104023862e+02
   &eCNL [&Type "Double"]       0.0000000000000000e+00
$End
$SCF_Timings
   &GeometryIndex 6
   &TOTAL [&Type "Double"]       7.1879801999999998e+01
   &PREP [&Type "Double"]       7.4671599999999994e-01
   &FOCK [&Type "Double"]       6.7353186999999991e+01
   &DENS [&Type "Double"]       2.4351699999999710e-01
   &ETOT [&Type "Double"]       7.9822000000007165e-02
   &POP [&Type "Double"]       9.9999999747524271e-07
   &TRAFO [&Type "Double"]       1.9723499999999383e-01
   &DIIS [&Type "Double"]       7.0287499999999792e-01
   &SOSCF [&Type "Double"]       8.2866899999999344e-01
   &XC [&Type "Double"]       7.0847580000000132e+00
   &FOCKSTART [&Type "Double"]       2.7010999999996343e-02
   &INT_PREP [&Type "Double"]       8.9999999932643959e-06
   &INT_BF [&Type "Double"]       2.0685960000000696e+00
   &INT_DENS [&Type "Double"]       1.8577740000002008e+00
   &INT_DENSIO [&Type "Double"]       2.6895173573800054e+05
   &INT_FUNC [&Type "Double"]       2.1218900000021002e-01
   &INT_POT [&Type "Double"]       1.5352989999999433e+00
   &INT_POTIO [&Type "Double"]       5.6571000000020355e-02
   &INT_SUM [&Type "Double"]       3.1020000000054893e-03
   &SPLITRIJ [&Type "Double"]       9.5572580000000045e+00
   &COSX [&Type "Double"]       5.2696459000000019e+01
$End
$Single_Point_Data
   &GeometryIndex 6
   &FinalEnergy [&Type "Double"]      -1.9006950534605285e+03  "Final single point energy"
   &Converged [&Type "Boolean"] true
$End
$SCF_Nuc_Gradient
   &GeometryIndex 6
   &NAtoms [&Type "Integer"] 52
   &gradNorm [&Type "Double"]       3.0118821904750983e-02
   &grad [&Type "ArrayOfDoubles", &Dim (156,1)] 
                                                         0

0                                      8.7366826556260421e-04
1                                      2.6727364217995764e-03
2                                      4.9598892145926582e-04
3                                     -3.5959099083128360e-03
4                                     -5.6895505400816893e-03
5                                      1.2903100186493488e-03
6                                      7.9371584950124752e-04
7                                     -3.7931038621596969e-05
8                                     -1.5622448500703934e-03
9                                      2.6993144894230381e-03
10                                     2.9419657869430849e-03
11                                    -3.5924494292182037e-04
12                                    -7.3015399422990401e-05
13                                     6.0300654850858892e-04
14                                     1.0869416033577745e-03
15                                    -1.4329172860427092e-03
16                                    -3.9516845758340996e-04
17                                    -4.0676298781414100e-04
18                                     2.3583741000071240e-03
19                                     8.6909179464865483e-04
20                                     3.5772456323984736e-04
21                                    -2.8309268178442065e-03
22                                    -1.9868581906714103e-03
23                                    -6.9736481824819035e-04
24                                     8.5223787311922150e-04
25                                     9.2399272895657414e-04
26                                     4.8099902510301273e-04
27                                    -1.7319821661576640e-04
28                                    -7.8449134648765628e-04
29                                    -1.1959793579283118e-03
30                                     9.2862466661886023e-04
31                                    -1.1201874101861159e-03
32                                     3.6357129744848254e-04
33                                     1.2586064285197984e-03
34                                     6.5717901342320084e-04
35                                     1.1939809521944282e-03
36                                     1.4952006536107232e-03
37                                    -1.3420675946172467e-03
38                                     4.6354142124818976e-03
39                                     5.7158120776717447e-03
40                                     2.2947818266776665e-03
41                                    -5.4198797888379974e-03
42                                    -4.1357058518896248e-03
43                                     1.2934691972486326e-03
44                                    -3.0802765736863101e-03
45                                     2.8478359986686963e-03
46                                    -2.4001199903679327e-03
47                                    -4.5509127159194737e-03
48                                    -5.6047721625812064e-03
49                                    -2.5850508763535229e-03
50                                     2.6979471032183688e-03
51                                     4.6356779551687266e-03
52                                     1.7761927636670422e-03
53                                    -3.3899740022479696e-03
54                                    -1.1193148314269097e-03
55                                     6.4921491882241611e-04
56                                     9.0394720784203741e-05
57                                    -2.2822227358536354e-03
58                                     1.1178528474351940e-03
59                                     2.0982470768027978e-03
60                                     3.2706407632940304e-04
61                                     9.4547897167466394e-04
62                                    -3.4392736398794477e-04
63                                    -6.3137763624089571e-04
64                                    -2.3901218092647891e-05
65                                     4.4125491731329680e-04
66                                     6.6544942299155696e-04
67                                     9.9900442396050337e-05
68                                    -3.8352273800784653e-04
69                                    -1.0331368346812864e-03
70                                     7.5520936257296445e-04
71                                    -1.3378537247036443e-04
72                                     3.3782891589818620e-03
73                                     1.2092094775150164e-03
74                                    -2.9017006266189582e-03
75                                    -2.7327469195231324e-03
76                                    -1.3467547380304947e-03
77                                     7.9174347918381238e-03
78                                     6.7824192701027020e-04
79                                     9.6650330885623276e-04
80                                    -3.2824303982757763e-03
81                                     5.6060798888259294e-03
82                                     6.8354633573907558e-03
83                                     5.9126191707339903e-04
84                                    -1.1793884084192408e-02
85                                    -4.0141218411479662e-03
86                                     4.2469806177765634e-03
87                                     4.4013158368820804e-03
88                                     1.3678738437953031e-03
89                                    -4.8857667481089218e-03
90                                     4.7175435551650713e-03
91                                     1.4453845345298311e-04
92                                     2.4765649359076436e-03
93                                    -2.4333734919680383e-03
94                                     7.0844948291313992e-04
95                                    -6.0194455559557658e-04
96                                    -3.4188613225160508e-04
97                                    -4.4961703670004516e-04
98                                    -2.9870115316926737e-04
99                                     6.4979258477387142e-04
100                                    4.7616068999092181e-04
101                                   -3.1005611611945039e-04
102                                    2.2790314672353762e-04
103                                    3.7874909196633499e-04
104                                    8.8983975180229047e-04
105                                   -3.4799026915280362e-04
106                                   -5.7962286151555520e-04
107                                   -4.1545240070038278e-04
108                                    3.6672477307911344e-04
109                                   -2.5422106916496261e-05
110                                    1.0692653487064108e-04
111                                   -3.7310780705054718e-04
112                                   -7.9184530914877538e-05
113                                   -5.2986136429233888e-05
114                                   -3.0966823973249680e-04
115                                   -2.5249627051433798e-04
116                                   -9.0001240567599838e-05
117                                    2.4930356512330599e-04
118                                   -6.9014216178983623e-05
119                                    1.6880379431027936e-04
120                                    5.9671696275367947e-06
121                                    1.4046735325750626e-03
122                                   -1.2646835428817560e-03
123                                    2.3537743138060674e-04
124                                    6.8774003536792305e-04
125                                    3.3613596902383469e-04
126                                    1.5670948191132128e-04
127                                   -9.5979387802971189e-04
128                                   -1.6763266284497425e-05
129                                    9.6981386186703600e-05
130                                    3.4255628328372367e-07
131                                   -4.8710882563390845e-05
132                                   -1.3631595175475630e-04
133                                   -3.3179571290731236e-05
134                                   -1.9279036870566146e-05
135                                    2.4366522980406868e-04
136                                   -9.4449597476964353e-04
137                                    3.8785497350549147e-05
138                                   -2.2547332884323423e-03
139                                    1.4657495113157837e-03
140                                    6.4235255141983916e-04
141                                   -3.6870373890329766e-03
142                                   -8.1955898985366926e-03
143                                    2.9374235054033387e-03
144                                    1.0195880537525945e-03
145                                   -3.6902678515310372e-04
146                                   -3.7468720753970966e-05
147                                    2.2872709231038652e-04
148                                    8.2590317115631244e-04
149                                   -2.7335977907716469e-05
150                                   -1.5053981745014045e-04
151                                    3.6997109455122468e-04
152                                    2.7351138250469864e-04
153                                   -2.4001125209005547e-04
154                                   -7.5775406773498366e-04
155                                   -8.1639318860668442e-05
   &Method [&Type "String"] "SCF"
   &Level [&Type "String"] "Relaxed density"
   &Mult [&Type "Integer"] 1
   &State [&Type "Integer"] 0
   &Irrep [&Type "Integer"] 0
$End
$Geometry
   &GeometryIndex 7
   &NAtoms [&Type "Integer"] 52
   &NCorelessECP [&Type "Integer"] 0
   &NGhostAtoms [&Type "Integer"] 0
   &CartesianCoordinates [&Type "Coordinates", &Dim(52,4), &Units "Bohr"] 
              C     13.800499796539    1.390143655677    2.123381296152
              C     11.496352727809    0.119614995666    0.932428703755
              O     11.635784264599   -2.011637507824    0.046674635908
              N      9.262362198129    1.496494134296    0.980162814604
              C      6.956347002292    0.363052837859    0.118100696602
              C      6.809502254092   -0.823712797692   -2.246788105499
              C      4.543686157920   -1.845419220361   -3.083330049093
              C      2.342094416218   -1.723059903842   -1.597790411871
              C      2.491208336601   -0.535799596589    0.766080863778
              C      4.773611280576    0.471198880235    1.606109730784
              N      0.149506187669   -2.884504682749   -2.493248050833
              C     -2.294341458971   -2.870465673056   -1.475515838920
              C     -3.473046710521   -5.256911214930   -1.307352612504
              C     -5.878222062970   -5.540792325445   -0.360506996558
              C     -7.222794737184   -3.464502218567    0.748993362011
              C     -6.119176131016   -1.014246507112    0.427590761611
              C     -3.704638529965   -0.719826355066   -0.745251616310
              C     -2.753248736785    1.876966799571   -1.395711718283
              O     -0.838637027673    2.207707653496   -2.658777743783
              C     -4.201136164653    4.090122810484   -0.436622762099
              C     -3.261698808445    6.527598065326   -0.885426786875
              C     -4.567155528909    8.625563116003    0.012732434698
              C     -6.825111464719    8.307691672056    1.361614054883
              C     -7.769957141024    5.894325530347    1.804272345449
              C     -6.458917142646    3.772014091124    0.905917863949
              C     -7.543161887003    1.214389477923    1.348612430207
              O     -9.575229436028    1.038179702873    2.499174062061
              N     -9.402372540029   -3.846730813080    2.018578951045
              S     -7.452169212003   -8.546254411518   -0.488337248440
              O     -8.465313624915   -9.185883598179    2.007725835112
              O     -9.102368293581   -8.689846536271   -2.688623070930
              O     -4.962158751802  -10.332842681667   -1.001534835985
              C      9.105551286428    3.987334482890    2.174240905366
              H     13.477753451309    1.920789703182    4.099764789302
              H     14.347960196272    3.110531639332    1.106660479880
              H     15.350162551577    0.033506648628    2.031215179241
              H      8.483128608934   -0.957805049594   -3.417201963887
              H      4.459950957895   -2.743711329754   -4.931741418056
              H      0.838298031380   -0.445841406531    1.977288315179
              H      4.850236393178    1.333520586339    3.468654741528
              H      0.420190849264   -4.094009821632   -3.946305336289
              H     -2.443191659816   -6.897445737062   -1.970533018010
              H     -1.510854821104    6.702145735130   -1.938121490324
              H     -3.834761673464   10.513090210886   -0.332557970081
              H     -7.845698365845    9.949092645321    2.056114135713
              H     -9.518545313443    5.585434787826    2.828435655386
              H     -9.935008615396   -5.619205853821    2.497768222075
              H    -10.229332174636   -2.372394395971    2.909828492307
              H     -5.539729796256  -12.084823241856   -1.090878753338
              H      9.169971382617    3.903158917209    4.248208467817
              H     10.640719487737    5.215733831233    1.533687101987
              H      7.323100029562    4.858270250358    1.613753464960
$End
$SCF_Energy
   &GeometryIndex 7
   &Method [&Type "String"] "SCF"
   &totalEnergy [&Type "ArrayOfDoubles", &Dim (1,1)] "Total energy of each state"
                                                         0

0                                     -1.9006965278341409e+03
   &Mult [&Type "ArrayOfIntegers", &Dim (1,1)] "Multiplicity of each state"
                                                         0

0                                                        1
$End
$DFT_Energy
   &GeometryIndex 7
   &nAlphaEl [&Type "Integer"] 121
   &nBetaEl [&Type "Integer"] 121
   &nTotalEl [&Type "Integer"] 242
   &finalEn [&Type "Double"]      -1.9006965278341409e+03  "No Van der Waals correction"
   &eExchange [&Type "Double"]      -1.7526285629029843e+02
   &eCorr [&Type "Double"]      -9.9918144287983246e+00
   &eXC [&Type "Double"]      -1.8525467071909677e+02
   &eCNL [&Type "Double"]       0.0000000000000000e+00
$End
$SCF_Timings
   &GeometryIndex 7
   &TOTAL [&Type "Double"]       6.5376868000000002e+01
   &PREP [&Type "Double"]       7.1876899999999999e-01
   &FOCK [&Type "Double"]       6.0706833999999994e+01
   &DENS [&Type "Double"]       2.0128199999999907e-01
   &ETOT [&Type "Double"]       6.9944000000001338e-02
   &POP [&Type "Double"]       9.9999999747524271e-07
   &TRAFO [&Type "Double"]       2.1393999999999558e-01
   &DIIS [&Type "Double"]       7.3014399999999835e-01
   &SOSCF [&Type "Double"]       6.2809599999999044e-01
   &XC [&Type "Double"]       6.0797810000000174e+00
   &FOCKSTART [&Type "Double"]       2.3404000000001979e-02
   &INT_PREP [&Type "Double"]       7.0000000045311594e-06
   &INT_BF [&Type "Double"]       1.6748900000000928e+00
   &INT_DENS [&Type "Double"]       1.5528060000001265e+00
   &INT_DENSIO [&Type "Double"]       2.0718647767900041e+05
   &INT_FUNC [&Type "Double"]       1.7696299999993492e-01
   &INT_POT [&Type "Double"]       1.3338799999997981e+00
   &INT_POTIO [&Type "Double"]       4.8723000000126859e-02
   &INT_SUM [&Type "Double"]       2.2299999999999542e-03
   &SPLITRIJ [&Type "Double"]       8.4404180000000117e+00
   &COSX [&Type "Double"]       4.8616720999999991e+01
$End
$Single_Point_Data
   &GeometryIndex 7
   &FinalEnergy [&Type "Double"]      -1.9006965278341409e+03  "Final single point energy"
   &Converged [&Type "Boolean"] true
$End
$SCF_Nuc_Gradient
   &GeometryIndex 7
   &NAtoms [&Type "Integer"] 52
   &gradNorm [&Type "Double"]       2.2154205506166317e-02
   &grad [&Type "ArrayOfDoubles", &Dim (156,1)] 
                                                         0

0                                      2.3667226662058352e-04
1                                      6.6999788205134719e-04
2                                      1.9809297742810657e-03
3                                     -7.6415671738482016e-04
4                                     -5.3264324576862698e-04
5                                     -4.9872644600232885e-03
6                                      1.0503454679201135e-04
7                                     -1.2839051826927794e-03
8                                      1.2784034699827584e-03
9                                      1.4252356474299573e-03
10                                     1.5773131437149118e-03
11                                     8.2554404434829337e-04
12                                    -2.8631808230117350e-04
13                                     1.9825726519781539e-04
14                                     1.0410428647197184e-03
15                                    -9.8359521174755382e-04
16                                    -2.4719010545555878e-04
17                                    -3.7369747623813843e-04
18                                     1.8118352195964534e-03
19                                     7.4865885044873848e-04
20                                     1.5277127698790083e-04
21                                    -2.7273779824129457e-03
22                                    -6.2682654509316552e-04
23                                    -8.7676531976334932e-04
24                                    -1.4592295195633986e-04
25                                     1.1702071526375757e-03
26                                    -8.1075093743554483e-06
27                                    -9.1013045130795833e-05
28                                    -4.3757264804788337e-04
29                                    -8.5469787885938953e-04
30                                     1.6024256617446948e-03
31                                    -1.9722258875955120e-03
32                                    -3.0585117846334761e-04
33                                    -4.6033196062869597e-04
34                                     1.3813875373471594e-03
35                                     1.8190193164896217e-03
36                                     9.9908197234682694e-04
37                                    -1.0554765639102931e-03
38                                     4.4893314928060521e-03
39                                     4.1588994436624060e-03
40                                     1.6112035827630378e-03
41                                    -5.0508167753324090e-03
42                                    -3.1948203799284924e-03
43                                     2.9436217974233847e-04
44                                    -7.0652624157917926e-04
45                                     2.9797390641683880e-03
46                                    -7.6500334096935713e-04
47                                    -1.8553902568464141e-03
48                                    -2.9391781452248744e-03
49                                    -3.4323189876800941e-03
50                                     2.6869463520810787e-03
51                                     3.2848437778958406e-03
52                                     1.7194060735671174e-03
53                                    -4.6472559306700578e-03
54                                     3.0135117804286349e-04
55                                    -3.9624646840966116e-04
56                                     1.9468589410760462e-03
57                                    -1.2813779105795495e-03
58                                     5.6239377067170138e-04
59                                     2.1710012017050820e-03
60                                     1.3889584012526102e-04
61                                     1.0835440751484904e-03
62                                    -2.7562732953393537e-04
63                                    -5.1188610053514577e-04
64                                    -7.7961328690631659e-05
65                                     2.5147622838036371e-04
66                                     4.6868977040567111e-04
67                                    -3.2821463912063864e-05
68                                    -3.6590534372855227e-04
69                                    -5.3330607769189187e-04
70                                     9.3933665182096421e-04
71                                     3.0552378901384930e-04
72                                     3.3966813280946404e-03
73                                     4.8782949586427538e-04
74                                     2.3381033362125658e-04
75                                    -5.8545366931054832e-03
76                                    -8.2223295933452761e-04
77                                    -1.6374131903011402e-03
78                                     1.3626863231250841e-03
79                                     3.8917824399120615e-04
80                                    -6.2732287031797007e-04
81                                     5.2051162088231212e-03
82                                     4.8241742356956753e-03
83                                    -1.3912884805313604e-03
84                                    -7.3174997563307254e-03
85                                    -2.8905707101720413e-03
86                                     2.0599011973614356e-03
87                                     2.6227367400392387e-03
88                                     8.1106322319518531e-04
89                                    -1.8915492080347485e-03
90                                     2.2137782717591703e-03
91                                     4.8139713878653234e-04
92                                     1.2310856741410969e-03
93                                    -2.0180261802278943e-03
94                                     2.1211827886839785e-04
95                                    -7.9420942990385615e-04
96                                    -2.7669898169919993e-04
97                                    -4.3664465126065297e-04
98                                    -1.9028247415994737e-06
99                                     7.2472912428924244e-04
100                                    4.0955554918097742e-04
101                                    5.9745099197205942e-05
102                                   -2.5877482161926202e-04
103                                    4.1755653587938202e-05
104                                    4.5422017833229855e-04
105                                   -2.7683114005871978e-04
106                                   -4.6408243077009081e-04
107                                   -4.1231036926717840e-05
108                                    2.7121569787422195e-04
109                                   -8.2169636040015787e-05
110                                    1.6177406551828866e-04
111                                   -3.5924014117018691e-04
112                                    1.9054454877626137e-05
113                                   -3.4460914643930085e-05
114                                   -6.5744585973004366e-04
115                                   -9.0203490839053935e-05
116                                   -1.6340896174171782e-04
117                                    2.1665787291208147e-04
118                                   -8.0398211253607244e-05
119                                    1.6958908956710150e-04
120                                   -1.4532968702526267e-04
121                                    1.5046178684468003e-03
122                                   -1.3029771979311544e-03
123                                    2.2574320956088301e-04
124                                    6.1473594940256171e-04
125                                    2.2662761594206826e-04
126                                    7.3243393050675953e-05
127                                   -8.6791300341956812e-04
128                                   -8.8105054412312978e-05
129                                    8.2088207525449208e-05
130                                   -1.4559062627012009e-05
131                                    3.5470301130945819e-05
132                                   -9.4630823023009181e-05
133                                   -1.3607179133068303e-05
134                                   -5.7725348330220361e-05
135                                    1.0469990763778414e-04
136                                   -8.2610511848281443e-04
137                                   -1.7401084096632657e-05
138                                   -2.0872488203141359e-03
139                                    9.5579102219661705e-04
140                                    6.0222255565040017e-04
141                                   -1.6810122436240749e-03
142                                   -5.3786203233336938e-03
143                                    3.7517474548306173e-03
144                                    1.0441844283562221e-03
145                                   -2.7355843574355942e-04
146                                    2.6108506997447184e-04
147                                    2.7422680546491246e-04
148                                    5.8882740711706932e-04
149                                   -2.9775547725707785e-05
150                                   -2.0696731050812156e-04
151                                    3.5316484708572404e-04
152                                    1.4728677129073608e-04
153                                   -1.7696502879660514e-04
154                                   -5.4847465961110897e-04
155                                    4.3262613293029717e-05
   &Method [&Type "String"] "SCF"
   &Level [&Type "String"] "Relaxed density"
   &Mult [&Type "Integer"] 1
   &State [&Type "Integer"] 0
   &Irrep [&Type "Integer"] 0
$End
$Geometry
   &GeometryIndex 8
   &NAtoms [&Type "Integer"] 52
   &NCorelessECP [&Type "Integer"] 0
   &NGhostAtoms [&Type "Integer"] 0
   &CartesianCoordinates [&Type "Coordinates", &Dim(52,4), &Units "Bohr"] 
              C     13.855814679327    1.235169377112    2.099244689836
              C     11.530057419260    0.030620810173    0.904489813686
              O     11.647002584202   -2.060138020830   -0.078643410547
              N      9.300374541031    1.414737168753    1.014546595733
              C      6.982146582862    0.331734905890    0.129239516154
              C      6.820143797040   -0.805125094318   -2.258186216289
              C      4.537868725419   -1.779080573300   -3.112651145672
              C      2.341143695419   -1.643073854557   -1.626217075589
              C      2.506540668857   -0.511660818971    0.763334335380
              C      4.803054493855    0.444316839399    1.623927067537
              N      0.135129656989   -2.775731752220   -2.545113162793
              C     -2.307389925946   -2.779383107944   -1.527375884759
              C     -3.460730861228   -5.175116534204   -1.369077258793
              C     -5.817120841936   -5.512896507422   -0.321266863575
              C     -7.170602521214   -3.462066815288    0.811509850277
              C     -6.108265467394   -0.982082533267    0.489968737830
              C     -3.721631270990   -0.647674307263   -0.747623839959
              C     -2.851836033130    1.953191827408   -1.434175079388
              O     -1.013011528856    2.305572984769   -2.806491807469
              C     -4.329280890648    4.148052546694   -0.497339908941
              C     -3.458215346074    6.598235395440   -1.010913492263
              C     -4.779909384084    8.681869339262   -0.104719128860
              C     -6.985404786374    8.338564191478    1.322318992911
              C     -7.865484351589    5.913708986401    1.828280183477
              C     -6.542111492144    3.805014606272    0.916120465378
              C     -7.542719578167    1.235736616035    1.425440630818
              O     -9.541722807638    1.046843564504    2.635714288704
              N     -9.387467593144   -3.862060858243    2.016066656520
              S     -7.304896366709   -8.542887430658   -0.484429914913
              O     -8.554447840526   -9.124704214263    1.927656896376
              O     -8.760945140091   -8.793460655763   -2.818425049784
              O     -4.750627450126  -10.307146246961   -0.697884432371
              C      9.184406136794    3.860077583250    2.304624176630
              H     13.551952138253    1.702855817805    4.095192738881
              H     14.402677241840    2.980717706881    1.124135837382
              H     15.398414606689   -0.124213542134    1.950182964814
              H      8.489605027076   -0.941716618024   -3.432869724400
              H      4.443925637222   -2.643232755981   -4.976272171634
              H      0.859642632918   -0.424084086934    1.980081235193
              H      4.891278683877    1.269815375995    3.501752789255
              H      0.422616396923   -4.052202941869   -3.937478640427
              H     -2.431357987298   -6.798643934360   -2.078120988192
              H     -1.743622803397    6.805364022509   -2.115705283467
              H     -4.099363002349   10.578687762131   -0.500389475866
              H     -8.015098970288    9.969367285435    2.027680419401
              H     -9.577159940066    5.596145880883    2.910561144280
              H     -9.903005208522   -5.640197181929    2.504981540574
              H    -10.182908541467   -2.351363446249    2.886719211068
              H     -5.314024743016  -12.062971502566   -0.817158009742
              H      9.219982569326    3.679934001498    4.373608666579
              H     10.761381752106    5.068507617334    1.731701100055
              H      7.435203044922    4.808073103309    1.761060416341
$End
$SCF_Energy
   &GeometryIndex 8
   &Method [&Type "String"] "SCF"
   &totalEnergy [&Type "ArrayOfDoubles", &Dim (1,1)] "Total energy of each state"
                                                         0

0                                     -1.9006982665745484e+03
   &Mult [&Type "ArrayOfIntegers", &Dim (1,1)] "Multiplicity of each state"
                                                         0

0                                                        1
$End
$DFT_Energy
   &GeometryIndex 8
   &nAlphaEl [&Type "Integer"] 121
   &nBetaEl [&Type "Integer"] 121
   &nTotalEl [&Type "Integer"] 242
   &finalEn [&Type "Double"]      -1.9006982665745484e+03  "No Van der Waals correction"
   &eExchange [&Type "Double"]      -1.7525798985792591e+02
   &eCorr [&Type "Double"]      -9.9913229629600657e+00
   &eXC [&Type "Double"]      -1.8524931282088596e+02
   &eCNL [&Type "Double"]       0.0000000000000000e+00
$End
$SCF_Timings
   &GeometryIndex 8
   &TOTAL [&Type "Double"]       6.2269876000000004e+01
   &PREP [&Type "Double"]       7.1541999999999994e-01
   &FOCK [&Type "Double"]       5.8130784999999996e+01
   &DENS [&Type "Double"]       1.9406800000000146e-01
   &ETOT [&Type "Double"]       7.0852000000003912e-02
   &POP [&Type "Double"]       9.9999999747524271e-07
   &TRAFO [&Type "Double"]       1.9258000000000308e-01
   &DIIS [&Type "Double"]       6.8413699999999800e-01
   &SOSCF [&Type "Double"]       6.3755400000000861e-01
   &XC [&Type "Double"]       5.9415659999999964e+00
   &FOCKSTART [&Type "Double"]       2.4078999999998629e-02
   &INT_PREP [&Type "Double"]       1.0000000004062315e-05
   &INT_BF [&Type "Double"]       1.6955810000000797e+00
   &INT_DENS [&Type "Double"]       1.5201659999999082e+00
   &INT_DENSIO [&Type "Double"]       2.0080185671500055e+05
   &INT_FUNC [&Type "Double"]       1.7790599999981094e-01
   &INT_POT [&Type "Double"]       1.2488930000000265e+00
   &INT_POTIO [&Type "Double"]       4.7540999999917233e-02
   &INT_SUM [&Type "Double"]       2.4820000000067566e-03
   &SPLITRIJ [&Type "Double"]       7.9515639999999808e+00
   &COSX [&Type "Double"]       4.6183926000000000e+01
$End
$Single_Point_Data
   &GeometryIndex 8
   &FinalEnergy [&Type "Double"]      -1.9006982665745484e+03  "Final single point energy"
   &Converged [&Type "Boolean"] true
$End
$SCF_Nuc_Gradient
   &GeometryIndex 8
   &NAtoms [&Type "Integer"] 52
   &gradNorm [&Type "Double"]       1.2193959470206135e-02
   &grad [&Type "ArrayOfDoubles", &Dim (156,1)] 
                                                         0

0                                     -1.6651373124128288e-04
1                                     -8.8676860381861622e-04
2                                      7.5771777948556787e-05
3                                      1.0129157804706079e-03
4                                      1.9364423838691414e-03
5                                     -3.6986279134118560e-04
6                                     -1.2021071217067220e-04
7                                     -8.6547763667266242e-04
8                                      2.1838398112467017e-04
9                                     -6.4752972947658416e-04
10                                     2.8784544317830840e-04
11                                    -4.4730433177934265e-05
12                                    -5.4812472527987488e-04
13                                    -4.4760885799444150e-04
14                                     1.3928583923064619e-04
15                                     4.4507542472704831e-05
16                                     3.7006121415116694e-04
17                                     6.4217714088404820e-05
18                                     9.0399745043719115e-05
19                                    -4.3099568790433418e-04
20                                     2.0501798978130037e-04
21                                    -1.1170549334961477e-04
22                                     7.3578114853066132e-04
23                                    -7.8908006337354009e-04
24                                     2.7399198762362298e-04
25                                     1.6805441552804334e-04
26                                     7.1872169374727346e-04
27                                     4.6077049259407588e-07
28                                    -5.1669635463037072e-04
29                                     2.7020380220495188e-04
30                                     1.8435469251196282e-03
31                                    -2.6931827387900176e-03
32                                     9.1725456607358313e-04
33                                    -2.3402712304186751e-03
34                                     1.5128287426111366e-03
35                                     5.6349810592670399e-04
36                                     4.3016926427481839e-04
37                                     2.0753615478738552e-04
38                                     2.0931718175061509e-03
39                                     4.7269038846037281e-04
40                                     1.6762298756173299e-04
41                                    -3.0487398069501681e-03
42                                     1.4333923024159589e-03
43                                    -2.2091614040337382e-03
44                                     1.5962354906681759e-03
45                                     4.0123734989626347e-04
46                                     1.6975851449499910e-03
47                                     2.1772468773964548e-04
48                                     1.2623252847472621e-03
49                                    -7.7126654988768362e-05
50                                    -1.3679486775926598e-03
51                                     5.0868209864696201e-04
52                                     2.5720228308449833e-04
53                                     3.1771726935717892e-03
54                                    -1.0114862983814366e-03
55                                     3.7453475110817147e-04
56                                    -1.6295303613300671e-03
57                                    -5.9294380665658730e-04
58                                    -1.0103143711444051e-03
59                                    -8.3164240985048737e-04
60                                    -2.1354699964450108e-04
61                                     6.9208111951622742e-04
62                                     1.3279768925192337e-05
63                                    -7.2449236260881122e-05
64                                    -1.4985675923637198e-04
65                                     1.2254467926967744e-05
66                                     6.0073676502805928e-05
67                                    -5.3903346071887404e-05
68                                    -9.2570741318381833e-06
69                                     2.6310727575556969e-04
70                                     5.8310685697851583e-04
71                                     4.6150999193528275e-04
72                                    -1.9400285300906484e-04
73                                    -7.9485347927035765e-04
74                                     6.6145988666669459e-04
75                                    -2.5394728784186027e-03
76                                     9.9537037871718498e-04
77                                    -2.2247346003076984e-03
78                                     1.1432121440383414e-03
79                                     3.2231479352962111e-03
80                                    -3.8442021507012480e-04
81                                     1.2118898592390626e-03
82                                    -5.2672785833932090e-04
83                                    -2.4467010392298059e-03
84                                     2.8768192742153476e-03
85                                    -1.9455428308443046e-04
86                                     1.0653288794526955e-03
87                                    -1.5686485217480950e-03
88                                     1.7707224848995118e-04
89                                     1.8069545287242583e-03
90                                    -2.1322032024334581e-03
91                                     8.1458870135302230e-04
92                                    -1.5529405687093045e-03
93                                    -4.8058604972534003e-04
94                                    -7.2788437918999693e-04
95                                    -1.1288538906805874e-03
96                                     6.0228009859469855e-05
97                                    -4.3100481527967582e-05
98                                    -2.1716379373874772e-04
99                                    -1.0573831076961249e-04
100                                   -1.7626658655250926e-04
101                                    2.6720752582498619e-04
102                                   -2.3433704043458736e-04
103                                    7.6296604195724704e-05
104                                   -1.4509230174772347e-04
105                                    1.7093411826904492e-04
106                                   -6.0444388076327793e-05
107                                    1.5130646757996642e-04
108                                    1.2120722674671680e-04
109                                   -9.6676340730184052e-05
110                                    4.4559487556453115e-05
111                                   -6.4430326793383022e-05
112                                   -3.9814094175208425e-05
113                                    5.3114755184102691e-06
114                                    2.7307451907190861e-04
115                                   -1.1451539405803526e-04
116                                   -2.1330170242285507e-04
117                                    6.7461736043061132e-05
118                                   -2.1854660453082819e-05
119                                   -9.8589793338099696e-06
120                                   -3.5458794717172643e-04
121                                    7.2656139833021660e-04
122                                   -1.1501137677661366e-03
123                                    8.4232624658564514e-05
124                                    3.0753530930638373e-04
125                                    2.5628114691506054e-05
126                                    3.6445847778066032e-06
127                                   -2.0169789697982096e-04
128                                   -2.2898074018812276e-05
129                                   -1.2843768011999712e-05
130                                   -2.6095625531796784e-05
131                                    8.8761405484250044e-05
132                                    5.7570761459457831e-06
133                                    8.5323678624127375e-06
134                                   -1.0190515967009595e-04
135                                   -7.9280933676456611e-05
136                                   -2.1417918804944591e-04
137                                    3.0846696686376296e-05
138                                   -1.3740797627391776e-03
139                                   -7.7500134929486819e-04
140                                    6.3448971405542787e-04
141                                    2.4008366964539674e-04
142                                   -2.0118053157767157e-03
143                                    1.7060281947241795e-03
144                                    3.9593674243128263e-04
145                                   -1.2949316100868691e-04
146                                    5.7621212713699840e-04
147                                    2.8436275852699103e-04
148                                   -2.1950851382821629e-04
149                                    4.5935501332305950e-05
150                                    6.8121770260054504e-05
151                                    3.3492146405543488e-04
152                                   -2.4377983681880822e-04
153                                   -1.3947313383855242e-04
154                                    6.0856157021310642e-05
155                                    7.8821098771289511e-05
   &Method [&Type "String"] "SCF"
   &Level [&Type "String"] "Relaxed density"
   &Mult [&Type "Integer"] 1
   &State [&Type "Integer"] 0
   &Irrep [&Type "Integer"] 0
$End
$Geometry
   &GeometryIndex 9
   &NAtoms [&Type "Integer"] 52
   &NCorelessECP [&Type "Integer"] 0
   &NGhostAtoms [&Type "Integer"] 0
   &CartesianCoordinates [&Type "Coordinates", &Dim(52,4), &Units "Bohr"] 
              C     13.799692752552    1.406613756648    2.008247946877
              C     11.471933907670    0.109825985641    0.931017543563
              O     11.616297685645   -1.994967736557   -0.016138658250
              N      9.224157627186    1.466135130790    1.000714058176
              C      6.924284543565    0.346327069399    0.121310993553
              C      6.796946499653   -0.873245075650   -2.226495727268
              C      4.527739091004   -1.886732729267   -3.073042695459
              C      2.316812183346   -1.710239561684   -1.615226943056
              C      2.445121043324   -0.493233588659    0.732621940372
              C      4.725884355034    0.508345024026    1.584329764520
              N      0.120236931712   -2.865917685236   -2.536286111283
              C     -2.327451203700   -2.851785520600   -1.542519027040
              C     -3.520495320471   -5.226269556587   -1.409545955160
              C     -5.879276272051   -5.544313711167   -0.350831572001
              C     -7.241349206121   -3.470178807210    0.721116815160
              C     -6.113948578509   -1.010314392723    0.466177576878
              C     -3.704678213018   -0.705061675059   -0.741062821909
              C     -2.770135011003    1.880681501239   -1.359282154034
              O     -0.854468072312    2.211103887315   -2.630697063769
              C     -4.203152880297    4.093581925918   -0.405779743915
              C     -3.266394820341    6.530008213923   -0.860603827439
              C     -4.556841038481    8.628622569072    0.055851010073
              C     -6.795285088340    8.313445545108    1.437950112812
              C     -7.738678337928    5.901678065136    1.890180872035
              C     -6.446529155726    3.778090808738    0.970910360905
              C     -7.488265659461    1.221358368979    1.447938844331
              O     -9.527671552906    1.053664001875    2.594481738370
              N     -9.524749740544   -3.809260237717    1.820742035206
              S     -7.333897984386   -8.574198761408   -0.553455510143
              O     -8.848304688117   -9.077118228296    1.724104317272
              O     -8.527474221244   -8.936004320557   -3.020806370895
              O     -4.765401691285  -10.327704812249   -0.405638359537
              C      9.083327669834    3.936178851904    2.241353382123
              H     13.532604053096    1.952914358054    3.989022321129
              H     14.283612920175    3.117133234005    0.941758133414
              H     15.369592539942    0.078358815307    1.877535064485
              H      8.477535575013   -1.037737019868   -3.380371480468
              H      4.460228083644   -2.810405898514   -4.908696890475
              H      0.783224759515   -0.362123390842    1.924721716303
              H      4.785392513529    1.407109264241    3.428940850923
              H      0.438206843581   -4.234238844982   -3.829925515485
              H     -2.512200290347   -6.864190004462   -2.119658366492
              H     -1.530733423335    6.726552645155   -1.933803438397
              H     -3.827758257428   10.515555627816   -0.298927880655
              H     -7.797919243069    9.955977287554    2.155082614932
              H     -9.473899758933    5.616868954353    2.943197560903
              H    -10.080146540742   -5.566983708711    2.330681538731
              H    -10.309121632754   -2.241938189373    2.598384587999
              H     -5.319355494779  -12.081197904546   -0.593682476347
              H      9.058176518709    3.788788867805    4.312932315134
              H     10.685097634009    5.120116418439    1.691080105798
              H      7.359477683687    4.890325164588    1.631705462877
$End
$SCF_Energy
   &GeometryIndex 9
   &Method [&Type "String"] "SCF"
   &totalEnergy [&Type "ArrayOfDoubles", &Dim (1,1)] "Total energy of each state"
                                                         0

0                                     -1.9006989582261338e+03
   &Mult [&Type "ArrayOfIntegers", &Dim (1,1)] "Multiplicity of each state"
                                                         0

0                                                        1
$End
$DFT_Energy
   &GeometryIndex 9
   &nAlphaEl [&Type "Integer"] 121
   &nBetaEl [&Type "Integer"] 121
   &nTotalEl [&Type "Integer"] 242
   &finalEn [&Type "Double"]      -1.9006989582261338e+03  "No Van der Waals correction"
   &eExchange [&Type "Double"]      -1.7526578613158784e+02
   &eCorr [&Type "Double"]      -9.9928678304037355e+00
   &eXC [&Type "Double"]      -1.8525865396199157e+02
   &eCNL [&Type "Double"]       0.0000000000000000e+00
$End
$SCF_Timings
   &GeometryIndex 9
   &TOTAL [&Type "Double"]       7.2557463999999996e+01
   &PREP [&Type "Double"]       7.2703799999999996e-01
   &FOCK [&Type "Double"]       6.8165973000000022e+01
   &DENS [&Type "Double"]       2.2727799999998410e-01
   &ETOT [&Type "Double"]       8.7391000000000219e-02
   &POP [&Type "Double"]       9.9999999747524271e-07
   &TRAFO [&Type "Double"]       1.9708599999999876e-01
   &DIIS [&Type "Double"]       7.5437400000000121e-01
   &SOSCF [&Type "Double"]       8.5916599999999299e-01
   &XC [&Type "Double"]       7.3409350000000018e+00
   &FOCKSTART [&Type "Double"]       2.7220999999992834e-02
   &INT_PREP [&Type "Double"]       7.0000000009784458e-06
   &INT_BF [&Type "Double"]       2.1274930000000927e+00
   &INT_DENS [&Type "Double"]       1.8725629999998095e+00
   &INT_DENSIO [&Type "Double"]       2.9772422279100062e+05
   &INT_FUNC [&Type "Double"]       2.2011999999979093e-01
   &INT_POT [&Type "Double"]       1.4740470000002590e+00
   &INT_POTIO [&Type "Double"]       5.7384999999863240e-02
   &INT_SUM [&Type "Double"]       2.4169999999976710e-03
   &SPLITRIJ [&Type "Double"]       9.7340400000000074e+00
   &COSX [&Type "Double"]       5.2862288000000007e+01
$End
$Single_Point_Data
   &GeometryIndex 9
   &FinalEnergy [&Type "Double"]      -1.9006989582261338e+03  "Final single point energy"
   &Converged [&Type "Boolean"] true
$End
$SCF_Nuc_Gradient
   &GeometryIndex 9
   &NAtoms [&Type "Integer"] 52
   &gradNorm [&Type "Double"]       1.7213072961610426e-02
   &grad [&Type "ArrayOfDoubles", &Dim (156,1)] 
                                                         0

0                                     -8.3218170931306790e-05
1                                     -7.5459522024156137e-04
2                                     -2.3556394784718451e-03
3                                      6.9944982477353201e-04
4                                      3.6417070332450674e-04
5                                      5.8785453894943107e-03
6                                     -2.1087166806391111e-04
7                                      1.0936292776190237e-03
8                                     -1.3450226009402433e-03
9                                     -1.2442655752115464e-03
10                                    -7.8918136030269037e-04
11                                    -1.1389013384130418e-03
12                                    -1.0068678327565528e-04
13                                    -5.7442078365204513e-04
14                                    -1.0266509194094692e-03
15                                     6.0680279678194948e-04
16                                     6.3227905210109896e-04
17                                     5.4119645828167029e-04
18                                    -8.4812428616002494e-04
19                                    -5.3270280617101484e-04
20                                    -3.0959444362764488e-04
21                                    -1.5614222715953918e-05
22                                     1.1518108062012512e-03
23                                    -2.1832949539746238e-04
24                                    -1.0604682664429044e-03
25                                     3.7899732741934061e-05
26                                    -2.2174115934914251e-04
27                                     1.8600505655728961e-04
28                                     5.3597947729308593e-04
29                                     5.9079979866766275e-04
30                                     1.9948113421288660e-03
31                                    -1.9389766604547554e-03
32                                     1.7802700057988063e-04
33                                    -3.5122051015866323e-03
34                                     1.3793467642547047e-04
35                                     7.1146844179257457e-04
36                                     8.9436194133897529e-04
37                                     1.4129339308011496e-03
38                                     2.0031963748907977e-04
39                                    -2.3406226097865690e-03
40                                    -1.4823601903354855e-03
41                                     2.4645356099586846e-04
42                                     2.5999615430590262e-03
43                                    -2.9420582144375762e-03
44                                    -4.6781396172127995e-04
45                                    -1.7018725245863120e-03
46                                     2.0133944626169881e-03
47                                     8.1155810129154848e-04
48                                     4.1440192302057283e-03
49                                    -3.4250514056322068e-04
50                                    -1.9673689893027081e-03
51                                    -2.1090842482289762e-03
52                                    -1.9317250542577602e-05
53                                    -2.8740076307404161e-04
54                                     8.6051778945139823e-04
55                                    -1.0334441840954278e-03
56                                     1.3995409164313521e-03
57                                     1.1302463402042551e-03
58                                    -7.9851348640200270e-04
59                                    -8.5481913745229232e-04
60                                     4.7803008874899855e-05
61                                    -2.7196541894791010e-04
62                                     5.8954030973099036e-04
63                                     2.9681076488392855e-04
64                                    -1.2726529039658319e-04
65                                    -2.8153001012651627e-04
66                                    -2.2156818953560087e-04
67                                    -1.2413146670890718e-04
68                                     2.3190801793532279e-04
69                                     3.4519100033995886e-04
70                                    -1.8952689582540927e-04
71                                    -1.5291287537795573e-04
72                                    -2.6197021984400159e-03
73                                    -5.6025338416937354e-04
74                                    -3.8484693696970440e-04
75                                     1.4578308387475647e-03
76                                     1.2709208653571870e-03
77                                     3.6676381990656537e-03
78                                     1.2722523782835449e-03
79                                     1.6487486469146696e-03
80                                    -2.1742241898498604e-03
81                                    -2.4898428697401609e-03
82                                    -8.4141989049007007e-04
83                                    -2.1765044501901448e-04
84                                     7.9929413738887012e-03
85                                     1.5334158286415406e-03
86                                    -5.2860598297205241e-04
87                                    -3.5570850117009889e-03
88                                    -8.7628707676543072e-04
89                                     2.5735190291041876e-03
90                                    -3.4473185460662803e-03
91                                     7.4505758927977117e-04
92                                    -2.1090000385832752e-03
93                                     5.6201111916728830e-04
94                                    -2.8956172350466658e-04
95                                    -2.5221031114404380e-04
96                                     4.0635131150357565e-04
97                                     2.0948595337547810e-04
98                                    -2.8490144449903540e-04
99                                    -8.3775097087447278e-04
100                                   -5.7544208134503033e-04
101                                    7.6305538192156241e-05
102                                   -2.3409087939491036e-05
103                                    9.5966269608088739e-05
104                                   -2.2829753532245534e-04
105                                    2.0264343474818425e-04
106                                    4.6862546389989101e-04
107                                    8.4011812120515089e-05
108                                   -6.1193680616661306e-05
109                                    6.1685522197270359e-05
110                                   -5.6867621997913620e-05
111                                    1.2665144663371935e-04
112                                    1.5762675042677032e-05
113                                    4.9671471305134940e-05
114                                   -1.4000297372049331e-04
115                                    1.9118224407535869e-04
116                                   -6.7378187770861242e-05
117                                    3.6258689323984128e-06
118                                    5.0851335994750446e-05
119                                   -5.2751428891550933e-05
120                                   -5.8552149311966173e-04
121                                    9.8675814308210597e-04
122                                   -5.6159272667166693e-04
123                                    8.1617765180716506e-05
124                                    1.1399677359139049e-04
125                                   -2.3930614329920052e-04
126                                   -4.6255188870303332e-05
127                                    4.3627092355082858e-04
128                                    2.0302175231218245e-05
129                                   -7.6935354361318264e-05
130                                    6.9298034826581478e-06
131                                   -1.9012723694464273e-05
132                                    1.1712287044800263e-04
133                                    3.6066682577995390e-05
134                                    4.8658728255504546e-05
135                                   -9.0409115400424955e-05
136                                    3.7094349972142948e-04
137                                   -2.9998259327951304e-05
138                                    3.3800682478005162e-05
139                                    4.1818182945629889e-06
140                                    8.3059774444056711e-04
141                                    1.3291228727107668e-03
142                                   -7.1750306373730144e-04
143                                   -1.2378685701912584e-03
144                                   -5.0089346930298762e-04
145                                    2.1894807051592302e-04
146                                    6.1725321135668032e-04
147                                    2.3520509734410245e-04
148                                   -5.5716210124297921e-04
149                                   -2.5571874927993177e-05
150                                    1.5512953025581533e-04
151                                    1.2748667353368326e-04
152                                   -4.2985762311428116e-04
153                                    1.4263420403870519e-04
154                                    3.6527657951035408e-04
155                                    1.8035161786941756e-04
   &Method [&Type "String"] "SCF"
   &Level [&Type "String"] "Relaxed density"
   &Mult [&Type "Integer"] 1
   &State [&Type "Integer"] 0
   &Irrep [&Type "Integer"] 0
$End
$Geometry
   &GeometryIndex 10
   &NAtoms [&Type "Integer"] 52
   &NCorelessECP [&Type "Integer"] 0
   &NGhostAtoms [&Type "Integer"] 0
   &CartesianCoordinates [&Type "Coordinates", &Dim(52,4), &Units "Bohr"] 
              C     13.863364061089    1.235634921872    1.996470613286
              C     11.521107599833    0.008243906794    0.861916182870
              O     11.626463435197   -2.092652808485   -0.096047880338
              N      9.286575377586    1.379026551884    1.005946308684
              C      6.967937355395    0.313961629651    0.109640012832
              C      6.807020919052   -0.838176474414   -2.270248731453
              C      4.518782160569   -1.798727391786   -3.125715731116
              C      2.319965463633   -1.636249478820   -1.647341356878
              C      2.481708683922   -0.487143449272    0.731521879773
              C      4.781375037522    0.462417680896    1.591902282918
              N      0.107680656257   -2.746952608985   -2.587884823926
              C     -2.332601661284   -2.755853764082   -1.584210655141
              C     -3.494322556107   -5.146867598371   -1.432445157752
              C     -5.834359054203   -5.498512519001   -0.340519832572
              C     -7.236160130416   -3.435843282982    0.705677851270
              C     -6.141913070728   -0.970686023416    0.433227526060
              C     -3.744757142064   -0.626681665996   -0.785145474437
              C     -2.867484547030    1.974706593945   -1.426350759821
              O     -0.981315800471    2.340514791069   -2.730592442151
              C     -4.330047047284    4.162406016202   -0.453679481405
              C     -3.447128045730    6.614971648861   -0.924855167020
              C     -4.768329711127    8.689680636367    0.003043168262
              C     -6.986654984199    8.333019354785    1.408283310140
              C     -7.878888990644    5.903976203803    1.872917940215
              C     -6.553468223691    3.805302535842    0.945911890589
              C     -7.553295093115    1.228158365833    1.416407306452
              O     -9.569015122035    1.007407478324    2.599275489840
              N     -9.503078648267   -3.784404450061    1.828519729568
              S     -7.192924605232   -8.575802919342   -0.484550773487
              O     -8.790572567155   -9.040850842652    1.738023234810
              O     -8.234254065088   -9.092532660409   -2.988191353058
              O     -4.571937241653  -10.216921495797   -0.133272765666
              C      9.168593378950    3.795157947964    2.351755431521
              H     13.584073699152    1.761297445324    3.980418243573
              H     14.406201389569    2.948056081943    0.963421600579
              H     15.400583013822   -0.129986395647    1.868785291448
              H      8.475743076141   -0.990599164538   -3.442489874290
              H      4.426491270199   -2.670413836699   -4.985708678749
              H      0.832328639170   -0.372402456881    1.942879946224
              H      4.865040137208    1.308151909715    3.460561115287
              H      0.432511791969   -4.152774008459   -3.838603591940
              H     -2.462851756422   -6.777134319936   -2.127788159825
              H     -1.727786055493    6.843165337742   -2.017963436791
              H     -4.080394672470   10.590019101026   -0.363301332882
              H     -8.015110699738    9.956782133458    2.132009566256
              H     -9.599803120595    5.587221178733    2.939913764794
              H    -10.030300399130   -5.543893824828    2.353210691948
              H    -10.282113121491   -2.213215971916    2.609723698162
              H     -5.037502680134  -11.992685508613   -0.351256608724
              H      9.118697543272    3.563648135314    4.414804465587
              H     10.791067039826    4.977226372936    1.868608752786
              H      7.465059121454    4.797810942208    1.764999769067
$End
$SCF_Energy
   &GeometryIndex 10
   &Method [&Type "String"] "SCF"
   &totalEnergy [&Type "ArrayOfDoubles", &Dim (1,1)] "Total energy of each state"
                                                         0

0                                     -1.9006994880665268e+03
   &Mult [&Type "ArrayOfIntegers", &Dim (1,1)] "Multiplicity of each state"
                                                         0

0                                                        1
$End
$DFT_Energy
   &GeometryIndex 10
   &nAlphaEl [&Type "Integer"] 121
   &nBetaEl [&Type "Integer"] 121
   &nTotalEl [&Type "Integer"] 242
   &finalEn [&Type "Double"]      -1.9006994880665268e+03  "No Van der Waals correction"
   &eExchange [&Type "Double"]      -1.7527137358675498e+02
   &eCorr [&Type "Double"]      -9.9929135955153665e+00
   &eXC [&Type "Double"]      -1.8526428718227035e+02
   &eCNL [&Type "Double"]       0.0000000000000000e+00
$End
$SCF_Timings
   &GeometryIndex 10
   &TOTAL [&Type "Double"]       6.0272627000000000e+01
   &PREP [&Type "Double"]       6.8447399999999992e-01
   &FOCK [&Type "Double"]       5.5877123999999995e+01
   &DENS [&Type "Double"]       1.6037199999999530e-01
   &ETOT [&Type "Double"]       6.2833000000005690e-02
   &POP [&Type "Double"]       9.9999999747524271e-07
   &TRAFO [&Type "Double"]       2.3397800000000046e-01
   &DIIS [&Type "Double"]       7.2685099999999814e-01
   &SOSCF [&Type "Double"]       5.4125400000000568e-01
   &XC [&Type "Double"]       5.4521340000000027e+00
   &FOCKSTART [&Type "Double"]       2.5356000000000045e-02
   &INT_PREP [&Type "Double"]       7.9999999886837259e-06
   &INT_BF [&Type "Double"]       1.5547569999999755e+00
   &INT_DENS [&Type "Double"]       1.4307990000000848e+00
   &INT_DENSIO [&Type "Double"]       1.6927556363100043e+05
   &INT_FUNC [&Type "Double"]       1.6105900000005224e-01
   &INT_POT [&Type "Double"]       1.2125990000000302e+00
   &INT_POTIO [&Type "Double"]       4.2032999999930709e-02
   &INT_SUM [&Type "Double"]       1.8839999999862300e-03
   &SPLITRIJ [&Type "Double"]       7.4413719999999852e+00
   &COSX [&Type "Double"]       4.5280071000000000e+01
$End
$Single_Point_Data
   &GeometryIndex 10
   &FinalEnergy [&Type "Double"]      -1.9006994880665268e+03  "Final single point energy"
   &Converged [&Type "Boolean"] true
$End
$SCF_Nuc_Gradient
   &GeometryIndex 10
   &NAtoms [&Type "Integer"] 52
   &gradNorm [&Type "Double"]       1.1612347325515762e-02
   &grad [&Type "ArrayOfDoubles", &Dim (156,1)] 
                                                         0

0                                     -2.2723706723018142e-04
1                                     -9.3032065176177139e-04
2                                     -3.0651934064250541e-04
3                                      1.2757190431169491e-03
4                                      2.0122634387340632e-03
5                                     -1.7157447703995965e-03
6                                     -5.8299128337790940e-04
7                                      2.5422662973151322e-04
8                                      1.6746418948429265e-03
9                                     -6.8947549152023960e-04
10                                    -1.5824817156790821e-03
11                                     3.9757267175845323e-04
12                                     8.5181622069968599e-05
13                                    -2.7561622421651277e-04
14                                    -1.2586352434925674e-03
15                                     5.3287592092546299e-04
16                                     5.3323194259259632e-04
17                                     2.2432915760950412e-04
18                                    -9.1146858315722945e-04
19                                    -4.7882682113442598e-04
20                                     7.8863107977333868e-06
21                                    -3.4296323723945199e-04
22                                    -3.1214591607694325e-04
23                                    -6.2702846611575880e-04
24                                     1.3285241386870594e-04
25                                    -3.4392541546259675e-04
26                                     3.5676650547206146e-04
27                                    -3.3867063135621656e-05
28                                    -2.0663774275911373e-06
29                                     4.4540810215487614e-04
30                                     1.5167018934764895e-03
31                                    -1.0547123289352811e-03
32                                     1.9838510229818404e-03
33                                    -7.1894738464561847e-04
34                                    -5.3660039764008571e-05
35                                    -8.4938758362174821e-04
36                                     7.6909390242657638e-04
37                                     7.2206631223363515e-04
38                                    -1.2083049943387159e-03
39                                    -6.3848019650031285e-04
40                                    -1.9310908168117813e-03
41                                     1.2842356300614838e-03
42                                     7.7447072450885501e-04
43                                    -1.2520517649207419e-04
44                                    -1.5592962888317519e-03
45                                    -1.9835919058971418e-03
46                                     5.7169741841778254e-05
47                                     2.2791130388039454e-03
48                                     2.8482991563043430e-03
49                                     1.0785556854285838e-03
50                                    -9.8663131601533106e-04
51                                    -3.0809296366695049e-03
52                                    -2.9554649149556023e-04
53                                    -9.7275640323910006e-04
54                                    -2.3871670349739915e-04
55                                     2.0342420763394542e-04
56                                     4.7644578094113710e-04
57                                     1.4133488611016501e-03
58                                    -2.2958205571145529e-04
59                                    -3.2047047190628120e-04
60                                    -3.7111696738117983e-05
61                                    -3.5106841037001180e-04
62                                     2.4235447566238466e-04
63                                     5.4463237515404994e-04
64                                    -1.7106267067451553e-04
65                                    -3.6106889671495487e-04
66                                    -4.3646985171739983e-04
67                                    -2.8282700077561507e-04
68                                     2.6956998349803030e-04
69                                     2.0830090661339007e-04
70                                    -2.9058479866470380e-04
71                                    -2.6067367603754832e-04
72                                    -1.0009333214269500e-03
73                                    -3.5239331325306877e-05
74                                     2.4574110522605080e-04
75                                    -4.1450696598993586e-04
76                                     1.2593532803936366e-05
77                                     9.8482645094732923e-04
78                                     1.0304329843802695e-03
79                                    -2.6817176174904374e-03
80                                    -1.1375745296258732e-03
81                                    -2.2983001119637470e-03
82                                     1.1498360393001738e-03
83                                     3.5704387389255861e-04
84                                     4.3119354510299246e-03
85                                     9.1216832341052545e-04
86                                    -1.6577131257196620e-03
87                                    -1.6294801802219372e-03
88                                    -1.0685447890372984e-03
89                                     1.2853441997418003e-03
90                                    -1.7352512999087577e-03
91                                     8.5768007776347577e-04
92                                    -8.0393753572605142e-05
93                                     3.7492018877074984e-04
94                                     1.0583649059119626e-03
95                                     1.8184690559142069e-05
96                                     1.8611772431791768e-04
97                                     1.5727720044895338e-04
98                                     5.6232723708339941e-04
99                                    -3.9048762446857593e-04
100                                   -1.8714122592609211e-04
101                                    1.6618217805547397e-05
102                                   -1.5938205015766926e-04
103                                   -3.0116259308018978e-04
104                                   -3.3022765685786215e-05
105                                   -4.2843182864626961e-05
106                                    4.3905295296088609e-04
107                                    2.5014935261307401e-04
108                                   -1.9721288236163037e-04
109                                    1.2351424115257525e-04
110                                    3.1191112403558541e-05
111                                    2.1777139790765850e-04
112                                   -9.1873017424928816e-05
113                                   -1.4804869085088823e-05
114                                    3.2004688034470430e-04
115                                    1.9375551297677943e-05
116                                    8.6391981340069868e-05
117                                    2.5008771113605235e-05
118                                    1.5301675436193984e-04
119                                   -1.4779223493549543e-05
120                                   -4.3300904365974058e-04
121                                    9.2461156383794041e-04
122                                    7.0553774515758061e-05
123                                    1.1445242212569651e-04
124                                   -2.1149599746583814e-05
125                                   -1.6458572532977722e-04
126                                   -3.7843277335608549e-05
127                                    4.3149466640889089e-04
128                                    3.4527869308825787e-06
129                                   -2.0845590672793901e-05
130                                    6.7948642516385549e-05
131                                   -4.4678182800926558e-05
132                                    4.8845859493398813e-05
133                                    5.6559437803305190e-05
134                                    7.6020720915823126e-05
135                                    2.8557191105171853e-06
136                                    3.6838971744048571e-04
137                                   -8.0686868451931848e-05
138                                    7.3822725582010917e-04
139                                    1.0602781247147919e-03
140                                    7.7305886076170505e-04
141                                    1.4722296089542675e-03
142                                    3.3273786473428379e-04
143                                   -1.0786447444471325e-03
144                                   -8.3969670137203078e-04
145                                    2.8704792598097106e-04
146                                    5.7248578088452823e-04
147                                    1.6482867039674040e-04
148                                   -1.5891239737195889e-04
149                                   -1.7272128697326528e-04
150                                   -2.6429494258248254e-04
151                                   -4.3489109074257293e-05
152                                   -2.5067383957790013e-04
153                                    2.7718736473270056e-04
154                                    2.7066971852410249e-05
155                                    1.8123156836654525e-04
   &Method [&Type "String"] "SCF"
   &Level [&Type "String"] "Relaxed density"
   &Mult [&Type "Integer"] 1
   &State [&Type "Integer"] 0
   &Irrep [&Type "Integer"] 0
$End
$Geometry
   &GeometryIndex 11
   &NAtoms [&Type "Integer"] 52
   &NCorelessECP [&Type "Integer"] 0
   &NGhostAtoms [&Type "Integer"] 0
   &CartesianCoordinates [&Type "Coordinates", &Dim(52,4), &Units "Bohr"] 
              C     13.894356470634    1.216015144944    1.956867669414
              C     11.537654405458   -0.004641744845    0.834841208765
              O     11.642630017310   -2.084527671728   -0.169677908256
              N      9.307595442060    1.374777548448    0.994691678084
              C      6.981379388072    0.317841220927    0.106069750043
              C      6.814112480379   -0.859194609016   -2.262462542526
              C      4.519617807926   -1.808684813971   -3.111296748740
              C      2.319340931580   -1.618671831294   -1.637326173036
              C      2.486784956685   -0.444271869828    0.727863640106
              C      4.792537970700    0.496383393554    1.582001584471
              N      0.100523635490   -2.731401010685   -2.569872052750
              C     -2.335939972945   -2.743615081273   -1.558923455943
              C     -3.498174846015   -5.136972308084   -1.416353348315
              C     -5.849941038917   -5.490977237476   -0.357591256608
              C     -7.271803454005   -3.431480309696    0.676503822008
              C     -6.173369763973   -0.964951377605    0.417481372607
              C     -3.759500843353   -0.618822984516   -0.764696218477
              C     -2.853491179465    1.984212714991   -1.369684407803
              O     -0.976017800194    2.350796502427   -2.687555969669
              C     -4.334086150246    4.170927334003   -0.417999635027
              C     -3.448385180937    6.624817600235   -0.878181858210
              C     -4.780151886940    8.697851143753    0.039715486965
              C     -7.012493539698    8.337485522315    1.420948087903
              C     -7.908457528947    5.906794794978    1.871061744299
              C     -6.573101575305    3.810279395374    0.951877915861
              C     -7.597080318380    1.234017150270    1.381169839917
              O     -9.610777629881    1.018597731983    2.575768415217
              N     -9.547760618998   -3.797561838791    1.768874359942
              S     -7.178133102120   -8.588018439428   -0.509807149737
              O     -8.918630051300   -9.004804896335    1.608489581000
              O     -8.019360999857   -9.195591580198   -3.065458105601
              O     -4.572973174504  -10.190740993882    0.073675943829
              C      9.192143571140    3.786280686631    2.348554000990
              H     13.645652692545    1.722302562381    3.949853729307
              H     14.425586559820    2.939562265217    0.935168232884
              H     15.428672193873   -0.150392199509    1.791246657545
              H      8.483714455785   -1.038770125883   -3.429997692047
              H      4.421978954728   -2.697281906221   -4.962949834245
              H      0.836152319883   -0.306932851080    1.935905655906
              H      4.878798675805    1.357707587106    3.443239010572
              H      0.436656496045   -4.187474885998   -3.762104705683
              H     -2.458963077955   -6.768067308287   -2.099333929851
              H     -1.715620997825    6.850603801106   -1.950323219183
              H     -4.088815298386   10.598970186691   -0.315185575784
              H     -8.051028076141    9.959184239299    2.134471646695
              H     -9.642348398276    5.583308376889    2.915003104622
              H    -10.099001995483   -5.572517739576    2.216577888109
              H    -10.345459811698   -2.240729321252    2.572751377381
              H     -4.970779071648  -11.972896222087   -0.215785232661
              H      9.108294207528    3.551321845868    4.410652316238
              H     10.832213998567    4.955658424301    1.894841279014
              H      7.505249789170    4.804295965959    1.738013015840
$End
$SCF_Energy
   &GeometryIndex 11
   &Method [&Type "String"] "SCF"
   &totalEnergy [&Type "ArrayOfDoubles", &Dim (1,1)] "Total energy of each state"
                                                         0

0                                     -1.9006999956473335e+03
   &Mult [&Type "ArrayOfIntegers", &Dim (1,1)] "Multiplicity of each state"
                                                         0

0                                                        1
$End
$DFT_Energy
   &GeometryIndex 11
   &nAlphaEl [&Type "Integer"] 121
   &nBetaEl [&Type "Integer"] 121
   &nTotalEl [&Type "Integer"] 242
   &finalEn [&Type "Double"]      -1.9006999956473335e+03  "No Van der Waals correction"
   &eExchange [&Type "Double"]      -1.7526554045383901e+02
   &eCorr [&Type "Double"]      -9.9926717404539787e+00
   &eXC [&Type "Double"]      -1.8525821219429298e+02
   &eCNL [&Type "Double"]       0.0000000000000000e+00
$End
$SCF_Timings
   &GeometryIndex 11
   &TOTAL [&Type "Double"]       5.8110253999999998e+01
   &PREP [&Type "Double"]       7.4646099999999993e-01
   &FOCK [&Type "Double"]       5.3707879999999996e+01
   &DENS [&Type "Double"]       1.7064999999999486e-01
   &ETOT [&Type "Double"]       6.3712000000011315e-02
   &TRAFO [&Type "Double"]       2.1050300000000099e-01
   &DIIS [&Type "Double"]       7.5232900000000313e-01
   &SOSCF [&Type "Double"]       4.8620199999999691e-01
   &XC [&Type "Double"]       5.3637119999999969e+00
   &FOCKSTART [&Type "Double"]       2.1855000000007951e-02
   &INT_PREP [&Type "Double"]       8.0000000055591158e-06
   &INT_BF [&Type "Double"]       1.5540820000000481e+00
   &INT_DENS [&Type "Double"]       1.4118059999999844e+00
   &INT_DENSIO [&Type "Double"]       1.5093447942100035e+05
   &INT_FUNC [&Type "Double"]       1.6136400000012951e-01
   &INT_POT [&Type "Double"]       1.1767269999999508e+00
   &INT_POTIO [&Type "Double"]       4.2305000000008697e-02
   &INT_SUM [&Type "Double"]       1.7909999999901061e-03
   &SPLITRIJ [&Type "Double"]       7.3285200000000001e+00
   &COSX [&Type "Double"]       4.3345670000000013e+01
$End
$Single_Point_Data
   &GeometryIndex 11
   &FinalEnergy [&Type "Double"]      -1.9006999956473335e+03  "Final single point energy"
   &Converged [&Type "Boolean"] true
$End
$SCF_Nuc_Gradient
   &GeometryIndex 11
   &NAtoms [&Type "Integer"] 52
   &gradNorm [&Type "Double"]       9.1001724380114189e-03
   &grad [&Type "ArrayOfDoubles", &Dim (156,1)] 
                                                         0

0                                      1.1425788485391539e-04
1                                      7.5160775761251575e-05
2                                     -4.9326907078199589e-04
3                                      5.1355465706746928e-05
4                                     -3.3359993822656975e-04
5                                      7.1976436161008683e-04
6                                     -2.8226104359045656e-04
7                                      1.6402857047070896e-06
8                                     -1.0056875287367539e-04
9                                     -1.8698412952670995e-04
10                                    -2.0303727028403440e-04
11                                    -1.0247704305102294e-04
12                                     1.7637385662623573e-04
13                                     4.8575160428672437e-05
14                                    -7.8962993575684703e-04
15                                     1.3369547947136851e-04
16                                     1.3213419352140106e-04
17                                     2.9709303294035705e-04
18                                    -1.5342610089178269e-04
19                                    -9.3490984629907015e-05
20                                     3.5642256388371263e-05
21                                    -5.0153074993353197e-04
22                                    -2.7494539403417201e-04
23                                    -7.5992114222298013e-04
24                                     3.0924181056965483e-04
25                                    -4.5162718065615282e-05
26                                     2.2049199539644904e-04
27                                    -2.3569607796357882e-04
28                                    -2.1816846357612663e-04
29                                     1.6121572815436247e-04
30                                     3.1043785114678174e-04
31                                    -1.9245150766017405e-04
32                                     1.9558423435794385e-03
33                                     3.7100413737373161e-04
34                                     3.4507325099663450e-04
35                                    -5.9650266118073565e-04
36                                    -1.7602680193998244e-04
37                                     1.1842317840948802e-04
38                                    -3.1219608588767267e-04
39                                     1.4886188198356409e-03
40                                    -1.5236509898985950e-03
41                                     7.9646203396961657e-05
42                                    -5.0774877115362244e-04
43                                     9.4981017968202158e-04
44                                    -2.1442536743796793e-04
45                                    -6.8771102104397963e-04
46                                     1.0463699473745036e-05
47                                     1.8962538231247494e-03
48                                     3.1191768221987271e-04
49                                     8.8404922174302458e-04
50                                    -1.1210890567532848e-03
51                                     8.6885118910079440e-04
52                                    -6.0137170839094645e-04
53                                     3.2502454393348867e-03
54                                    -4.6458877486982297e-04
55                                     4.5985522049823979e-04
56                                    -1.5735677314913099e-03
57                                    -1.8791501205941280e-04
58                                    -4.2154558868537362e-05
59                                    -6.8696801217581899e-04
60                                    -2.0561814108716048e-04
61                                    -2.4028742741051545e-04
62                                    -3.2039849226776079e-04
63                                     2.2643667750550656e-04
64                                     2.5996083548932014e-05
65                                    -3.3374569942117016e-05
66                                    -2.6341593214056908e-04
67                                    -1.7069635453850762e-05
68                                     4.1904710365449349e-05
69                                     2.3779665632278624e-04
70                                    -1.9349350822243927e-04
71                                     9.7270610337124586e-05
72                                     5.7112034045131432e-04
73                                     9.5802032828745665e-05
74                                     1.1093390826976968e-03
75                                    -6.7327362219804510e-04
76                                    -2.6062092137617635e-04
77                                    -4.6291557277195472e-03
78                                    -4.6656032919312196e-04
79                                    -1.0523899176474796e-03
80                                     1.9113818255663273e-03
81                                    -3.5117919741051162e-04
82                                    -2.5148618951459090e-03
83                                    -1.2889632769015960e-03
84                                     7.4971627650910477e-05
85                                     4.8979445612788719e-04
86                                    -1.4759498830347953e-03
87                                    -1.2521926324532417e-05
88                                    -2.2635687523632486e-04
89                                     5.2392446849580665e-04
90                                    -5.0888369651846954e-04
91                                     8.2862816907169901e-04
92                                     7.7199087521634402e-04
93                                     9.8791211772142340e-05
94                                     8.3367406339562855e-04
95                                    -5.4004380006716923e-05
96                                    -6.6721699626164782e-05
97                                     1.0113476529339735e-04
98                                     2.9226822770757853e-04
99                                    -1.6434041443907227e-04
100                                   -6.0007450745878932e-05
101                                   -3.0334137724602472e-05
102                                    1.1283445838587702e-04
103                                    2.3644247216125791e-05
104                                    1.1627254248439134e-04
105                                    8.3372831233385902e-05
106                                    9.2486831623314614e-05
107                                    3.9189459345299882e-05
108                                    1.0969791480372471e-04
109                                    4.5163912436613218e-05
110                                   -5.6230936073486948e-05
111                                    1.3450708837453411e-04
112                                   -4.7247907789760291e-05
113                                    8.9421276006917960e-06
114                                    4.6559271490165255e-05
115                                    3.3037753789509627e-05
116                                    5.8603428354925269e-05
117                                    8.5269004360691292e-05
118                                    5.7579527835055488e-05
119                                   -1.1822578753595270e-05
120                                   -1.0324772945143057e-04
121                                    8.8256643873019236e-05
122                                   -2.3085683013587821e-04
123                                    7.5639121812715038e-05
124                                   -8.0123269114440454e-06
125                                   -1.1651224534407756e-04
126                                   -4.2740850942635245e-05
127                                    1.4966455821137717e-04
128                                    9.5266575957791977e-06
129                                    3.0741584175902892e-06
130                                    1.3373445680309182e-05
131                                    4.4048225990266088e-05
132                                    3.6701938668087797e-06
133                                    1.1669941823166941e-05
134                                   -3.5066902983396653e-05
135                                   -1.3204266245875340e-05
136                                    1.5676984063953819e-04
137                                   -2.0878320507011772e-05
138                                    6.5241373630141319e-04
139                                   -2.9866319903371075e-05
140                                    2.9064106000791651e-04
141                                    1.4496837967994947e-04
142                                    1.9836675470102649e-03
143                                    6.1633867271088105e-04
144                                   -5.0256750748417511e-04
145                                    2.2775354845017137e-05
146                                    6.2385502195176634e-04
147                                    1.2941099753153301e-04
148                                    1.2617343426897520e-05
149                                   -7.4204050407034039e-06
150                                   -1.7573384335639597e-04
151                                    1.0722289545816999e-04
152                                   -1.6434169716221525e-04
153                                    7.6096348664012048e-06
154                                   -1.9896998940255317e-05
155                                    5.4232946056310960e-05
   &Method [&Type "String"] "SCF"
   &Level [&Type "String"] "Relaxed density"
   &Mult [&Type "Integer"] 1
   &State [&Type "Integer"] 0
   &Irrep [&Type "Integer"] 0
$End
$Geometry
   &GeometryIndex 12
   &NAtoms [&Type "Integer"] 52
   &NCorelessECP [&Type "Integer"] 0
   &NGhostAtoms [&Type "Integer"] 0
   &CartesianCoordinates [&Type "Coordinates", &Dim(52,4), &Units "Bohr"] 
              C     13.911680716411    1.192433630775    1.931923992458
              C     11.555852882709    0.000040876788    0.772463973903
              O     11.661730260261   -2.069569085608   -0.255220583907
              N      9.323170453980    1.376064814636    0.958219376505
              C      6.989888138860    0.321200768564    0.082376087066
              C      6.810330911640   -0.872378921791   -2.278955707078
              C      4.508162921139   -1.811294077851   -3.117470294621
              C      2.311703574805   -1.601478176083   -1.640738972467
              C      2.490236642912   -0.411529682071    0.714500002758
              C      4.802974743331    0.521798301124    1.558943025654
              N      0.081480208901   -2.712327240414   -2.567458321505
              C     -2.345367917770   -2.731627447122   -1.532389565920
              C     -3.505651931705   -5.126615653008   -1.387473565892
              C     -5.868121385227   -5.484727968840   -0.359030869713
              C     -7.309620283612   -3.426688042482    0.661001902511
              C     -6.200556521315   -0.958947236450    0.421301349279
              C     -3.777960811888   -0.611615441354   -0.739294273757
              C     -2.860343604455    1.990866761024   -1.334578104422
              O     -0.952985294320    2.354239491322   -2.611391764985
              C     -4.338601813310    4.179533967940   -0.382597672814
              C     -3.445278657369    6.633086140256   -0.831545838038
              C     -4.782309561353    8.706985838088    0.078116385569
              C     -7.025171119561    8.347204268613    1.441283727966
              C     -7.926337221859    5.916448251891    1.882524998075
              C     -6.585376974902    3.819232767016    0.971311574749
              C     -7.614660870633    1.244179231504    1.394913169522
              O     -9.661553429689    1.045293520299    2.540564398773
              N     -9.608055767740   -3.796625489418    1.700919866245
              S     -7.131519607121   -8.615565279086   -0.528707273537
              O     -9.070257076325   -8.993752667597    1.414589863803
              O     -7.681021573771   -9.341556855564   -3.132619544944
              O     -4.570875780533  -10.151056882247    0.368830932906
              C      9.205128863960    3.770810318930    2.339822402655
              H     13.655743004889    1.680929178839    3.928757215736
              H     14.465644631409    2.921850969422    0.931016236630
              H     15.435358576262   -0.186863522324    1.761391622177
              H      8.475897399641   -1.071077357228   -3.448560259513
              H      4.399826525109   -2.707378467978   -4.964743398686
              H      0.842669711637   -0.258785002249    1.924905799821
              H      4.894852913733    1.393144303920    3.414866533608
              H      0.429199864544   -4.232277419263   -3.677333149105
              H     -2.460492489060   -6.759929324381   -2.057814689379
              H     -1.704451598933    6.855095239831   -1.891306001400
              H     -4.086687111101   10.607598372730   -0.269865149153
              H     -8.068250256928    9.968758185025    2.147983031222
              H     -9.666327274331    5.590867723854    2.915852368532
              H    -10.214784496593   -5.579834202239    2.038614016814
              H    -10.438938248805   -2.245681212257    2.486564110181
              H     -4.834459100539  -11.932423126548   -0.051500766590
              H      9.068500488317    3.512790857408    4.397041666376
              H     10.870876971528    4.923815171557    1.940739490246
              H      7.545107412570    4.817336811199    1.700869641063
$End
$SCF_Energy
   &GeometryIndex 12
   &Method [&Type "String"] "SCF"
   &totalEnergy [&Type "ArrayOfDoubles", &Dim (1,1)] "Total energy of each state"
                                                         0

0                                     -1.9007004728067882e+03
   &Mult [&Type "ArrayOfIntegers", &Dim (1,1)] "Multiplicity of each state"
                                                         0

0                                                        1
$End
$DFT_Energy
   &GeometryIndex 12
   &nAlphaEl [&Type "Integer"] 121
   &nBetaEl [&Type "Integer"] 121
   &nTotalEl [&Type "Integer"] 242
   &finalEn [&Type "Double"]      -1.9007004728067882e+03  "No Van der Waals correction"
   &eExchange [&Type "Double"]      -1.7525712774321767e+02
   &eCorr [&Type "Double"]      -9.9921693922234578e+00
   &eXC [&Type "Double"]      -1.8524929713544111e+02
   &eCNL [&Type "Double"]       0.0000000000000000e+00
$End
$SCF_Timings
   &GeometryIndex 12
   &TOTAL [&Type "Double"]       6.7603910999999997e+01
   &PREP [&Type "Double"]       7.2363099999999991e-01
   &FOCK [&Type "Double"]       6.3369693000000012e+01
   &DENS [&Type "Double"]       2.4688499999999181e-01
   &ETOT [&Type "Double"]       9.2545000000013644e-02
   &POP [&Type "Double"]       3.0000000066365828e-06
   &TRAFO [&Type "Double"]       2.2885600000000572e-01
   &DIIS [&Type "Double"]       7.4485600000000129e-01
   &SOSCF [&Type "Double"]       8.4262399999999538e-01
   &XC [&Type "Double"]       6.8396540000000234e+00
   &FOCKSTART [&Type "Double"]       2.7497000000001215e-02
   &INT_PREP [&Type "Double"]       1.1999999997236444e-05
   &INT_BF [&Type "Double"]       2.0720419999998461e+00
   &INT_DENS [&Type "Double"]       1.8014660000001586e+00
   &INT_DENSIO [&Type "Double"]       2.5360292653200057e+05
   &INT_FUNC [&Type "Double"]       2.1076699999973947e-01
   &INT_POT [&Type "Double"]       1.3233250000001249e+00
   &INT_POTIO [&Type "Double"]       5.5138000000416909e-02
   &INT_SUM [&Type "Double"]       3.0580000000020036e-03
   &SPLITRIJ [&Type "Double"]       9.1942950000000039e+00
   &COSX [&Type "Double"]       4.8842968999999982e+01
$End
$Single_Point_Data
   &GeometryIndex 12
   &FinalEnergy [&Type "Double"]      -1.9007004728067882e+03  "Final single point energy"
   &Converged [&Type "Boolean"] true
$End
$SCF_Nuc_Gradient
   &GeometryIndex 12
   &NAtoms [&Type "Integer"] 52
   &gradNorm [&Type "Double"]       1.0122977254697907e-02
   &grad [&Type "ArrayOfDoubles", &Dim (156,1)] 
                                                         0

0                                     -1.0642335595655028e-04
1                                     -4.5596599264535742e-05
2                                      5.4369387435947852e-04
3                                      3.8333883709197603e-04
4                                      6.0111915753952028e-04
5                                     -1.3721943588319574e-03
6                                     -9.5342293880286422e-05
7                                     -1.3115647339376757e-03
8                                      4.9192733516556508e-05
9                                     -1.0444040263543619e-04
10                                     7.1404554787145302e-04
11                                     3.9016992919345232e-04
12                                     7.3610125485387701e-05
13                                     1.7203491463997633e-04
14                                    -4.3939388128508283e-05
15                                    -9.3629464217287461e-05
16                                    -2.5335139679034772e-04
17                                     1.5249556054267033e-05
18                                     3.9214158959920836e-04
19                                     2.2498180383972999e-04
20                                     6.6355120584921101e-05
21                                    -2.3212473617281737e-04
22                                    -4.7846705972097447e-05
23                                    -7.3692045851085630e-04
24                                     2.7475214479588672e-04
25                                     2.7983492596567183e-04
26                                     5.7883947049169882e-05
27                                    -4.4138629903109350e-04
28                                    -3.2297927791719722e-04
29                                    -3.3399238690598465e-05
30                                    -8.7224219898036914e-04
31                                     8.0511870435766297e-04
32                                     1.2756405704276927e-03
33                                     8.6187851086784451e-04
34                                     7.4430755605821991e-04
35                                    -8.6615329014709530e-05
36                                    -1.2129769498081949e-03
37                                    -5.1660678638758978e-04
38                                     3.9148841948358215e-04
39                                     2.8752596985226475e-03
40                                    -1.0569758556758652e-03
41                                    -9.4274512866025090e-04
42                                    -3.8778356831667415e-04
43                                     1.6677691260896105e-03
44                                     1.4970881596061136e-03
45                                    -2.6381194004520409e-04
46                                     1.2985223997019624e-04
47                                    -4.3074544787661748e-04
48                                    -8.0809759299225320e-04
49                                     3.9404273673566970e-04
50                                    -9.7200075790480206e-05
51                                    -1.9094077097070450e-04
52                                    -8.0668589948335034e-04
53                                     9.0526505172694449e-04
54                                     1.0899471919071924e-03
55                                     3.7757164047455549e-04
56                                    -9.3697475320320134e-04
57                                    -5.5462589712843013e-04
58                                    -1.8911464521251253e-05
59                                     2.4176085426329263e-04
60                                     1.1870740107278177e-06
61                                    -2.1695061403388671e-04
62                                    -1.9507862110133833e-04
63                                    -2.3368646380757252e-04
64                                     2.8088613037527410e-04
65                                     1.7694329927823299e-04
66                                     5.7648292490102004e-05
67                                     3.2512614271325291e-04
68                                    -6.2750302341763042e-05
69                                    -9.7604828637187779e-06
70                                    -1.5390442454028819e-04
71                                    -8.2787310953111315e-05
72                                     3.3257583193535556e-04
73                                     8.3995488116980765e-05
74                                     1.4089457838822178e-04
75                                     3.6265050101181584e-03
76                                    -3.8250359799961789e-04
77                                    -1.8555806190495572e-03
78                                    -2.9950659076098396e-03
79                                     1.2268980999520750e-03
80                                     1.7209343223402729e-03
81                                    -3.9695726878352655e-04
82                                    -3.7858902064286243e-03
83                                    -1.7277014561890291e-03
84                                    -1.7046033065656330e-03
85                                     7.9474361972757535e-04
86                                    -1.9032935386656888e-03
87                                     7.8560189927168178e-04
88                                    -6.3876894454914512e-04
89                                     3.7135490443096497e-04
90                                    -2.2565838432074548e-04
91                                     4.3176658946109114e-04
92                                     9.8915932978455023e-04
93                                     1.2649949613921518e-04
94                                     1.4228416864847659e-04
95                                    -9.0747973822968842e-06
96                                    -2.8584344602047840e-04
97                                    -2.3686078360110954e-04
98                                     2.8882578653318530e-04
99                                     1.9481296028497908e-04
100                                    1.4188411785560906e-04
101                                    1.8694920838274731e-04
102                                    5.3814966491275151e-05
103                                    1.5873863021548251e-04
104                                   -7.2037974309657749e-06
105                                    2.5273597281078031e-04
106                                   -2.7891340343876025e-04
107                                    1.5258189129681299e-05
108                                    1.3144396349501486e-04
109                                   -2.7562923723009614e-05
110                                   -5.6282454024420003e-05
111                                    5.5466181689139971e-05
112                                    2.5213423090836296e-05
113                                    3.2006429725423002e-05
114                                   -7.0492794994880814e-05
115                                    3.5693778399854825e-05
116                                    9.9963176237033435e-06
117                                    1.1333965769193266e-04
118                                   -5.1585275745530401e-05
119                                   -2.4310999936855149e-05
120                                    1.5261558469695929e-04
121                                   -7.9046572776886315e-04
122                                   -1.7183386237651366e-04
123                                   -2.4221918327155256e-05
124                                   -9.3019382990833233e-05
125                                   -6.9411855922123233e-05
126                                   -2.9913315337748436e-05
127                                   -3.2685514259188364e-05
128                                    2.8600266112621675e-05
129                                   -4.8395488623911853e-05
130                                   -5.3618021650519987e-05
131                                    3.5307027867956253e-05
132                                    3.4571151911924614e-05
133                                   -4.0720476928601812e-05
134                                   -5.5598392271705155e-05
135                                   -5.4956631861946548e-05
136                                    1.1511075466305587e-05
137                                    5.8839904940211074e-05
138                                    2.5179562680009704e-04
139                                   -1.1225924404861809e-03
140                                   -2.5781249531069139e-04
141                                   -5.4093015626888175e-04
142                                    2.5552693542766347e-03
143                                    1.0748148222009674e-03
144                                   -2.9312518842909696e-05
145                                   -3.9213572603571945e-04
146                                    6.3909089153963566e-04
147                                    7.7799227726105258e-05
148                                    8.0514068521400639e-05
149                                    1.7688003409127573e-04
150                                    5.0511836101108099e-05
151                                    2.8542764979917756e-04
152                                   -1.1578422856080295e-04
153                                   -2.3622941742340586e-04
154                                   -1.1934751136699617e-05
155                                   -1.0440475871976995e-04
   &Method [&Type "String"] "SCF"
   &Level [&Type "String"] "Relaxed density"
   &Mult [&Type "Integer"] 1
   &State [&Type "Integer"] 0
   &Irrep [&Type "Integer"] 0
$End
$Geometry
   &GeometryIndex 13
   &NAtoms [&Type "Integer"] 52
   &NCorelessECP [&Type "Integer"] 0
   &NGhostAtoms [&Type "Integer"] 0
   &CartesianCoordinates [&Type "Coordinates", &Dim(52,4), &Units "Bohr"] 
              C     13.909224898864    1.198465980907    1.884802724258
              C     11.553271947147    0.000620360363    0.730441954489
              O     11.682321653749   -2.027841281906   -0.372679313203
              N      9.309881912988    1.352846807350    0.955476438622
              C      6.977488296769    0.301332300756    0.073285958239
              C      6.795580044764   -0.876559589653   -2.297385636322
              C      4.491548861077   -1.804560992441   -3.142627119537
              C      2.296312104986   -1.601781046852   -1.664824885853
              C      2.475554820729   -0.429337303057    0.697436525501
              C      4.789173508270    0.497660092980    1.548492775706
              N      0.058191587838   -2.692672806436   -2.613486611908
              C     -2.361271706371   -2.718510529235   -1.559300029244
              C     -3.518273040939   -5.113338319829   -1.394851098467
              C     -5.885876941659   -5.473674909717   -0.374492326805
              C     -7.340986828315   -3.412607361710    0.621161436319
              C     -6.221501398215   -0.948603910616    0.388894597531
              C     -3.796232460410   -0.600609374796   -0.761585211333
              C     -2.874104293061    2.002336140529   -1.348185140682
              O     -0.950271816482    2.364040104242   -2.599142136036
              C     -4.341457620424    4.190958460084   -0.379478932401
              C     -3.433708959900    6.643787459686   -0.802342554134
              C     -4.762448888979    8.715507388909    0.124152163628
              C     -7.009240651119    8.353819331047    1.480314481729
              C     -7.923773521750    5.923652529795    1.897157386536
              C     -6.592439257965    3.828608975163    0.967013188837
              C     -7.631595249634    1.254066647808    1.369279701411
              O     -9.677528003030    1.053663456117    2.513903766286
              N     -9.644508003852   -3.763892301949    1.651601860628
              S     -7.058626928038   -8.644574401584   -0.522372522517
              O     -9.230103650653   -8.969613951478    1.164591658157
              O     -7.228011260418   -9.538544546839   -3.127584683760
              O     -4.601717676893  -10.062242148863    0.778035823838
              C      9.179918047901    3.714222487857    2.390509189107
              H     13.679225876214    1.643367090641    3.894476254675
              H     14.428218265851    2.953381129647    0.909681127951
              H     15.445695982035   -0.158498520658    1.661015784956
              H      8.459194244597   -1.068979061653   -3.469546836620
              H      4.379311338523   -2.680924469158   -4.999025711111
              H      0.827923547583   -0.281830976589    1.908058610009
              H      4.878180341178    1.358314850448    3.409266970291
              H      0.416705920248   -4.262006395566   -3.648992818172
              H     -2.468214490632   -6.751856933732   -2.045322695695
              H     -1.689289561448    6.866550201240   -1.856184182289
              H     -4.056413547550   10.615775115025   -0.204449987472
              H     -8.045358660337    9.973615120649    2.201302866578
              H     -9.665674210207    5.596867100544    2.926615658607
              H    -10.298577283263   -5.541098785383    1.920963338477
              H    -10.482259127758   -2.207946207023    2.405921227914
              H     -4.648095435390  -11.830090644536    0.237470910707
              H      8.975870575760    3.408547890688    4.435654972158
              H     10.873557349150    4.849597541526    2.071826243727
              H      7.555209386263    4.800592188366    1.726667832070
$End
$SCF_Energy
   &GeometryIndex 13
   &Method [&Type "String"] "SCF"
   &totalEnergy [&Type "ArrayOfDoubles", &Dim (1,1)] "Total energy of each state"
                                                         0

0                                     -1.9007008790575544e+03
   &Mult [&Type "ArrayOfIntegers", &Dim (1,1)] "Multiplicity of each state"
                                                         0

0                                                        1
$End
$DFT_Energy
   &GeometryIndex 13
   &nAlphaEl [&Type "Integer"] 121
   &nBetaEl [&Type "Integer"] 121
   &nTotalEl [&Type "Integer"] 242
   &finalEn [&Type "Double"]      -1.9007008790575544e+03  "No Van der Waals correction"
   &eExchange [&Type "Double"]      -1.7525854952688013e+02
   &eCorr [&Type "Double"]      -9.9922873669699115e+00
   &eXC [&Type "Double"]      -1.8525083689385005e+02
   &eCNL [&Type "Double"]       0.0000000000000000e+00
$End
$SCF_Timings
   &GeometryIndex 13
   &TOTAL [&Type "Double"]       6.4684443999999999e+01
   &PREP [&Type "Double"]       7.3032799999999998e-01
   &FOCK [&Type "Double"]       6.0091473999999984e+01
   &DENS [&Type "Double"]       2.2068499999999602e-01
   &ETOT [&Type "Double"]       8.2951000000016428e-02
   &POP [&Type "Double"]       9.9999999747524271e-07
   &TRAFO [&Type "Double"]       2.2465000000000224e-01
   &DIIS [&Type "Double"]       7.6922200000000451e-01
   &SOSCF [&Type "Double"]       7.5110199999999949e-01
   &XC [&Type "Double"]       6.3586049999999936e+00
   &FOCKSTART [&Type "Double"]       2.8835000000008937e-02
   &INT_PREP [&Type "Double"]       5.9999999937332404e-06
   &INT_BF [&Type "Double"]       1.7646190000001294e+00
   &INT_DENS [&Type "Double"]       1.6004769999996578e+00
   &INT_DENSIO [&Type "Double"]       2.2454362880800045e+05
   &INT_FUNC [&Type "Double"]       1.8602300000031491e-01
   &INT_POT [&Type "Double"]       1.2271679999995824e+00
   &INT_POTIO [&Type "Double"]       5.0664000000068654e-02
   &INT_SUM [&Type "Double"]       1.9720000000038596e-03
   &SPLITRIJ [&Type "Double"]       9.0462910000000019e+00
   &COSX [&Type "Double"]       4.6761097999999997e+01
$End
$Single_Point_Data
   &GeometryIndex 13
   &FinalEnergy [&Type "Double"]      -1.9007008790575544e+03  "Final single point energy"
   &Converged [&Type "Boolean"] true
$End
$SCF_Nuc_Gradient
   &GeometryIndex 13
   &NAtoms [&Type "Integer"] 52
   &gradNorm [&Type "Double"]       9.3129408665713759e-03
   &grad [&Type "ArrayOfDoubles", &Dim (156,1)] 
                                                         0

0                                     -1.2444733489386933e-04
1                                      5.4328272096739773e-04
2                                     -9.3977393001241222e-05
3                                     -4.9725897594637969e-04
4                                     -1.4253075113416225e-03
5                                      1.4558183378699241e-03
6                                      2.9654361187182732e-04
7                                     -2.1882144418872151e-04
8                                     -1.0442805717899295e-03
9                                      2.4873060304062000e-04
10                                     1.2677841101307874e-03
11                                    -3.2812198395291113e-04
12                                     1.2961022234356245e-04
13                                     1.5386168718474480e-04
14                                     4.4540789730811853e-04
15                                    -1.8123785711486595e-04
16                                    -3.3944576824489897e-04
17                                    -1.9400931977400782e-04
18                                     3.8823449990555564e-04
19                                     2.1552021032364421e-04
20                                     9.1816590958790356e-05
21                                     1.8587917501207418e-04
22                                    -4.2799745670426756e-04
23                                    -3.5526076861518846e-04
24                                     1.1676056153087089e-04
25                                     2.6584455980094984e-04
26                                    -1.8045593761756296e-05
27                                    -3.6032812012741153e-04
28                                    -1.5857870009604313e-04
29                                    -2.0047624353330962e-04
30                                    -1.5231802297600572e-03
31                                     1.6095251998973215e-03
32                                     2.5299932870704450e-04
33                                     1.4972205482480933e-03
34                                     9.7235849922754081e-04
35                                    -6.5990229420524044e-04
36                                    -1.2634436978155306e-03
37                                    -1.2220645186799134e-03
38                                     2.0142563240677092e-04
39                                     3.0404171235757088e-03
40                                    -6.7694989119204685e-04
41                                    -1.1738570783224878e-04
42                                    -5.9187180014754620e-04
43                                     2.4759164881825238e-03
44                                     8.9268317718305470e-04
45                                    -2.1079771328472163e-04
46                                    -6.8245992718729553e-04
47                                    -3.8258049785158676e-04
48                                    -6.5773770849187480e-04
49                                     4.3839322633568156e-04
50                                     1.0275632022036098e-03
51                                    -1.1239905698589014e-03
52                                    -8.4188428769921275e-04
53                                    -1.2845217730345360e-03
54                                     1.3492608924995930e-03
55                                     1.4095298216190710e-04
56                                     1.0094948222671984e-04
57                                    -1.4854447263389775e-04
58                                     1.0235898096425111e-04
59                                     7.4223916156242881e-04
60                                     5.4766661596178379e-05
61                                    -1.1301567788037092e-04
62                                    -7.8167243380167228e-05
63                                    -2.8228611836358247e-04
64                                     2.4268388784590145e-04
65                                     1.2733180529851673e-04
66                                     1.4787666416972434e-04
67                                     2.9274432324678801e-04
68                                    -6.8166284995681281e-05
69                                    -1.2429920187678745e-04
70                                    -1.0978073590245385e-04
71                                    -5.3352864785902177e-05
72                                     2.6289880204981991e-04
73                                    -2.2665453523834644e-05
74                                     2.2206649231303055e-04
75                                     2.5972855845460274e-03
76                                    -5.6744314774705151e-04
77                                    -1.7344993462559688e-03
78                                    -1.9509216419976716e-03
79                                     5.4650184047608241e-04
80                                     1.5504541025071761e-03
81                                    -1.9314900368060106e-03
82                                    -3.1385061920304047e-04
83                                    -7.5579355609846355e-05
84                                    -1.8350200840825948e-03
85                                     9.4425199242789692e-04
86                                    -2.7139477767995773e-03
87                                     7.7164318956207678e-04
88                                    -1.4328629945823401e-03
89                                     3.2522213865410210e-04
90                                    -2.9937086102346105e-04
91                                    -1.3133402577009123e-04
92                                     1.0350793291286631e-03
93                                     4.3697678157569864e-04
94                                    -4.0464828280878384e-05
95                                     1.5434223646890177e-04
96                                    -1.9285543061277680e-04
97                                    -3.3873095715421242e-04
98                                     1.2234355260761637e-05
99                                     1.2428497465859917e-04
100                                    1.2785911871981276e-04
101                                    6.0481355343616761e-05
102                                    1.1251813353745088e-04
103                                    2.6014783000088970e-04
104                                    3.9905544057070030e-05
105                                    1.3232090321957379e-04
106                                   -2.2632959619472981e-04
107                                   -1.3073204787887593e-04
108                                    9.8674080013794185e-06
109                                   -3.1333079819187426e-05
110                                   -5.7730027761021541e-05
111                                    2.2908261962811122e-05
112                                    5.8965381212638945e-05
113                                   -1.2105901951553477e-05
114                                    1.5605380717875761e-05
115                                   -3.2572620286899778e-06
116                                   -4.3821269555349707e-05
117                                    6.7814291199929863e-05
118                                   -7.3220186896177930e-05
119                                   -1.6105205776328901e-05
120                                    2.7392711572714334e-04
121                                   -8.7809074823319566e-04
122                                    6.3268304711822099e-04
123                                   -1.5084597713181658e-04
124                                   -1.1489722165686223e-04
125                                    1.8027595559227949e-04
126                                   -4.3617136828155711e-06
127                                   -5.1523018602162712e-05
128                                    1.9932171554951084e-05
129                                   -2.4454637531701184e-05
130                                   -4.5970440933407186e-05
131                                    9.6073284773061374e-06
132                                    7.1415689342213540e-06
133                                   -4.2963205276025374e-05
134                                   -3.6390756849136174e-05
135                                    7.2189030531077947e-08
136                                   -1.1894099541314568e-05
137                                    4.7855777425026558e-05
138                                    2.6757233251641088e-04
139                                   -7.3842005105745345e-04
140                                   -1.3444246997218467e-04
141                                    5.0473857513980147e-04
142                                    8.7113428186708086e-04
143                                   -1.5439999193489484e-04
144                                    2.5306973336622351e-04
145                                   -4.7108099676360093e-04
146                                    4.1180204666486919e-04
147                                    2.7368414187180917e-05
148                                    2.4246206103709089e-05
149                                    1.5610703413207472e-04
150                                    2.6045221953810427e-04
151                                    2.1024728337783183e-04
152                                   -5.7255998440336464e-05
153                                   -1.2502235088587832e-04
154                                   -1.1943174132625356e-05
155                                   -1.5102491504832144e-04
   &Method [&Type "String"] "SCF"
   &Level [&Type "String"] "Relaxed density"
   &Mult [&Type "Integer"] 1
   &State [&Type "Integer"] 0
   &Irrep [&Type "Integer"] 0
$End
$Geometry
   &GeometryIndex 14
   &NAtoms [&Type "Integer"] 52
   &NCorelessECP [&Type "Integer"] 0
   &NGhostAtoms [&Type "Integer"] 0
   &CartesianCoordinates [&Type "Coordinates", &Dim(52,4), &Units "Bohr"] 
              C     13.894459173542    1.207004162570    1.862996073508
              C     11.548015345767    0.024016142098    0.676159409754
              O     11.692949759234   -1.980441629632   -0.466015534907
              N      9.290452278038    1.341414116058    0.949022439412
              C      6.962787132392    0.289888205397    0.055831335333
              C      6.778013295661   -0.842234255441   -2.337706812371
              C      4.475936074195   -1.767333446205   -3.192046086313
              C      2.287519627257   -1.607193494719   -1.700993893841
              C      2.468210432128   -0.481522653670    0.682480343483
              C      4.778848779241    0.447350109204    1.541709221446
              N      0.045108618515   -2.678541963492   -2.672468170475
              C     -2.366626136699   -2.715239303224   -1.594226422289
              C     -3.523533250007   -5.106610495385   -1.418614386819
              C     -5.895719465632   -5.464823329756   -0.399874206095
              C     -7.342189686529   -3.406737456918    0.602156940555
              C     -6.212373325659   -0.945608150414    0.381335141544
              C     -3.791835009765   -0.598657495901   -0.774497031921
              C     -2.859493416069    2.006983065683   -1.339452313158
              O     -0.949531333869    2.367988866458   -2.608075335053
              C     -4.329437458580    4.195119071323   -0.374671891999
              C     -3.419777420338    6.647859484294   -0.793422541971
              C     -4.748421973251    8.718284964850    0.134653999680
              C     -6.995928311182    8.355501028600    1.489684537536
              C     -7.912055035751    5.925672180393    1.903619214708
              C     -6.581717261047    3.831406727741    0.970716950479
              C     -7.613821299235    1.255148520986    1.382481733965
              O     -9.665966210322    1.050219741091    2.506592537894
              N     -9.630867009792   -3.750092516644    1.660868906631
              S     -7.012730998871   -8.657261780300   -0.519177425932
              O     -9.386903221160   -8.913201361927    0.879540398712
              O     -6.823632521167   -9.693367692272   -3.071933471759
              O     -4.730637954018   -9.978160626204    1.149885829752
              C      9.143466069429    3.661345119987    2.447664899581
              H     13.658040562574    1.611381743198    3.879899385792
              H     14.409489814439    2.980882338757    0.921816423664
              H     15.435348464065   -0.139710117918    1.616609158123
              H      8.437013935499   -1.000794932467   -3.520386164243
              H      4.358555852020   -2.602883477996   -5.066795280323
              H      0.823588776110   -0.365745728732    1.900796766584
              H      4.866708028726    1.275950675864    3.416954315141
              H      0.401678459456   -4.246025738180   -3.710054853292
              H     -2.477069802580   -6.747562768678   -2.069156082048
              H     -1.673903202006    6.871014661429   -1.845005590324
              H     -4.041089788884   10.618756518605   -0.190890432894
              H     -8.031152803092    9.974786283533    2.213556567926
              H     -9.652886234575    5.598135837487    2.934336878980
              H    -10.324051539784   -5.518855042224    1.867514868581
              H    -10.483305538920   -2.195373937176    2.387448611206
              H     -4.564762373411  -11.719368164931    0.551551625518
              H      8.896005108063    3.297705675426    4.478132467068
              H     10.849836062974    4.791581827614    2.197150814092
              H      7.539387970664    4.777950472865    1.783909126760
$End
$SCF_Energy
   &GeometryIndex 14
   &Method [&Type "String"] "SCF"
   &totalEnergy [&Type "ArrayOfDoubles", &Dim (1,1)] "Total energy of each state"
                                                         0

0                                     -1.9007012622462662e+03
   &Mult [&Type "ArrayOfIntegers", &Dim (1,1)] "Multiplicity of each state"
                                                         0

0                                                        1
$End
$DFT_Energy
   &GeometryIndex 14
   &nAlphaEl [&Type "Integer"] 121
   &nBetaEl [&Type "Integer"] 121
   &nTotalEl [&Type "Integer"] 242
   &finalEn [&Type "Double"]      -1.9007012622462662e+03  "No Van der Waals correction"
   &eExchange [&Type "Double"]      -1.7526407438364191e+02
   &eCorr [&Type "Double"]      -9.9926442014833512e+00
   &eXC [&Type "Double"]      -1.8525671858512527e+02
   &eCNL [&Type "Double"]       0.0000000000000000e+00
$End
$SCF_Timings
   &GeometryIndex 14
   &TOTAL [&Type "Double"]       6.5768689000000009e+01
   &PREP [&Type "Double"]       7.4411800000000006e-01
   &FOCK [&Type "Double"]       6.1807744999999997e+01
   &DENS [&Type "Double"]       2.2232699999998573e-01
   &ETOT [&Type "Double"]       8.8285999999990317e-02
   &POP [&Type "Double"]       1.0000000116860974e-06
   &TRAFO [&Type "Double"]       2.2166399999999697e-01
   &DIIS [&Type "Double"]       7.1916699999999878e-01
   &SOSCF [&Type "Double"]       8.1114800000000553e-01
   &XC [&Type "Double"]       6.8559069999999940e+00
   &FOCKSTART [&Type "Double"]       2.6596999999996096e-02
   &INT_PREP [&Type "Double"]       1.0000000001397780e-05
   &INT_BF [&Type "Double"]       2.1215999999995354e+00
   &INT_DENS [&Type "Double"]       1.7511300000002636e+00
   &INT_DENSIO [&Type "Double"]       2.4872724869500051e+05
   &INT_FUNC [&Type "Double"]       2.1145599999963505e-01
   &INT_POT [&Type "Double"]       1.2362850000001417e+00
   &INT_POTIO [&Type "Double"]       5.6583000000030026e-02
   &INT_SUM [&Type "Double"]       2.2959999999985214e-03
   &SPLITRIJ [&Type "Double"]       9.0385340000000145e+00
   &COSX [&Type "Double"]       4.7306742999999990e+01
$End
$Single_Point_Data
   &GeometryIndex 14
   &FinalEnergy [&Type "Double"]      -1.9007012622462662e+03  "Final single point energy"
   &Converged [&Type "Boolean"] true
$End
$SCF_Nuc_Gradient
   &GeometryIndex 14
   &NAtoms [&Type "Integer"] 52
   &gradNorm [&Type "Double"]       7.8768941170159739e-03
   &grad [&Type "ArrayOfDoubles", &Dim (156,1)] 
                                                         0

0                                     -2.1114530429581189e-04
1                                      8.1512987828345762e-05
2                                      4.1440423901372911e-04
3                                     -1.3117126272908786e-04
4                                     -4.1883519107044354e-04
5                                     -6.6818658412468035e-04
6                                      2.9353408853181884e-04
7                                      2.3132988034818558e-04
8                                      2.4686721732647410e-04
9                                      2.0180122739292539e-04
10                                     5.7475891636753901e-04
11                                    -1.0763491618658722e-04
12                                     5.6443064170588753e-05
13                                     8.0502052640353539e-05
14                                     7.9733923975325305e-04
15                                    -9.6005578660462998e-05
16                                    -2.1994339874815277e-04
17                                    -4.9016442061181054e-04
18                                    -1.1724225429651791e-05
19                                     1.1243543765415698e-04
20                                     5.4233458926189471e-05
21                                     1.0200627926809647e-03
22                                    -3.1226581960869595e-04
23                                     4.9327540116268775e-04
24                                    -1.3568026346828799e-04
25                                     9.6515241348751890e-05
26                                    -1.4982474136604473e-04
27                                    -4.7528072392777343e-05
28                                     1.4683409807884906e-04
29                                    -2.7919418736700730e-04
30                                    -1.4807219773014108e-03
31                                     1.3596388726574010e-03
32                                    -1.1902038085612188e-03
33                                     1.0198960880780789e-03
34                                     9.4679733310757547e-04
35                                    -6.8271104049597194e-04
36                                    -6.6522844048769181e-04
37                                    -1.2474003952443330e-03
38                                     2.2699251695358635e-04
39                                     1.5327060852012853e-03
40                                     3.8357292775148544e-04
41                                     1.2558415184192040e-03
42                                    -5.2873202864515967e-04
43                                     1.7921603602035659e-03
44                                    -6.4411256769692990e-04
45                                    -7.0176969180379273e-04
46                                    -1.3311882285577323e-03
47                                    -9.6539461241980026e-04
48                                    -7.1349217742174009e-04
49                                     2.5565365685703556e-04
50                                     3.1860562930428014e-04
51                                     1.1546261376785827e-03
52                                    -4.9114221135043712e-04
53                                     8.5757554584756090e-04
54                                    -1.7846846868357913e-04
55                                    -3.3973514151477979e-04
56                                    -2.4474813668490247e-04
57                                    -3.1031323398751642e-04
58                                     2.5067773500092594e-04
59                                    -4.2608626608103828e-04
60                                     6.3684114638806744e-05
61                                     1.0605954731951472e-04
62                                     9.4616809156795878e-05
63                                    -1.2922541501252105e-04
64                                     3.3010326924431954e-06
65                                     5.3863787543198538e-05
66                                     1.8812413113090953e-04
67                                     4.4851189109074152e-05
68                                    -1.5430403067728804e-05
69                                    -1.7668022342123835e-04
70                                     6.3331899743874695e-05
71                                     6.7072792643646517e-05
72                                    -6.4738825911465903e-04
73                                    -1.1639326243681469e-04
74                                    -7.3717976709663374e-04
75                                     1.7567835528578546e-03
76                                    -5.2801140880333330e-04
77                                     2.5127598795471606e-03
78                                    -2.3984527718745596e-04
79                                    -3.4979786634762103e-04
80                                    -8.4849028206246402e-04
81                                    -1.9249196966185100e-03
82                                     1.8556259576446160e-03
83                                     6.7193474118441496e-04
84                                    -1.6654715027694111e-03
85                                     3.1710371557563954e-04
86                                    -2.1210390479634855e-03
87                                     2.5125722577024057e-04
88                                    -7.1977351742141121e-04
89                                     1.0978473102191133e-04
90                                    -4.6763237379381095e-04
91                                    -5.6303461224904705e-04
92                                     3.5377426905536247e-04
93                                     9.1828866234780482e-04
94                                    -4.3215931976647859e-05
95                                     9.4571546675914497e-05
96                                     3.5894022215050836e-05
97                                    -3.1407140772646627e-04
98                                     8.3735632679375616e-05
99                                     1.6691129512396222e-04
100                                    1.3761361310156428e-04
101                                   -2.0051973394719091e-05
102                                   -9.4335412299612065e-05
103                                   -1.4655237853267167e-05
104                                   -1.6544903177054260e-05
105                                   -9.6746607560732611e-05
106                                   -5.6621466003575760e-05
107                                   -4.5354459893474919e-05
108                                   -2.0439166136168585e-04
109                                   -2.4956358512653182e-05
110                                    2.4912837479268424e-05
111                                   -3.3426062445936905e-05
112                                    6.9433915293903858e-05
113                                   -5.0116350200801740e-05
114                                    1.7868620950323155e-05
115                                   -2.9813484267360649e-05
116                                   -6.4256657265587824e-05
117                                   -1.3551122196163445e-05
118                                   -3.1994340865149073e-05
119                                    1.9927320731555342e-05
120                                    3.7806465351949287e-04
121                                   -5.0400747416884384e-04
122                                    9.2510986701746512e-04
123                                   -1.6396214475883353e-04
124                                   -7.1044548850374145e-05
125                                    5.1177599146199487e-04
126                                    4.1389081543413697e-05
127                                   -5.5634540863651327e-05
128                                    1.3596907128834990e-05
129                                    1.9936252378435770e-05
130                                   -9.9247975048344372e-06
131                                   -3.3578506009730030e-05
132                                   -3.6020977804418486e-05
133                                   -2.3484742590673680e-05
134                                    4.1928368610666400e-06
135                                    8.0908947049651569e-05
136                                   -3.6320081202176335e-05
137                                    1.4789979531110165e-05
138                                    4.4387643312257530e-04
139                                   -1.4223267406077156e-06
140                                    3.5963338259369093e-04
141                                    8.9652889031915928e-04
142                                   -8.4923842891798662e-04
143                                   -9.0232721916634617e-04
144                                    4.2408147956158465e-04
145                                   -1.3855411289109831e-04
146                                    1.5552881010899577e-04
147                                   -2.1757940636191186e-05
148                                    5.9096542855248402e-05
149                                    1.9521117667786747e-05
150                                    1.0352049791653717e-04
151                                   -5.5355236705967314e-05
152                                    5.3554922168901065e-05
153                                    6.1147852946918935e-05
154                                   -7.0971606796671471e-05
155                                   -1.0716217535280265e-04
   &Method [&Type "String"] "SCF"
   &Level [&Type "String"] "Relaxed density"
   &Mult [&Type "Integer"] 1
   &State [&Type "Integer"] 0
   &Irrep [&Type "Integer"] 0
$End
$Geometry
   &GeometryIndex 15
   &NAtoms [&Type "Integer"] 52
   &NCorelessECP [&Type "Integer"] 0
   &NGhostAtoms [&Type "Integer"] 0
   &CartesianCoordinates [&Type "Coordinates", &Dim(52,4), &Units "Bohr"] 
              C     13.897791029020    1.177571034781    1.813170221872
              C     11.548341544988    0.032347619562    0.599602617765
              O     11.704621827436   -1.904357823847   -0.651408543744
              N      9.275655568071    1.295944566110    0.972044867809
              C      6.951080281974    0.265469988803    0.049853765661
              C      6.755623896404   -0.753679282545   -2.393181389617
              C      4.454376968637   -1.660219047771   -3.271019715952
              C      2.280023427281   -1.588499187457   -1.755163576496
              C      2.471222412364   -0.579201960706    0.678023836486
              C      4.780093757147    0.334481823680    1.560430113502
              N      0.033049734802   -2.624809639815   -2.761988689661
              C     -2.369927589266   -2.685472862844   -1.653517639590
              C     -3.508089445687   -5.077759185009   -1.459789088307
              C     -5.879557441487   -5.447928749092   -0.432303523375
              C     -7.314148067485   -3.406066708912    0.597058793388
              C     -6.201755819104   -0.933337074895    0.362986109177
              C     -3.797676665264   -0.575227610049   -0.818509614752
              C     -2.893583755915    2.040198213356   -1.400337781635
              O     -0.981997655102    2.410348700713   -2.659277271105
              C     -4.359196070630    4.220188007664   -0.415597329672
              C     -3.453381795326    6.675973735756   -0.825259250226
              C     -4.780479559818    8.739069771899    0.118758036839
              C     -7.022524992098    8.366326794291    1.480666484701
              C     -7.934512069470    5.934081468642    1.886458684104
              C     -6.604937745492    3.846106345585    0.938800421179
              C     -7.620468133623    1.264330133757    1.359921195843
              O     -9.659949777163    1.045210260277    2.491974950522
              N     -9.565889895467   -3.764953841161    1.718728960045
              S     -6.908853271284   -8.668948893242   -0.485926420510
              O     -9.512111796749   -8.856696389962    0.431370514799
              O     -6.207355354495   -9.890605055460   -2.865442867822
              O     -4.977740693729   -9.823887026572    1.673036745191
              C      9.117849535734    3.535298199263    2.587570850770
              H     13.684955501926    1.475617912302    3.850506725102
              H     14.381544071173    3.000333100851    0.953443353792
              H     15.447544570472   -0.137880305701    1.477852670152
              H      8.405834424894   -0.841787135257   -3.594801989951
              H      4.325304411846   -2.406891025195   -5.181989115216
              H      0.835658921961   -0.536200102904    1.913582179111
              H      4.873625038510    1.078279148857    3.470518650717
              H      0.376259894641   -4.144876643109   -3.870293196062
              H     -2.459364848927   -6.712936813328   -2.123203693671
              H     -1.713047425378    6.906311963847   -1.884659304329
              H     -4.076831830384   10.642224960739   -0.200026878533
              H     -8.055880016188    9.980803925194    2.218348746602
              H     -9.669842962577    5.598817236869    2.923781180726
              H    -10.306172620323   -5.521449693331    1.821711717507
              H    -10.451264984274   -2.221610735644    2.418612971915
              H     -4.516487067232  -11.524443181883    1.117725368600
              H      8.843240693568    3.063905291366    4.591774944932
              H     10.832144280208    4.664894008140    2.419800997369
              H      7.527187594674    4.695591744491    1.967193199428
$End
$SCF_Energy
   &GeometryIndex 15
   &Method [&Type "String"] "SCF"
   &totalEnergy [&Type "ArrayOfDoubles", &Dim (1,1)] "Total energy of each state"
                                                         0

0                                     -1.9007019783568085e+03
   &Mult [&Type "ArrayOfIntegers", &Dim (1,1)] "Multiplicity of each state"
                                                         0

0                                                        1
$End
$DFT_Energy
   &GeometryIndex 15
   &nAlphaEl [&Type "Integer"] 121
   &nBetaEl [&Type "Integer"] 121
   &nTotalEl [&Type "Integer"] 242
   &finalEn [&Type "Double"]      -1.9007019783568085e+03  "No Van der Waals correction"
   &eExchange [&Type "Double"]      -1.7526908363618310e+02
   &eCorr [&Type "Double"]      -9.9926776723715776e+00
   &eXC [&Type "Double"]      -1.8526176130855467e+02
   &eCNL [&Type "Double"]       0.0000000000000000e+00
$End
$SCF_Timings
   &GeometryIndex 15
   &TOTAL [&Type "Double"]       6.6977687000000003e+01
   &PREP [&Type "Double"]       7.1907100000000002e-01
   &FOCK [&Type "Double"]       6.3133054000000001e+01
   &DENS [&Type "Double"]       2.0067400000000646e-01
   &ETOT [&Type "Double"]       8.0721999999993521e-02
   &TRAFO [&Type "Double"]       1.9985599999999870e-01
   &DIIS [&Type "Double"]       7.1562500000000373e-01
   &SOSCF [&Type "Double"]       7.0737499999999187e-01
   &XC [&Type "Double"]       6.3013650000000139e+00
   &FOCKSTART [&Type "Double"]       2.8649999999997400e-02
   &INT_PREP [&Type "Double"]       5.9999999955095973e-06
   &INT_BF [&Type "Double"]       1.8315290000000273e+00
   &INT_DENS [&Type "Double"]       1.6798759999998252e+00
   &INT_DENSIO [&Type "Double"]       2.2945953352900042e+05
   &INT_FUNC [&Type "Double"]       1.8804700000014662e-01
   &INT_POT [&Type "Double"]       1.3487960000001493e+00
   &INT_POTIO [&Type "Double"]       5.0487999999842437e-02
   &INT_SUM [&Type "Double"]       3.2699999999943330e-03
   &SPLITRIJ [&Type "Double"]       8.6719490000000050e+00
   &COSX [&Type "Double"]       4.9659545999999992e+01
$End
$Single_Point_Data
   &GeometryIndex 15
   &FinalEnergy [&Type "Double"]      -1.9007019783568085e+03  "Final single point energy"
   &Converged [&Type "Boolean"] true
$End
$SCF_Nuc_Gradient
   &GeometryIndex 15
   &NAtoms [&Type "Integer"] 52
   &gradNorm [&Type "Double"]       1.1335526043294984e-02
   &grad [&Type "ArrayOfDoubles", &Dim (156,1)] 
                                                         0

0                                     -1.0123721695752541e-05
1                                     -3.5199380682079950e-04
2                                      1.5966382387449553e-04
3                                      1.2937124426622842e-04
4                                      4.9167994322807385e-05
5                                     -4.8736022140247193e-04
6                                      1.5087934088596489e-04
7                                      1.1512525011131425e-03
8                                      7.9740169095249280e-04
9                                     -2.5704884283157120e-04
10                                    -4.6364885419597490e-04
11                                    -4.2694915692950697e-04
12                                    -9.6031307421612366e-05
13                                    -4.6224645551512511e-05
14                                     8.1875172962552617e-04
15                                     1.8261287553786310e-04
16                                     2.0800719030311839e-04
17                                    -3.3746100808935975e-04
18                                    -7.8197828545183146e-04
19                                    -2.7935745971720272e-04
20                                    -5.6012308129502197e-05
21                                     2.4510282165435410e-03
22                                     5.1186042165395074e-04
23                                     1.7700709627204020e-03
24                                     4.7293998037795104e-05
25                                    -4.5490238843506892e-04
26                                    -2.3857427742829396e-04
27                                     4.8299632864094721e-04
28                                     3.1752504146315141e-04
29                                    -6.1675152872323058e-05
30                                    -1.1308155302744982e-03
31                                    -8.4615498415707702e-05
32                                    -2.5841498708795846e-03
33                                    -1.5869199021940200e-04
34                                     1.0595897658214476e-04
35                                    -3.0448918881493051e-04
36                                     1.3515300117103446e-04
37                                    -3.1839172800560145e-04
38                                     2.7593645567217107e-04
39                                    -2.0972193560539198e-03
40                                     2.0813269184439265e-03
41                                     3.0058498157298566e-03
42                                    -8.3886030602443179e-04
43                                    -9.7343568570490424e-04
44                                    -1.6952408188913026e-03
45                                    -2.2459520215117185e-04
46                                    -9.5335511590214500e-04
47                                    -5.1596287611478664e-04
48                                     6.0666234422438597e-04
49                                    -2.4422160882173194e-04
50                                     9.0403837961419535e-04
51                                    -9.6443031391646450e-04
52                                     6.7575864868663071e-04
53                                    -2.1499844159177939e-03
54                                    -1.0142046893162338e-03
55                                    -6.7658847872971439e-04
56                                     1.1856656497226670e-03
57                                     9.0327768380654011e-04
58                                     8.0062887078680145e-05
59                                    -5.6950603929545318e-05
60                                     5.3946059238516031e-05
61                                     4.4458567539153171e-04
62                                     3.8296046712716497e-04
63                                     1.0083464240744772e-04
64                                    -3.1211159448772674e-04
65                                    -1.2730661822896172e-04
66                                     1.6621175319340986e-04
67                                    -3.2271581014653439e-04
68                                     5.1619096643543139e-06
69                                    -2.0032085223356533e-04
70                                     3.9559768838329235e-04
71                                     3.3188522199051329e-05
72                                    -1.0156724354748042e-03
73                                    -3.5006800201464738e-04
74                                    -5.3029237804291113e-04
75                                    -1.7840265721568438e-03
76                                     2.0320832309822512e-04
77                                     4.1122049819858342e-03
78                                     2.8420872015115228e-03
79                                    -3.0540647864487139e-04
80                                    -2.5161069622494092e-03
81                                    -6.4978319291281172e-04
82                                     3.5912001402935954e-03
83                                     1.4659115904133019e-04
84                                    -8.0125892212427885e-04
85                                    -1.1466889363431765e-05
86                                     1.9875777131414529e-04
87                                    -7.0580112864737643e-04
88                                    -3.1516607020963538e-05
89                                    -8.2482246934389991e-04
90                                    -2.0223295987942258e-05
91                                    -1.4297937006653161e-03
92                                    -9.4508496416506604e-04
93                                     1.6800960781192392e-03
94                                    -3.5864612050795497e-04
95                                    -7.6308141316033806e-04
96                                     4.2939084639410235e-04
97                                     1.3836728467763598e-04
98                                    -6.2389659612777093e-05
99                                     3.1907290633320651e-05
100                                   -2.0852156979660197e-05
101                                   -1.7556288082312688e-04
102                                   -1.8416838325276824e-04
103                                   -2.6434904820429872e-04
104                                   -1.1740306252011612e-04
105                                   -2.8820715874766645e-04
106                                    2.0190407958496637e-04
107                                    3.4658980015391666e-05
108                                   -2.3327276007395481e-04
109                                   -6.2904613470705570e-05
110                                    5.4728527729586141e-05
111                                   -9.9300576732491708e-05
112                                    6.6474681224976129e-06
113                                   -4.2109612071961067e-05
114                                    2.3238863866006931e-04
115                                   -1.1804717171044147e-04
116                                   -1.1870303685893036e-05
117                                   -1.5589210426845967e-04
118                                    3.5548132680113254e-05
119                                    2.4351657286897366e-05
120                                    4.7254809369262629e-04
121                                    6.1235576490181742e-05
122                                    6.4365976043620488e-04
123                                    2.5448670228098158e-04
124                                   -1.3781128203999016e-04
125                                    7.6400652710659211e-04
126                                    6.7987727910723272e-05
127                                   -4.9545363918157559e-05
128                                   -5.0047871421571299e-05
129                                    5.2922352281797869e-05
130                                    3.6869039973019824e-05
131                                   -8.9855272381516443e-05
132                                   -4.9197181279353464e-05
133                                    9.1513076865556986e-06
134                                    8.1047819988244729e-05
135                                    1.1197755633396422e-04
136                                   -9.1012324787313054e-05
137                                   -7.2834422336659488e-05
138                                    7.0440792017817389e-04
139                                    9.2899598706258635e-04
140                                    8.3791937580501158e-04
141                                    1.0534219538799044e-03
142                                   -2.4205565599668688e-03
143                                   -9.9160700774450494e-04
144                                    5.1109807033727916e-04
145                                    3.4970322482219540e-04
146                                    3.6953183573343318e-05
147                                   -6.7072870120341715e-05
148                                    1.1467034899723116e-05
149                                   -1.6510467305161369e-04
150                                   -2.1108451142665130e-04
151                                   -4.6184417624754726e-04
152                                    9.6881435350575085e-05
153                                    1.8429338758157998e-04
154                                   -1.8596036405194027e-08
155                                    2.9838707901248818e-05
   &Method [&Type "String"] "SCF"
   &Level [&Type "String"] "Relaxed density"
   &Mult [&Type "Integer"] 1
   &State [&Type "Integer"] 0
   &Irrep [&Type "Integer"] 0
$End
$Geometry
   &GeometryIndex 16
   &NAtoms [&Type "Integer"] 52
   &NCorelessECP [&Type "Integer"] 0
   &NGhostAtoms [&Type "Integer"] 0
   &CartesianCoordinates [&Type "Coordinates", &Dim(52,4), &Units "Bohr"] 
              C     13.895739641929    1.132821794382    1.788178593466
              C     11.543564079488    0.024097995971    0.550331167581
              O     11.702162253584   -1.863732104386   -0.773364585309
              N      9.262529389584    1.247231889067    0.990563496823
              C      6.941950367957    0.245285408191    0.030515006824
              C      6.745703284113   -0.672476522561   -2.451332520687
              C      4.446631613774   -1.555881690215   -3.359834369305
              C      2.278175107787   -1.556901220863   -1.834648883496
              C      2.470685251360   -0.649988298302    0.638129714811
              C      4.776648232508    0.242338136816    1.550456993968
              N      0.033757140223   -2.563465041302   -2.867524574471
              C     -2.357573244631   -2.651359557424   -1.730606963860
              C     -3.478739946565   -5.044722161667   -1.545780879624
              C     -5.835448420380   -5.435584190267   -0.481993868317
              C     -7.242318663080   -3.418795781342    0.610787174183
              C     -6.158532054185   -0.928886605156    0.365685449135
              C     -3.777807145863   -0.551016980088   -0.853891660572
              C     -2.900081106611    2.079700511941   -1.425939305913
              O     -0.998484035196    2.473766731064   -2.690111425295
              C     -4.381309800202    4.242859107983   -0.431516738349
              C     -3.495604440412    6.706718487414   -0.837018797762
              C     -4.837553516249    8.756474404105    0.113162966265
              C     -7.076337889543    8.362948484482    1.475354269159
              C     -7.968608656265    5.923313630846    1.876818879407
              C     -6.622741581526    3.848100245634    0.924808252848
              C     -7.610705821810    1.256394278089    1.351193010836
              O     -9.636753863809    1.010887478209    2.494186103846
              N     -9.451588445162   -3.806998738503    1.801931555453
              S     -6.792557766653   -8.671279402366   -0.451722217301
              O     -9.535242261431   -8.824613479891   -0.125448133275
              O     -5.570557479443  -10.056644665414   -2.513440335590
              O     -5.389173334785   -9.628589939075    2.156646349114
              C      9.096567988161    3.422660192656    2.691673020150
              H     13.692686592221    1.350522089101    3.836429299146
              H     14.365646516062    2.988070121099    0.993385018459
              H     15.448981715235   -0.160978097231    1.394287061997
              H      8.394031133834   -0.702371814627   -3.658442513530
              H      4.315153513303   -2.228238967281   -5.297855499591
              H      0.837251910767   -0.664890411689    1.878135243604
              H      4.870029591371    0.911011178000    3.488046895300
              H      0.354933186530   -4.008291516891   -4.075581317530
              H     -2.443327343231   -6.663913092526   -2.268899419589
              H     -1.759281205651    6.953597275262   -1.899187883957
              H     -4.149380284379   10.666078869767   -0.201529584862
              H     -8.121021711041    9.967969044625    2.218090007200
              H     -9.701433665229    5.572236623292    2.913384797624
              H    -10.260380713373   -5.534752127072    1.753896367101
              H    -10.359362718512   -2.275114246449    2.497140136612
              H     -4.694607288804  -11.299135497355    1.788107717505
              H      8.803315122243    2.869464518568    4.671826981199
              H     10.815815804265    4.549948569649    2.585081560435
              H      7.514555005516    4.614125064832    2.109051383512
$End
$SCF_Energy
   &GeometryIndex 16
   &Method [&Type "String"] "SCF"
   &totalEnergy [&Type "ArrayOfDoubles", &Dim (1,1)] "Total energy of each state"
                                                         0

0                                     -1.9007028122909285e+03
   &Mult [&Type "ArrayOfIntegers", &Dim (1,1)] "Multiplicity of each state"
                                                         0

0                                                        1
$End
$DFT_Energy
   &GeometryIndex 16
   &nAlphaEl [&Type "Integer"] 121
   &nBetaEl [&Type "Integer"] 121
   &nTotalEl [&Type "Integer"] 242
   &finalEn [&Type "Double"]      -1.9007028122909285e+03  "No Van der Waals correction"
   &eExchange [&Type "Double"]      -1.7527323177526239e+02
   &eCorr [&Type "Double"]      -9.9928063946734103e+00
   &eXC [&Type "Double"]      -1.8526603816993580e+02
   &eCNL [&Type "Double"]       0.0000000000000000e+00
$End
$SCF_Timings
   &GeometryIndex 16
   &TOTAL [&Type "Double"]       6.5781090999999989e+01
   &PREP [&Type "Double"]       7.6769999999999994e-01
   &FOCK [&Type "Double"]       6.1561928999999999e+01
   &DENS [&Type "Double"]       2.1398400000000350e-01
   &ETOT [&Type "Double"]       7.5998999999994155e-02
   &POP [&Type "Double"]       9.9999999747524271e-07
   &TRAFO [&Type "Double"]       2.0580099999999568e-01
   &DIIS [&Type "Double"]       7.3610499999999668e-01
   &SOSCF [&Type "Double"]       7.2354599999999003e-01
   &XC [&Type "Double"]       6.2844539999999967e+00
   &FOCKSTART [&Type "Double"]       2.4146000000006662e-02
   &INT_PREP [&Type "Double"]       3.9999999899009708e-06
   &INT_BF [&Type "Double"]       1.7461889999998048e+00
   &INT_DENS [&Type "Double"]       1.6340190000004018e+00
   &INT_DENSIO [&Type "Double"]       2.3220279929800052e+05
   &INT_FUNC [&Type "Double"]       1.8269299999999600e-01
   &INT_POT [&Type "Double"]       1.3041539999999534e+00
   &INT_POTIO [&Type "Double"]       5.0635000000134767e-02
   &INT_SUM [&Type "Double"]       1.3080000000069703e-03
   &SPLITRIJ [&Type "Double"]       8.3459930000000000e+00
   &COSX [&Type "Double"]       4.8753327999999996e+01
$End
$Single_Point_Data
   &GeometryIndex 16
   &FinalEnergy [&Type "Double"]      -1.9007028122909285e+03  "Final single point energy"
   &Converged [&Type "Boolean"] true
$End
$SCF_Nuc_Gradient
   &GeometryIndex 16
   &NAtoms [&Type "Integer"] 52
   &gradNorm [&Type "Double"]       1.8926553890415757e-02
   &grad [&Type "ArrayOfDoubles", &Dim (156,1)] 
                                                         0

0                                      2.1790682656426530e-04
1                                     -8.2857976215999600e-04
2                                     -1.6531691812653182e-04
3                                      5.5779609558139626e-04
4                                      1.3664294636442920e-03
5                                     -3.4599551440389620e-04
6                                     -1.4075516623431733e-04
7                                      1.2903937630919793e-03
8                                      1.2711052959132330e-03
9                                     -7.7331102232874524e-04
10                                    -1.9183850542453876e-03
11                                    -5.9807679094739039e-04
12                                    -2.4388285328016956e-04
13                                    -1.5178589081924626e-04
14                                     2.2172755956682139e-04
15                                     5.0196208709887835e-04
16                                     5.2223472339500525e-04
17                                     7.3772329473364984e-05
18                                    -1.4003985100559252e-03
19                                    -5.8127154608173665e-04
20                                    -3.5626090761137208e-04
21                                     2.4515382648758605e-03
22                                     1.3456664123241216e-03
23                                     2.5566392721644154e-03
24                                    -1.0268540439886675e-04
25                                    -1.0623244782066582e-03
26                                    -6.3138930940585813e-04
27                                     1.0288055744703019e-03
28                                     5.1830458902552695e-04
29                                     3.4587047570552865e-04
30                                     6.4509098917191199e-05
31                                    -1.8408843552345372e-03
32                                    -3.3666103205401976e-03
33                                    -8.4023323491622115e-04
34                                    -2.4337362374507975e-03
35                                     3.0553731871880985e-04
36                                     1.5798485584471722e-03
37                                     1.3195883291585303e-03
38                                     9.3035518656685995e-04
39                                    -7.6253426746959868e-03
40                                     3.2127885628129849e-03
41                                     3.4278974870199791e-03
42                                    -9.6001177619513267e-04
43                                    -4.9606773956642307e-03
44                                    -9.0762617374464880e-04
45                                     9.1681654551747926e-04
46                                     9.0267819888431577e-04
47                                    -4.2844084131014870e-05
48                                     1.0283825671297403e-03
49                                    -9.1432442876175635e-04
50                                     4.4011069131730945e-04
51                                    -1.2402486674819579e-03
52                                     2.0637552513333990e-03
53                                    -1.9817812897626463e-03
54                                    -2.0050972577216886e-03
55                                    -6.5972440858473591e-04
56                                     1.5240387547740819e-03
57                                     1.4963156544473763e-03
58                                    -4.8187616036546310e-05
59                                    -3.7302416223908286e-04
60                                    -2.8792816266429155e-05
61                                     5.7414592463968933e-04
62                                     4.2330315113260630e-04
63                                     3.9211644005283930e-04
64                                    -5.2533746522803737e-04
65                                    -2.6254853503141634e-04
66                                     6.9677527004541329e-06
67                                    -6.6056994803057045e-04
68                                     2.6066219544831903e-06
69                                     1.6271326380448703e-05
70                                     5.6578268436231760e-04
71                                     4.2137411140397152e-05
72                                    -8.3791145227012087e-04
73                                    -3.3475350470503484e-04
74                                    -3.7140906864935319e-05
75                                    -5.2220876844158992e-03
76                                     8.5083859806024675e-04
77                                     3.9360911153532852e-03
78                                     4.9074311438786489e-03
79                                    -4.2067487680180760e-04
80                                    -3.5174755962807946e-03
81                                     7.8078301819445306e-04
82                                     5.6456427049986040e-03
83                                    -8.2816397409143927e-04
84                                     5.7287413375700647e-04
85                                     2.1871880828773504e-04
86                                     3.4714104901842346e-03
87                                    -1.1189199677215100e-03
88                                    -2.9420126467467195e-04
89                                    -2.5866414015901507e-03
90                                     1.1407043872873335e-03
91                                    -1.6505676706667916e-03
92                                    -1.5278082245109292e-03
93                                     2.5139931334586391e-03
94                                    -7.8901509052486940e-04
95                                    -1.7666785858866385e-03
96                                     6.0788105679462912e-04
97                                     6.6655097050567248e-04
98                                    -6.9901721613717382e-05
99                                    -1.7955511350022102e-04
100                                   -1.9140432572570254e-04
101                                   -2.4875622890910276e-04
102                                   -1.8824477810405749e-04
103                                   -4.4700598335184472e-04
104                                   -2.6118724039921049e-04
105                                   -3.6633850906075960e-04
106                                    4.1672110967989895e-04
107                                    1.5962443862205244e-04
108                                   -1.7569427427299722e-04
109                                   -4.1844420635281029e-05
110                                    7.1295966114784393e-05
111                                   -1.3143032475458442e-04
112                                   -5.7480802773554607e-05
113                                    1.3233268546242183e-05
114                                    6.3622762120130183e-05
115                                   -8.0717964762114930e-05
116                                    1.0046773265595665e-04
117                                   -2.9204467768492899e-04
118                                    1.1100099603175706e-04
119                                    2.1370460332487129e-05
120                                    2.0980639340066609e-04
121                                    7.7790502022234698e-04
122                                    3.9189349233137438e-04
123                                    8.6811177315757049e-04
124                                   -5.2605931391697114e-05
125                                   -4.6121242979424437e-05
126                                    4.9683152789942175e-05
127                                   -1.3595566028604122e-05
128                                   -9.6563348938927263e-05
129                                    6.8576802661507452e-05
130                                    8.0605399916999776e-05
131                                   -8.9850782658065786e-05
132                                   -4.6099673029348365e-05
133                                    5.2999522553220935e-05
134                                    1.2709700663443568e-04
135                                    5.3556372672458608e-05
136                                   -1.0499025397200240e-04
137                                   -1.3519833998429376e-04
138                                    8.7353849802299099e-04
139                                    1.4338684230882637e-03
140                                    8.8914819921027781e-04
141                                    1.2440435490430612e-03
142                                   -2.8486456949106120e-03
143                                   -4.1863965489949417e-04
144                                    3.0215946501363500e-05
145                                    6.6868696899011204e-04
146                                   -5.8523603836985183e-05
147                                   -1.2313967815614710e-04
148                                   -6.5605455127938639e-05
149                                   -3.3596300778815369e-04
150                                   -4.4090412007569135e-04
151                                   -7.2057224551122512e-04
152                                    5.7905173928262874e-05
153                                    2.3907063212835755e-04
154                                    9.4163001131214452e-05
155                                    2.5144888255358711e-04
   &Method [&Type "String"] "SCF"
   &Level [&Type "String"] "Relaxed density"
   &Mult [&Type "Integer"] 1
   &State [&Type "Integer"] 0
   &Irrep [&Type "Integer"] 0
$End
$Geometry
   &GeometryIndex 17
   &NAtoms [&Type "Integer"] 52
   &NCorelessECP [&Type "Integer"] 0
   &NGhostAtoms [&Type "Integer"] 0
   &CartesianCoordinates [&Type "Coordinates", &Dim(52,4), &Units "Bohr"] 
              C     13.887220647310    1.091237573218    1.826139926375
              C     11.532521629282   -0.012387772319    0.590130646043
              O     11.677078757831   -1.911319547845   -0.721860445231
              N      9.258632664534    1.224028649801    1.018243698398
              C      6.943555548030    0.244924199824    0.021429998921
              C      6.763000268353   -0.614648866958   -2.478788043203
              C      4.471564389561   -1.485677131089   -3.418964646405
              C      2.293837796837   -1.526656629595   -1.903292661672
              C      2.474471717401   -0.675863986867    0.593409116591
              C      4.774573182490    0.197328522273    1.535360873657
              N      0.068527819023   -2.528954851797   -2.936774770292
              C     -2.321810243203   -2.631480853866   -1.803123024894
              C     -3.432174599776   -5.029408141781   -1.658304173008
              C     -5.754838250439   -5.435501948312   -0.526659644067
              C     -7.116268608472   -3.444202595844    0.648244967094
              C     -6.080310711509   -0.936003626920    0.384216278887
              C     -3.726397030432   -0.537477668201   -0.883903645819
              C     -2.877503830542    2.108940265685   -1.444851644476
              O     -0.984205434987    2.538609555555   -2.711307417407
              C     -4.385321165758    4.249602242791   -0.439544540938
              C     -3.533129986892    6.724467438089   -0.849747730462
              C     -4.899983486213    8.758708801388    0.098759755369
              C     -7.134867290143    8.339520214785    1.460422798044
              C     -7.994557339556    5.889240009591    1.865535379007
              C     -6.621335140437    3.830364458824    0.918302558964
              C     -7.580662341468    1.227834475439    1.345145825627
              O     -9.582572906259    0.948114001313    2.524543725429
              N     -9.286502032959   -3.893766379415    1.902739690704
              S     -6.796094863794   -8.625983706955   -0.380516695389
              O     -9.555083050635   -8.640374898513   -0.160923128595
              O     -5.552900956935  -10.113344029785   -2.355661046918
              O     -5.591470916274   -9.542014327889    2.327903944862
              C      9.093823991601    3.410800896585    2.708021861565
              H     13.676835013078    1.296185466648    3.875657195231
              H     14.357770578239    2.952189542881    1.044769913840
              H     15.442747693516   -0.199737222503    1.430911207159
              H      8.420199432680   -0.610552875094   -3.676215975405
              H      4.355808429612   -2.126956557636   -5.368550912945
              H      0.835454761328   -0.722544303063    1.825907613395
              H      4.862753841325    0.819821010549    3.488800825758
              H      0.349172417568   -3.820078442018   -4.313707733207
              H     -2.425980426973   -6.624070131249   -2.469145650731
              H     -1.802244586921    6.993648039883   -1.914769171598
              H     -4.236381925331   10.676603862661   -0.217985510202
              H     -8.199685016585    9.932904540344    2.199490489268
              H     -9.725951801927    5.518356382741    2.898520162401
              H    -10.129614459000   -5.602074562694    1.754071723163
              H    -10.231773983881   -2.382593775842    2.613708681486
              H     -5.100660853661  -11.305028873135    2.086137232513
              H      8.862982508400    2.864484756968    4.698227119591
              H     10.785726448210    4.576586862416    2.550191998718
              H      7.472023742546    4.564201918036    2.161266000180
$End
$SCF_Energy
   &GeometryIndex 17
   &Method [&Type "String"] "SCF"
   &totalEnergy [&Type "ArrayOfDoubles", &Dim (1,1)] "Total energy of each state"
                                                         0

0                                     -1.9007026442624349e+03
   &Mult [&Type "ArrayOfIntegers", &Dim (1,1)] "Multiplicity of each state"
                                                         0

0                                                        1
$End
$DFT_Energy
   &GeometryIndex 17
   &nAlphaEl [&Type "Integer"] 121
   &nBetaEl [&Type "Integer"] 121
   &nTotalEl [&Type "Integer"] 242
   &finalEn [&Type "Double"]      -1.9007026442624349e+03  "No Van der Waals correction"
   &eExchange [&Type "Double"]      -1.7527808891125284e+02
   &eCorr [&Type "Double"]      -9.9934870513850029e+00
   &eXC [&Type "Double"]      -1.8527157596263783e+02
   &eCNL [&Type "Double"]       0.0000000000000000e+00
$End
$SCF_Timings
   &GeometryIndex 17
   &TOTAL [&Type "Double"]       6.5211320999999998e+01
   &PREP [&Type "Double"]       7.7954999999999997e-01
   &FOCK [&Type "Double"]       6.0307027999999988e+01
   &DENS [&Type "Double"]       2.1031500000000136e-01
   &ETOT [&Type "Double"]       7.4542999999989590e-02
   &POP [&Type "Double"]       1.0000000116860974e-06
   &TRAFO [&Type "Double"]       2.0242600000000266e-01
   &DIIS [&Type "Double"]       7.2148099999999893e-01
   &SOSCF [&Type "Double"]       9.6441800000000200e-01
   &XC [&Type "Double"]       6.0205710000000172e+00
   &FOCKSTART [&Type "Double"]       2.7537999999996399e-02
   &INT_PREP [&Type "Double"]       5.0000000086924956e-06
   &INT_BF [&Type "Double"]       1.7263710000003369e+00
   &INT_DENS [&Type "Double"]       1.6223889999998189e+00
   &INT_DENSIO [&Type "Double"]       2.0821723676000058e+05
   &INT_FUNC [&Type "Double"]       1.7775200000034985e-01
   &INT_POT [&Type "Double"]       1.3707769999999559e+00
   &INT_POTIO [&Type "Double"]       4.7346999999838602e-02
   &INT_SUM [&Type "Double"]       2.0809999999995554e-03
   &SPLITRIJ [&Type "Double"]       8.4179349999999946e+00
   &COSX [&Type "Double"]       4.8149991999999997e+01
$End
$Single_Point_Data
   &GeometryIndex 17
   &FinalEnergy [&Type "Double"]      -1.9007026442624349e+03  "Final single point energy"
   &Converged [&Type "Boolean"] true
$End
$SCF_Nuc_Gradient
   &GeometryIndex 17
   &NAtoms [&Type "Integer"] 52
   &gradNorm [&Type "Double"]       2.4228086278508403e-02
   &grad [&Type "ArrayOfDoubles", &Dim (156,1)] 
                                                         0

0                                      4.7480710880581922e-04
1                                     -8.0387893586404691e-04
2                                     -7.0896596064735223e-04
3                                      6.3732287501340468e-04
4                                      2.3036730762856505e-03
5                                      5.9606554133695422e-04
6                                     -6.3722310041605668e-04
7                                      5.4769574135971055e-04
8                                      7.8652169676429740e-04
9                                     -8.3866682825850178e-04
10                                    -3.1532251310606024e-03
11                                    -3.0617528705289762e-04
12                                    -3.2318240928283504e-04
13                                    -9.7844179482373117e-05
14                                    -1.3618081257127657e-03
15                                     6.0287331811681444e-04
16                                     5.7190704571264545e-04
17                                     9.1368457259430325e-04
18                                    -1.1335720458722984e-03
19                                    -6.0056939049553393e-04
20                                    -6.9506474992998835e-04
21                                    -6.3701136289026628e-04
22                                     1.4780453333517185e-03
23                                     1.5225927839073589e-03
24                                    -4.1040343847949246e-04
25                                    -1.2969855311212586e-03
26                                    -6.8930940908130955e-04
27                                     1.2190842119044615e-03
28                                     3.7194489137210018e-04
29                                     8.3338872227654848e-04
30                                     2.4394358197656202e-03
31                                    -3.4818873405952078e-03
32                                    -1.6041115810171147e-03
33                                    -1.3076916738311156e-03
34                                    -3.3926464851473347e-03
35                                     1.5826600664203723e-03
36                                     4.0321639156620653e-03
37                                     3.6532870311616200e-03
38                                     6.1901891233917539e-04
39                                    -8.9807146404111415e-03
40                                     3.1899792972148316e-03
41                                    -6.7283601616250147e-04
42                                     5.2915226312030550e-03
43                                    -7.3756077543688757e-03
44                                    -1.7586151683364401e-03
45                                     1.5490850348336346e-03
46                                     2.3015699354397567e-03
47                                     1.5639673281677355e-03
48                                     2.6799300696535161e-03
49                                    -1.0927972277840758e-03
50                                    -8.9003996173171729e-04
51                                    -1.9579529818180008e-03
52                                     2.6010278248294050e-03
53                                    -1.5611073838448508e-03
54                                    -1.5839938472496651e-03
55                                     2.8860622104406874e-04
56                                     1.3025563674956553e-03
57                                     1.6476722488182327e-03
58                                    -1.0376512938287119e-04
59                                    -4.2863483393336399e-05
60                                    -1.2942129624796128e-04
61                                     2.3471076945703884e-04
62                                     1.1116537322566900e-04
63                                     5.9836915585256140e-04
64                                    -4.4015334118439886e-04
65                                    -3.2414303302497754e-04
66                                    -3.9869996175969508e-04
67                                    -7.5992699240641504e-04
68                                     3.0295557105035342e-05
69                                     3.6449624291169658e-04
70                                     3.8540539705012380e-04
71                                    -1.2819096082639092e-05
72                                     6.4591370390799929e-04
73                                     5.1415287830591794e-06
74                                     1.1207317145208867e-03
75                                    -7.3655381005833243e-03
76                                     1.3114950284535826e-03
77                                    -1.0248597858491804e-03
78                                     4.0866363170053432e-03
79                                    -9.8636689491787138e-04
80                                    -1.4906733156806740e-03
81                                     2.1078734314632919e-03
82                                    -1.8548700686582126e-03
83                                    -3.8208162607042545e-03
84                                     8.0839435670954085e-04
85                                    -1.1479625679198802e-03
86                                     1.0469189690462580e-02
87                                     3.1470341162020965e-05
88                                     4.7878258932700264e-03
89                                    -1.0285852118534222e-04
90                                     1.0098583383148230e-03
91                                    -2.3859279600774164e-05
92                                    -3.0706968928531087e-03
93                                     1.2873626340259917e-04
94                                    -8.5696260761952692e-04
95                                    -1.4229638727574490e-03
96                                     2.7485497510404064e-04
97                                     1.0548124827340025e-03
98                                    -1.9732308995253078e-04
99                                    -4.0763923555885498e-04
100                                   -3.9977414875593323e-04
101                                   -1.8754943725871054e-04
102                                   -1.7441204471183025e-05
103                                   -3.2599527506096959e-04
104                                   -2.3674914769682143e-04
105                                   -1.9160861220851588e-04
106                                    4.5495361450328953e-04
107                                    2.2691367488715530e-04
108                                    1.5009521124720315e-04
109                                    9.5322112197994933e-05
110                                    3.6910613531226932e-05
111                                   -6.4415808041128758e-05
112                                   -1.4429158643185225e-04
113                                    1.0799700902786036e-04
114                                   -2.3300002048143309e-04
115                                    7.5183215815025073e-06
116                                    1.9800761005114853e-04
117                                   -3.2338771834945421e-04
118                                    1.4406407245354941e-04
119                                   -2.4671965728917389e-05
120                                   -5.7118192145744207e-04
121                                    1.3416647989314412e-03
122                                    1.0740344323711959e-04
123                                    5.1223038039049928e-04
124                                    8.9175812876154947e-04
125                                   -1.2665721838761163e-03
126                                   -5.2217082501998524e-05
127                                    3.3535002074615988e-05
128                                   -9.9455766067513274e-05
129                                    2.5815274152407586e-05
130                                    9.4754207295516535e-05
131                                    1.0018670635533744e-06
132                                    1.2039855831758040e-06
133                                    8.3213787203550993e-05
134                                    1.0961783009466597e-04
135                                   -1.4131084159058060e-04
136                                   -6.7100701411117181e-06
137                                   -1.2957584243723785e-04
138                                   -2.4973479212642147e-04
139                                    1.3776991565522811e-04
140                                    6.7310244777158551e-04
141                                   -1.9381910017969295e-03
142                                   -8.6292175461422094e-04
143                                    1.6117225213793523e-03
144                                   -1.0989266410591503e-03
145                                    1.2034209357971726e-03
146                                   -9.9639101130897731e-04
147                                   -1.4548099601097153e-04
148                                   -1.4831570010540723e-04
149                                   -3.9722868840072478e-04
150                                   -3.3303755780289546e-04
151                                   -3.8418320362099134e-04
152                                    8.5352362427846759e-05
153                                    1.5179980829410633e-04
154                                    1.6639789758998713e-04
155                                    4.8637725783394481e-04
   &Method [&Type "String"] "SCF"
   &Level [&Type "String"] "Relaxed density"
   &Mult [&Type "Integer"] 1
   &State [&Type "Integer"] 0
   &Irrep [&Type "Integer"] 0
$End
$Geometry
   &GeometryIndex 18
   &NAtoms [&Type "Integer"] 52
   &NCorelessECP [&Type "Integer"] 0
   &NGhostAtoms [&Type "Integer"] 0
   &CartesianCoordinates [&Type "Coordinates", &Dim(52,4), &Units "Bohr"] 
              C     13.922647831500    1.104761781828    1.781792915143
              C     11.565832666969    0.000235132809    0.544301674111
              O     11.712603456313   -1.896469003452   -0.771489345335
              N      9.291743394979    1.236906386277    0.981840968456
              C      6.969211903148    0.250717069741    0.005832231726
              C      6.774765667194   -0.646002032084   -2.481960262319
              C      4.474618966374   -1.512997184229   -3.402505949869
              C      2.298968324092   -1.520709844074   -1.882561442207
              C      2.492968795434   -0.632798372355    0.600036044050
              C      4.801456079098    0.237791507041    1.523385377687
              N      0.060843366493   -2.519495598953   -2.908936085491
              C     -2.330146140530   -2.628669023374   -1.779887094178
              C     -3.443922911973   -5.031123180691   -1.650068074706
              C     -5.772976554184   -5.445412411285   -0.544437175840
              C     -7.173861674553   -3.450086631161    0.600795286754
              C     -6.117829801866   -0.946520552475    0.375938796671
              C     -3.744586179091   -0.544143384612   -0.855542220408
              C     -2.864939305594    2.096653118260   -1.375514523089
              O     -0.955303524659    2.522428970419   -2.622282925825
              C     -4.383139145152    4.238766244814   -0.385758012049
              C     -3.524436185386    6.713946719192   -0.781185426541
              C     -4.900418874582    8.748141523323    0.156371797092
              C     -7.148518306694    8.327923904547    1.494855581680
              C     -8.013308480202    5.876635639771    1.886455118101
              C     -6.632672755914    3.818613985545    0.946784577089
              C     -7.602680539334    1.217499496838    1.353005690217
              O     -9.628984012679    0.951237286180    2.504328521509
              N     -9.368561742042   -3.898397579510    1.810912706626
              S     -6.763233743044   -8.659641921047   -0.442946819490
              O     -9.523912509848   -8.757266726662   -0.583348658450
              O     -5.224292468788  -10.187201749044   -2.159261857885
              O     -5.913028853018   -9.443953653416    2.441209428113
              C      9.127276057349    3.420199588490    2.674543488491
              H     13.718305362424    1.318093450480    3.831299348251
              H     14.397837762069    2.962633225159    0.994369369721
              H     15.474768021552   -0.192084193559    1.386578876224
              H      8.426692307286   -0.669385147762   -3.685659068794
              H      4.348891754982   -2.175171074279   -5.344535875065
              H      0.858733701847   -0.652129048542    1.838294254429
              H      4.897569686151    0.885426362262    3.467981318611
              H      0.360730339531   -3.886407053839   -4.210304867614
              H     -2.425038753269   -6.631803370642   -2.433206191348
              H     -1.780744612281    6.982661581420   -1.825142573279
              H     -4.232223313090   10.665943898658   -0.149789387270
              H     -8.220430302014    9.920184300405    2.225434677527
              H     -9.753685711604    5.503957984386    2.903396884754
              H    -10.235362103635   -5.586981372621    1.583459815928
              H    -10.309822704488   -2.372309735892    2.497469985146
              H     -5.210681022108  -11.148553569555    2.319540594531
              H      8.858310833494    2.875408358226    4.661272493390
              H     10.835856561819    4.565464177186    2.544869062275
              H      7.528109429318    4.593481702960    2.101579948129
$End
$SCF_Energy
   &GeometryIndex 18
   &Method [&Type "String"] "SCF"
   &totalEnergy [&Type "ArrayOfDoubles", &Dim (1,1)] "Total energy of each state"
                                                         0

0                                     -1.9007038168490315e+03
   &Mult [&Type "ArrayOfIntegers", &Dim (1,1)] "Multiplicity of each state"
                                                         0

0                                                        1
$End
$DFT_Energy
   &GeometryIndex 18
   &nAlphaEl [&Type "Integer"] 121
   &nBetaEl [&Type "Integer"] 121
   &nTotalEl [&Type "Integer"] 242
   &finalEn [&Type "Double"]      -1.9007038168490315e+03  "No Van der Waals correction"
   &eExchange [&Type "Double"]      -1.7526736331742083e+02
   &eCorr [&Type "Double"]      -9.9925898638415696e+00
   &eXC [&Type "Double"]      -1.8525995318126240e+02
   &eCNL [&Type "Double"]       0.0000000000000000e+00
$End
$SCF_Timings
   &GeometryIndex 18
   &TOTAL [&Type "Double"]       5.8564287999999998e+01
   &PREP [&Type "Double"]       7.3044399999999998e-01
   &FOCK [&Type "Double"]       5.4588306999999993e+01
   &DENS [&Type "Double"]       1.5930700000000542e-01
   &ETOT [&Type "Double"]       6.7160999999999582e-02
   &POP [&Type "Double"]       1.0000000045806701e-06
   &TRAFO [&Type "Double"]       2.0874799999999816e-01
   &DIIS [&Type "Double"]       7.0168500000000300e-01
   &SOSCF [&Type "Double"]       5.4125700000000698e-01
   &XC [&Type "Double"]       5.4000769999999969e+00
   &FOCKSTART [&Type "Double"]       2.2675999999995367e-02
   &INT_PREP [&Type "Double"]       6.9999999929848400e-06
   &INT_BF [&Type "Double"]       1.5322009999999224e+00
   &INT_DENS [&Type "Double"]       1.4489349999997554e+00
   &INT_DENSIO [&Type "Double"]       1.7090864956100032e+05
   &INT_FUNC [&Type "Double"]       1.5617200000003528e-01
   &INT_POT [&Type "Double"]       1.2158830000000806e+00
   &INT_POTIO [&Type "Double"]       4.1486999999826857e-02
   &INT_SUM [&Type "Double"]       1.2679999999862801e-03
   &SPLITRIJ [&Type "Double"]       7.3175720000000002e+00
   &COSX [&Type "Double"]       4.3807512999999986e+01
$End
$Single_Point_Data
   &GeometryIndex 18
   &FinalEnergy [&Type "Double"]      -1.9007038168490315e+03  "Final single point energy"
   &Converged [&Type "Boolean"] true
$End
$SCF_Nuc_Gradient
   &GeometryIndex 18
   &NAtoms [&Type "Integer"] 52
   &gradNorm [&Type "Double"]       1.3586391861075100e-02
   &grad [&Type "ArrayOfDoubles", &Dim (156,1)] 
                                                         0

0                                      1.9361324575274848e-04
1                                     -4.1986740308753989e-04
2                                     -8.5308023648575371e-05
3                                      3.1137123655994303e-04
4                                      1.8665463538725668e-03
5                                     -1.9708010008170906e-04
6                                     -2.4188367605498806e-04
7                                     -2.5965540458938730e-04
8                                      3.4384240402252075e-04
9                                     -2.8939753630882054e-04
10                                    -1.7182050396731749e-03
11                                     7.3177005581863755e-05
12                                    -2.5280543286669566e-04
13                                    -4.2932591029873346e-05
14                                    -7.7755733895563950e-04
15                                     2.8186936166915699e-04
16                                     1.4123315219817870e-04
17                                     4.1240348109075620e-04
18                                    -3.3223717469548636e-04
19                                    -1.5352136979663450e-04
20                                    -4.1827166533132953e-04
21                                    -3.0803019325900682e-04
22                                     7.8224243630055368e-04
23                                     1.0929680921878057e-03
24                                    -2.8334181438710582e-04
25                                    -6.4508873184268567e-04
26                                    -1.7159681886419476e-04
27                                     7.1203333230112145e-04
28                                     2.7519932260924862e-04
29                                     5.0286078593482497e-04
30                                     1.2017679387475409e-03
31                                    -1.4627619429708472e-03
32                                    -1.0769214126338383e-03
33                                    -3.2325380921396224e-04
34                                    -3.4520647047078974e-03
35                                     7.0419381860205299e-04
36                                     2.0948077977111235e-03
37                                     2.2544770001617642e-03
38                                     5.2610652103676769e-04
39                                    -6.6909779246405870e-03
40                                     8.2848250052822148e-04
41                                     3.3695665239989736e-04
42                                    -1.0781771724096417e-04
43                                    -5.4269053039484490e-03
44                                     7.5981951042838891e-04
45                                     2.2269058521054708e-03
46                                     3.2577598689262632e-03
47                                     2.5897074716733914e-04
48                                    -1.4428334316120284e-04
49                                    -7.5638712032057021e-04
50                                    -3.9287791503809892e-04
51                                    -4.4572214037702507e-04
52                                     1.6531537037087624e-03
53                                     2.5738854483139950e-04
54                                    -7.1247006891805853e-04
55                                    -3.6875467547173302e-05
56                                     2.6382387237899874e-05
57                                     3.7329666604922485e-04
58                                    -2.0329146248297680e-04
59                                    -3.7359669881331659e-05
60                                    -4.9973893398169711e-06
61                                     8.5046382246149743e-05
62                                    -2.0556506245404671e-05
63                                     2.0748359929055604e-04
64                                    -1.2087220127290910e-04
65                                    -1.0168185489362047e-04
66                                    -1.7838916560276863e-04
67                                    -2.9583751231546107e-04
68                                    -9.5358119238803107e-06
69                                     2.3449466879679748e-04
70                                     1.2613332676086886e-04
71                                     2.0691827186669620e-05
72                                     5.1762566722619863e-04
73                                     1.2492798040503184e-04
74                                     4.4759184163174759e-04
75                                    -2.9943348520839741e-03
76                                     5.5497879332750202e-04
77                                    -8.7517598733571900e-04
78                                     1.1846777042864298e-03
79                                     7.5648900635980065e-04
80                                    -3.5956988152424652e-04
81                                     1.5718276731474523e-03
82                                     1.4694066888069242e-03
83                                    -1.7110635831460996e-03
84                                     1.6857768559183361e-03
85                                     2.8001922220145803e-04
86                                     4.2158997201871828e-03
87                                    -9.5590278016421948e-06
88                                     2.9483914835405634e-04
89                                    -1.2518856338305101e-03
90                                     8.4188821000585889e-04
91                                    -6.1663596924177444e-04
92                                    -7.8418161648841078e-04
93                                     4.4605287728766846e-04
94                                    -2.8137763118107895e-05
95                                    -1.1854015403641727e-03
96                                     4.4279658114345505e-05
97                                     5.0568024155443064e-04
98                                    -1.3861104819589548e-04
99                                    -1.6408147567665426e-04
100                                   -1.3470477871232664e-04
101                                   -8.3909376810409331e-06
102                                    4.2931885732497288e-05
103                                   -1.3243085165348667e-04
104                                   -1.8614914433028040e-04
105                                   -3.0936119895907943e-05
106                                    1.2698224597383623e-04
107                                    7.1565752257959914e-05
108                                    8.0428509048852126e-05
109                                    9.7697455883500109e-05
110                                    5.0617113449169526e-05
111                                   -7.9608677543353129e-05
112                                   -5.1171699264156156e-05
113                                    7.6128062024172216e-05
114                                    4.5306160698699305e-05
115                                   -2.4052549075822671e-05
116                                    5.1496174783255411e-05
117                                   -2.0891969822122401e-04
118                                    4.5326132734974101e-05
119                                   -2.5012200409457730e-05
120                                   -3.2287188456343180e-04
121                                    5.7429293627697664e-04
122                                   -2.2103464889094981e-04
123                                    4.5580063703962170e-04
124                                    4.3623370599771283e-04
125                                   -9.1884281636807341e-04
126                                   -4.8916072978993919e-05
127                                   -3.3469199630150465e-05
128                                   -3.7407446289272617e-05
129                                   -9.7601527185298131e-06
130                                    2.7063340284294579e-05
131                                    3.2166687749392298e-05
132                                    1.9561013678726091e-05
133                                    3.7028546781586735e-05
134                                    3.8560911009580257e-05
135                                   -1.1353807299108176e-04
136                                   -4.7586858498385731e-05
137                                   -5.0663405982823151e-05
138                                    4.1639095644331603e-04
139                                    9.1470844232055537e-05
140                                    2.4885914568669940e-04
141                                   -2.4473906124054812e-04
142                                   -3.6862168319692912e-04
143                                    8.6759290519891619e-04
144                                   -4.2993477720333628e-04
145                                   -8.7388503238028381e-05
146                                   -6.0344880259414341e-04
147                                   -2.0167559723191508e-04
148                                   -6.1564630485934357e-05
149                                   -5.3983426326509321e-05
150                                   -6.8823355296177002e-05
151                                   -2.1844055719236199e-04
152                                    7.3618368970559955e-05
153                                    5.3114606703430489e-05
154                                    1.0576069997896009e-04
155                                    2.0971068721385711e-04
   &Method [&Type "String"] "SCF"
   &Level [&Type "String"] "Relaxed density"
   &Mult [&Type "Integer"] 1
   &State [&Type "Integer"] 0
   &Irrep [&Type "Integer"] 0
$End
$Geometry
   &GeometryIndex 19
   &NAtoms [&Type "Integer"] 52
   &NCorelessECP [&Type "Integer"] 0
   &NGhostAtoms [&Type "Integer"] 0
   &CartesianCoordinates [&Type "Coordinates", &Dim(52,4), &Units "Bohr"] 
              C     13.954901020689    1.120563668372    1.778223515871
              C     11.594583304386   -0.008466440531    0.563562057925
              O     11.732830873211   -1.947153403316   -0.689534199577
              N      9.334283443739    1.277455913471    0.938304311568
              C      7.001182716846    0.271833639019    0.004722765221
              C      6.800612661973   -0.741426783412   -2.439292253324
              C      4.492261242641   -1.620126933732   -3.324720849879
              C      2.310295819785   -1.530753774344   -1.816309716846
              C      2.509071283588   -0.524806818369    0.620407979743
              C      4.826000526291    0.356972920186    1.510094050589
              N      0.061870925240   -2.549737614313   -2.815874859494
              C     -2.337508888837   -2.643738271869   -1.708921879830
              C     -3.463158041424   -5.051444600099   -1.585582501333
              C     -5.808275192854   -5.455178891436   -0.527554991751
              C     -7.255299309894   -3.442768509764    0.555011739914
              C     -6.166741143806   -0.958688625156    0.375516140935
              C     -3.763878479856   -0.561294475789   -0.802769676889
              C     -2.853860014352    2.068237815030   -1.297443381578
              O     -0.921849087154    2.483388152494   -2.515975248330
              C     -4.377038387220    4.217710521931   -0.325283565631
              C     -3.506512724007    6.690628593977   -0.709234210960
              C     -4.886741515355    8.729137270843    0.214677260762
              C     -7.148063549864    8.314956694473    1.531631244576
              C     -8.023641766881    5.865158413421    1.913575917100
              C     -6.640805344867    3.803383215021    0.984044368509
              C     -7.626950770048    1.205942719208    1.370642598800
              O     -9.680647235212    0.952884649837    2.485285149303
              N     -9.503188727287   -3.870697268337    1.674559754190
              S     -6.839140079180   -8.666922897735   -0.530302605857
              O     -9.602221389002   -8.764057647431   -0.503541257915
              O     -5.410002838131  -10.147264115228   -2.372051467989
              O     -5.823972620130   -9.538797039892    2.282973256752
              C      9.187024227859    3.522478676257    2.547474284604
              H     13.747025531975    1.411943027284    3.817800271472
              H     14.451302722357    2.945311911199    0.928221636203
              H     15.496640339330   -0.204676317302    1.435496967841
              H      8.453844268373   -0.845021116892   -3.636446172595
              H      4.364792612641   -2.367740452515   -5.235641790293
              H      0.871957129294   -0.464890809827    1.852878369834
              H      4.925187083022    1.092025827737    3.423195536078
              H      0.389188220134   -4.017538591535   -3.999133088240
              H     -2.425435947978   -6.668428573175   -2.307999465999
              H     -1.749909586216    6.953997446094   -1.732960216092
              H     -4.209933161552   10.644847369465   -0.084827218563
              H     -8.223512434809    9.909519514171    2.251403044935
              H     -9.772596597007    5.496490680393    2.916500468614
              H    -10.353699023320   -5.569917041970    1.460192677746
              H    -10.432068714843   -2.332775280780    2.350178315984
              H     -5.113209856719  -11.233603367112    2.084472158573
              H      8.909362353237    3.060097060464    4.554144611094
              H     10.905868988521    4.647805795118    2.376638151721
              H      7.599775170467    4.685144147500    1.921185007887
$End
$SCF_Energy
   &GeometryIndex 19
   &Method [&Type "String"] "SCF"
   &totalEnergy [&Type "ArrayOfDoubles", &Dim (1,1)] "Total energy of each state"
                                                         0

0                                     -1.9007039025969721e+03
   &Mult [&Type "ArrayOfIntegers", &Dim (1,1)] "Multiplicity of each state"
                                                         0

0                                                        1
$End
$DFT_Energy
   &GeometryIndex 19
   &nAlphaEl [&Type "Integer"] 121
   &nBetaEl [&Type "Integer"] 121
   &nTotalEl [&Type "Integer"] 242
   &finalEn [&Type "Double"]      -1.9007039025969721e+03  "No Van der Waals correction"
   &eExchange [&Type "Double"]      -1.7526321080814716e+02
   &eCorr [&Type "Double"]      -9.9925907879775462e+00
   &eXC [&Type "Double"]      -1.8525580159612471e+02
   &eCNL [&Type "Double"]       0.0000000000000000e+00
$End
$SCF_Timings
   &GeometryIndex 19
   &TOTAL [&Type "Double"]       6.4523686999999995e+01
   &PREP [&Type "Double"]       7.2720399999999996e-01
   &FOCK [&Type "Double"]       5.9958337999999998e+01
   &DENS [&Type "Double"]       1.7070999999998548e-01
   &ETOT [&Type "Double"]       7.3765999999994669e-02
   &POP [&Type "Double"]       9.9999999747524271e-07
   &TRAFO [&Type "Double"]       2.0836400000000488e-01
   &DIIS [&Type "Double"]       6.8712000000000195e-01
   &SOSCF [&Type "Double"]       6.2675499999998685e-01
   &XC [&Type "Double"]       6.0503399999999923e+00
   &FOCKSTART [&Type "Double"]       2.3761000000013466e-02
   &INT_PREP [&Type "Double"]       5.9999999928450620e-06
   &INT_BF [&Type "Double"]       1.7362480000000255e+00
   &INT_DENS [&Type "Double"]       1.5612650000000237e+00
   &INT_DENSIO [&Type "Double"]       1.9714638747500037e+05
   &INT_FUNC [&Type "Double"]       1.8044499999999797e-01
   &INT_POT [&Type "Double"]       1.2800930000000950e+00
   &INT_POTIO [&Type "Double"]       4.7278999999911697e-02
   &INT_SUM [&Type "Double"]       1.6009999999981872e-03
   &SPLITRIJ [&Type "Double"]       8.1003020000000028e+00
   &COSX [&Type "Double"]       4.8213653000000015e+01
$End
$Single_Point_Data
   &GeometryIndex 19
   &FinalEnergy [&Type "Double"]      -1.9007039025969721e+03  "Final single point energy"
   &Converged [&Type "Boolean"] true
$End
$SCF_Nuc_Gradient
   &GeometryIndex 19
   &NAtoms [&Type "Integer"] 52
   &gradNorm [&Type "Double"]       7.3307696110976768e-03
   &grad [&Type "ArrayOfDoubles", &Dim (156,1)] 
                                                         0

0                                     -7.2453684194777324e-05
1                                      2.5383730039466382e-04
2                                      3.4506775511677912e-04
3                                     -3.1169398323233760e-04
4                                     -2.2032193939108824e-04
5                                     -4.0055769634805838e-04
6                                      1.6237713346620858e-04
7                                     -1.9779426746457940e-04
8                                     -1.8839070548498649e-04
9                                      4.6179331430168391e-04
10                                     3.5050256836684224e-04
11                                     2.6971720840175510e-04
12                                    -8.9267764472045208e-06
13                                     5.7818258060518546e-05
14                                     1.7257161389139242e-04
15                                    -2.0551938509272283e-04
16                                    -2.8422741403360922e-04
17                                    -1.6494071563591395e-04
18                                     4.7497496399934863e-04
19                                     3.1977380897438290e-04
20                                     7.8817037399939172e-05
21                                     6.3448914548597246e-06
22                                    -9.4208313570869062e-05
23                                     1.2841749765007959e-04
24                                     5.8411153053244957e-05
25                                     9.2706624241423868e-05
26                                     8.7466238461952894e-05
27                                    -7.9627591869805420e-05
28                                     1.1273811882592244e-04
29                                    -7.9884638810895359e-05
30                                    -4.5310129578961592e-04
31                                     8.3056204100676045e-04
32                                    -4.1184153049540762e-04
33                                     5.5656376900998367e-04
34                                    -1.1329329179900968e-03
35                                    -6.8574425095447797e-04
36                                    -7.6981275856514986e-04
37                                    -1.1704151786672001e-04
38                                    -2.6046366790077879e-04
39                                     1.1935613346712726e-04
40                                    -5.5954150350014109e-04
41                                     3.0477122874150511e-03
42                                    -9.6123296137552716e-04
43                                    -1.6152845161159987e-04
44                                     1.8004818582189122e-04
45                                     8.8408754152967395e-04
46                                     1.2056385727131011e-03
47                                    -6.4819073080076700e-04
48                                    -1.8173553079458282e-03
49                                     2.8632837501596509e-05
50                                     3.7126610419273287e-04
51                                     1.0014688629516044e-03
52                                     3.8543310387689766e-05
53                                     5.1240879545652596e-04
54                                     1.7164876450392885e-04
55                                    -1.9660602798791948e-04
56                                    -2.6572132306157403e-04
57                                    -6.2318822044479805e-04
58                                    -4.9840252532684648e-05
59                                     5.6958980780064117e-05
60                                     9.2922057113406509e-05
61                                    -2.2266467518620991e-05
62                                    -4.3964673559264422e-05
63                                    -1.7093195609287071e-04
64                                     1.2619207607394989e-04
65                                     8.6205113690528135e-05
66                                     9.2574612416518320e-05
67                                     1.8396413230808983e-04
68                                    -1.2161923354382653e-05
69                                    -1.1956728418896501e-04
70                                    -9.7539898240090600e-05
71                                     5.3157875921458486e-05
72                                     1.4601540713721217e-04
73                                     9.0689531181686878e-05
74                                    -4.2360968908356292e-04
75                                     1.6038793463010736e-03
76                                    -6.9129782084445014e-04
77                                     4.0100730603875867e-04
78                                    -1.2195535667473001e-03
79                                     6.0754606124276828e-04
80                                     9.4375709206617753e-05
81                                    -8.2327707524226801e-04
82                                     1.2577254160611347e-03
83                                    -4.4201640362057093e-04
84                                     2.6726863074406221e-04
85                                     1.6058080205816339e-04
86                                    -4.0591886271279659e-03
87                                     5.3909607366842138e-05
88                                    -7.0373882737861590e-04
89                                     5.2884803521954099e-04
90                                    -4.3847621097276024e-04
91                                    -4.3089128133078081e-04
92                                     1.0759480873981375e-03
93                                     4.5722114321603696e-04
94                                     1.0506410226953922e-03
95                                    -1.1934068386346142e-04
96                                    -8.8168065396417028e-05
97                                    -1.4353335237594911e-04
98                                    -1.1300177791859992e-04
99                                     1.3489705008238803e-04
100                                    1.1507653601515455e-04
101                                    3.4973445737773723e-05
102                                    6.9630737570290646e-05
103                                    6.0283468712091226e-05
104                                   -2.8188629980080426e-06
105                                    3.3703889076586169e-05
106                                   -1.5093182752140555e-04
107                                   -9.6847426149862526e-05
108                                    1.0303014573276315e-05
109                                    2.7934656224066698e-05
110                                    3.6890256569332980e-05
111                                   -7.0960395479997829e-05
112                                    3.5324559931632082e-05
113                                    1.9321803498395518e-05
114                                    2.8144229366700024e-05
115                                    4.4494517997609173e-06
116                                   -2.0326863339331647e-05
117                                   -2.7014564499513657e-05
118                                   -5.6976002844363882e-05
119                                   -1.8236545784033886e-06
120                                    7.1199887559908470e-05
121                                   -3.8915204134060133e-04
122                                    1.7673826131103798e-05
123                                    3.1907185469959298e-04
124                                   -1.3255373621121058e-04
125                                    6.0528115118643755e-04
126                                    4.4767631341979808e-06
127                                   -8.0954149834795014e-05
128                                    1.3067447600517701e-05
129                                   -2.7237002296842672e-05
130                                   -2.3610779238764090e-05
131                                    1.9790295124881563e-05
132                                    1.6275534804960357e-05
133                                   -1.7897787119497410e-05
134                                   -2.9919154094087963e-05
135                                    2.1618078010599007e-05
136                                   -3.8501595145748468e-05
137                                    6.2694822285380702e-06
138                                    2.5906532677327787e-04
139                                   -3.6209889556948482e-04
140                                    6.4774651439423320e-05
141                                    4.8797637567513097e-04
142                                   -1.9135179787715950e-04
143                                    2.2296103335266160e-04
144                                    3.2472303161298899e-04
145                                   -4.8966927896199053e-04
146                                   -1.6849959242436902e-04
147                                   -1.3947389349792949e-04
148                                    6.3081642869070031e-05
149                                    1.3131137864907938e-04
150                                    8.6823121196843989e-05
151                                   -4.9764047664546673e-05
152                                    9.7049166592796943e-05
153                                   -5.1154304148537388e-05
154                                    1.2529242330194812e-05
155                                   -1.2010329707651951e-04
   &Method [&Type "String"] "SCF"
   &Level [&Type "String"] "Relaxed density"
   &Mult [&Type "Integer"] 1
   &State [&Type "Integer"] 0
   &Irrep [&Type "Integer"] 0
$End
$Geometry
   &GeometryIndex 20
   &NAtoms [&Type "Integer"] 52
   &NCorelessECP [&Type "Integer"] 0
   &NGhostAtoms [&Type "Integer"] 0
   &CartesianCoordinates [&Type "Coordinates", &Dim(52,4), &Units "Bohr"] 
              C     13.964869414859    1.096061515820    1.777377935450
              C     11.603141121842   -0.025175705554    0.559269155869
              O     11.737229287050   -1.959773818477   -0.700236626294
              N      9.346447647084    1.265441604369    0.934371718911
              C      7.013057803354    0.270705849019   -0.010027292482
              C      6.814665885153   -0.724973322982   -2.460884493245
              C      4.506571279539   -1.594835940715   -3.355847958105
              C      2.322020185508   -1.511222123584   -1.850600924735
              C      2.518996875973   -0.522256150836    0.593810252149
              C      4.836017701362    0.348759761920    1.492976574455
              N      0.075089203208   -2.518767098608   -2.855572432542
              C     -2.321502329028   -2.626583321102   -1.743606133196
              C     -3.436247493041   -5.040834391035   -1.634790536862
              C     -5.773035354987   -5.455214589769   -0.564366550641
              C     -7.217664378912   -3.457505797603    0.539664881822
              C     -6.145227109589   -0.968893472568    0.371907850011
              C     -3.748073626490   -0.554275926222   -0.815202620749
              C     -2.854666067175    2.083226625347   -1.298114219345
              O     -0.917553629938    2.518041233812   -2.501064237168
              C     -4.390551000828    4.218862867623   -0.314406265915
              C     -3.534609665006    6.698406191343   -0.688128701975
              C     -4.927526306975    8.725196832750    0.242117722379
              C     -7.187460352096    8.292998157165    1.555916820780
              C     -8.048283707971    5.836714007873    1.928869909041
              C     -6.652635805945    3.786640109371    0.992885618926
              C     -7.621163423243    1.181757352812    1.373104371385
              O     -9.667219385525    0.907104963983    2.494358991587
              N     -9.452450055562   -3.918829135784    1.678195695813
              S     -6.806638981510   -8.661272436124   -0.507506465841
              O     -9.555430238823   -8.744035294627   -0.789826552957
              O     -5.185054193343  -10.224841715536   -2.105104227040
              O     -6.138959635562   -9.400382225115    2.443118797860
              C      9.203197508740    3.507939950136    2.547643735620
              H     13.756579243863    1.376746088543    3.818369166870
              H     14.461965151428    2.924905306080    0.937060730931
              H     15.505927244554   -0.227949780428    1.428410266919
              H      8.470021400720   -0.823583341182   -3.655767596774
              H      4.382149587090   -2.331979191542   -5.271148220227
              H      0.879851830870   -0.466932585622    1.823988702038
              H      4.934140753483    1.071010959050    3.411087215584
              H      0.393751415383   -3.953759007039   -4.079518900582
              H     -2.403399174536   -6.649581545572   -2.381223756556
              H     -1.779268976804    6.976979060594   -1.709984294484
              H     -4.262009143363   10.646012151304   -0.050279756799
              H     -8.272807903668    9.878668834739    2.280560407941
              H     -9.795261854318    5.454581005326    2.930191144281
              H    -10.329678177571   -5.588998058794    1.365219012807
              H    -10.407417588417   -2.385905322725    2.327991460375
              H     -5.360236327446  -11.075242522473    2.399479255740
              H      8.929777341490    3.041154237694    4.553565993794
              H     10.921767785145    4.633631699420    2.375755457726
              H      7.614796257770    4.672057436625    1.927552912827
$End
$SCF_Energy
   &GeometryIndex 20
   &Method [&Type "String"] "SCF"
   &totalEnergy [&Type "ArrayOfDoubles", &Dim (1,1)] "Total energy of each state"
                                                         0

0                                     -1.9007042426721141e+03
   &Mult [&Type "ArrayOfIntegers", &Dim (1,1)] "Multiplicity of each state"
                                                         0

0                                                        1
$End
$DFT_Energy
   &GeometryIndex 20
   &nAlphaEl [&Type "Integer"] 121
   &nBetaEl [&Type "Integer"] 121
   &nTotalEl [&Type "Integer"] 242
   &finalEn [&Type "Double"]      -1.9007042426721141e+03  "No Van der Waals correction"
   &eExchange [&Type "Double"]      -1.7526551875901220e+02
   &eCorr [&Type "Double"]      -9.9927342143835816e+00
   &eXC [&Type "Double"]      -1.8525825297339577e+02
   &eCNL [&Type "Double"]       0.0000000000000000e+00
$End
$SCF_Timings
   &GeometryIndex 20
   &TOTAL [&Type "Double"]       5.9240917000000003e+01
   &PREP [&Type "Double"]       7.5697499999999995e-01
   &FOCK [&Type "Double"]       5.4479879999999994e+01
   &DENS [&Type "Double"]       1.5770899999999699e-01
   &ETOT [&Type "Double"]       5.3410999999998765e-02
   &POP [&Type "Double"]       9.9999999747524271e-07
   &TRAFO [&Type "Double"]       2.0821599999999840e-01
   &DIIS [&Type "Double"]       7.1263900000000469e-01
   &SOSCF [&Type "Double"]       4.2219000000001117e-01
   &XC [&Type "Double"]       5.3828469999999893e+00
   &FOCKSTART [&Type "Double"]       1.8209000000002695e-02
   &INT_PREP [&Type "Double"]       4.9999999962579977e-06
   &INT_BF [&Type "Double"]       1.3532140000001984e+00
   &INT_DENS [&Type "Double"]       1.2610530000000022e+00
   &INT_DENSIO [&Type "Double"]       1.4086543833800033e+05
   &INT_FUNC [&Type "Double"]       1.4086099999996904e-01
   &INT_POT [&Type "Double"]       1.1162830000001076e+00
   &INT_POTIO [&Type "Double"]       3.6876999999888582e-02
   &INT_SUM [&Type "Double"]       1.1569999999938574e-03
   &SPLITRIJ [&Type "Double"]       7.2953009999999834e+00
   &COSX [&Type "Double"]       4.4669538999999986e+01
$End
$Single_Point_Data
   &GeometryIndex 20
   &FinalEnergy [&Type "Double"]      -1.9007042426721141e+03  "Final single point energy"
   &Converged [&Type "Boolean"] true
$End
$SCF_Nuc_Gradient
   &GeometryIndex 20
   &NAtoms [&Type "Integer"] 52
   &gradNorm [&Type "Double"]       4.8689475561442645e-03
   &grad [&Type "ArrayOfDoubles", &Dim (156,1)] 
                                                         0

0                                     -2.7975638570527581e-05
1                                      2.7061220283591814e-04
2                                      1.5892903068401298e-04
3                                     -4.0877018269847715e-04
4                                     -3.9602378458081233e-04
5                                     -1.0693500289860047e-04
6                                      7.8970486253805705e-05
7                                      8.1133142268818847e-05
8                                     -1.6160843262225111e-04
9                                      5.4766573420243075e-04
10                                     1.2269170866383017e-04
11                                     2.8369378680791202e-04
12                                     2.0610175152771526e-05
13                                     8.4505521884825630e-06
14                                    -1.6949849012570795e-05
15                                    -2.1059562237188412e-04
16                                    -2.0122812600656230e-04
17                                    -4.4053753877421054e-05
18                                     4.2430079982087171e-04
19                                     2.6827185600420550e-04
20                                     1.1456716035901371e-04
21                                    -5.6421186116127620e-04
22                                    -2.3374172265543808e-04
23                                    -2.2504767089573385e-04
24                                     8.2162469981730823e-05
25                                     8.1590060558023314e-06
26                                     6.8716860079351405e-05
27                                    -9.4144158987365806e-05
28                                     9.1573840776314197e-05
29                                    -4.4652812321147040e-05
30                                     3.4690533924680578e-04
31                                     3.4014351544016386e-04
32                                    -1.3594668414046440e-04
33                                     4.4333761699656693e-04
34                                    -1.3092295737125413e-03
35                                    -2.9307757234245391e-04
36                                     5.0058018669363324e-05
37                                     3.2441416919296723e-04
38                                     2.2339851125319221e-05
39                                    -1.2715885341494648e-03
40                                    -3.8689093800184371e-04
41                                     1.1609065383253597e-03
42                                    -8.7924877660645884e-04
43                                    -9.4578852910842670e-04
44                                     4.4955617889119726e-04
45                                     9.1626159224446335e-04
46                                     1.4855308162974035e-03
47                                    -1.8693041052703779e-04
48                                    -1.3555692696914298e-03
49                                     8.3661384659705629e-06
50                                     6.1897862212167455e-04
51                                     3.4849745612064442e-04
52                                     2.8694182927087308e-04
53                                    -7.3184552083266352e-04
54                                     1.1589038230475079e-04
55                                    -1.4912881639572717e-05
56                                     3.3212980073726861e-04
57                                    -2.4778431309160909e-04
58                                    -4.4974252298393691e-05
59                                     3.2392565533693324e-04
60                                     6.9245227518610619e-05
61                                    -4.6683273743380882e-05
62                                    -1.1487734599163746e-05
63                                    -7.8374246506744683e-05
64                                     7.9239230608249556e-05
65                                     1.4758304528843247e-05
66                                     2.8060641012732368e-05
67                                     1.1597231882531922e-04
68                                     8.8870045315131430e-06
69                                    -1.1414545686919131e-04
70                                    -1.2713451715629098e-04
71                                     1.4428573124891653e-06
72                                     2.4995741097565138e-04
73                                     9.6978031646599572e-05
74                                    -2.2645554173256199e-04
75                                     7.4267074166201041e-04
76                                    -7.7702552156189153e-04
77                                    -2.9403917082004849e-05
78                                    -5.9203712613481452e-04
79                                     4.0232029765091548e-04
80                                     1.3561823486790692e-04
81                                    -1.0270502110686086e-04
82                                     1.0074112715511840e-03
83                                    -1.5261613354554393e-04
84                                     7.6423117345431751e-04
85                                     2.1063372380539236e-04
86                                    -1.6830363603630161e-03
87                                     1.0495667846976975e-04
88                                    -3.2727742721182576e-04
89                                     5.1640352050144611e-06
90                                    -3.7922104618015595e-04
91                                    -3.9361180203811852e-05
92                                     7.0667185541251065e-04
93                                     3.7714894687372602e-04
94                                     4.9437365076421269e-04
95                                     1.1301875303396103e-04
96                                    -5.3753986078139415e-05
97                                    -4.0400922405064987e-05
98                                    -1.4883183054249099e-04
99                                     8.1269761640155591e-05
100                                    5.7821892082230569e-05
101                                   -1.1679146167287158e-05
102                                    6.7929843470933282e-05
103                                    3.4038847357586999e-05
104                                    2.4019772486505442e-05
105                                   -8.0300917706110919e-06
106                                   -7.1283629009141758e-05
107                                   -6.9221474687672369e-05
108                                    4.1237337438271293e-05
109                                    3.7113097749530768e-05
110                                    3.1940364943069954e-05
111                                   -6.0668770547363596e-05
112                                    1.3108698744129788e-05
113                                    1.6110253932805074e-05
114                                   -5.7919768108316561e-05
115                                    3.0245928764719571e-05
116                                    2.9316259173212122e-05
117                                   -2.6302890000939882e-05
118                                   -3.8646920218196601e-05
119                                   -3.1283468303333617e-06
120                                   -1.0839059437186410e-04
121                                   -7.3881834001365831e-05
122                                   -3.9877641796665086e-05
123                                    7.1574813992419939e-05
124                                    1.0394016284234753e-04
125                                   -2.5435842639393025e-05
126                                    5.8736400347370044e-06
127                                   -2.8863906851216148e-05
128                                    8.5570393750789009e-06
129                                   -2.4537862472022443e-05
130                                   -5.8102422831052269e-06
131                                    1.2227351564395722e-05
132                                    1.7301281377612998e-05
133                                   -3.7102244467845935e-06
134                                   -1.9686045533928720e-05
135                                    2.8816038195600413e-05
136                                    6.9095945319959384e-06
137                                   -5.6713969243948892e-06
138                                    4.0630535943671220e-04
139                                   -2.5465634921117974e-04
140                                   -8.6793786950686846e-05
141                                    4.2946838493243544e-04
142                                   -3.2192892642241011e-04
143                                   -1.5029486205084264e-04
144                                   -1.1430650162233547e-04
145                                   -3.0489300112118700e-04
146                                   -9.0272545298119775e-05
147                                   -1.1619800992429541e-04
148                                    3.5709966826967532e-05
149                                    1.7366769165555462e-05
150                                    6.2383267012466881e-05
151                                   -4.6564331924570102e-05
152                                    1.0858648467204288e-04
153                                   -2.6611000614740199e-05
154                                    1.8806287054584647e-05
155                                   -6.6488581224544152e-05
   &Method [&Type "String"] "SCF"
   &Level [&Type "String"] "Relaxed density"
   &Mult [&Type "Integer"] 1
   &State [&Type "Integer"] 0
   &Irrep [&Type "Integer"] 0
$End
$Geometry
   &GeometryIndex 21
   &NAtoms [&Type "Integer"] 52
   &NCorelessECP [&Type "Integer"] 0
   &NGhostAtoms [&Type "Integer"] 0
   &CartesianCoordinates [&Type "Coordinates", &Dim(52,4), &Units "Bohr"] 
              C     13.969495939171    1.078339924240    1.786371283658
              C     11.606157858118   -0.038083830659    0.568644375805
              O     11.732729041321   -1.983747078132   -0.674550935456
              N      9.354432440823    1.265692689397    0.929385967473
              C      7.019338514777    0.274476421775   -0.013407157394
              C      6.821024775189   -0.728270445318   -2.461216972179
              C      4.511936948163   -1.597120290048   -3.355019956102
              C      2.326551040735   -1.502453658947   -1.852056966649
              C      2.523147611414   -0.505407091828    0.589155752082
              C      4.841570139322    0.362232119005    1.487806773817
              N      0.079574689722   -2.510452262866   -2.855448985657
              C     -2.317807376945   -2.620494473297   -1.746101546255
              C     -3.429081285238   -5.037830839514   -1.644531405936
              C     -5.764688173723   -5.455349285425   -0.575342090873
              C     -7.210864535700   -3.461979102807    0.534958654957
              C     -6.143617211040   -0.973328889343    0.372589094700
              C     -3.745788840284   -0.552625976656   -0.814483758652
              C     -2.859738661586    2.086361009853   -1.295848531616
              O     -0.928662882338    2.526514033449   -2.506907938440
              C     -4.400105113439    4.218364268507   -0.311360656338
              C     -3.549772551135    6.699795279534   -0.685249623496
              C     -4.944916402797    8.723289684621    0.248372899181
              C     -7.202088542423    8.286206693106    1.565401381620
              C     -8.057958752782    5.828305038166    1.938068420148
              C     -6.660139949445    3.781280214903    0.998760478912
              C     -7.623121520938    1.174430270034    1.377518684593
              O     -9.663621109109    0.892512082512    2.505696178632
              N     -9.443206672345   -3.933245999112    1.680469623845
              S     -6.806188828968   -8.659031619676   -0.509867063695
              O     -9.549791540446   -8.735090165757   -0.842421087863
              O     -5.158494872069  -10.232449664071   -2.071768443926
              O     -6.199635323990   -9.383878738997    2.457176242708
              C      9.219674551527    3.518792522588    2.528853338412
              H     13.755038321145    1.371662519671    3.825016286359
              H     14.477353580515    2.900028522057    0.937204567707
              H     15.505641636818   -0.254570948854    1.450886121093
              H      8.477321182194   -0.835550096061   -3.654100913186
              H      4.388316491930   -2.342255912151   -5.267352770169
              H      0.883190625597   -0.442810749716    1.817626692348
              H      4.940311900747    1.090789071359    3.403582455519
              H      0.397585986352   -3.937899857918   -4.087900513435
              H     -2.395336707212   -6.644743456242   -2.394026342760
              H     -1.796339809642    6.982688242910   -1.709192762314
              H     -4.283241020928   10.645488428453   -0.043913469295
              H     -8.289165574622    9.869478337811    2.292824252388
              H     -9.803077455320    5.442613461797    2.941465698164
              H    -10.332840919183   -5.590867437090    1.338219584219
              H    -10.400750776078   -2.401560926403    2.332177719612
              H     -5.392978362438  -11.045299270000    2.435989750049
              H      8.959720172986    3.064493635261    4.539353956371
              H     10.936227972714    4.644776462008    2.338451597318
              H      7.626679388678    4.677787114976    1.911655055376
$End
$SCF_Energy
   &GeometryIndex 21
   &Method [&Type "String"] "SCF"
   &totalEnergy [&Type "ArrayOfDoubles", &Dim (1,1)] "Total energy of each state"
                                                         0

0                                     -1.9007042844127932e+03
   &Mult [&Type "ArrayOfIntegers", &Dim (1,1)] "Multiplicity of each state"
                                                         0

0                                                        1
$End
$DFT_Energy
   &GeometryIndex 21
   &nAlphaEl [&Type "Integer"] 121
   &nBetaEl [&Type "Integer"] 121
   &nTotalEl [&Type "Integer"] 242
   &finalEn [&Type "Double"]      -1.9007042844127932e+03  "No Van der Waals correction"
   &eExchange [&Type "Double"]      -1.7526536690889685e+02
   &eCorr [&Type "Double"]      -9.9926903967921596e+00
   &eXC [&Type "Double"]      -1.8525805730568902e+02
   &eCNL [&Type "Double"]       0.0000000000000000e+00
$End
$SCF_Timings
   &GeometryIndex 21
   &TOTAL [&Type "Double"]       5.1133479999999999e+01
   &PREP [&Type "Double"]       7.4688900000000003e-01
   &FOCK [&Type "Double"]       4.7243817999999997e+01
   &DENS [&Type "Double"]       1.5684999999999860e-01
   &ETOT [&Type "Double"]       5.4662000000002209e-02
   &POP [&Type "Double"]       2.0000000020559128e-06
   &TRAFO [&Type "Double"]       2.0781300000000158e-01
   &DIIS [&Type "Double"]       7.1559600000000323e-01
   &SOSCF [&Type "Double"]       4.0174400000000077e-01
   &XC [&Type "Double"]       4.5124030000000079e+00
   &FOCKSTART [&Type "Double"]       2.0682000000009193e-02
   &INT_PREP [&Type "Double"]       6.9999999965375537e-06
   &INT_BF [&Type "Double"]       1.2982309999998769e+00
   &INT_DENS [&Type "Double"]       1.1615390000002588e+00
   &INT_DENSIO [&Type "Double"]       1.2067419111100028e+05
   &INT_FUNC [&Type "Double"]       1.3589800000005692e-01
   &INT_POT [&Type "Double"]       9.1873800000003580e-01
   &INT_POTIO [&Type "Double"]       3.5278999999995619e-02
   &INT_SUM [&Type "Double"]       1.5829999999983357e-03
   &SPLITRIJ [&Type "Double"]       6.2969410000000003e+00
   &COSX [&Type "Double"]       3.8471734999999995e+01
$End
$Single_Point_Data
   &GeometryIndex 21
   &FinalEnergy [&Type "Double"]      -1.9007042844127932e+03  "Final single point energy"
   &Converged [&Type "Boolean"] true
$End
$SCF_Nuc_Gradient
   &GeometryIndex 21
   &NAtoms [&Type "Integer"] 52
   &gradNorm [&Type "Double"]       2.4739493737789210e-03
   &grad [&Type "ArrayOfDoubles", &Dim (156,1)] 
                                                         0

0                                      5.5063775731556408e-06
1                                      7.4681231382368179e-05
2                                      1.0088008204834492e-04
3                                     -1.8048368599758724e-04
4                                     -8.7184135448836741e-06
5                                     -1.9714439362528147e-04
6                                      5.9869053788234872e-05
7                                      2.6385695102715268e-06
8                                     -2.7407364526554900e-05
9                                      2.8771739762799980e-04
10                                    -3.1954727507513270e-05
11                                     2.7054525202348939e-04
12                                     2.9809518922702116e-05
13                                    -6.4507864719690056e-06
14                                    -7.0614931492601896e-06
15                                    -1.1894579860366461e-04
16                                    -7.5589164683545484e-05
17                                    -4.3790020818279540e-05
18                                     1.7990816420564160e-04
19                                     1.3486776893161662e-04
20                                     1.4153691385178357e-04
21                                    -2.8779310697110705e-04
22                                    -1.2522492933490087e-04
23                                    -1.8247422883561210e-04
24                                     9.0706001691170934e-05
25                                     2.8077119578855114e-06
26                                     6.4515762320194181e-05
27                                    -7.5581278213249226e-05
28                                     4.3093303159977281e-05
29                                    -8.1312280579282081e-06
30                                     2.7594672151116939e-04
31                                     9.0735047541506963e-05
32                                    -1.5144413922912187e-04
33                                     1.3633801156343051e-04
34                                    -6.6738543774485376e-04
35                                     4.0450327193769509e-05
36                                     1.2803008894926582e-04
37                                     3.6431560642470606e-04
38                                     5.0982065511351315e-05
39                                    -5.7349819663457535e-04
40                                    -4.1049887531288687e-04
41                                     2.6111745390372532e-04
42                                    -2.1407471942971878e-04
43                                    -5.9902913517746736e-04
44                                     1.0420037011925343e-04
45                                     5.6283707257218790e-04
46                                     8.9010166200784863e-04
47                                    -3.1385729498983883e-05
48                                    -7.0276748492009711e-04
49                                    -2.4731959279433724e-05
50                                     1.6769272805908925e-04
51                                     3.7771219894772168e-04
52                                     1.1825836067096140e-04
53                                    -1.0777018598318033e-04
54                                    -6.7000689645935196e-05
55                                     6.0868661963253690e-06
56                                     8.5412108704385759e-05
57                                    -1.5673920864033020e-04
58                                    -4.1894425497387977e-05
59                                     7.9693369330328945e-05
60                                     4.8566055477761161e-06
61                                    -3.2450068615866301e-06
62                                    -2.6794638473152943e-05
63                                    -5.3934577858710808e-06
64                                     1.7212094062912797e-05
65                                     1.2872318253809301e-06
66                                    -8.2282058331412111e-07
67                                     3.0967590125302591e-05
68                                     8.1158384162560715e-06
69                                    -3.2436568126695264e-05
70                                    -5.0802353174297932e-05
71                                     6.2828718288970853e-06
72                                     1.2051063574376741e-04
73                                     4.3714510515935334e-05
74                                    -2.6765352685358124e-05
75                                     2.0958473011059575e-04
76                                    -4.2522495494424356e-04
77                                    -2.5909654398983961e-04
78                                    -2.0552249117994359e-04
79                                     2.2061506435423067e-04
80                                     1.1090968569277271e-04
81                                    -2.9025945671082298e-04
82                                     2.4717935094664689e-04
83                                     7.9642963905890429e-05
84                                     6.5111798848942887e-04
85                                     2.6305664897666170e-04
86                                    -5.4251212819907135e-04
87                                    -1.6655038676682832e-04
88                                    -2.2336440178475150e-04
89                                    -1.5475926216674402e-04
90                                    -2.2207110260741292e-04
91                                     3.6553078435141995e-05
92                                     1.9079995431983687e-04
93                                     3.6901956399679192e-04
94                                     2.4507962719663712e-04
95                                     2.8026922526774856e-04
96                                    -3.6524932950830757e-05
97                                     2.9219317265877232e-05
98                                    -1.5420121597760350e-04
99                                     4.9357489746576499e-05
100                                    1.2237333926908706e-05
101                                   -4.2651439123853052e-06
102                                    2.7178989114591545e-05
103                                   -4.8308853667355933e-08
104                                   -1.0108473384451422e-06
105                                   -1.6747047246357116e-05
106                                   -2.1866152961458329e-05
107                                   -2.4166624574589041e-05
108                                    8.8739468196985527e-06
109                                    1.1712426251874603e-05
110                                    2.9852151369164082e-05
111                                   -4.0699795324509319e-05
112                                   -5.1712560757283255e-06
113                                    1.1293926431843460e-06
114                                   -2.4284731989981934e-05
115                                    1.4884173147326069e-05
116                                    1.1660003011448872e-05
117                                   -2.6951567752588751e-05
118                                   -1.5627413230356879e-05
119                                   -3.1520751300195826e-06
120                                   -1.3073576817169280e-04
121                                    3.1347854804908426e-05
122                                   -4.5004139285292899e-05
123                                    2.5743286940882459e-05
124                                    3.8418279281526857e-05
125                                   -9.3275453696500810e-05
126                                    4.6015211964123282e-06
127                                   -3.8319770770678385e-06
128                                    7.7856904960316164e-06
129                                   -1.0311331343701435e-05
130                                    4.0569798909206867e-06
131                                    7.7992980828077429e-06
132                                    4.1219805560765987e-06
133                                    7.4846112871340686e-06
134                                   -1.1495465417871165e-05
135                                    4.1074362693016564e-06
136                                    1.2252106789081840e-05
137                                    5.1310885391397942e-06
138                                    2.1204923443393642e-04
139                                   -3.0842968178068642e-05
140                                   -8.5826799030380707e-05
141                                    1.1246167219416958e-04
142                                   -6.4153603901301315e-05
143                                    3.8729611223656257e-05
144                                   -2.7578041980588774e-04
145                                   -1.2772008633313292e-04
146                                   -1.8963998682251793e-05
147                                   -8.5493601071087721e-05
148                                    6.7954684285637112e-06
149                                   -1.6739383148278719e-05
150                                    1.7688915798230731e-05
151                                   -6.1492935267665194e-05
152                                    1.0266878177001525e-04
153                                   -8.1850588322107676e-06
154                                    2.4496299197790394e-05
155                                   -2.4452437033181673e-05
   &Method [&Type "String"] "SCF"
   &Level [&Type "String"] "Relaxed density"
   &Mult [&Type "Integer"] 1
   &State [&Type "Integer"] 0
   &Irrep [&Type "Integer"] 0
$End
$Geometry
   &GeometryIndex 22
   &NAtoms [&Type "Integer"] 52
   &NCorelessECP [&Type "Integer"] 0
   &NGhostAtoms [&Type "Integer"] 0
   &CartesianCoordinates [&Type "Coordinates", &Dim(52,4), &Units "Bohr"] 
              C     13.972115987895    1.068331322683    1.796469893183
              C     11.607363838951   -0.049756330610    0.584338350556
              O     11.726222924957   -2.012270714989   -0.632718033218
              N      9.361780162067    1.271546868229    0.920748016258
              C      7.024867986645    0.279825961542   -0.015503732288
              C      6.827471329730   -0.743575205361   -2.454779962331
              C      4.517346154626   -1.614678868990   -3.343937720651
              C      2.330537229329   -1.499714253308   -1.844775551026
              C      2.525761846075   -0.481487423537    0.587581325650
              C      4.845733437719    0.386438743835    1.482181387992
              N      0.083399397961   -2.511599010853   -2.844593604177
              C     -2.316231292842   -2.619717487286   -1.741150801219
              C     -3.427215873811   -5.039288855504   -1.646131811115
              C     -5.764992701090   -5.456151830289   -0.584717945059
              C     -7.213148184862   -3.465048660392    0.527699780724
              C     -6.147088405910   -0.978840211794    0.372653559968
              C     -3.745792399790   -0.554601410004   -0.810220514069
              C     -2.865208489277    2.084741325232   -1.292356047112
              O     -0.937501036160    2.527490670293   -2.508279145686
              C     -4.405843802119    4.215084294643   -0.304652731827
              C     -3.556953328144    6.697209584491   -0.676655300309
              C     -4.951244545501    8.718967479323    0.261674194392
              C     -7.206400948949    8.279589029746    1.581425479847
              C     -8.061281973235    5.821143440364    1.951960315118
              C     -6.664472735582    3.775662810248    1.007986970271
              C     -7.626131461674    1.168049558152    1.383683658482
              O     -9.663283113318    0.881384303712    2.515184985500
              N     -9.446001820829   -3.942557774465    1.672848533816
              S     -6.819136969575   -8.657817996193   -0.523783738982
              O     -9.559521374548   -8.722609354229   -0.880978322115
              O     -5.160860261469  -10.233138554649   -2.073461723805
              O     -6.244568704986   -9.388908462620    2.447613621568
              C      9.236933086035    3.543085799698    2.495091887313
              H     13.750980952952    1.386895673795    3.830661806470
              H     14.491703376311    2.877458274056    0.927947650163
              H     15.502908578183   -0.275894595278    1.483060226801
              H      8.485084870572   -0.866602272214   -3.644424025945
              H      4.394905287466   -2.377201754319   -5.249520618027
              H      0.884394647728   -0.404313159054    1.813068998444
              H      4.944642793237    1.131589464821    3.391653310912
              H      0.404637226999   -3.943084805354   -4.071432969412
              H     -2.392517513969   -6.646502225032   -2.393616148999
              H     -1.805088000620    6.982138844170   -1.702733909747
              H     -4.290316273522   10.641666278478   -0.029166085271
              H     -8.292806070656    9.861543595869    2.312779340639
              H     -9.805070230374    5.433692079696    2.957114217759
              H    -10.345334677249   -5.590070992359    1.307499623821
              H    -10.406606574172   -2.411147353657    2.321602594530
              H     -5.380494292267  -11.020890586214    2.429566678271
              H      8.995261668529    3.112042139889    4.512964477297
              H     10.949942951931    4.669665621257    2.276208311730
              H      7.637117358398    4.692226965438    1.877934240296
$End
$SCF_Energy
   &GeometryIndex 22
   &Method [&Type "String"] "SCF"
   &totalEnergy [&Type "ArrayOfDoubles", &Dim (1,1)] "Total energy of each state"
                                                         0

0                                     -1.9007043223243427e+03
   &Mult [&Type "ArrayOfIntegers", &Dim (1,1)] "Multiplicity of each state"
                                                         0

0                                                        1
$End
$DFT_Energy
   &GeometryIndex 22
   &nAlphaEl [&Type "Integer"] 121
   &nBetaEl [&Type "Integer"] 121
   &nTotalEl [&Type "Integer"] 242
   &finalEn [&Type "Double"]      -1.9007043223243427e+03  "No Van der Waals correction"
   &eExchange [&Type "Double"]      -1.7526565798419034e+02
   &eCorr [&Type "Double"]      -9.9926997066796375e+00
   &eXC [&Type "Double"]      -1.8525835769086999e+02
   &eCNL [&Type "Double"]       0.0000000000000000e+00
$End
$SCF_Timings
   &GeometryIndex 22
   &TOTAL [&Type "Double"]       5.3626826999999999e+01
   &PREP [&Type "Double"]       7.2006500000000007e-01
   &FOCK [&Type "Double"]       4.9730443999999999e+01
   &DENS [&Type "Double"]       2.2678899999998947e-01
   &ETOT [&Type "Double"]       6.1377000000005566e-02
   &POP [&Type "Double"]       1.0000000045806701e-06
   &TRAFO [&Type "Double"]       2.2116500000000272e-01
   &DIIS [&Type "Double"]       7.2785900000000581e-01
   &SOSCF [&Type "Double"]       4.7688500000000289e-01
   &XC [&Type "Double"]       5.3799750000000053e+00
   &FOCKSTART [&Type "Double"]       2.2381000000007867e-02
   &INT_PREP [&Type "Double"]       5.9999999919568836e-06
   &INT_BF [&Type "Double"]       1.5050160000001487e+00
   &INT_DENS [&Type "Double"]       1.3422429999999101e+00
   &INT_DENSIO [&Type "Double"]       1.3981746980900026e+05
   &INT_FUNC [&Type "Double"]       1.5577900000008427e-01
   &INT_POT [&Type "Double"]       1.0703200000000805e+00
   &INT_POTIO [&Type "Double"]       4.0007999999969179e-02
   &INT_SUM [&Type "Double"]       1.3739999999984320e-03
   &SPLITRIJ [&Type "Double"]       6.9678389999999961e+00
   &COSX [&Type "Double"]       3.9189357999999999e+01
$End
$Single_Point_Data
   &GeometryIndex 22
   &FinalEnergy [&Type "Double"]      -1.9007043223243427e+03  "Final single point energy"
   &Converged [&Type "Boolean"] true
$End
$SCF_Nuc_Gradient
   &GeometryIndex 22
   &NAtoms [&Type "Integer"] 52
   &gradNorm [&Type "Double"]       1.2245175315639348e-03
   &grad [&Type "ArrayOfDoubles", &Dim (156,1)] 
                                                         0

0                                      2.5438544324195983e-05
1                                     -2.9307520638580109e-05
2                                      3.9088640552836090e-05
3                                     -3.3515281854724910e-05
4                                      1.2435470476590549e-04
5                                     -1.6532558924237106e-04
6                                      4.9122528320087733e-05
7                                      1.6490876678876276e-05
8                                      4.4275308830388216e-05
9                                      4.7844079491647651e-05
10                                    -1.0152208396703444e-04
11                                     1.3539983526350899e-04
12                                     6.2875593772424021e-05
13                                     8.9125704528861260e-06
14                                     7.4163069760088685e-05
15                                    -2.5068697139724039e-05
16                                     1.7660688453127044e-05
17                                    -3.3938197195604314e-05
18                                    -6.9034144681873189e-05
19                                     8.5705709768069127e-07
20                                     1.1117405369283351e-04
21                                     6.4730078046804085e-05
22                                    -6.6451804004285381e-05
23                                    -3.6185390549017815e-05
24                                     6.2020635019116588e-05
25                                     1.6153302685707749e-05
26                                     2.7717735829879686e-06
27                                    -4.2180900583568826e-05
28                                     6.9429863298678396e-06
29                                    -3.6990747142306990e-06
30                                     5.6193162885350562e-05
31                                    -2.1213005171882848e-06
32                                    -1.9475225246504135e-04
33                                    -1.1154249395568805e-04
34                                     1.1457869171256976e-04
35                                     2.0362329620868605e-04
36                                     7.5666922956629801e-05
37                                     1.0018495164985236e-04
38                                     7.0697103341219036e-05
39                                     2.5056620782229477e-04
40                                    -1.5008365706606352e-04
41                                    -1.8273682438286337e-04
42                                     6.3622280089915828e-05
43                                    -4.6107171749066450e-06
44                                    -3.2650631596263524e-05
45                                     7.9416536939297400e-06
46                                    -1.4362619975365892e-04
47                                    -8.1245250759948151e-06
48                                     7.5869408418249851e-06
49                                    -8.0501558913634308e-05
50                                    -6.8181748991105739e-05
51                                     2.0492302942093366e-04
52                                    -1.3876853303063097e-05
53                                     1.9946004696125286e-05
54                                    -1.2701001269432854e-04
55                                     1.4878953680935725e-05
56                                     4.7376513861552283e-05
57                                    -9.9170964764916381e-06
58                                     3.0501990512521449e-05
59                                    -4.1355424015343534e-05
60                                    -2.9066983888575981e-05
61                                     2.9879089446752105e-05
62                                    -6.9826402373587837e-06
63                                     3.4172834421988818e-05
64                                    -3.3167868034547632e-05
65                                    -9.7600672670089539e-06
66                                    -6.0604044667955659e-06
67                                    -3.8869307045760748e-05
68                                    -1.4518001052732377e-06
69                                     1.6643611706931849e-05
70                                     2.7453148717222764e-05
71                                    -1.0393960543989000e-06
72                                    -3.6382108009214154e-05
73                                     1.5280188485677915e-05
74                                     7.3601703929570411e-05
75                                    -2.3962568379432003e-04
76                                    -1.0409467184877008e-05
77                                    -6.9192966208442286e-05
78                                     1.9724946963811663e-04
79                                     1.1065679976988985e-05
80                                    -1.2153109950591157e-05
81                                    -1.9267013892342033e-05
82                                    -1.7948929581632078e-04
83                                     1.2193764581593103e-04
84                                    -2.9056177337477562e-05
85                                     1.2256445886583978e-04
86                                     1.5339234478181640e-04
87                                    -2.6129398824348282e-04
88                                    -1.0406409824473620e-04
89                                    -3.2264114650209369e-04
90                                    -8.4031873567425031e-05
91                                     8.5273393520574059e-05
92                                    -1.5093113603836805e-04
93                                     5.2914844511366133e-04
94                                     2.3151362815970744e-04
95                                     3.0810949565068801e-04
96                                    -1.7121442451181745e-05
97                                     7.0349349663684224e-05
98                                    -1.2749719060441145e-04
99                                     2.2636856424552293e-05
100                                   -1.4656994905319631e-05
101                                   -2.7984101308997644e-06
102                                   -4.6649103020435234e-06
103                                   -2.0032445811002386e-05
104                                   -7.1381066755610290e-06
105                                   -2.4808109584106841e-05
106                                    7.9868423481094242e-06
107                                    2.5317582282059770e-06
108                                   -1.8712602213755147e-05
109                                   -1.6944772041699308e-05
110                                    7.6873023356488490e-06
111                                   -1.0384602506380292e-05
112                                   -8.1362058468176235e-06
113                                   -1.0869937652119299e-05
114                                   -8.9230998123190908e-06
115                                   -2.6117345622213989e-06
116                                   -3.0279283493028775e-06
117                                   -2.3069551690386644e-05
118                                    4.4167007491741073e-06
119                                   -1.3231636238342226e-06
120                                   -6.1235917968846532e-05
121                                    4.2289516516913483e-05
122                                   -1.2958714058874943e-05
123                                   -3.1011560016502848e-05
124                                   -2.9986708044993371e-05
125                                   -7.7174875227070672e-06
126                                    3.9287966221712711e-06
127                                    7.8895339526430242e-06
128                                    2.9496689125940723e-06
129                                    4.6978968732194759e-06
130                                    4.4306466586152560e-06
131                                   -3.4640406131394852e-06
132                                   -6.8726102567528979e-06
133                                    4.6712568832207868e-06
134                                    2.2855873788030223e-07
135                                   -5.2070952289984263e-06
136                                    5.0552009201801362e-06
137                                    7.0375419666257599e-06
138                                   -1.0478741209282716e-05
139                                    6.0124644378378722e-05
140                                   -6.6952834564266983e-05
141                                   -8.2108684945250698e-05
142                                    1.6506421141121441e-05
143                                    1.4611401587982797e-05
144                                   -3.0704178294546636e-04
145                                   -8.5783141212381064e-05
146                                    8.1434658943425886e-05
147                                   -4.6727013845285909e-05
148                                   -6.7918894273502617e-06
149                                   -2.2467110398244339e-05
150                                   -1.0879636944544080e-05
151                                   -7.7234272816140148e-05
152                                    8.2508073191340375e-05
153                                    5.2905167563510602e-06
154                                    2.2013162500084116e-05
155                                    2.7710150328069671e-06
   &Method [&Type "String"] "SCF"
   &Level [&Type "String"] "Relaxed density"
   &Mult [&Type "Integer"] 1
   &State [&Type "Integer"] 0
   &Irrep [&Type "Integer"] 0
$End
$Geometry
   &GeometryIndex 23
   &NAtoms [&Type "Integer"] 52
   &NCorelessECP [&Type "Integer"] 0
   &NGhostAtoms [&Type "Integer"] 0
   &CartesianCoordinates [&Type "Coordinates", &Dim(52,4), &Units "Bohr"] 
              C     13.973108804786    1.065442702803    1.806593025746
              C     11.606898411341   -0.059507900888    0.605022591125
              O     11.717093094893   -2.043784690798   -0.576991380493
              N      9.368439977854    1.282209599604    0.909169496439
              C      7.029762410108    0.286855805769   -0.017128886483
              C      6.833818638141   -0.764518719609   -2.444502167461
              C      4.522820797625   -1.640517121979   -3.326668996119
              C      2.334471797634   -1.501181675269   -1.831726610493
              C      2.527970188098   -0.455141535049    0.588633373577
              C      4.849534734487    0.415803145293    1.476718642213
              N      0.087890727746   -2.521119084062   -2.825876629145
              C     -2.315555206785   -2.624258581871   -1.732384869943
              C     -3.430570558928   -5.044583864969   -1.648410799908
              C     -5.771631049868   -5.458606438339   -0.596594939512
              C     -7.219523982358   -3.469068383959    0.519668169565
              C     -6.151531743541   -0.986683271390    0.374430304761
              C     -3.745250588225   -0.560784536166   -0.802291930407
              C     -2.868517872166    2.078007912013   -1.285500659806
              O     -0.944715922688    2.521673209992   -2.508153046551
              C     -4.407003597640    4.207788131956   -0.293414185675
              C     -3.556925994228    6.689918739215   -0.662078516630
              C     -4.948657573662    8.710956775700    0.281526559789
              C     -7.202741459097    8.270946582243    1.602910347678
              C     -8.059331410490    5.812618705969    1.969593799897
              C     -6.665140499011    3.767749440552    1.020609372495
              C     -7.628697052417    1.160386860785    1.391232985332
              O     -9.665247030088    0.870487879505    2.522006106552
              N     -9.454357841561   -3.951366818542    1.662551805316
              S     -6.842179035583   -8.658209526123   -0.548597743625
              O     -9.576737591550   -8.705683838933   -0.942814425538
              O     -5.165978166891  -10.235184835111   -2.078376951131
              O     -6.319746960186   -9.406066962579    2.426663829438
              C      9.255005111863    3.577927549582    2.449501756592
              H     13.744683118245    1.419834210718    3.834112576132
              H     14.505224532195    2.857138498689    0.910066148527
              H     15.498177805174   -0.291722295733    1.522847186524
              H      8.492831418191   -0.906047786646   -3.630335733323
              H      4.401717667732   -2.425707455000   -5.223107090401
              H      0.885347844927   -0.360803413123    1.810903595584
              H      4.948900163110    1.182441947597    3.377752841657
              H      0.414961355545   -3.961558238242   -4.040659937048
              H     -2.397199628088   -6.652680838748   -2.395744395835
              H     -1.806133691891    6.975333780483   -1.689862643259
              H     -4.286377426109   10.633609637089   -0.006625232892
              H     -8.287148223783    9.852285613273    2.338596286607
              H     -9.802681010975    5.424375669070    2.975325438337
              H    -10.367361832445   -5.584930124735    1.268681433570
              H    -10.415225815441   -2.419251900568    2.310634342097
              H     -5.341605889978  -10.971958781192    2.412448502501
              H      9.041818173271    3.178398971994    4.477060950407
              H     10.960362481850    4.708087591981    2.189234060177
              H      7.642935438654    4.710649638855    1.834965238426
$End
$SCF_Energy
   &GeometryIndex 23
   &Method [&Type "String"] "SCF"
   &totalEnergy [&Type "ArrayOfDoubles", &Dim (1,1)] "Total energy of each state"
                                                         0

0                                     -1.9007043644554826e+03
   &Mult [&Type "ArrayOfIntegers", &Dim (1,1)] "Multiplicity of each state"
                                                         0

0                                                        1
$End
$DFT_Energy
   &GeometryIndex 23
   &nAlphaEl [&Type "Integer"] 121
   &nBetaEl [&Type "Integer"] 121
   &nTotalEl [&Type "Integer"] 242
   &finalEn [&Type "Double"]      -1.9007043644554826e+03  "No Van der Waals correction"
   &eExchange [&Type "Double"]      -1.7526579634829724e+02
   &eCorr [&Type "Double"]      -9.9927055227564452e+00
   &eXC [&Type "Double"]      -1.8525850187105368e+02
   &eCNL [&Type "Double"]       0.0000000000000000e+00
$End
$SCF_Timings
   &GeometryIndex 23
   &TOTAL [&Type "Double"]       6.0125673999999997e+01
   &PREP [&Type "Double"]       7.3564499999999999e-01
   &FOCK [&Type "Double"]       5.5916139999999984e+01
   &DENS [&Type "Double"]       1.9399900000000514e-01
   &ETOT [&Type "Double"]       7.3043000000001967e-02
   &TRAFO [&Type "Double"]       1.9910500000000297e-01
   &DIIS [&Type "Double"]       7.2714499999999660e-01
   &SOSCF [&Type "Double"]       6.5172200000000124e-01
   &XC [&Type "Double"]       6.1613909999999974e+00
   &FOCKSTART [&Type "Double"]       2.6849999999985275e-02
   &INT_PREP [&Type "Double"]       1.1000000009531163e-05
   &INT_BF [&Type "Double"]       1.7861739999999360e+00
   &INT_DENS [&Type "Double"]       1.6104779999999010e+00
   &INT_DENSIO [&Type "Double"]       1.9085462871100038e+05
   &INT_FUNC [&Type "Double"]       1.8779199999999729e-01
   &INT_POT [&Type "Double"]       1.1731980000001849e+00
   &INT_POTIO [&Type "Double"]       4.9792000000014269e-02
   &INT_SUM [&Type "Double"]       2.2809999999964248e-03
   &SPLITRIJ [&Type "Double"]       8.1246310000000026e+00
   &COSX [&Type "Double"]       4.3480509999999995e+01
$End
$Single_Point_Data
   &GeometryIndex 23
   &FinalEnergy [&Type "Double"]      -1.9007043644554826e+03  "Final single point energy"
   &Converged [&Type "Boolean"] true
$End
$SCF_Nuc_Gradient
   &GeometryIndex 23
   &NAtoms [&Type "Integer"] 52
   &gradNorm [&Type "Double"]       3.1605863505041469e-03
   &grad [&Type "ArrayOfDoubles", &Dim (156,1)] 
                                                         0

0                                      4.9692648797769468e-05
1                                     -9.3936754036363923e-05
2                                     -4.4076275748365645e-05
3                                      1.0256581761311501e-04
4                                      2.0332171987863523e-04
5                                      1.0874088811452243e-05
6                                      2.5249651969101727e-05
7                                      9.9490144053193674e-06
8                                      4.4703345831398345e-05
9                                     -2.1367839888476042e-04
10                                    -1.4277183151492623e-04
11                                    -9.8659229047164121e-05
12                                     7.0867105006824915e-05
13                                     2.9896525391058526e-05
14                                     1.3468728489846732e-04
15                                     9.2279750228213553e-05
16                                     8.3475749818047451e-05
17                                     3.4868966153484005e-06
18                                    -2.7767612043302220e-04
19                                    -1.4053826086179999e-04
20                                     3.4624060304411231e-06
21                                     3.9663942852209699e-04
22                                     3.2578338249957678e-05
23                                     1.9422615160835655e-04
24                                    -2.3742046430644259e-05
25                                     3.8926235252062513e-05
26                                    -7.5866497722204551e-05
27                                     3.4887295012935027e-05
28                                    -2.1695155697457058e-05
29                                    -4.7329042950072786e-07
30                                    -2.0865071240232236e-04
31                                    -4.3740900453337339e-05
32                                    -2.4757041760872789e-04
33                                    -3.4531491242782708e-04
34                                     8.8053043708899437e-04
35                                     3.4424387565125392e-04
36                                    -2.6188680885566584e-05
37                                    -2.9644083008917299e-04
38                                     2.5346341128745786e-05
39                                     9.0710474069838343e-04
40                                     2.8472627393182071e-04
41                                    -4.1345506513060931e-04
42                                     3.5536738856649028e-04
43                                     6.5091558059109794e-04
44                                    -8.2604172180242297e-05
45                                    -5.5098230721223329e-04
46                                    -1.1471088325545886e-03
47                                    -4.8605733078369018e-05
48                                     7.1767540475380087e-04
49                                    -1.5073096199742786e-04
50                                    -2.9742389549484299e-04
51                                    -5.8506943392655497e-05
52                                    -1.2159009578181779e-04
53                                     2.1569868766757594e-04
54                                    -8.9145511579569181e-05
55                                     4.2986678780304599e-06
56                                    -4.7976056835707936e-05
57                                     1.0753526943932390e-04
58                                     9.2597967288082783e-05
59                                    -1.5233526929950281e-04
60                                    -3.9307563121107614e-05
61                                     4.7814232677544088e-05
62                                     6.6161296895239641e-06
63                                     3.8834680526199372e-05
64                                    -5.4467996616458514e-05
65                                    -6.7354154570584135e-06
66                                    -7.5157828326871678e-07
67                                    -8.8625508004563924e-05
68                                    -1.4749143008592480e-05
69                                     5.4862597049676332e-05
70                                     1.0078149729564854e-04
71                                    -8.4834703276831513e-06
72                                    -1.4712533194716909e-04
73                                    -2.2472871867323940e-05
74                                     1.1569176155787689e-04
75                                    -4.9953171706135224e-04
76                                     4.7060483604881298e-04
77                                     2.0316073578366400e-04
78                                     4.1586381225711122e-04
79                                    -2.6046943361997255e-04
80                                    -1.6192745087623139e-04
81                                     2.7488607287378536e-04
82                                    -5.3643802698738474e-04
83                                     1.3578740632515240e-04
84                                    -7.8711196057949101e-04
85                                    -1.6910110264647948e-04
86                                     8.6945285729744803e-04
87                                    -2.1429325078814454e-04
88                                     1.8849667409271548e-05
89                                    -5.6801215936506944e-04
90                                     8.7574871517615005e-05
91                                     8.3989347580970541e-06
92                                    -4.4487332591047757e-04
93                                     7.4575195202951361e-04
94                                     3.4275973447120411e-04
95                                     1.5680630540609863e-04
96                                     3.9651469533920347e-06
97                                     1.0079995913281348e-04
98                                    -4.4535279571877862e-05
99                                    -1.7586232723562634e-05
100                                   -3.1034276384830917e-05
101                                    6.7012476231975704e-07
102                                   -1.9503651232016805e-05
103                                   -2.6539667410258039e-05
104                                   -6.4390696860178176e-06
105                                   -2.3561390817022909e-05
106                                    2.5984987636173962e-05
107                                    2.0368033219281267e-05
108                                   -4.1052313985934230e-05
109                                   -4.2875709385941860e-05
110                                   -2.2204738441777838e-05
111                                    3.3096005839058223e-05
112                                   -5.2808794188119457e-06
113                                   -1.4483833648104572e-05
114                                    7.4277772950104293e-06
115                                   -2.6182354996222984e-05
116                                   -1.6802033877341693e-05
117                                   -1.8867902621606467e-05
118                                    1.6621739213060205e-05
119                                   -1.3804608600120893e-06
120                                    5.6951382143316520e-05
121                                    1.8420943490610187e-05
122                                    4.3599010809691752e-05
123                                   -9.2477301626592290e-05
124                                   -9.4737943003075920e-05
125                                    8.7452707533602903e-05
126                                    1.7636347032223831e-06
127                                    2.2043589589168522e-06
128                                   -4.1737738045166672e-06
129                                    1.7989372094753819e-05
130                                    1.9983531538980692e-06
131                                   -1.3262039101187562e-05
132                                   -1.7215253389185614e-05
133                                   -1.6872378510446318e-06
134                                    1.3420290531807044e-05
135                                   -1.3288843077524648e-05
136                                   -1.7638255939055048e-05
137                                    5.6775101762440716e-06
138                                   -2.8702786501109967e-04
139                                    1.3263581291236837e-04
140                                   -5.7185909222816356e-05
141                                   -2.5688649552811638e-04
142                                    1.3399048572360073e-04
143                                    5.1776274119619270e-05
144                                   -3.1765318792853492e-04
145                                   -1.1505558662949777e-04
146                                    1.5623998193239549e-04
147                                   -4.1782482080275629e-06
148                                   -1.3022229445637523e-05
149                                   -9.8960008999005034e-06
150                                   -2.2589184852539468e-05
151                                   -8.0377661757169427e-05
152                                    3.3486902569518362e-05
153                                    1.5062965112194737e-05
154                                    1.1478075438067781e-05
155                                    2.7254825565509178e-05
   &Method [&Type "String"] "SCF"
   &Level [&Type "String"] "Relaxed density"
   &Mult [&Type "Integer"] 1
   &State [&Type "Integer"] 0
   &Irrep [&Type "Integer"] 0
$End
$Geometry
   &GeometryIndex 24
   &NAtoms [&Type "Integer"] 52
   &NCorelessECP [&Type "Integer"] 0
   &NGhostAtoms [&Type "Integer"] 0
   &CartesianCoordinates [&Type "Coordinates", &Dim(52,4), &Units "Bohr"] 
              C     13.967151793151    1.071148965341    1.821505329166
              C     11.600196872960   -0.067280041693    0.636113486709
              O     11.699043601770   -2.082710721221   -0.492885133557
              N      9.371192351635    1.300724146669    0.892763753340
              C      7.031066687616    0.297264973022   -0.018942204707
              C      6.837794969351   -0.789754765408   -2.430561991876
              C      4.526840854116   -1.675904993621   -3.302640375466
              C      2.337074272592   -1.509463110888   -1.811936914527
              C      2.527693860910   -0.428113145866    0.592631878550
              C      4.850483300099    0.450392747920    1.471163662950
              N      0.092997113593   -2.544740967576   -2.797562031820
              C     -2.317170101331   -2.638331065730   -1.722206431507
              C     -3.441629569656   -5.057548765176   -1.655037555367
              C     -5.788109073829   -5.465041268288   -0.616431266198
              C     -7.232919175558   -3.475901473431    0.504756941857
              C     -6.158927176960   -0.999635704584    0.373487054009
              C     -3.745256369302   -0.574761107781   -0.794475612060
              C     -2.870869588899    2.062056413253   -1.280478390086
              O     -0.954012042430    2.504335306072   -2.515858714434
              C     -4.400743072184    4.192879344820   -0.278058036367
              C     -3.544185520141    6.673714335145   -0.639430443817
              C     -4.927794351066    8.695396069383    0.314843125889
              C     -7.180686102642    8.257409833978    1.638890543267
              C     -8.044453996906    5.800457085339    1.997405181249
              C     -6.658384477929    3.754907026344    1.038298877153
              C     -7.630098771464    1.149590732365    1.399253637334
              O     -9.665610861325    0.858570010115    2.530408879816
              N     -9.470462367738   -3.962923028483    1.645273619940
              S     -6.880900973687   -8.662546376021   -0.586712006256
              O     -9.604519173883   -8.682864908975   -1.037436315601
              O     -5.173240652058  -10.241755078368   -2.080702767151
              O     -6.448854396624   -9.443934678405    2.390870862269
              C      9.272646332701    3.629990922997    2.383920161355
              H     13.727939146120    1.478963607266    3.837804452349
              H     14.514992207118    2.836674442365    0.883547248821
              H     15.485541459754   -0.301922361130    1.582343843065
              H      8.498309358366   -0.951012615439   -3.612182558210
              H      4.407645981357   -2.489702850401   -5.187050069973
              H      0.884147659470   -0.315270157342    1.811631396408
              H      4.950844742620    1.243669721285    3.361376365001
              H      0.430074330815   -3.998108327216   -3.994114929636
              H     -2.412352043297   -6.667439563907   -2.404079242692
              H     -1.794947400934    6.957533193168   -1.670301624606
              H     -4.259802484609   10.616974332574    0.032702613503
              H     -8.258808365080    9.839096639630    2.383044490584
              H     -9.787600119822    5.413275945956    3.004037698211
              H    -10.402464991500   -5.575935983440    1.212797376712
              H    -10.432749142007   -2.428670851023    2.287295994959
              H     -5.234038745437  -10.833383864533    2.400644442126
              H      9.113650656008    3.275956198972    4.424850882838
              H     10.959235845311    4.771628036034    2.053896642660
              H      7.635027748659    4.732047727039    1.783137169206
$End
$SCF_Energy
   &GeometryIndex 24
   &Method [&Type "String"] "SCF"
   &totalEnergy [&Type "ArrayOfDoubles", &Dim (1,1)] "Total energy of each state"
                                                         0

0                                     -1.9007044413398780e+03
   &Mult [&Type "ArrayOfIntegers", &Dim (1,1)] "Multiplicity of each state"
                                                         0

0                                                        1
$End
$DFT_Energy
   &GeometryIndex 24
   &nAlphaEl [&Type "Integer"] 121
   &nBetaEl [&Type "Integer"] 121
   &nTotalEl [&Type "Integer"] 242
   &finalEn [&Type "Double"]      -1.9007044413398780e+03  "No Van der Waals correction"
   &eExchange [&Type "Double"]      -1.7526612576790521e+02
   &eCorr [&Type "Double"]      -9.9927028014980603e+00
   &eXC [&Type "Double"]      -1.8525882856940328e+02
   &eCNL [&Type "Double"]       0.0000000000000000e+00
$End
$SCF_Timings
   &GeometryIndex 24
   &TOTAL [&Type "Double"]       5.8729068000000005e+01
   &PREP [&Type "Double"]       7.6452799999999999e-01
   &FOCK [&Type "Double"]       5.4338965000000002e+01
   &DENS [&Type "Double"]       1.6612200000000144e-01
   &ETOT [&Type "Double"]       6.1940000000003437e-02
   &POP [&Type "Double"]       1.0000000045806701e-06
   &TRAFO [&Type "Double"]       2.0806900000000006e-01
   &DIIS [&Type "Double"]       7.6069100000000134e-01
   &SOSCF [&Type "Double"]       5.0764800000000321e-01
   &XC [&Type "Double"]       5.6621169999999976e+00
   &FOCKSTART [&Type "Double"]       2.3432999999992488e-02
   &INT_PREP [&Type "Double"]       6.9999999920966616e-06
   &INT_BF [&Type "Double"]       1.5210660000001335e+00
   &INT_DENS [&Type "Double"]       1.3752259999999819e+00
   &INT_DENSIO [&Type "Double"]       1.5304185328800036e+05
   &INT_FUNC [&Type "Double"]       1.6111699999971840e-01
   &INT_POT [&Type "Double"]       1.2293249999999203e+00
   &INT_POTIO [&Type "Double"]       3.9611000000224550e-02
   &INT_SUM [&Type "Double"]       1.2730000000011898e-03
   &SPLITRIJ [&Type "Double"]       7.5379709999999971e+00
   &COSX [&Type "Double"]       4.3427593000000002e+01
$End
$Single_Point_Data
   &GeometryIndex 24
   &FinalEnergy [&Type "Double"]      -1.9007044413398780e+03  "Final single point energy"
   &Converged [&Type "Boolean"] true
$End
$SCF_Nuc_Gradient
   &GeometryIndex 24
   &NAtoms [&Type "Integer"] 52
   &gradNorm [&Type "Double"]       6.4116990052683542e-03
   &grad [&Type "ArrayOfDoubles", &Dim (156,1)] 
                                                         0

0                                      6.2952545845675750e-05
1                                     -1.7887224749565944e-04
2                                     -1.0960403611728897e-04
3                                      3.0135053178675236e-04
4                                      3.4356931952794767e-04
5                                      1.9451145886398291e-04
6                                     -2.6379445912702582e-05
7                                     -3.5491467680448530e-05
8                                      6.5034957639181767e-05
9                                     -5.6159559680136334e-04
10                                    -1.9104155511667775e-04
11                                    -4.6586182029428012e-04
12                                     2.4983308621301381e-05
13                                     3.8562779368395139e-05
14                                     1.9945157229227933e-04
15                                     2.5936976382107124e-04
16                                     1.6382972508827143e-04
17                                     5.3023105402713600e-05
18                                    -5.0017486983165715e-04
19                                    -3.3036657193072361e-04
20                                    -2.1041623727297010e-04
21                                     7.7125515164436220e-04
22                                     2.0359005140216380e-04
23                                     5.8939286033474203e-04
24                                    -2.0453836725040087e-04
25                                     6.0377065595633439e-05
26                                    -1.8561238398183411e-04
27                                     1.9849110532003250e-04
28                                    -5.0246900379233295e-05
29                                    -2.2454096786223010e-06
30                                    -6.2592521434792422e-04
31                                    -6.0405217793269017e-05
32                                    -2.4470399190835296e-04
33                                    -5.5183975154984855e-04
34                                     1.7102977503827242e-03
35                                     4.4180529650306166e-04
36                                    -1.8291137540030200e-04
37                                    -9.0406592620757842e-04
38                                    -9.3054352756749559e-05
39                                     1.3119297047582135e-03
40                                     1.1160633007203380e-03
41                                    -4.7711459747677015e-04
42                                     6.4549756184179713e-04
43                                     1.4213197242880782e-03
44                                    -2.3451849509545375e-04
45                                    -1.1770793549943093e-03
46                                    -2.2991912183580182e-03
47                                    -5.2272921569250508e-05
48                                     1.6295161932799868e-03
49                                    -1.8601699880466116e-04
50                                    -5.4870414071277185e-04
51                                    -5.0492606928720374e-04
52                                    -2.5004158455518843e-04
53                                     4.4835940221771287e-04
54                                     2.3457999071885283e-05
55                                    -1.6280630641143934e-05
56                                    -2.0153566214120566e-04
57                                     2.7514593484692651e-04
58                                     1.5298025291483885e-04
59                                    -2.5154119177042689e-04
60                                    -3.7939624646293746e-05
61                                     4.5617389445744283e-05
62                                     1.7611023461774900e-05
63                                     1.8422177006038876e-05
64                                    -6.1312130507334972e-05
65                                     5.8854131322061409e-06
66                                     1.0924192089104001e-05
67                                    -1.2293819397868333e-04
68                                    -3.7124407672471660e-05
69                                     9.3331658759632230e-05
70                                     1.6374340257817310e-04
71                                    -1.0810991239854073e-05
72                                    -2.2600457517708145e-04
73                                    -9.0979370856253405e-05
74                                     1.6284151850003148e-04
75                                    -8.6598710058477524e-04
76                                     1.1162715075322682e-03
77                                     4.0035471525506905e-04
78                                     6.7379515719839800e-04
79                                    -4.9395799191560147e-04
80                                    -2.0535173958841080e-04
81                                     7.3191953210952759e-04
82                                    -1.0680049525324392e-03
83                                     2.1405079222999723e-04
84                                    -2.0699647214604197e-03
85                                    -5.6766074785603859e-04
86                                     1.9250169731090810e-03
87                                     1.3450653287216952e-04
88                                     3.0606541901210052e-04
89                                    -1.0209428980680613e-03
90                                     4.3403628205296307e-04
91                                    -3.8140425416019474e-04
92                                    -6.6347591370405357e-04
93                                     1.2065557024841383e-03
94                                     3.9913835057876768e-04
95                                    -1.3684981667400065e-04
96                                     5.3314545835387792e-05
97                                     1.0950768494126517e-04
98                                     1.6077283501488709e-04
99                                    -7.0197941539687503e-05
100                                   -3.3723131951338137e-05
101                                    5.5550208669097323e-06
102                                   -3.5173567494412028e-05
103                                   -3.6072260618746910e-05
104                                   -9.5398901882037812e-06
105                                   -1.4294576136220094e-05
106                                    4.3994832642391124e-05
107                                    4.1894059758150470e-05
108                                   -6.6325602239764025e-05
109                                   -6.9289786636578948e-05
110                                   -6.5214707355737422e-05
111                                    1.0309071431561199e-04
112                                    3.6343996626109210e-07
113                                   -1.6027642872062930e-05
114                                    5.3158758463844880e-05
115                                   -6.2585727625323259e-05
116                                   -3.3671296985893218e-05
117                                   -7.9383302970144343e-06
118                                    2.7397255649361241e-05
119                                    2.7128654047636758e-06
120                                    2.5095678584637071e-04
121                                   -2.3770084987273510e-05
122                                    1.2866526909371956e-04
123                                   -1.5861596931374122e-04
124                                   -1.5707602868397785e-04
125                                    1.7975824966971754e-04
126                                   -2.7791278670585839e-06
127                                   -9.7485124536771106e-06
128                                   -1.3919330493855631e-05
129                                    3.4728231158381861e-05
130                                   -2.7153884685215957e-06
131                                   -2.2226724954142046e-05
132                                   -2.9820765958449291e-05
133                                   -1.3365696772849045e-05
134                                    2.9671377225148898e-05
135                                   -2.2591053661674687e-05
136                                   -5.1517964037579855e-05
137                                    6.1086377625696464e-07
138                                   -5.9774006969985638e-04
139                                    3.2267355106208040e-04
140                                    1.4544564061788612e-05
141                                   -4.9025162276215839e-04
142                                    2.0414056585177365e-04
143                                   -4.9970076541866471e-05
144                                   -3.1508869228807912e-04
145                                   -1.1388980608784127e-04
146                                    8.1583412554344509e-05
147                                    5.3449538492369303e-05
148                                   -7.8676410125676222e-06
149                                    1.8551329555110962e-05
150                                   -4.0355460350249839e-05
151                                   -6.2556146137787705e-05
152                                   -7.3914969115816687e-05
153                                    3.0299075808704057e-05
154                                   -1.7047471795067493e-05
155                                    5.4566588084607737e-05
   &Method [&Type "String"] "SCF"
   &Level [&Type "String"] "Relaxed density"
   &Mult [&Type "Integer"] 1
   &State [&Type "Integer"] 0
   &Irrep [&Type "Integer"] 0
$End
$Geometry
   &GeometryIndex 25
   &NAtoms [&Type "Integer"] 52
   &NCorelessECP [&Type "Integer"] 0
   &NGhostAtoms [&Type "Integer"] 0
   &CartesianCoordinates [&Type "Coordinates", &Dim(52,4), &Units "Bohr"] 
              C     13.959337802339    1.084979947988    1.827069159768
              C     11.592608575735   -0.065139670147    0.653515392492
              O     11.686518677935   -2.096422407093   -0.447055328168
              N      9.367931106586    1.314789793520    0.884939989959
              C      7.027849453881    0.303774694472   -0.017972807738
              C      6.836166337863   -0.797981782344   -2.422795149249
              C      4.526564265632   -1.693432898560   -3.288645712987
              C      2.337172785788   -1.521319455502   -1.797227964011
              C      2.526497399914   -0.425754871350    0.600872896982
              C      4.848739875723    0.460998639881    1.473173069600
              N      0.096439396986   -2.570477687155   -2.775953604646
              C     -2.319180227646   -2.655018212948   -1.715730793119
              C     -3.454271882091   -5.070692151573   -1.661247280682
              C     -5.804640480073   -5.472568666015   -0.629671300221
              C     -7.243677579404   -3.481511566742    0.495812325175
              C     -6.162382438277   -1.009233519759    0.372372491082
              C     -3.744257105206   -0.588610855364   -0.789954626401
              C     -2.867487207712    2.045920348448   -1.278110154082
              O     -0.954735414606    2.484899351274   -2.521906712342
              C     -4.389109842949    4.179007686698   -0.268602076676
              C     -3.524718157903    6.658000294913   -0.623783163630
              C     -4.901460582768    8.681703120609    0.336381287386
              C     -7.155684110739    8.247698279521    1.659412621497
              C     -8.027650754480    5.792621594391    2.011076902115
              C     -6.648158193558    3.745063572066    1.046726456483
              C     -7.628890041675    1.142339920489    1.400394334065
              O     -9.668591431533    0.854434491403    2.525109801043
              N     -9.483839373461   -3.966547674981    1.633616601332
              S     -6.912693322729   -8.668333436794   -0.616309563397
              O     -9.629681223911   -8.667655835510   -1.093111938813
              O     -5.186141060080  -10.244858751227   -2.091537718024
              O     -6.547255698336   -9.488682881759    2.356429095953
              C      9.276421529533    3.662239432330    2.348343650853
              H     13.716213551609    1.521164719820    3.837014221448
              H     14.510627444685    2.837339728495    0.866623213484
              H     15.476682975941   -0.292962256302    1.609976100520
              H      8.496838161091   -0.962441738433   -3.604127956992
              H      4.407896272440   -2.518674614490   -5.168029622694
              H      0.883551573275   -0.309490997660    1.820247291520
              H      4.950462348848    1.264176015517    3.359260965958
              H      0.440154613918   -4.030499270294   -3.962556264376
              H     -2.430165829658   -6.681537397190   -2.415385779618
              H     -1.775171720093    6.938445374748   -1.655049301036
              H     -4.227061325929   10.601779077948    0.059391932966
              H     -8.228532895685    9.830887284692    2.407932120600
              H     -9.772300213383    5.407924224042    3.016069460164
              H    -10.426079838604   -5.569996862813    1.186948008990
              H    -10.441928276039   -2.430938914268    2.279304237836
              H     -5.131104313778  -10.670607673674    2.407626732963
              H      9.163561180226    3.334190608045    4.396604483162
              H     10.943269880797    4.818347978393    1.967147344578
              H      7.615345369357    4.738665851342    1.766985624307
$End
$SCF_Energy
   &GeometryIndex 25
   &Method [&Type "String"] "SCF"
   &totalEnergy [&Type "ArrayOfDoubles", &Dim (1,1)] "Total energy of each state"
                                                         0

0                                     -1.9007045008694593e+03
   &Mult [&Type "ArrayOfIntegers", &Dim (1,1)] "Multiplicity of each state"
                                                         0

0                                                        1
$End
$DFT_Energy
   &GeometryIndex 25
   &nAlphaEl [&Type "Integer"] 121
   &nBetaEl [&Type "Integer"] 121
   &nTotalEl [&Type "Integer"] 242
   &finalEn [&Type "Double"]      -1.9007045008694593e+03  "No Van der Waals correction"
   &eExchange [&Type "Double"]      -1.7526637679044774e+02
   &eCorr [&Type "Double"]      -9.9927070205541142e+00
   &eXC [&Type "Double"]      -1.8525908381100186e+02
   &eCNL [&Type "Double"]       0.0000000000000000e+00
$End
$SCF_Timings
   &GeometryIndex 25
   &TOTAL [&Type "Double"]       6.2787745000000001e+01
   &PREP [&Type "Double"]       7.5226599999999999e-01
   &FOCK [&Type "Double"]       5.8615047999999994e+01
   &DENS [&Type "Double"]       2.0035600000001352e-01
   &ETOT [&Type "Double"]       7.6750999999994463e-02
   &TRAFO [&Type "Double"]       2.3796499999999554e-01
   &DIIS [&Type "Double"]       7.3164200000000079e-01
   &SOSCF [&Type "Double"]       6.6036499999999876e-01
   &XC [&Type "Double"]       6.3704230000000095e+00
   &FOCKSTART [&Type "Double"]       2.4250000000004990e-02
   &INT_PREP [&Type "Double"]       6.9999999876557695e-06
   &INT_BF [&Type "Double"]       1.9008359999999742e+00
   &INT_DENS [&Type "Double"]       1.6582699999999004e+00
   &INT_DENSIO [&Type "Double"]       2.0014019612400047e+05
   &INT_FUNC [&Type "Double"]       1.9376199999997112e-01
   &INT_POT [&Type "Double"]       1.2378139999999132e+00
   &INT_POTIO [&Type "Double"]       4.9907999999966535e-02
   &INT_SUM [&Type "Double"]       1.9040000000121182e-03
   &SPLITRIJ [&Type "Double"]       8.6207409999999989e+00
   &COSX [&Type "Double"]       4.5468699000000001e+01
$End
$Single_Point_Data
   &GeometryIndex 25
   &FinalEnergy [&Type "Double"]      -1.9007045008694593e+03  "Final single point energy"
   &Converged [&Type "Boolean"] true
$End
$SCF_Nuc_Gradient
   &GeometryIndex 25
   &NAtoms [&Type "Integer"] 52
   &gradNorm [&Type "Double"]       7.4695921035424183e-03
   &grad [&Type "ArrayOfDoubles", &Dim (156,1)] 
                                                         0

0                                      5.4764757230731792e-05
1                                     -1.6733364486922961e-04
2                                     -1.4276285141830852e-04
3                                      3.3998850304836625e-04
4                                      2.6198265927812603e-04
5                                      4.3654616792529466e-04
6                                     -6.8805088779905210e-05
7                                     -5.2371461707612088e-05
8                                     -1.4533706249819645e-05
9                                     -6.6475324901142663e-04
10                                    -1.1739177278499713e-04
11                                    -6.9050598390306243e-04
12                                    -6.7657237396198666e-05
13                                     3.1850652484968767e-05
14                                     1.9743763648792656e-04
15                                     3.1813722025811342e-04
16                                     1.6268825391844641e-04
17                                     7.6665633217953832e-05
18                                    -4.7932644587625473e-04
19                                    -3.8514332170881682e-04
20                                    -3.5081660451233287e-04
21                                     8.0401504878876984e-04
22                                     3.2508243599601097e-04
23                                     7.5768635716454147e-04
24                                    -2.9623069700832061e-04
25                                     4.8491486894668145e-05
26                                    -2.2371134636942069e-04
27                                     3.0555080111227539e-04
28                                    -6.3577222200843220e-05
29                                    -1.7595949483306672e-05
30                                    -8.4904876403822660e-04
31                                    -6.2780893776454016e-05
32                                    -8.6328329500215406e-05
33                                    -4.7573525508011472e-04
34                                     1.8592949481418194e-03
35                                     3.4484298775272482e-04
36                                    -3.1656035791388648e-04
37                                    -1.2089306494240254e-03
38                                    -2.2469477167254281e-04
39                                     1.0756485262082005e-03
40                                     1.6882938785711538e-03
41                                    -3.5565968625489441e-04
42                                     9.1183280968604868e-04
43                                     1.7051393701326455e-03
44                                    -3.4337991440408153e-04
45                                    -1.3456969622972909e-03
46                                    -2.4856590609197288e-03
47                                    -1.0087656550287344e-04
48                                     1.8737850445184265e-03
49                                    -1.1041960930130434e-04
50                                    -5.8884356370652105e-04
51                                    -7.7189841226021905e-04
52                                    -3.0109562916739996e-04
53                                     5.5266900486819481e-04
54                                     1.4648356382124250e-04
55                                    -3.7726647401092883e-06
56                                    -3.1825936547519307e-04
57                                     3.0161169487109840e-04
58                                     1.2927556634242943e-04
59                                    -2.5978335313360523e-04
60                                    -1.7414147613525888e-05
61                                     4.4990310098233510e-05
62                                     2.5187725812579609e-05
63                                    -2.2097567064241486e-05
64                                    -4.3160180916768098e-05
65                                     2.6449686964934160e-05
66                                     2.7377732671800270e-05
67                                    -9.3034570305558506e-05
68                                    -4.6131377375108196e-05
69                                     7.7962779478746302e-05
70                                     1.7957107345634160e-04
71                                    -3.2607101482229339e-06
72                                    -1.8687409649675857e-04
73                                    -1.3403822289188849e-04
74                                     8.1518107545752727e-05
75                                    -7.0611868487532869e-04
76                                     1.2844595393674343e-03
77                                     5.7068566638382445e-04
78                                     4.9450603140677174e-04
79                                    -6.2326144990593191e-04
80                                    -2.7795003228667237e-04
81                                     8.4010700854440790e-04
82                                    -1.1175821994722848e-03
83                                     2.0306081755863681e-04
84                                    -2.6853539473381260e-03
85                                    -6.7678217120759054e-04
86                                     2.3395177574552783e-03
87                                     5.6801398649086732e-04
88                                     5.9642393044994323e-04
89                                    -1.0693945425443163e-03
90                                     7.3129289752937865e-04
91                                    -8.5224845046824593e-04
92                                    -5.0010261939337219e-04
93                                     1.1656353136693109e-03
94                                     6.5272929031051641e-05
95                                    -3.2066184983331469e-04
96                                     9.3416756888030361e-05
97                                     5.1469736569539903e-05
98                                     3.1931489123172493e-04
99                                    -9.4832146735106260e-05
100                                   -1.9014722652234417e-05
101                                    4.8257796110839912e-06
102                                   -2.7692093936701467e-05
103                                   -1.7472872118756699e-05
104                                   -5.6996339998088841e-06
105                                    1.2213845165254256e-06
106                                    3.7498386581846788e-05
107                                    3.6857955851773982e-05
108                                   -4.9286416350047269e-05
109                                   -6.9967172938344840e-05
110                                   -8.0964123586865777e-05
111                                    1.3529514080391335e-04
112                                    7.9643342648372251e-06
113                                   -1.0336972973923331e-05
114                                    8.0279845557112983e-05
115                                   -7.3919286880792107e-05
116                                   -3.4700464512704698e-05
117                                    4.1705118666215263e-06
118                                    1.9003860323024702e-05
119                                    5.0777467900386952e-06
120                                    3.6847641772283501e-04
121                                   -7.8486809476641106e-05
122                                    1.6929314750574465e-04
123                                   -1.4820534412872399e-04
124                                   -1.4871251075349035e-04
125                                    1.7908539498925902e-04
126                                   -6.7896148228663300e-06
127                                   -3.8557690834981062e-05
128                                   -1.9885571056560414e-05
129                                    3.4338654372752242e-05
130                                   -7.6473668036980413e-06
131                                   -2.1675878059491949e-05
132                                   -2.9223790722787690e-05
133                                   -2.0120309010163151e-05
134                                    3.2071994710725082e-05
135                                   -1.9250314987812045e-05
136                                   -8.1118536654174039e-05
137                                   -8.0031780426981225e-06
138                                   -7.9243937576803369e-04
139                                    3.0455229639539394e-04
140                                    3.4129982274588855e-05
141                                   -5.5072779129208826e-04
142                                    2.3087133804994275e-04
143                                    5.0755114840206339e-05
144                                   -1.6171223390010203e-04
145                                    4.6733572520107902e-05
146                                   -2.5962240608884413e-04
147                                    8.8461959647441121e-05
148                                    1.1035175341032877e-05
149                                    3.7119233722515688e-05
150                                   -3.6097316097050136e-05
151                                    4.8255697642218820e-06
152                                   -1.6028069442410725e-04
153                                    2.7452810280187423e-05
154                                   -4.3171187564444713e-05
155                                    5.5623132631722749e-05
   &Method [&Type "String"] "SCF"
   &Level [&Type "String"] "Relaxed density"
   &Mult [&Type "Integer"] 1
   &State [&Type "Integer"] 0
   &Irrep [&Type "Integer"] 0
$End
$Geometry
   &GeometryIndex 26
   &NAtoms [&Type "Integer"] 52
   &NCorelessECP [&Type "Integer"] 0
   &NGhostAtoms [&Type "Integer"] 0
   &CartesianCoordinates [&Type "Coordinates", &Dim(52,4), &Units "Bohr"] 
              C     13.949476414605    1.105787227408    1.816744125525
              C     11.585402404294   -0.048626111892    0.641009463853
              O     11.687642788425   -2.068249394472   -0.479996796217
              N      9.353776056402    1.315607907200    0.894646312189
              C      7.016576207100    0.300818700561   -0.013514012894
              C      6.824551318884   -0.776960679512   -2.429032739414
              C      4.517826297272   -1.675871784741   -3.298508111656
              C      2.331047250975   -1.533146432769   -1.799686702623
              C      2.521405573076   -0.461801932045    0.609682351978
              C      4.840387629072    0.430298880464    1.484723433285
              N      0.093033824311   -2.585299139435   -2.779185400066
              C     -2.322919057058   -2.666795344717   -1.719745603473
              C     -3.463445005230   -5.077580384492   -1.660182964020
              C     -5.813852650082   -5.477149177593   -0.623058078502
              C     -7.247902821240   -3.480188971343    0.498637485331
              C     -6.160329273602   -1.006701583737    0.369028119404
              C     -3.744412436321   -0.594221246202   -0.795907675358
              C     -2.857617562841    2.038158162908   -1.284533634438
              O     -0.942193220072    2.471097230157   -2.525864805572
              C     -4.373198948066    4.175442851594   -0.275121181903
              C     -3.501234645970    6.652047266870   -0.629214621442
              C     -4.873827059218    8.679815976448    0.328623455468
              C     -7.131316810758    8.252219897475    1.648108905205
              C     -8.010420781317    5.799369496136    1.998784288976
              C     -6.634800379692    3.747929316166    1.036900514620
              C     -7.623366141364    1.147962282133    1.390538082690
              O     -9.667784674366    0.869647496301    2.510995546783
              N     -9.489663210572   -3.953075460199    1.633149976641
              S     -6.916424313288   -8.672958157564   -0.609325524749
              O     -9.639234690924   -8.676599095700   -1.049404041838
              O     -5.201267972238  -10.241409188095   -2.103766936372
              O     -6.537349350476   -9.509786867317    2.356659240602
              C      9.251912548474    3.649613970603    2.378343694436
              H     13.712628739656    1.520726497981    3.831894995124
              H     14.485302520877    2.871212122872    0.871419548198
              H     15.474982269428   -0.259933329463    1.579317272562
              H      8.483287053890   -0.917977844356   -3.616148440576
              H      4.397903145238   -2.480939293890   -5.186476356952
              H      0.880732281238   -0.366063586424    1.834336930725
              H      4.942585222463    1.213985902233    3.378943667357
              H      0.434554633711   -4.039635581835   -3.973399760529
              H     -2.442465092732   -6.688854248045   -2.417775695083
              H     -1.749477651987    6.927455289820   -1.658075266651
              H     -4.193905036845   10.598056525792    0.052649101366
              H     -8.200978123405    9.838598073323    2.394313777701
              H     -9.757555749339    5.419731607523    3.001195172038
              H    -10.419501613910   -5.572659845629    1.220785069990
              H    -10.443157941757   -2.416250743841    2.280965774030
              H     -5.064273665983  -10.620631023290    2.409475856668
              H      9.143454978823    3.303181385716    4.423709601175
              H     10.911584992657    4.818972979254    2.005408108803
              H      7.583821767577    4.721629382762    1.808547472984
$End
$SCF_Energy
   &GeometryIndex 26
   &Method [&Type "String"] "SCF"
   &totalEnergy [&Type "ArrayOfDoubles", &Dim (1,1)] "Total energy of each state"
                                                         0

0                                     -1.9007045837297562e+03
   &Mult [&Type "ArrayOfIntegers", &Dim (1,1)] "Multiplicity of each state"
                                                         0

0                                                        1
$End
$DFT_Energy
   &GeometryIndex 26
   &nAlphaEl [&Type "Integer"] 121
   &nBetaEl [&Type "Integer"] 121
   &nTotalEl [&Type "Integer"] 242
   &finalEn [&Type "Double"]      -1.9007045837297562e+03  "No Van der Waals correction"
   &eExchange [&Type "Double"]      -1.7526658583898654e+02
   &eCorr [&Type "Double"]      -9.9927339812832443e+00
   &eXC [&Type "Double"]      -1.8525931982026978e+02
   &eCNL [&Type "Double"]       0.0000000000000000e+00
$End
$SCF_Timings
   &GeometryIndex 26
   &TOTAL [&Type "Double"]       5.5100268000000000e+01
   &PREP [&Type "Double"]       7.6287099999999997e-01
   &FOCK [&Type "Double"]       5.0912041999999985e+01
   &DENS [&Type "Double"]       1.7646899999999732e-01
   &ETOT [&Type "Double"]       6.1665999999991783e-02
   &TRAFO [&Type "Double"]       1.9685700000000317e-01
   &DIIS [&Type "Double"]       7.0853799999999723e-01
   &SOSCF [&Type "Double"]       5.2277299999999371e-01
   &XC [&Type "Double"]       5.6741949999999921e+00
   &FOCKSTART [&Type "Double"]       1.9698000000001770e-02
   &INT_PREP [&Type "Double"]       3.0000000030838692e-06
   &INT_BF [&Type "Double"]       1.5260070000002433e+00
   &INT_DENS [&Type "Double"]       1.3812989999999026e+00
   &INT_DENSIO [&Type "Double"]       1.4454847062700032e+05
   &INT_FUNC [&Type "Double"]       1.5930400000001566e-01
   &INT_POT [&Type "Double"]       1.0758659999995945e+00
   &INT_POTIO [&Type "Double"]       4.1925000000117230e-02
   &INT_SUM [&Type "Double"]       2.6120000000027233e-03
   &SPLITRIJ [&Type "Double"]       7.8359720000000017e+00
   &COSX [&Type "Double"]       3.9511601999999996e+01
$End
$Single_Point_Data
   &GeometryIndex 26
   &FinalEnergy [&Type "Double"]      -1.9007045837297562e+03  "Final single point energy"
   &Converged [&Type "Boolean"] true
$End
$SCF_Nuc_Gradient
   &GeometryIndex 26
   &NAtoms [&Type "Integer"] 52
   &gradNorm [&Type "Double"]       4.1042252210826292e-03
   &grad [&Type "ArrayOfDoubles", &Dim (156,1)] 
                                                         0

0                                      1.9975414065655228e-06
1                                     -5.8344988299725148e-05
2                                     -5.1682414070004790e-05
3                                      2.0111518955015506e-04
4                                      4.4084397465338210e-05
5                                      3.0309436646172583e-04
6                                     -7.2994932154193948e-05
7                                     -5.2560535123258312e-05
8                                     -3.7512210819184988e-05
9                                     -3.5271834106428285e-04
10                                     2.2995854231502855e-05
11                                    -4.3742549961559539e-04
12                                    -1.4175396305683707e-04
13                                     1.4642623017188661e-05
14                                     7.4289254936285576e-05
15                                     1.8285422417366193e-04
16                                     4.4352786588068224e-05
17                                     2.7704734696987199e-05
18                                    -1.5223012016236243e-04
19                                    -1.9995083691518034e-04
20                                    -3.0455384201071023e-04
21                                     3.3650419374436913e-04
22                                     2.4837635530625818e-04
23                                     5.0170292578377573e-04
24                                    -2.3439880812797798e-04
25                                     6.8801795116736619e-06
26                                    -1.3572592797678196e-04
27                                     2.5016324231413867e-04
28                                    -3.2182332734484453e-05
29                                    -3.5116263459172847e-05
30                                    -6.4090138834223959e-04
31                                     3.1685124235222850e-05
32                                     1.8861529717938141e-04
33                                    -4.9204198207405958e-05
34                                     7.9977719160451849e-04
35                                    -8.0548541100813192e-05
36                                    -2.1369526289008456e-04
37                                    -8.4560603912151033e-04
38                                    -2.6525738238997176e-04
39                                     9.5632823259042543e-05
40                                     1.2733291781646533e-03
41                                     3.0291632708921712e-04
42                                     5.3294950426791693e-04
43                                     1.0058309616253688e-03
44                                    -3.0489607467583391e-04
45                                    -6.8251465539052175e-04
46                                    -1.1751727195195294e-03
47                                    -1.5752008322218736e-05
48                                     9.8697897474077367e-04
49                                     9.9661481930593543e-05
50                                    -2.5587212571659239e-04
51                                    -5.7894769904393018e-04
52                                    -1.7637081920683639e-04
53                                     3.2359530428610617e-04
54                                     2.0036524979716308e-04
55                                    -7.4462064748315182e-06
56                                    -2.3812999654471145e-04
57                                     1.4959428067093383e-04
58                                     1.5932434302867726e-05
59                                    -1.0271561216311509e-04
60                                     1.4233047463799164e-05
61                                     1.1963045362731184e-06
62                                     1.2031796744742251e-05
63                                    -6.4039795677914291e-05
64                                     7.8451381199107217e-06
65                                     3.6523620999439482e-05
66                                     2.8446367370621450e-05
67                                     1.1183387977065085e-05
68                                    -2.8053595425008016e-05
69                                     1.3066419199139756e-05
70                                     7.0656290038145081e-05
71                                     1.1212098003136883e-05
72                                    -2.0574266796941076e-05
73                                    -1.1263249077068938e-04
74                                    -3.1682191629547191e-05
75                                    -1.9666914243457456e-04
76                                     7.2365959466626564e-04
77                                     2.5704791165639951e-04
78                                     6.5088642894783888e-05
79                                    -2.8512409108051584e-04
80                                    -6.2703636119099126e-05
81                                     4.4417585418086297e-04
82                                    -5.7809677730034925e-04
83                                     7.6715602090937640e-05
84                                    -1.2214893594467424e-03
85                                    -5.7846177787233832e-04
86                                     1.2277276849316510e-03
87                                     5.8156182033985981e-04
88                                     3.9593930444275886e-04
89                                    -4.3195042945087803e-04
90                                     4.0075152335838915e-04
91                                    -7.1095901462958633e-04
92                                    -1.1075803512775040e-04
93                                     3.0081751357274866e-04
94                                     1.6343305193114444e-04
95                                    -3.8232752718264651e-04
96                                     8.4390301111868238e-05
97                                    -4.9815928245953989e-05
98                                     2.9910870995081273e-04
99                                    -4.8519121277658395e-05
100                                    5.7189316621381048e-06
101                                    8.9070923442458039e-07
102                                   -1.3870705903556990e-05
103                                    1.5975368966580916e-05
104                                    1.4602796497009685e-07
105                                    1.8015945766697294e-05
106                                    4.0770215015140110e-06
107                                    1.0968124204112362e-05
108                                   -1.2492180492457150e-05
109                                   -1.8350389716061816e-05
110                                   -4.0868184358791582e-05
111                                    9.7734744251757807e-05
112                                    1.4220446502705153e-05
113                                    2.8082125628214882e-06
114                                    6.8680160963147108e-05
115                                   -3.8507989114533459e-05
116                                   -7.7014242449990888e-06
117                                    1.2209806917063554e-06
118                                   -8.2429017583124375e-06
119                                   -1.0009261393606472e-06
120                                    2.9408049646147821e-04
121                                   -1.0107978229731418e-04
122                                    1.2516832089748409e-04
123                                   -5.0641775543036616e-05
124                                   -6.3904052026914071e-05
125                                    8.1313522982684461e-05
126                                   -5.0682631314025173e-06
127                                   -4.3991958382956498e-05
128                                   -1.4708828632067905e-05
129                                    1.3307885137633924e-05
130                                   -9.9759776197583250e-06
131                                   -6.2285764401842636e-06
132                                   -1.0929075155652335e-05
133                                   -1.7247925103658357e-05
134                                    1.2996396488704209e-05
135                                   -5.9695692655181709e-06
136                                   -6.3780721104293725e-05
137                                   -1.2560098790442842e-05
138                                   -4.5390920111444688e-04
139                                    1.1216900601349056e-04
140                                    7.1851597691303948e-05
141                                   -2.7981236383350927e-04
142                                    8.7550780780737414e-05
143                                    1.5828853945298871e-05
144                                    7.7106060324017012e-05
145                                   -6.1923527192586647e-05
146                                   -4.6133762894941255e-04
147                                    6.9835259127265514e-05
148                                    2.2675943136263310e-05
149                                    3.8241827794438521e-06
150                                   -8.7561472877917268e-07
151                                    8.4945773065808750e-05
152                                   -1.3939008226930560e-04
153                                   -6.4485184992635336e-06
154                                   -3.9065378975383647e-05
155                                    2.8377364933690474e-05
   &Method [&Type "String"] "SCF"
   &Level [&Type "String"] "Relaxed density"
   &Mult [&Type "Integer"] 1
   &State [&Type "Integer"] 0
   &Irrep [&Type "Integer"] 0
$End
$Geometry
   &GeometryIndex 27
   &NAtoms [&Type "Integer"] 52
   &NCorelessECP [&Type "Integer"] 0
   &NGhostAtoms [&Type "Integer"] 0
   &CartesianCoordinates [&Type "Coordinates", &Dim(52,4), &Units "Bohr"] 
              C     13.942981797200    1.109408407931    1.805718704917
              C     11.581210749632   -0.041250144093    0.619694088332
              O     11.692968573859   -2.039762989284   -0.537354817048
              N      9.342739488677    1.304440891885    0.905596818513
              C      7.008002637328    0.292914215546   -0.014876250410
              C      6.814873860011   -0.748545774808   -2.446211903283
              C      4.510296481830   -1.643266158920   -3.325157017859
              C      2.325689065224   -1.535223680473   -1.820491807646
              C      2.517637880759   -0.499863647031    0.605082929754
              C      4.833425332750    0.391010843353    1.488629042731
              N      0.088582155183   -2.581369183040   -2.805253170312
              C     -2.324047208518   -2.667556826506   -1.736862518906
              C     -3.461360113020   -5.077125453946   -1.666494484621
              C     -5.809691616761   -5.480419055599   -0.621932902989
              C     -7.244276229528   -3.480849971458    0.494222287068
              C     -6.156086640095   -1.003702398808    0.359278769189
              C     -3.744922817419   -0.593131278971   -0.809561447066
              C     -2.850405345977    2.040044662351   -1.291623641397
              O     -0.928871810241    2.472997764291   -2.522167597438
              C     -4.366123902971    4.177042364322   -0.280786492610
              C     -3.491694636817    6.653638636859   -0.629946815078
              C     -4.865764266757    8.681226898741    0.326178885923
              C     -7.126936536330    8.253391364544    1.639260560586
              C     -8.007832274594    5.800415120647    1.985684179989
              C     -6.630459523539    3.749255854191    1.025397774857
              C     -7.620605738083    1.148903852342    1.376283305076
              O     -9.669523901458    0.874446723342    2.490989729730
              N     -9.486800856819   -3.948164890647    1.623556714519
              S     -6.894653189004   -8.678194666001   -0.581425714904
              O     -9.614279042761   -8.705169458921   -1.039927215062
              O     -5.152783225975  -10.252197172764   -2.034736702423
              O     -6.560331891579   -9.478208282662    2.401917740100
              C      9.228677984644    3.615613693821    2.422808584586
              H     13.714074256829    1.488055074469    3.828854895627
              H     14.463154634247    2.894307963797    0.888622623134
              H     15.476145443830   -0.242025059086    1.537063603232
              H      8.472030301886   -0.863115780764   -3.638327913500
              H      4.388704128539   -2.418578513827   -5.225443465210
              H      0.878124969006   -0.427149902863    1.833563857960
              H      4.935363390283    1.146945164846    3.394114147975
              H      0.423386623781   -4.023550384115   -4.015914781212
              H     -2.438880913257   -6.687175017379   -2.424544875085
              H     -1.737050739687    6.929229624493   -1.653838582029
              H     -4.184497609977   10.599512774090    0.053931236079
              H     -8.197871108822    9.839766033907    2.383582050356
              H     -9.757179685417    5.420990090730    2.984094478003
              H    -10.403774491419   -5.579035639763    1.228392922924
              H    -10.441595697513   -2.411747474773    2.267810464551
              H     -5.028806118906  -10.502097740834    2.514564184730
              H      9.103992100960    3.238345266620    4.461811749556
              H     10.890620153915    4.791005682877    2.081786332652
              H      7.564425160662    4.695567558443    1.856000448819
$End
$SCF_Energy
   &GeometryIndex 27
   &Method [&Type "String"] "SCF"
   &totalEnergy [&Type "ArrayOfDoubles", &Dim (1,1)] "Total energy of each state"
                                                         0

0                                     -1.9007046373647579e+03
   &Mult [&Type "ArrayOfIntegers", &Dim (1,1)] "Multiplicity of each state"
                                                         0

0                                                        1
$End
$DFT_Energy
   &GeometryIndex 27
   &nAlphaEl [&Type "Integer"] 121
   &nBetaEl [&Type "Integer"] 121
   &nTotalEl [&Type "Integer"] 242
   &finalEn [&Type "Double"]      -1.9007046373647579e+03  "No Van der Waals correction"
   &eExchange [&Type "Double"]      -1.7526724324235249e+02
   &eCorr [&Type "Double"]      -9.9927919889170607e+00
   &eXC [&Type "Double"]      -1.8526003523126954e+02
   &eCNL [&Type "Double"]       0.0000000000000000e+00
$End
$SCF_Timings
   &GeometryIndex 27
   &TOTAL [&Type "Double"]       5.2716800999999997e+01
   &PREP [&Type "Double"]       7.3475399999999991e-01
   &FOCK [&Type "Double"]       4.8321469000000008e+01
   &DENS [&Type "Double"]       1.4491699999999952e-01
   &ETOT [&Type "Double"]       5.3860000000002017e-02
   &POP [&Type "Double"]       1.0000000045806701e-06
   &TRAFO [&Type "Double"]       1.9894499999999837e-01
   &DIIS [&Type "Double"]       7.3504500000000128e-01
   &SOSCF [&Type "Double"]       4.2484699999999798e-01
   &XC [&Type "Double"]       5.0741720000000097e+00
   &FOCKSTART [&Type "Double"]       2.0652000000000448e-02
   &INT_PREP [&Type "Double"]       6.9999999974257321e-06
   &INT_BF [&Type "Double"]       1.4236629999998973e+00
   &INT_DENS [&Type "Double"]       1.2822089999999191e+00
   &INT_DENSIO [&Type "Double"]       1.2192508406000023e+05
   &INT_FUNC [&Type "Double"]       1.4990800000003812e-01
   &INT_POT [&Type "Double"]       1.0717380000000372e+00
   &INT_POTIO [&Type "Double"]       3.7607999999921482e-02
   &INT_SUM [&Type "Double"]       2.1080000000104349e-03
   &SPLITRIJ [&Type "Double"]       6.7380670000000009e+00
   &COSX [&Type "Double"]       3.9007954999999995e+01
$End
$Single_Point_Data
   &GeometryIndex 27
   &FinalEnergy [&Type "Double"]      -1.9007046373647579e+03  "Final single point energy"
   &Converged [&Type "Boolean"] true
$End
$SCF_Nuc_Gradient
   &GeometryIndex 27
   &NAtoms [&Type "Integer"] 52
   &gradNorm [&Type "Double"]       2.1280159055050217e-03
   &grad [&Type "ArrayOfDoubles", &Dim (156,1)] 
                                                         0

0                                     -3.9537197800353432e-05
1                                      1.2148251265969856e-04
2                                      4.1416110803417505e-05
3                                     -9.4363164493696527e-05
4                                     -3.9887162000223908e-04
5                                      1.0277073117559432e-04
6                                     -8.9688958133660179e-06
7                                      3.9023161184870148e-05
8                                     -5.9177886863825968e-05
9                                      1.1061865602002285e-04
10                                     2.5479066942435402e-04
11                                    -4.9030362918010134e-05
12                                    -1.1008860620373428e-04
13                                     1.3059138922549840e-05
14                                     1.0443676207158581e-05
15                                    -5.8568734876834894e-05
16                                    -9.8097736184216133e-05
17                                    -7.0317682020162864e-05
18                                     2.0101129940573725e-04
19                                     7.7696945850747046e-05
20                                    -8.5467731562344218e-05
21                                    -2.2436021814901952e-04
22                                     6.0105156196685328e-05
23                                    -5.0931839792572875e-05
24                                    -4.2279894246197158e-05
25                                    -5.8313227257942440e-05
26                                    -3.5898094257927338e-05
27                                     6.0710706125760572e-05
28                                    -6.7805117418689997e-06
29                                    -8.3769866909819135e-05
30                                    -2.1775375400014813e-04
31                                     7.6166398111282563e-05
32                                     4.3360782855586533e-04
33                                     4.3224511126806892e-04
34                                    -3.0763081982100593e-04
35                                    -4.4809752260549854e-04
36                                    -6.0044256065552859e-05
37                                    -2.8368412595816683e-04
38                                    -9.8340792167667113e-05
39                                    -7.9361655577475654e-04
40                                     4.8840590320056720e-04
41                                     3.3929732503678450e-04
42                                    -3.5614821830513843e-04
43                                    -1.2465383881462774e-05
44                                     1.8894980744978834e-04
45                                     1.4920178197058015e-04
46                                     3.3522581550969599e-04
47                                    -3.9577079564839801e-05
48                                    -3.0230650497842931e-04
49                                     1.9965717518485859e-04
50                                     2.9166027823408422e-04
51                                    -1.2994923575543327e-04
52                                    -3.0176061960998646e-05
53                                    -2.7707983263136615e-04
54                                     1.6611770113428292e-04
55                                     7.2935302876386832e-06
56                                     4.0630389951612500e-05
57                                    -3.9458560851385327e-05
58                                    -4.1147675776148640e-05
59                                     1.4837198557975106e-04
60                                     2.9616683192040805e-05
61                                     2.7974697525134928e-07
62                                     4.7357446559745386e-06
63                                    -7.1650805460392319e-05
64                                     2.9170752630466867e-05
65                                     2.7876989337191627e-05
66                                     3.2939877759555203e-05
67                                     8.9372067862636406e-05
68                                    -6.7054305571898065e-06
69                                    -7.1565377284393827e-05
70                                    -3.1214810017742012e-05
71                                     7.9104074334479524e-06
72                                     1.5394608449692537e-04
73                                    -2.2675648754494349e-05
74                                    -1.4722713792664210e-04
75                                     2.9931637021576862e-04
76                                    -2.3046925244063141e-04
77                                    -3.2470241332072103e-06
78                                    -2.8346837233461653e-04
79                                     6.5772029731923920e-05
80                                     9.6395808665411531e-05
81                                     3.0172856590759967e-04
82                                     2.6335804257091380e-04
83                                     1.2947977565481994e-04
84                                     2.1666232885886316e-04
85                                    -3.4289013530963697e-04
86                                    -3.8686360193521119e-04
87                                     3.9622911974646069e-04
88                                     1.2397703370593295e-04
89                                     5.8179520711215682e-05
90                                     2.1891674934271244e-05
91                                    -1.7226333974629249e-04
92                                     4.7469754805887221e-04
93                                    -1.9365468401902342e-04
94                                     1.1455565500709253e-05
95                                     1.1976658319035050e-05
96                                     4.8757490282783089e-05
97                                    -1.2174622614544856e-04
98                                     1.3122896446401966e-04
99                                     2.9924435197468957e-05
100                                    3.6987841458800685e-05
101                                   -7.8858497984668485e-06
102                                   -1.1204665419997650e-06
103                                    4.0346623694481609e-05
104                                    3.5666834055481100e-05
105                                    9.4631553755608611e-06
106                                   -2.6796065327142071e-05
107                                   -2.1868657011710202e-05
108                                    2.6315242714958220e-05
109                                    2.8814953777319546e-05
110                                    8.4758557950537217e-06
111                                    1.1007465106467607e-05
112                                    1.7605090024935821e-05
113                                    8.1649335706146520e-06
114                                   -1.3780826818632352e-05
115                                    2.5896216183722912e-05
116                                    2.6717246199015054e-05
117                                    8.5910724145314699e-06
118                                   -2.0550205370478691e-05
119                                    8.1598133366556080e-06
120                                    1.2573396634031619e-04
121                                   -8.1874795239300635e-05
122                                    6.5041313697999925e-05
123                                   -8.2492871535944090e-06
124                                    5.7702605573445309e-05
125                                   -9.1143130329165989e-05
126                                    2.5743659610721892e-06
127                                   -4.0478048736327515e-05
128                                   -1.7663606399209719e-06
129                                   -4.4295843850128414e-06
130                                   -4.9127038910801168e-06
131                                    4.9743056468494473e-06
132                                    3.9102445055505530e-06
133                                   -6.0494688066681235e-06
134                                   -8.0510060288807583e-06
135                                    1.7519082679773312e-05
136                                   -3.4686572329419019e-05
137                                   -9.0629252541968297e-06
138                                    3.8835248808918865e-05
139                                    4.4689820146048831e-05
140                                   -6.9903885401081944e-05
141                                    8.9338158147572733e-05
142                                   -1.6610780526463143e-04
143                                   -1.6288169832866239e-04
144                                    1.1570489303777687e-04
145                                   -6.9689429437996830e-05
146                                   -3.9958278648358908e-04
147                                    4.9706418261540042e-05
148                                    2.8316881921043591e-05
149                                   -6.8783800709626419e-06
150                                   -6.1227590242296515e-07
151                                    1.1377101574558401e-04
152                                   -6.5140655217007376e-05
153                                   -2.3641781247474292e-05
154                                   -4.0851381578554946e-05
155                                   -1.0932757376735935e-05
   &Method [&Type "String"] "SCF"
   &Level [&Type "String"] "Relaxed density"
   &Mult [&Type "Integer"] 1
   &State [&Type "Integer"] 0
   &Irrep [&Type "Integer"] 0
$End
$Geometry
   &GeometryIndex 28
   &NAtoms [&Type "Integer"] 52
   &NCorelessECP [&Type "Integer"] 0
   &NGhostAtoms [&Type "Integer"] 0
   &CartesianCoordinates [&Type "Coordinates", &Dim(52,4), &Units "Bohr"] 
              C     13.942061893216    1.100109758391    1.805272716909
              C     11.580538307112   -0.043737693990    0.612277773791
              O     11.694181127158   -2.033615728881   -0.559445657399
              N      9.339957806024    1.295187992958    0.911517585812
              C      7.005831806024    0.287406201040   -0.014524556653
              C      6.811989702956   -0.739546575196   -2.451888279486
              C      4.507436953478   -1.630151887623   -3.335371831209
              C      2.323557822086   -1.532256692297   -1.829617422268
              C      2.516247307367   -0.511279506893    0.602234341145
              C      4.831503097919    0.376012378134    1.490280407605
              N      0.085307175923   -2.571801817431   -2.818124709749
              C     -2.324769344735   -2.661559319680   -1.742055892733
              C     -3.456888053934   -5.072207408908   -1.663984076610
              C     -5.804349378455   -5.479042841813   -0.617326882240
              C     -7.241808575964   -3.478841187140    0.494224459602
              C     -6.156233388399   -0.999217183385    0.355080687867
              C     -3.747089043097   -0.587610239924   -0.815512457395
              C     -2.853105442357    2.046697491383   -1.297054926435
              O     -0.931866956883    2.480639798688   -2.527094735223
              C     -4.371097412905    4.183030142251   -0.288196334076
              C     -3.498486180873    6.660148096723   -0.638531353539
              C     -4.873968636905    8.687031815336    0.316770094019
              C     -7.134750801222    8.257955175146    1.630204808357
              C     -8.013862028958    5.804555145819    1.977755418732
              C     -6.635082777590    3.754009882405    1.018209270546
              C     -7.622953269119    1.152756917006    1.369979052048
              O     -9.670874950675    0.877792365168    2.486205280873
              N     -9.484807692514   -3.944090082451    1.623224389074
              S     -6.881420961785   -8.677643721758   -0.564200322501
              O     -9.606604767731   -8.715552082999   -0.992298955661
              O     -5.151345538867  -10.246279148725   -2.036732784947
              O     -6.515339211018   -9.471491353591    2.418397446503
              C      9.222432996258    3.595903728451    2.444020011335
              H     13.714024689105    1.463755306337    3.831259373077
              H     14.460712902074    2.891720028788    0.900544436103
              H     15.475908355562   -0.248313965967    1.526103189132
              H      8.468810694553   -0.846516126480   -3.645108893395
              H      4.385028833525   -2.394094160795   -5.240237887487
              H      0.876771874755   -0.445844948031    1.831273550803
              H      4.933310368260    1.121594204051    3.399833948519
              H      0.414881457060   -4.005957492353   -4.039412921820
              H     -2.430676691718   -6.681410389142   -2.418969325628
              H     -1.743937398313    6.936932826013   -1.662270767086
              H     -4.194248329840   10.605767408349    0.043749376816
              H     -8.206740390715    9.843919413473    2.373934029129
              H     -9.762969529971    5.424742232227    2.976468729776
              H    -10.393168983031   -5.584464609674    1.248220420486
              H    -10.438635555367   -2.409193760861    2.273276998686
              H     -4.982089284491  -10.493408076969    2.522603037930
              H      9.082787652147    3.204077213334    4.479377616502
              H     10.890421921425    4.767890516409    2.123235300321
              H      7.565465871239    4.685491946179    1.874040217423
$End
$SCF_Energy
   &GeometryIndex 28
   &Method [&Type "String"] "SCF"
   &totalEnergy [&Type "ArrayOfDoubles", &Dim (1,1)] "Total energy of each state"
                                                         0

0                                     -1.9007046479784112e+03
   &Mult [&Type "ArrayOfIntegers", &Dim (1,1)] "Multiplicity of each state"
                                                         0

0                                                        1
$End
$DFT_Energy
   &GeometryIndex 28
   &nAlphaEl [&Type "Integer"] 121
   &nBetaEl [&Type "Integer"] 121
   &nTotalEl [&Type "Integer"] 242
   &finalEn [&Type "Double"]      -1.9007046479784112e+03  "No Van der Waals correction"
   &eExchange [&Type "Double"]      -1.7526703912082189e+02
   &eCorr [&Type "Double"]      -9.9927708522926491e+00
   &eXC [&Type "Double"]      -1.8525980997311453e+02
   &eCNL [&Type "Double"]       0.0000000000000000e+00
$End
$SCF_Timings
   &GeometryIndex 28
   &TOTAL [&Type "Double"]       5.2550253999999995e+01
   &PREP [&Type "Double"]       7.7432999999999996e-01
   &FOCK [&Type "Double"]       4.9180406999999988e+01
   &DENS [&Type "Double"]       1.5166899999999117e-01
   &ETOT [&Type "Double"]       5.6055000000012178e-02
   &TRAFO [&Type "Double"]       1.9330199999999920e-01
   &DIIS [&Type "Double"]       5.7892699999999842e-01
   &SOSCF [&Type "Double"]       5.4911599999999616e-01
   &XC [&Type "Double"]       4.7777770000000057e+00
   &FOCKSTART [&Type "Double"]       2.2026999999992136e-02
   &INT_PREP [&Type "Double"]       4.9999999971461762e-06
   &INT_BF [&Type "Double"]       1.4072899999999002e+00
   &INT_DENS [&Type "Double"]       1.2756529999999859e+00
   &INT_DENSIO [&Type "Double"]       1.3799275379800037e+05
   &INT_FUNC [&Type "Double"]       1.4814500000015229e-01
   &INT_POT [&Type "Double"]       9.5984500000007156e-01
   &INT_POTIO [&Type "Double"]       3.8719999999957899e-02
   &INT_SUM [&Type "Double"]       1.2770000000097426e-03
   &SPLITRIJ [&Type "Double"]       7.0360119999999906e+00
   &COSX [&Type "Double"]       3.8869701999999997e+01
$End
$Single_Point_Data
   &GeometryIndex 28
   &FinalEnergy [&Type "Double"]      -1.9007046479784112e+03  "Final single point energy"
   &Converged [&Type "Boolean"] true
$End
$SCF_Nuc_Gradient
   &GeometryIndex 28
   &NAtoms [&Type "Integer"] 52
   &gradNorm [&Type "Double"]       1.9323065409238376e-03
   &grad [&Type "ArrayOfDoubles", &Dim (156,1)] 
                                                         0

0                                     -3.1526137046922892e-05
1                                      6.0984402719996278e-05
2                                      3.8675719967844191e-05
3                                     -7.2558544407609615e-05
4                                     -2.5351753455710169e-04
5                                     -4.4708434484175275e-05
6                                     -1.6745101893915482e-05
7                                      3.3951983917979156e-05
8                                      9.6614514523141182e-06
9                                      1.0574616385591526e-04
10                                     1.7501317180290688e-04
11                                     5.4771076089182164e-05
12                                    -4.3472338596417526e-05
13                                    -1.3329319741572920e-06
14                                    -3.1240286275831253e-05
15                                    -7.9643060963599521e-05
16                                    -6.9787507965336434e-05
17                                    -5.1959517432031976e-05
18                                     1.5909572038221020e-04
19                                     1.0114373646685076e-04
20                                     1.8737586046660426e-05
21                                    -1.7717347606185929e-04
22                                     5.4608489207609578e-05
23                                    -1.8916673640096554e-04
24                                     3.4975298951647749e-05
25                                    -7.9779116631147756e-05
26                                     1.8805573442554069e-05
27                                    -5.0152556493078537e-06
28                                    -1.4927034931028205e-05
29                                    -3.2613648166382458e-05
30                                    -6.9189594123556658e-05
31                                    -8.0147432982111133e-05
32                                     3.1408323641436697e-04
33                                     3.9919743578763905e-04
34                                    -4.5472589671601699e-04
35                                    -3.6141271334346955e-04
36                                     5.4451643577480002e-05
37                                     6.0672039112447118e-05
38                                    -2.5834626867879407e-05
39                                    -6.5983069792349691e-04
40                                     1.8148208395907250e-05
41                                     3.5123788742745521e-04
42                                    -1.1267563598117009e-04
43                                    -2.7218554535233391e-04
44                                    -8.2202793716953243e-05
45                                     3.6233073954310135e-04
46                                     5.8981813004389816e-04
47                                    -1.5974952647511420e-05
48                                    -4.7492496003730816e-04
49                                     1.7785672017463228e-04
50                                     2.8816785378884754e-04
51                                     4.6564012600003313e-05
52                                    -1.3515103558472963e-05
53                                    -1.5673644405422849e-04
54                                     2.9948729782458550e-05
55                                     2.8800758703928508e-05
56                                     6.8289437418211918e-06
57                                    -5.5490790033058124e-05
58                                    -5.1991412378007973e-05
59                                     9.7088118381744026e-05
60                                     6.2166782024003497e-06
61                                     2.1838136071379577e-05
62                                     8.3075516602720834e-07
63                                    -2.2309019973659749e-05
64                                     4.9422246712615969e-06
65                                     6.5344010399780161e-06
66                                     7.4946175813717097e-06
67                                     4.5414819571654164e-05
68                                     5.2820595249775115e-06
69                                    -4.1422257708423338e-05
70                                    -1.6465321369094760e-05
71                                     9.0501834512229928e-06
72                                     1.0583972185294888e-04
73                                     1.8772785393139646e-06
74                                    -7.4072885446620218e-05
75                                     2.0119174499297343e-04
76                                    -3.3385307738936082e-04
77                                    -1.5360142164541624e-04
78                                    -1.9870754502732124e-04
79                                     1.1993771751016985e-04
80                                     1.0350670110587101e-04
81                                    -9.0449384605617578e-05
82                                     2.3244283335843025e-04
83                                     1.3559671933804918e-04
84                                     5.8767170097094590e-04
85                                    -6.4461813626279230e-05
86                                    -6.1799793326131058e-04
87                                    -4.7593564378278774e-05
88                                    -5.6154861831445718e-06
89                                     1.0862434425792933e-04
90                                    -6.1783953047178652e-05
91                                     2.7341272872932754e-05
92                                     3.0106101167109989e-04
93                                    -1.2134690311069174e-04
94                                     4.1392984587593218e-05
95                                     1.8884134885863157e-04
96                                     1.4208585814554781e-05
97                                    -8.5326040055379304e-05
98                                     4.0571566444677284e-05
99                                     2.7203603305183538e-05
100                                    2.3066418310097037e-05
101                                    8.3725689292712957e-07
102                                   -1.0036180706315956e-05
103                                    2.2453064170119275e-05
104                                    2.5732598557398623e-05
105                                   -7.4969845526018375e-07
106                                   -8.8680394163959120e-06
107                                   -6.1185893708917694e-06
108                                    3.1108669452883930e-05
109                                    2.7884497938193004e-05
110                                    2.2507900626078658e-05
111                                   -2.7747783096887524e-05
112                                    1.1274227704527462e-05
113                                    4.3712260106298917e-06
114                                   -1.1675741014877117e-05
115                                    3.3075657067066153e-05
116                                    2.0477404968799462e-05
117                                    7.9624927795778067e-06
118                                   -8.4648667189601845e-06
119                                    1.1034808099830151e-05
120                                    2.3321350401103724e-05
121                                   -1.5169917418678125e-05
122                                    4.2157961133659771e-05
123                                    4.6950321917330062e-05
124                                    4.9224361449190512e-05
125                                   -8.4748683629468080e-05
126                                    4.2867893289000314e-06
127                                   -1.9897605061425933e-05
128                                    4.4540328589248723e-07
129                                   -5.1094727163067399e-06
130                                    2.1345732468536216e-06
131                                    7.0385358847194213e-06
132                                    4.1420680018389167e-06
133                                    3.3629448546457219e-06
134                                   -9.1626403072586626e-06
135                                    7.7361616945270661e-06
136                                   -1.3147739143098969e-05
137                                   -2.8320471507359279e-06
138                                    1.0735886965843044e-04
139                                   -4.0156740934271795e-05
140                                   -3.3759945497924271e-05
141                                    3.5785372617114231e-06
142                                   -4.7986317948722768e-05
143                                   -1.1534665353613027e-05
144                                    3.2939952580968157e-05
145                                   -8.4634643339936977e-05
146                                   -2.0919149044242719e-04
147                                    4.1274313470944513e-05
148                                    1.0239059134081741e-05
149                                   -1.4153140777128925e-06
150                                   -1.5018057889948366e-05
151                                    8.5462624104970519e-05
152                                   -3.2535694203191662e-05
153                                   -6.0081322797445047e-07
154                                   -2.8405462119199254e-05
155                                   -3.7382998633317399e-06
   &Method [&Type "String"] "SCF"
   &Level [&Type "String"] "Relaxed density"
   &Mult [&Type "Integer"] 1
   &State [&Type "Integer"] 0
   &Irrep [&Type "Integer"] 0
$End
$Geometry
   &GeometryIndex 29
   &NAtoms [&Type "Integer"] 52
   &NCorelessECP [&Type "Integer"] 0
   &NGhostAtoms [&Type "Integer"] 0
   &CartesianCoordinates [&Type "Coordinates", &Dim(52,4), &Units "Bohr"] 
              C     13.944183191520    1.082399180828    1.808178977920
              C     11.581884991372   -0.054152612609    0.610053035053
              O     11.693835969249   -2.041383194620   -0.566387425995
              N      9.342346107165    1.285936302678    0.911681385924
              C      7.007697809714    0.283141917959   -0.017921438818
              C      6.813869618318   -0.739124096687   -2.457173693696
              C      4.508527178546   -1.624844386128   -3.343925984989
              C      2.323927090334   -1.525830425383   -1.839898620577
              C      2.516436125244   -0.509256051174    0.593947766380
              C      4.832225331494    0.372875959996    1.485442023806
              N      0.083715317367   -2.557723465133   -2.832035690913
              C     -2.323926004695   -2.652977822126   -1.748723919866
              C     -3.448584952758   -5.066972216681   -1.665973495336
              C     -5.795184222937   -5.479141567162   -0.619916129169
              C     -7.238760737352   -3.480542443785    0.486878775437
              C     -6.157880868533   -0.999052352791    0.349097140347
              C     -3.749164036925   -0.582531961844   -0.820654814010
              C     -2.858573355130    2.054005112737   -1.298095711228
              O     -0.937221212870    2.492046221934   -2.526101930074
              C     -4.380788037054    4.187245048722   -0.288791287000
              C     -3.511839698352    6.665944032814   -0.636887971094
              C     -4.890329123020    8.689818603093    0.320216374770
              C     -7.150432150951    8.256071570849    1.633362802340
              C     -8.025991984118    5.801175046929    1.978700469323
              C     -6.644343632104    3.753575981725    1.017172980647
              C     -7.628084036451    1.150284955787    1.365917310534
              O     -9.674623833487    0.870605473419    2.482848938499
              N     -9.483675844092   -3.949127487632    1.611016535940
              S     -6.866865561260   -8.678808210511   -0.551864383728
              O     -9.590588411538   -8.726498423975   -0.987679022275
              O     -5.126105648989  -10.248166034811   -2.010733434880
              O     -6.518628010580   -9.456389776358    2.437733487492
              C      9.225642094121    3.583038225370    2.449579472971
              H     13.714092822996    1.442345873372    3.834594036019
              H     14.467837118938    2.874535740604    0.907454952447
              H     15.475555024849   -0.268654114863    1.528523602837
              H      8.471385203212   -0.847317477035   -3.649274153578
              H      4.386239458087   -2.385586659912   -5.250126611335
              H      0.875915352035   -0.443301780064    1.821498920520
              H      4.933647985925    1.115770840505    3.396052602535
              H      0.409505169299   -3.986828814300   -4.060137510633
              H     -2.417009059626   -6.674864636542   -2.416431315719
              H     -1.757598217242    6.946664267239   -1.660086048275
              H     -4.213523268769   10.609832883088    0.048911514791
              H     -8.224693290845    9.839759900896    2.378709108156
              H     -9.774649963425    5.418327823965    2.977099289743
              H    -10.388491218038   -5.591586822014    1.236682146287
              H    -10.439488853806   -2.416134418911    2.263141206082
              H     -4.941755259129  -10.404395367791    2.577749703489
              H      9.072196481060    3.186056468733    4.483001248786
              H     10.900991088753    4.747714696871    2.142274503324
              H      7.577144002270    4.682020471829    1.872913276166
$End
$SCF_Energy
   &GeometryIndex 29
   &Method [&Type "String"] "SCF"
   &totalEnergy [&Type "ArrayOfDoubles", &Dim (1,1)] "Total energy of each state"
                                                         0

0                                     -1.9007046560267413e+03
   &Mult [&Type "ArrayOfIntegers", &Dim (1,1)] "Multiplicity of each state"
                                                         0

0                                                        1
$End
$DFT_Energy
   &GeometryIndex 29
   &nAlphaEl [&Type "Integer"] 121
   &nBetaEl [&Type "Integer"] 121
   &nTotalEl [&Type "Integer"] 242
   &finalEn [&Type "Double"]      -1.9007046560267413e+03  "No Van der Waals correction"
   &eExchange [&Type "Double"]      -1.7526709568296110e+02
   &eCorr [&Type "Double"]      -9.9927737981485976e+00
   &eXC [&Type "Double"]      -1.8525986948110969e+02
   &eCNL [&Type "Double"]       0.0000000000000000e+00
$End
$SCF_Timings
   &GeometryIndex 29
   &TOTAL [&Type "Double"]       4.6374426000000000e+01
   &PREP [&Type "Double"]       7.4781999999999993e-01
   &FOCK [&Type "Double"]       4.2448686000000002e+01
   &DENS [&Type "Double"]       1.1356200000000172e-01
   &ETOT [&Type "Double"]       4.7003000000003681e-02
   &POP [&Type "Double"]       1.0000000045806701e-06
   &TRAFO [&Type "Double"]       2.1602800000000499e-01
   &DIIS [&Type "Double"]       6.9392600000000026e-01
   &SOSCF [&Type "Double"]       2.9961900000000252e-01
   &XC [&Type "Double"]       4.1647929999999969e+00
   &FOCKSTART [&Type "Double"]       1.7773000000002148e-02
   &INT_PREP [&Type "Double"]       3.9999999952300413e-06
   &INT_BF [&Type "Double"]       1.1263110000002419e+00
   &INT_DENS [&Type "Double"]       1.0530329999997585e+00
   &INT_DENSIO [&Type "Double"]       9.3752177588000224e+04
   &INT_FUNC [&Type "Double"]       1.2041500000006877e-01
   &INT_POT [&Type "Double"]       8.6933099999973784e-01
   &INT_POTIO [&Type "Double"]       3.0834000000066197e-02
   &INT_SUM [&Type "Double"]       8.3500000000213959e-04
   &SPLITRIJ [&Type "Double"]       5.3707919999999998e+00
   &COSX [&Type "Double"]       3.5155527000000006e+01
$End
$Single_Point_Data
   &GeometryIndex 29
   &FinalEnergy [&Type "Double"]      -1.9007046560267413e+03  "Final single point energy"
   &Converged [&Type "Boolean"] true
$End
$SCF_Nuc_Gradient
   &GeometryIndex 29
   &NAtoms [&Type "Integer"] 52
   &gradNorm [&Type "Double"]       1.3408802916627302e-03
   &grad [&Type "ArrayOfDoubles", &Dim (156,1)] 
                                                         0

0                                     -1.5100202167292118e-05
1                                     -3.5542945732870007e-07
2                                      9.3223772744399636e-06
3                                     -2.1955268876959477e-05
4                                     -9.9655283678112827e-05
5                                     -1.0441028627145021e-04
6                                     -1.9401213793908412e-05
7                                      2.1170367230538556e-05
8                                      5.7668198633620271e-05
9                                      2.7620644022875729e-05
10                                     9.0336149136699406e-05
11                                     5.5476043229175931e-05
12                                     3.5594301624947144e-05
13                                    -1.2053686446404643e-05
14                                    -4.8642896103713584e-05
15                                    -5.2943311346989597e-05
16                                    -4.3068390305142645e-06
17                                    -9.8290437157005917e-06
18                                     4.8424361013238437e-05
19                                     6.5387021993310035e-05
20                                     8.1706129773193026e-05
21                                    -3.3287877466064986e-05
22                                     3.2717757713591339e-05
23                                    -2.4604080447781368e-04
24                                     6.9371215351263227e-05
25                                    -5.6522302934854107e-05
26                                     5.1154934219588277e-05
27                                    -7.3191939961773575e-05
28                                    -2.2501955273222796e-05
29                                     1.8469559301625971e-05
30                                     2.0355214236822405e-05
31                                    -1.6999894887829992e-04
32                                     1.4376030235694476e-04
33                                     2.4333632490409346e-04
34                                    -2.0077975403426720e-04
35                                    -1.5946182602180614e-04
36                                     3.1752571110682526e-05
37                                     2.0320498438537726e-04
38                                     3.5523707613005495e-05
39                                    -2.7186136541497430e-04
40                                    -2.1225568141805540e-04
41                                     2.4681467831924597e-05
42                                     9.7910050923293024e-05
43                                    -2.7898445311250533e-04
44                                    -1.5566575764455054e-04
45                                     2.8048714487568377e-04
46                                     3.3913862962442476e-04
47                                    -3.1878104046055566e-05
48                                    -3.3158612018863859e-04
49                                     9.8613680942938320e-05
50                                     1.9458163947838961e-04
51                                     1.2979283348196757e-04
52                                    -4.5873509038188431e-05
53                                    -5.9261100841256908e-05
54                                    -6.6501889825265614e-05
55                                     3.4156268405360901e-05
56                                    -7.0546166395790699e-06
57                                    -2.7230556204432821e-05
58                                    -1.0294481393766097e-05
59                                     3.0159439019239453e-05
60                                    -1.5202506539649385e-05
61                                     3.2373678896246982e-05
62                                     5.6176390282880462e-06
63                                     2.6873754075111556e-05
64                                    -1.7761418124026540e-05
65                                    -1.5246908502929146e-05
66                                    -1.6441054253794884e-05
67                                    -1.8187452715118235e-05
68                                     1.0014271165481592e-05
69                                     3.7899832918408816e-06
70                                     1.1390605000015375e-05
71                                     2.6220889070144304e-06
72                                     8.6803088917841720e-06
73                                     3.5003790707519022e-05
74                                     1.8002047442407243e-05
75                                     9.5977172062666760e-06
76                                    -2.5814704602910438e-04
77                                    -1.6096436574492001e-04
78                                    -2.4367998297358806e-05
79                                     9.0599391477874658e-05
80                                     7.1943315647915451e-05
81                                    -2.0924104170447211e-04
82                                     7.0259843628111412e-05
83                                     1.3490187314729729e-04
84                                     2.2490534915087235e-04
85                                     2.3831469016949436e-04
86                                    -5.0584515223862925e-04
87                                    -1.7148497077973390e-04
88                                     3.4126633267503315e-05
89                                     7.5394711495299638e-05
90                                     6.2861200536445949e-05
91                                     4.0322147700555533e-05
92                                     1.2785017804620158e-04
93                                     4.8100729387767771e-05
94                                    -2.0170105771710745e-04
95                                     3.7479208988847046e-04
96                                    -1.6428511015693925e-05
97                                    -5.0375647030698190e-05
98                                     3.8210981779460140e-06
99                                     9.1860910252129779e-06
100                                    8.6970299311012189e-06
101                                    4.7385365503915811e-06
102                                   -1.7443637225070252e-05
103                                    3.1087880727753703e-06
104                                    1.7902224590499172e-05
105                                   -3.3450196630646634e-06
106                                    6.5978172185399142e-06
107                                    1.3812866277003455e-05
108                                    2.4406098190682401e-05
109                                    1.5002354883303370e-05
110                                    2.1564539143842376e-05
111                                   -5.0304741217761795e-05
112                                    4.6213788898186170e-06
113                                   -3.4875286819280316e-06
114                                   -1.1777763222531323e-05
115                                    2.1103097262586620e-05
116                                    3.0229774989343206e-06
117                                    1.7435978822246886e-05
118                                    5.0692724649359366e-06
119                                    1.2231876544588349e-05
120                                   -4.6299750391248784e-05
121                                    1.7925257352863211e-05
122                                    2.4111024020556648e-05
123                                    4.3143256109989814e-05
124                                    2.9415487455719536e-05
125                                   -4.5201961768492893e-05
126                                    2.7249991326194767e-06
127                                    4.1300468983825056e-06
128                                    3.8028796281452948e-07
129                                   -2.0258400603920257e-06
130                                    4.3284302381763062e-06
131                                    4.8141767109745326e-06
132                                    1.4372587256450409e-06
133                                    7.1261618496132328e-06
134                                   -5.4096341677301041e-06
135                                   -2.6105624830463636e-06
136                                    5.2231311381788215e-06
137                                    2.5511777066167252e-06
138                                    8.5126657607362266e-05
139                                   -3.4370999562216564e-05
140                                   -4.5971776062497804e-05
141                                   -3.8243164552101416e-05
142                                    4.1106526746659267e-05
143                                    3.4077908572058280e-05
144                                   -5.1571548296214242e-05
145                                    4.9310298548654874e-05
146                                   -5.3513920503921175e-05
147                                    4.2323303343786214e-05
148                                   -2.1818362657688439e-06
149                                    5.1390792072669722e-06
150                                   -2.2470183845130220e-05
151                                    5.1199496053200289e-05
152                                   -1.5620678021747297e-05
153                                    1.7080536529462398e-05
154                                   -1.4772649903196933e-05
155                                    1.6964477290992708e-06
   &Method [&Type "String"] "SCF"
   &Level [&Type "String"] "Relaxed density"
   &Mult [&Type "Integer"] 1
   &State [&Type "Integer"] 0
   &Irrep [&Type "Integer"] 0
$End
$Geometry
   &GeometryIndex 30
   &NAtoms [&Type "Integer"] 52
   &NCorelessECP [&Type "Integer"] 0
   &NGhostAtoms [&Type "Integer"] 0
   &CartesianCoordinates [&Type "Coordinates", &Dim(52,4), &Units "Bohr"] 
              C     13.949075233125    1.068668717187    1.810445039258
              C     11.585467503467   -0.063166790655    0.610325085235
              O     11.695970372535   -2.049283124011   -0.568275582387
              N      9.347226563199    1.279395538851    0.911076165904
              C      7.011444818957    0.280534051983   -0.019774505722
              C      6.817806589198   -0.746188552010   -2.457231132180
              C      4.511069778790   -1.627392057063   -3.345064532625
              C      2.324815198374   -1.519103112259   -1.844144243727
              C      2.516983399779   -0.498072364726    0.587772430098
              C      4.834116787671    0.379391553461    1.480460127167
              N      0.082557595320   -2.544805720475   -2.838820871164
              C     -2.323452643127   -2.644278771960   -1.750647931696
              C     -3.443043847788   -5.060984736154   -1.665707724751
              C     -5.788151052529   -5.476578228401   -0.618737706241
              C     -7.235632490749   -3.479963364509    0.486995418205
              C     -6.159039135060   -0.997323369193    0.349176675923
              C     -3.750792216501   -0.576814859232   -0.820985039143
              C     -2.863365035114    2.061317620551   -1.295738961700
              O     -0.940265963003    2.502297534717   -2.519891701685
              C     -4.390006327316    4.192201178485   -0.288060654307
              C     -3.525262438946    6.672252115147   -0.636675524728
              C     -4.907506827543    8.694017629175    0.319501019156
              C     -7.166985700000    8.256687146671    1.632531752625
              C     -8.038296712552    5.800399019544    1.978575842881
              C     -6.653023166932    3.754950473831    1.017801634387
              C     -7.632071489961    1.150058787162    1.367140169276
              O     -9.678296040229    0.866423386063    2.483371918046
              N     -9.480220213944   -3.952072791873    1.609484986897
              S     -6.856758709485   -8.677465068926   -0.546764926916
              O     -9.580189118638   -8.730133052819   -0.984057323906
              O     -5.115324111781  -10.247414817459   -2.004326207551
              O     -6.505514262091   -9.445300694547    2.444795398304
              C      9.231900265827    3.576215436771    2.449515434117
              H     13.718342329422    1.428501395098    3.836785277251
              H     14.477222354024    2.859749026779    0.910220575813
              H     15.477807004757   -0.285520692961    1.531450703705
              H      8.476333320786   -0.862060229411   -3.647086587757
              H      4.389511543218   -2.392094319538   -5.249742198522
              H      0.875205793271   -0.425692023888    1.813159636254
              H      4.934776107935    1.126173892050    3.389525082057
              H      0.407100073170   -3.974283111944   -4.067001046550
              H     -2.408576015586   -6.668044948714   -2.413852642252
              H     -1.771289418190    6.955751036238   -1.659555790229
              H     -4.234060705491   10.615119940375    0.047576614042
              H     -8.244088592635    9.838671642658    2.377395437791
              H     -9.786366971152    5.414852567475    2.976972183100
              H    -10.383547194393   -5.595166385946    1.234332454297
              H    -10.437034865980   -2.420474672681    2.263141073875
              H     -4.937952695439  -10.408695407881    2.585628046250
              H      9.060970331488    3.178762984701    4.481470649393
              H     10.916386112831    4.730735818521    2.155687553214
              H      7.594024922807    4.685244756840    1.861441446599
$End
$SCF_Energy
   &GeometryIndex 30
   &Method [&Type "String"] "SCF"
   &totalEnergy [&Type "ArrayOfDoubles", &Dim (1,1)] "Total energy of each state"
                                                         0

0                                     -1.9007046554365252e+03
   &Mult [&Type "ArrayOfIntegers", &Dim (1,1)] "Multiplicity of each state"
                                                         0

0                                                        1
$End
$DFT_Energy
   &GeometryIndex 30
   &nAlphaEl [&Type "Integer"] 121
   &nBetaEl [&Type "Integer"] 121
   &nTotalEl [&Type "Integer"] 242
   &finalEn [&Type "Double"]      -1.9007046554365252e+03  "No Van der Waals correction"
   &eExchange [&Type "Double"]      -1.7526714441379193e+02
   &eCorr [&Type "Double"]      -9.9927967936920137e+00
   &eXC [&Type "Double"]      -1.8525994120748393e+02
   &eCNL [&Type "Double"]       0.0000000000000000e+00
$End
$SCF_Timings
   &GeometryIndex 30
   &TOTAL [&Type "Double"]       4.9184661000000006e+01
   &PREP [&Type "Double"]       7.5878900000000005e-01
   &FOCK [&Type "Double"]       4.5766587000000001e+01
   &DENS [&Type "Double"]       1.3097199999999987e-01
   &ETOT [&Type "Double"]       5.1261999999997698e-02
   &POP [&Type "Double"]       1.0000000045806701e-06
   &TRAFO [&Type "Double"]       8.2434999999996705e-02
   &DIIS [&Type "Double"]       1.0910499999999956e-01
   &SOSCF [&Type "Double"]       6.6057599999999894e-01
   &XC [&Type "Double"]       4.0590850000000094e+00
   &FOCKSTART [&Type "Double"]       2.1347999999999812e-02
   &INT_PREP [&Type "Double"]       4.9999999891525704e-06
   &INT_BF [&Type "Double"]       1.1133480000002391e+00
   &INT_DENS [&Type "Double"]       1.0361579999998387e+00
   &INT_DENSIO [&Type "Double"]       1.1661463389300025e+05
   &INT_FUNC [&Type "Double"]       1.1797600000004937e-01
   &INT_POT [&Type "Double"]       8.3022399999987062e-01
   &INT_POTIO [&Type "Double"]       3.0609999999933635e-02
   &INT_SUM [&Type "Double"]       6.4999999999848512e-04
   &SPLITRIJ [&Type "Double"]       5.2314750000000094e+00
   &COSX [&Type "Double"]       3.8428857000000008e+01
$End
$Single_Point_Data
   &GeometryIndex 30
   &FinalEnergy [&Type "Double"]      -1.9007046554365252e+03  "Final single point energy"
   &Converged [&Type "Boolean"] true
$End
$SCF_Nuc_Gradient
   &GeometryIndex 30
   &NAtoms [&Type "Integer"] 52
   &gradNorm [&Type "Double"]       7.2878159358104918e-04
   &grad [&Type "ArrayOfDoubles", &Dim (156,1)] 
                                                         0

0                                      4.7327568340055359e-06
1                                     -2.5133632194362932e-06
2                                     -2.3080242210227545e-05
3                                     -3.4231460681113934e-06
4                                     -7.3197848142525501e-05
5                                      3.4221378810705971e-06
6                                     -5.6795318066418798e-06
7                                      2.2646623803468380e-05
8                                      1.3172342816392124e-05
9                                     -2.1810696781494193e-05
10                                     5.3223145823316775e-05
11                                     2.5557178759266774e-06
12                                     5.5925370213344427e-05
13                                    -1.1476568518332952e-05
14                                    -4.0047399150949792e-05
15                                    -1.6566577673446381e-05
16                                     2.4938324185066335e-05
17                                     2.7819365813197550e-05
18                                    -1.3130071381584757e-05
19                                     2.4101100561134403e-05
20                                     5.4031775277046945e-05
21                                     5.5125406943412614e-05
22                                     2.3408084842926891e-05
23                                    -1.6486749170205317e-04
24                                     5.7529177133572307e-05
25                                    -1.6182961022029319e-05
26                                     4.2605678154145066e-05
27                                    -8.7941896314936568e-05
28                                    -1.0848291241420671e-05
29                                     3.2252664320553404e-05
30                                     4.2553812324184342e-05
31                                    -1.1873220798420958e-04
32                                     1.8032916523871845e-05
33                                     6.9367945444841206e-05
34                                     4.5630626209186564e-05
35                                    -2.5541822169513478e-05
36                                     1.7481598827973066e-06
37                                     1.4536803795096170e-04
38                                     3.6342150736320966e-05
39                                     4.9885950405489932e-05
40                                    -2.1967496158659117e-04
41                                    -2.6517937446325635e-05
42                                     1.1846502908217926e-05
43                                    -1.2941441443402313e-04
44                                    -7.5401368115311784e-06
45                                     8.4200052446720131e-05
46                                     2.5469288245164035e-05
47                                    -7.7335664428641870e-05
48                                    -1.3966115958823078e-04
49                                    -1.7348172714481969e-06
50                                     8.3549156181417228e-05
51                                     9.3643649574981502e-05
52                                    -1.6660430374654256e-05
53                                    -4.2671615415101893e-05
54                                    -6.1940764444434748e-05
55                                     5.5615418844412456e-06
56                                     1.4893169501428716e-05
57                                    -1.2260324458682192e-05
58                                     1.9277182363511280e-05
59                                     5.3691462267094203e-06
60                                    -6.8370413379703621e-06
61                                     1.7293554314491699e-05
62                                     8.9748095642300241e-06
63                                     2.9154680832976787e-05
64                                    -1.1884758690822173e-05
65                                    -1.5533772351396247e-05
66                                    -1.7231624612978891e-05
67                                    -3.4856516190728826e-05
68                                     8.0600979882466950e-06
69                                     1.3649740092436247e-05
70                                     1.8299242317238590e-05
71                                    -3.9225740938106379e-06
72                                    -3.5864795476008016e-05
73                                     4.1155238495599322e-05
74                                     2.1653349275216338e-05
75                                    -2.3600898358927536e-05
76                                    -9.9219631715847384e-05
77                                     3.4794756235301261e-05
78                                     2.9355337280378979e-05
79                                     1.0599898089137805e-05
80                                    -3.3619538483270484e-05
81                                    -8.2771581540214134e-05
82                                     5.5755326594075783e-05
83                                     2.8213827866496732e-05
84                                    -2.7516978672315062e-06
85                                     1.8551979379882733e-04
86                                    -3.0216196877817791e-04
87                                    -1.5153078480661941e-04
88                                    -2.9116468694016795e-05
89                                    -2.0306249697357726e-05
90                                    -4.1471873057918884e-06
91                                     5.4490827222364313e-05
92                                    -2.2924183817163435e-05
93                                     1.0928883734928618e-04
94                                    -6.2383115627395735e-07
95                                     2.7225267190858493e-04
96                                    -2.2645943566657056e-05
97                                    -2.4654475540879933e-05
98                                    -2.3186771294925190e-06
99                                    -5.1037208427251457e-06
100                                   -4.2542271983664337e-07
101                                    1.1332377565786977e-06
102                                   -7.6266099132554777e-06
103                                    2.5225945202433930e-06
104                                    1.3924514928959075e-05
105                                    8.8366652853388850e-07
106                                    5.7979977042127429e-06
107                                    1.3184445015131802e-05
108                                    1.3530840181769088e-05
109                                    3.4853308776630620e-06
110                                    1.1175666229906733e-05
111                                   -4.1425421187454153e-05
112                                    2.2809954394742427e-07
113                                   -1.1155084991831821e-07
114                                   -2.0053988666862699e-05
115                                    2.1063140406406972e-06
116                                   -6.4354931340881993e-06
117                                    2.0293445683054051e-05
118                                    5.3831684325711393e-06
119                                    3.6216243875508702e-06
120                                   -5.0972213437444625e-05
121                                   -1.0695349927258846e-05
122                                    3.1204479414292940e-06
123                                    1.2933764045097718e-05
124                                    4.3859334148133033e-06
125                                    1.9133811124949496e-05
126                                    7.2442915582948686e-07
127                                    7.3255867714568101e-06
128                                   -9.9926750611600834e-07
129                                   -6.3624987424459878e-07
130                                    2.9685587618621945e-06
131                                    1.3465486257274728e-06
132                                    3.4391350678397714e-07
133                                    4.3802124992664559e-06
134                                   -8.7526065636889250e-07
135                                   -2.2763355927712947e-06
136                                    6.9502444023233911e-06
137                                    1.0812342042948453e-06
138                                    4.9044791541913435e-05
139                                   -2.8003003301441121e-05
140                                   -5.3502804229325907e-05
141                                    3.3570771958368884e-05
142                                    2.2176012875130269e-05
143                                    2.3587145225351103e-05
144                                   -3.0774554385409880e-05
145                                   -1.9130822639296108e-05
146                                    7.0907476759491522e-05
147                                    3.1681935124865113e-05
148                                   -1.2188764191845003e-06
149                                    3.4122746344067423e-06
150                                   -1.1757131599510195e-05
151                                    2.2681023444465209e-05
152                                   -4.3028645110194941e-06
153                                    9.4069054447920575e-06
154                                   -2.8641082872316037e-06
155                                    9.9222685963351598e-07
   &Method [&Type "String"] "SCF"
   &Level [&Type "String"] "Relaxed density"
   &Mult [&Type "Integer"] 1
   &State [&Type "Integer"] 0
   &Irrep [&Type "Integer"] 0
$End
$Geometry
   &GeometryIndex 31
   &NAtoms [&Type "Integer"] 52
   &NCorelessECP [&Type "Integer"] 0
   &NGhostAtoms [&Type "Integer"] 0
   &CartesianCoordinates [&Type "Coordinates", &Dim(52,4), &Units "Bohr"] 
              C     13.950826133112    1.063966212468    1.811467615600
              C     11.586605024525   -0.066826460931    0.611583763228
              O     11.696096247353   -2.053888593661   -0.565581854930
              N      9.349097165340    1.277296268490    0.910734815414
              C      7.012729519865    0.279555345237   -0.019870869715
              C      6.819143841667   -0.750511548912   -2.455965318652
              C      4.511771490204   -1.630154215561   -3.343664766803
              C      2.324778759295   -1.516950712886   -1.843937600514
              C      2.516870806849   -0.492672268588    0.586495469178
              C      4.834792602919    0.383097819532    1.479068295784
              N      0.081911056933   -2.540625216724   -2.839642016015
              C     -2.323809576005   -2.641683865286   -1.750646364632
              C     -3.442315705991   -5.059078307250   -1.666185591733
              C     -5.786769440160   -5.475599963940   -0.618403384796
              C     -7.235104350138   -3.479792820290    0.487949528277
              C     -6.159844615262   -0.996811094704    0.350196554451
              C     -3.751609947325   -0.575151677456   -0.820303257514
              C     -2.865314434858    2.063407105532   -1.294501021178
              O     -0.941674352503    2.505114915562   -2.517649009623
              C     -4.393214700174    4.193616516222   -0.287563489057
              C     -3.529886399589    6.674041801451   -0.636758976244
              C     -4.913317920900    8.695284415788    0.318928741497
              C     -7.172489064817    8.256996583706    1.632123439004
              C     -8.042367176179    5.800261080633    1.978782000295
              C     -6.655962220390    3.755405175892    1.018430559020
              C     -7.633620882094    1.150202775200    1.368445196709
              O     -9.679157507952    0.865354726251    2.485543868711
              N     -9.479074177668   -3.953552789943    1.610979242470
              S     -6.854100242564   -8.677561259612   -0.547688438113
              O     -9.577430113574   -8.730699421952   -0.984008369445
              O     -5.112796339893  -10.245840304447   -2.007312711506
              O     -6.501963411899   -9.448047046847    2.442187487847
              C      9.234852218122    3.575230896610    2.447666359916
              H     13.719854258686    1.425918738944    3.837391435552
              H     14.481025940504    2.853605347790    0.909564157816
              H     15.478302728428   -0.291974398502    1.534136175462
              H      8.478006469275   -0.870199929964   -3.644933911996
              H      4.390604504746   -2.397625492405   -5.247245895292
              H      0.874736728948   -0.416836314832    1.811108553214
              H      4.935248855332    1.132518873762    3.387082733470
              H      0.406809558953   -3.970534857602   -4.067237461526
              H     -2.407708882500   -6.665650480342   -2.415199873235
              H     -1.776062668883    6.958254401472   -1.659684493945
              H     -4.240951978084   10.616687585825    0.046494302050
              H     -8.250488764755    9.838498825245    2.376702798355
              H     -9.790184257458    5.413882212024    2.977303521841
              H    -10.381862153476   -5.596994727117    1.236308472160
              H    -10.437100306530   -2.422462985388    2.264003479127
              H     -4.929200471234  -10.402946441100    2.583159311943
              H      9.058616544759    3.179255788941    4.479451492997
              H     10.922309355109    4.726053911899    2.156842609850
              H      7.600392289730    4.687165852869    1.855465690601
$End
$SCF_Energy
   &GeometryIndex 31
   &Method [&Type "String"] "SCF"
   &totalEnergy [&Type "ArrayOfDoubles", &Dim (1,1)] "Total energy of each state"
                                                         0

0                                     -1.9007046606481485e+03
   &Mult [&Type "ArrayOfIntegers", &Dim (1,1)] "Multiplicity of each state"
                                                         0

0                                                        1
$End
$DFT_Energy
   &GeometryIndex 31
   &nAlphaEl [&Type "Integer"] 121
   &nBetaEl [&Type "Integer"] 121
   &nTotalEl [&Type "Integer"] 242
   &finalEn [&Type "Double"]      -1.9007046606481485e+03  "No Van der Waals correction"
   &eExchange [&Type "Double"]      -1.7526721105088973e+02
   &eCorr [&Type "Double"]      -9.9928062884997733e+00
   &eXC [&Type "Double"]      -1.8526001733938949e+02
   &eCNL [&Type "Double"]       0.0000000000000000e+00
$End
$SCF_Timings
   &GeometryIndex 31
   &TOTAL [&Type "Double"]       4.4764088000000001e+01
   &PREP [&Type "Double"]       7.6058599999999998e-01
   &FOCK [&Type "Double"]       4.1988318000000000e+01
   &DENS [&Type "Double"]       1.0589899999999730e-01
   &ETOT [&Type "Double"]       3.8243000000003136e-02
   &POP [&Type "Double"]       9.9999999747524271e-07
   &TRAFO [&Type "Double"]       7.7827999999996678e-02
   &DIIS [&Type "Double"]       1.0789100000000040e-01
   &SOSCF [&Type "Double"]       5.4592500000000044e-01
   &XC [&Type "Double"]       3.5476019999999986e+00
   &FOCKSTART [&Type "Double"]       1.6156000000002058e-02
   &INT_PREP [&Type "Double"]       2.9999999986429771e-06
   &INT_BF [&Type "Double"]       9.9797800000006198e-01
   &INT_DENS [&Type "Double"]       9.3628600000006035e-01
   &INT_DENSIO [&Type "Double"]       9.4913188967000184e+04
   &INT_FUNC [&Type "Double"]       1.0580400000013057e-01
   &INT_POT [&Type "Double"]       7.5649799999986200e-01
   &INT_POTIO [&Type "Double"]       2.6666000000011181e-02
   &INT_SUM [&Type "Double"]       4.3200000000087613e-04
   &SPLITRIJ [&Type "Double"]       5.0387529999999998e+00
   &COSX [&Type "Double"]       3.4944616999999994e+01
$End
$Single_Point_Data
   &GeometryIndex 31
   &FinalEnergy [&Type "Double"]      -1.9007046606481485e+03  "Final single point energy"
   &Converged [&Type "Boolean"] true
$End
$SCF_Nuc_Gradient
   &GeometryIndex 31
   &NAtoms [&Type "Integer"] 52
   &gradNorm [&Type "Double"]       3.6785087348403708e-04
   &grad [&Type "ArrayOfDoubles", &Dim (156,1)] 
                                                         0

0                                      5.2542412964217550e-06
1                                     -9.3273149270271111e-06
2                                     -1.6956935285084018e-05
3                                      1.8254745884876966e-05
4                                     -2.7059757468139711e-05
5                                      1.7299028327588672e-05
6                                     -9.0699258440962716e-06
7                                      1.2845081638623856e-05
8                                      1.0245264004560273e-05
9                                     -3.4003564794812813e-05
10                                     2.1109580274632223e-05
11                                    -2.6477097971135122e-05
12                                     2.7214288556440258e-05
13                                    -1.3085966433054597e-05
14                                    -3.7398613165817718e-05
15                                     1.1198333576739605e-05
16                                     2.6002051311181662e-05
17                                     4.0727344497643037e-05
18                                    -3.0064511074269495e-05
19                                     1.0487011262855228e-07
20                                    -2.1965434815474083e-07
21                                     6.1724202757337809e-05
22                                     2.4794628260965679e-05
23                                    -5.4441211959507796e-05
24                                     2.2868415120183561e-05
25                                     1.0904076559598019e-06
26                                     2.4696280707656171e-05
27                                    -5.5283903820355085e-05
28                                    -6.8624985857662635e-06
29                                     2.7533921077099732e-05
30                                     2.6615424375417418e-05
31                                    -7.4721551624273852e-05
32                                    -3.5221371811056112e-05
33                                     4.4894046347665473e-06
34                                     9.9607629320333513e-05
35                                     1.6152374171119616e-05
36                                    -1.6857327309299786e-05
37                                     5.7181077210421982e-05
38                                     2.2110480756176720e-05
39                                     8.5361953603049767e-05
40                                    -9.8126628514758063e-05
41                                    -3.0449611997718229e-05
42                                    -1.5530544506883737e-06
43                                    -2.5019216129896354e-05
44                                     2.9792199975689493e-06
45                                    -6.9232138306951629e-06
46                                    -7.9834489023850042e-05
47                                    -3.7167739952714829e-05
48                                     5.7039848863904563e-06
49                                    -3.2493684751527807e-05
50                                     1.3409262247127476e-05
51                                     2.9989416679143677e-05
52                                     1.1671596430118392e-05
53                                    -1.0697886087901454e-05
54                                    -3.2702335134637828e-05
55                                    -1.2084316018581842e-05
56                                     4.6052135153074047e-06
57                                     1.1690493329774565e-06
58                                     1.9486448934957767e-05
59                                     1.6073558610774086e-06
60                                    -2.4384591429393865e-08
61                                    -2.4024387539969827e-06
62                                     3.7514943183672433e-06
63                                     1.3870129151147270e-05
64                                    -1.5861861317467696e-06
65                                    -7.1691667804900383e-06
66                                    -8.0617104595420708e-06
67                                    -2.2455763478479440e-05
68                                     1.7833953544696413e-06
69                                     1.2129841996763591e-05
70                                     5.2791440514725341e-06
71                                    -3.0518957000250091e-06
72                                    -2.1593715412396297e-05
73                                     2.0518354209089762e-05
74                                     1.8567433938482952e-05
75                                    -5.8215475171569109e-05
76                                     1.7936169972691818e-05
77                                     3.7438691014551884e-05
78                                     5.2162094518692914e-05
79                                    -4.9452490356177714e-07
80                                    -2.3376385578116610e-05
81                                    -3.4741773403276777e-05
82                                    -2.2174678732778119e-05
83                                    -8.4302470373942562e-06
84                                    -9.1174555183044792e-05
85                                     9.5472539655666600e-05
86                                    -7.4116677088481575e-05
87                                    -1.4397933989607203e-05
88                                    -1.2929104005189943e-05
89                                    -2.4530399998473618e-05
90                                    -2.5523767621660198e-07
91                                    -4.2383203520679480e-06
92                                    -4.7907442394190536e-05
93                                     5.9259532912081525e-05
94                                     1.6992558287187709e-05
95                                     1.0325242146216884e-04
96                                    -1.0317786909727622e-05
97                                    -1.4708989303561376e-05
98                                     1.5123464094587979e-05
99                                    -8.4252415049994311e-06
100                                   -9.2020470711384750e-07
101                                    1.3628440370117012e-06
102                                   -6.2523873004677322e-06
103                                    5.4928703976941939e-07
104                                    7.9734739229231355e-06
105                                   -2.6537318031927271e-07
106                                    6.3760340131835402e-06
107                                    1.0372412559862820e-05
108                                    5.1203501157948139e-06
109                                    1.9948408495305825e-06
110                                    4.1018338143294919e-06
111                                   -2.2033079822559448e-05
112                                    4.5357193140249663e-08
113                                    2.7568378846432040e-06
114                                   -1.3301257336006955e-05
115                                   -8.2121341885912913e-06
116                                   -9.5590962684299896e-06
117                                    1.7176386253956594e-05
118                                    3.9265596192966656e-06
119                                   -3.1270958539275640e-07
120                                   -3.2842203089404609e-05
121                                   -6.1354064612162418e-07
122                                    1.5428800523548114e-05
123                                    3.5033292146019468e-06
124                                   -7.9320345476863174e-06
125                                    2.2595258775709448e-05
126                                   -1.2328657620352956e-06
127                                    3.8749707068075345e-06
128                                   -9.8903612094636273e-07
129                                   -4.9600427873275343e-07
130                                    4.7269179392905869e-07
131                                    1.2578219206124674e-06
132                                   -1.8843336412055489e-07
133                                    1.2586893936017418e-06
134                                    1.4199300117090363e-06
135                                   -2.8686452178405819e-06
136                                    3.6765581848778595e-06
137                                   -3.0992894908821178e-07
138                                    2.1962314453338738e-05
139                                    1.1611490033924809e-06
140                                   -1.4036671401637668e-05
141                                    1.7801872758432813e-05
142                                    1.5449430839531431e-05
143                                   -1.5636843288813207e-06
144                                   -1.2740852553622117e-05
145                                   -5.3779354759475595e-06
146                                    3.7455038600493068e-05
147                                    2.1820149539291192e-05
148                                    2.8957671989460199e-06
149                                    5.1824802621558419e-07
150                                   -4.8669062111539318e-06
151                                    1.4322815485245943e-05
152                                   -6.0339013435231625e-06
153                                    6.1040433283476858e-06
154                                   -3.4352145295568626e-06
155                                    3.8920973167155815e-06
   &Method [&Type "String"] "SCF"
   &Level [&Type "String"] "Relaxed density"
   &Mult [&Type "Integer"] 1
   &State [&Type "Integer"] 0
   &Irrep [&Type "Integer"] 0
$End
$Geometry
   &GeometryIndex 32
   &NAtoms [&Type "Integer"] 52
   &NCorelessECP [&Type "Integer"] 0
   &NGhostAtoms [&Type "Integer"] 0
   &CartesianCoordinates [&Type "Coordinates", &Dim(52,4), &Units "Bohr"] 
              C     13.953704359862    1.057233386430    1.811642679895
              C     11.588448467892   -0.071648455020    0.611836418901
              O     11.696979376145   -2.058170932741   -0.566426905150
              N      9.351586356715    1.273305752376    0.911690314488
              C      7.014452425501    0.277627474147   -0.019362827414
              C      6.820610462281   -0.754408551067   -2.454706080165
              C      4.512429400130   -1.631474327186   -3.342675028538
              C      2.324615278358   -1.513775973466   -1.844158013895
              C      2.516976863619   -0.487555993460    0.585318856244
              C      4.835886008850    0.385575629933    1.478211475753
              N      0.081001075430   -2.534535765523   -2.841294185256
              C     -2.324201997890   -2.637775446035   -1.751021992905
              C     -3.441581724937   -5.055744828772   -1.667386009462
              C     -5.784704156878   -5.473761157538   -0.617214365867
              C     -7.233162133448   -3.479157708598    0.491335776467
              C     -6.159832400923   -0.995384610549    0.352696017704
              C     -3.752369313750   -0.572259252550   -0.819167563708
              C     -2.867462035803    2.066914500172   -1.292781194137
              O     -0.942817744590    2.509773232614   -2.514033856499
              C     -4.397814521765    4.196173537630   -0.287753897341
              C     -3.537049484352    6.677262451272   -0.638547560912
              C     -4.922921718079    8.697779143629    0.315255374710
              C     -7.181866474475    8.258101645471    1.628319072946
              C     -8.049088261858    5.800642649637    1.976752348959
              C     -6.660289211168    3.756564448418    1.018168054585
              C     -7.635215153077    1.150748835170    1.370328663639
              O     -9.680389833482    0.864439207939    2.487845929757
              N     -9.475564902510   -3.954843592186    1.616489721246
              S     -6.849633916155   -8.677106454793   -0.548126184409
              O     -9.573222736443   -8.731429045750   -0.981739138956
              O     -5.108670836939  -10.242606078409   -2.011078497544
              O     -6.494632120373   -9.451294794355    2.439541466408
              C      9.238229239124    3.570984065472    2.449080199762
              H     13.723654778493    1.418928528761    3.837699865510
              H     14.485258281030    2.846520391950    0.909798183982
              H     15.479954405278   -0.299941159009    1.533482327317
              H      8.479780014459   -0.877713243366   -3.642824249715
              H      4.391542575845   -2.400668351559   -5.245581440815
              H      0.874520337863   -0.408220830986    1.809209764116
              H      4.936119762902    1.136622636901    3.385571893185
              H      0.405958348615   -3.963858961382   -4.069668786571
              H     -2.407281454958   -6.661342739965   -2.418894205598
              H     -1.783258516606    6.962473190507   -1.661245863822
              H     -4.252563898456   10.619685162258    0.041437497502
              H     -8.261756443316    9.838979665124    2.371466332376
              H     -9.796597002596    5.412981326213    2.975308679462
              H    -10.377688095729   -5.598959287678    1.243038050656
              H    -10.434306676292   -2.424702136176    2.270619899529
              H     -4.918116661299  -10.400303500000    2.578741013463
              H      9.053883556879    3.174680607551    4.480096438294
              H     10.929802709714    4.717111109493    2.164468206094
              H      7.608665380957    4.687534580154    1.851850321107
$End
$SCF_Energy
   &GeometryIndex 32
   &Method [&Type "String"] "SCF"
   &totalEnergy [&Type "ArrayOfDoubles", &Dim (1,1)] "Total energy of each state"
                                                         0

0                                     -1.9007046563104880e+03
   &Mult [&Type "ArrayOfIntegers", &Dim (1,1)] "Multiplicity of each state"
                                                         0

0                                                        1
$End
$DFT_Energy
   &GeometryIndex 32
   &nAlphaEl [&Type "Integer"] 121
   &nBetaEl [&Type "Integer"] 121
   &nTotalEl [&Type "Integer"] 242
   &finalEn [&Type "Double"]      -1.9007046563104880e+03  "No Van der Waals correction"
   &eExchange [&Type "Double"]      -1.7526721929064993e+02
   &eCorr [&Type "Double"]      -9.9928164010349025e+00
   &eXC [&Type "Double"]      -1.8526003569168483e+02
   &eCNL [&Type "Double"]       0.0000000000000000e+00
$End
$SCF_Timings
   &GeometryIndex 32
   &TOTAL [&Type "Double"]       4.0244685000000004e+01
   &PREP [&Type "Double"]       7.2272700000000001e-01
   &FOCK [&Type "Double"]       3.7112237000000000e+01
   &DENS [&Type "Double"]       7.3372000000002657e-02
   &ETOT [&Type "Double"]       3.1794000000001432e-02
   &TRAFO [&Type "Double"]       8.1895000000002938e-02
   &DIIS [&Type "Double"]       9.9544000000000743e-02
   &SOSCF [&Type "Double"]       4.3011699999999742e-01
   &XC [&Type "Double"]       2.8514920000000030e+00
   &FOCKSTART [&Type "Double"]       1.4372999999999414e-02
   &INT_PREP [&Type "Double"]       2.9999999995311555e-06
   &INT_BF [&Type "Double"]       8.2593499999999676e-01
   &INT_DENS [&Type "Double"]       7.7062200000005365e-01
   &INT_DENSIO [&Type "Double"]       7.0781463881000207e+04
   &INT_FUNC [&Type "Double"]       8.5950999999885980e-02
   &INT_POT [&Type "Double"]       6.7484799999995637e-01
   &INT_POTIO [&Type "Double"]       2.1163000000054666e-02
   &INT_SUM [&Type "Double"]       6.0199999999710485e-04
   &SPLITRIJ [&Type "Double"]       4.1439369999999993e+00
   &COSX [&Type "Double"]       3.2208755000000004e+01
$End
$Single_Point_Data
   &GeometryIndex 32
   &FinalEnergy [&Type "Double"]      -1.9007046563104880e+03  "Final single point energy"
   &Converged [&Type "Boolean"] true
$End
$SCF_Nuc_Gradient
   &GeometryIndex 32
   &NAtoms [&Type "Integer"] 52
   &gradNorm [&Type "Double"]       2.9237954144922779e-04
   &grad [&Type "ArrayOfDoubles", &Dim (156,1)] 
                                                         0

0                                      4.1853401134672036e-06
1                                      2.3254420076362914e-07
2                                     -7.4199983833289629e-06
3                                      1.0630156114618816e-05
4                                     -7.8902237079514492e-06
5                                      4.5877819576961576e-05
6                                     -6.5159242523468719e-06
7                                      1.8948330632317933e-06
8                                     -1.1243236911040455e-05
9                                     -1.5225868737627629e-05
10                                     5.4591093079439656e-06
11                                    -3.1309920215209786e-05
12                                    -9.2913485557899467e-06
13                                    -8.7978079512870955e-06
14                                    -2.1885475274346922e-05
15                                     1.7987739217198428e-05
16                                     1.4463124134903027e-05
17                                     3.3656806279175333e-05
18                                    -1.3438268299324763e-05
19                                    -1.2921885880104456e-05
20                                    -3.8370417854635686e-05
21                                     2.8848753186677678e-05
22                                     2.3554008087428580e-05
23                                     3.6916748543211475e-05
24                                     6.2327756221447483e-07
25                                     8.1745980993301604e-06
26                                     8.4845429539348594e-06
27                                    -1.2061530397323994e-05
28                                    -1.4888549464686651e-06
29                                     9.7094723760793311e-06
30                                     1.6855187479125622e-05
31                                    -6.0637691928072668e-06
32                                    -4.5793546441470767e-05
33                                    -3.5528811729100551e-05
34                                     6.5145348405633297e-05
35                                     3.3543505690455250e-05
36                                    -1.1610654895619077e-05
37                                    -1.7238404751811209e-05
38                                    -2.1710488404269590e-07
39                                     5.0801631685415405e-05
40                                     1.7060635292581727e-05
41                                    -1.6561279708303400e-05
42                                    -2.7550720710069199e-05
43                                     3.3692461017249646e-05
44                                     4.4438336806229550e-05
45                                    -4.5008684365931140e-05
46                                    -5.8199064873379336e-05
47                                    -7.3265311652526144e-06
48                                     6.4495584613279144e-05
49                                    -5.1737049396025081e-05
50                                    -3.2793895105406173e-05
51                                    -2.6399387162701071e-05
52                                     4.1528998013268259e-05
53                                     1.5973616116604639e-05
54                                     2.7890338288871774e-06
55                                    -1.4247907758974110e-05
56                                    -7.8249626002113715e-06
57                                     1.3038533360210103e-06
58                                     3.8594891217658134e-06
59                                     1.6731627943758487e-06
60                                     9.3550580915480186e-06
61                                    -1.0517156770431524e-05
62                                    -6.7087040338253967e-07
63                                    -7.9575817531485349e-06
64                                     7.9828897966149892e-06
65                                     4.4283487554801215e-06
66                                     4.2829052401133216e-06
67                                     1.9663541810377438e-06
68                                    -4.4748180936388104e-06
69                                    -3.6824551402636629e-07
70                                    -7.6343558522498634e-06
71                                     2.5288585912969230e-06
72                                     7.8936783640820574e-06
73                                    -6.0963035624223005e-06
74                                    -5.6190452830152948e-06
75                                    -1.1221183855603112e-05
76                                     6.4598827856213181e-05
77                                     4.7325537642722848e-05
78                                     6.0953716889411425e-06
79                                    -2.1890783541422820e-05
80                                    -3.3286768033324865e-05
81                                     1.4307166612867461e-05
82                                    -2.7523731458908851e-06
83                                    -4.5411532277536693e-05
84                                    -6.1608604366568398e-05
85                                    -3.6470976014724155e-05
86                                     9.2485342284537309e-05
87                                     7.6968012732769875e-05
88                                    -7.4425380975403493e-06
89                                    -1.2730466458249490e-05
90                                    -1.8978600782149080e-05
91                                    -1.4110856963289731e-05
92                                    -2.1158367935369959e-05
93                                    -9.4195689810394612e-06
94                                     3.2573256404364037e-05
95                                    -8.1542492404551581e-05
96                                     4.1667545573539910e-06
97                                    -5.2789987236741276e-06
98                                     1.3754604160854528e-05
99                                    -6.5030670355591125e-06
100                                   -8.5452290084220284e-08
101                                    1.5033429925925823e-07
102                                   -5.8035406291789826e-07
103                                    1.9038935686055414e-06
104                                    3.4947139860436183e-06
105                                    3.2357574963892688e-07
106                                    1.7250830606496681e-06
107                                    2.0860782570727987e-06
108                                    2.2104933606326149e-06
109                                    1.0830933469541115e-07
110                                   -2.8588911692162267e-06
111                                   -2.1464553902894590e-06
112                                    1.2206787956825504e-07
113                                    5.2017262457959568e-06
114                                   -9.6944926946673782e-06
115                                   -1.0908059360249800e-05
116                                   -9.2120211112878270e-06
117                                    1.0832416974568271e-05
118                                    1.4868756881281087e-06
119                                   -4.4439069829538269e-07
120                                   -6.6403394757691414e-06
121                                   -1.1797987781170249e-05
122                                    3.6036351531154587e-06
123                                   -4.3148267628856374e-06
124                                   -9.2362938454715326e-06
125                                    9.7329277688185112e-06
126                                   -2.3697140738576650e-07
127                                   -2.7958660354029941e-06
128                                   -1.4898231343735135e-06
129                                   -1.0368046977210499e-06
130                                    5.9373267385920414e-07
131                                    1.2899808871161267e-06
132                                   -5.3942918341876034e-07
133                                   -1.5602160510497232e-06
134                                    1.8069955183275255e-06
135                                   -1.3247996441534404e-06
136                                   -2.5897585945004742e-06
137                                   -2.0524601518634444e-06
138                                   -1.4142786626106241e-05
139                                    1.4874388856722653e-06
140                                    7.6949785790675351e-06
141                                    1.3862577240522644e-05
142                                   -6.0794793132201708e-06
143                                    8.9880846504269973e-06
144                                    5.5684898243590908e-06
145                                    1.4178438678680294e-07
146                                    5.1460208863526868e-06
147                                    5.3504554816501126e-06
148                                    5.2832394604254707e-06
149                                    2.4868146931977808e-06
150                                    1.3591563762516135e-06
151                                    5.1030453648293062e-06
152                                   -4.7580253609361134e-06
153                                   -1.7515151641278592e-06
154                                   -4.3097080380805064e-06
155                                    3.9772311163019380e-06
   &Method [&Type "String"] "SCF"
   &Level [&Type "String"] "Relaxed density"
   &Mult [&Type "Integer"] 1
   &State [&Type "Integer"] 0
   &Irrep [&Type "Integer"] 0
$End
$Geometry
   &GeometryIndex 33
   &NAtoms [&Type "Integer"] 52
   &NCorelessECP [&Type "Integer"] 0
   &NGhostAtoms [&Type "Integer"] 0
   &CartesianCoordinates [&Type "Coordinates", &Dim(52,4), &Units "Bohr"] 
              C     13.954348156824    1.054915603733    1.811497083691
              C     11.588848991283   -0.072915737259    0.611107445230
              O     11.697331570835   -2.058529466886   -0.568708098401
              N      9.351913149020    1.271486395113    0.912668069276
              C      7.014632457889    0.276705490216   -0.019031153689
              C      6.820607448446   -0.754449716839   -2.454787256690
              C      4.512235642281   -1.630503739060   -3.343164523044
              C      2.324241894436   -1.512656837680   -1.844856955758
              C      2.516770291795   -0.487188844382    0.584904901852
              C      4.835917995809    0.384900862822    1.478267674876
              N      0.080407667189   -2.532128766691   -2.842693499624
              C     -2.324456618689   -2.636296962332   -1.751735755558
              C     -3.441366907803   -5.054369866878   -1.668020682848
              C     -5.783831041815   -5.472951175870   -0.616427358785
              C     -7.232026570296   -3.478741827937    0.493032964472
              C     -6.159429838777   -0.994576119221    0.353695789402
              C     -3.752617501836   -0.571007891990   -0.819180388062
              C     -2.868059576237    2.068302719285   -1.292812031181
              O     -0.943054517443    2.511511757963   -2.513355163949
              C     -4.399331667448    4.197336983425   -0.288707064349
              C     -3.539693658286    6.678654906509   -0.640665772439
              C     -4.926391922694    8.698992086292    0.312294185065
              C     -7.185012364687    8.258936503039    1.625776175355
              C     -8.051065240921    5.801242250367    1.975480268857
              C     -6.661474828166    3.757334444493    1.017653040055
              C     -7.635131167778    1.151250772718    1.371356284020
              O     -9.679334037566    0.864609728935    2.490590818125
              N     -9.473529789641   -3.955071780388    1.619723995683
              S     -6.847435245104   -8.676709416268   -0.547101144249
              O     -9.571484943462   -8.731959270502   -0.978075680633
              O     -5.107258774602  -10.241157537065   -2.012100042774
              O     -6.488993753120   -9.451722952820    2.439927278506
              C      9.238397041740    3.567913837491    2.451889057339
              H     13.724763088552    1.415048985396    3.837881265177
              H     14.485964093406    2.844800857451    0.910869502982
              H     15.480403696961   -0.302204453394    1.531977161298
              H      8.479786220290   -0.877923232695   -3.642842120710
              H      4.391391705993   -2.399031373185   -5.246355183807
              H      0.874305530298   -0.407470942148    1.808743730708
              H      4.936008882036    1.135385170031    3.385847025959
              H      0.405129643037   -3.960456989508   -4.072275897527
              H     -2.407228265458   -6.659574413915   -2.420571582484
              H     -1.786066486001    6.964205759996   -1.663543755361
              H     -4.256902622110   10.621060182981    0.037508823041
              H     -8.265551519856    9.839678691050    2.368265775546
              H     -9.798239014935    5.413276257296    2.974499010030
              H    -10.375112455233   -5.599616928593    1.246947175944
              H    -10.432989085647   -2.425139582897    2.273230132204
              H     -4.913169938884  -10.402259042883    2.576569323167
              H      9.050622724610    3.169893608976    4.482260805245
              H     10.931472944855    4.712607967577    2.170870386782
              H      7.610738554706    4.686563027231    1.853288957412
$End
$SCF_Mulliken_Population_Analysis
   &GeometryIndex 33
   &NAtoms [&Type "Integer"] 52
   &ATNO [&Type "ArrayOfIntegers", &Dim (52,1)] 
                                                         0

0                                                        6
1                                                        6
2                                                        8
3                                                        7
4                                                        6
5                                                        6
6                                                        6
7                                                        6
8                                                        6
9                                                        6
10                                                       7
11                                                       6
12                                                       6
13                                                       6
14                                                       6
15                                                       6
16                                                       6
17                                                       6
18                                                       8
19                                                       6
20                                                       6
21                                                       6
22                                                       6
23                                                       6
24                                                       6
25                                                       6
26                                                       8
27                                                       7
28                                                      16
29                                                       8
30                                                       8
31                                                       8
32                                                       6
33                                                       1
34                                                       1
35                                                       1
36                                                       1
37                                                       1
38                                                       1
39                                                       1
40                                                       1
41                                                       1
42                                                       1
43                                                       1
44                                                       1
45                                                       1
46                                                       1
47                                                       1
48                                                       1
49                                                       1
50                                                       1
51                                                       1
   &AtomicCharges [&Type "ArrayOfDoubles", &Dim (52,1)] 
                                                         0

0                                     -5.5277492835672959e-01
1                                      5.1968875692725547e-01
2                                     -4.5328456548539364e-01
3                                     -4.6746382319317448e-01
4                                      2.7797653144735879e-01
5                                     -1.2704572662040725e-01
6                                     -2.0824021695121786e-01
7                                      3.6812923135835440e-01
8                                     -1.6519317298590508e-01
9                                     -1.8184273526170536e-01
10                                    -7.1337719253208132e-01
11                                     2.9099076087048559e-01
12                                    -2.1164475312684861e-01
13                                    -2.3608650105379159e-01
14                                     3.1903256322184159e-01
15                                    -1.6093068574540403e-02
16                                     2.3162074389624365e-03
17                                     2.9537924090248069e-01
18                                    -4.1523140817285054e-01
19                                     4.8387362706794335e-02
20                                    -1.7187134106965374e-01
21                                    -1.2344918444231467e-01
22                                    -1.2342630041241165e-01
23                                    -1.7009324375471557e-01
24                                     5.2282956267707625e-02
25                                     3.0842329658860024e-01
26                                    -4.8209651993285263e-01
27                                    -8.1802703249947140e-01
28                                     1.2570810422611611e+00
29                                    -5.1595646856900501e-01
30                                    -5.1798444318214010e-01
31                                    -6.4637921542791510e-01
32                                    -3.2663082772544527e-01
33                                     1.6537474896515658e-01
34                                     1.7094676606163572e-01
35                                     1.8825257589522604e-01
36                                     1.5617671746166306e-01
37                                     1.2764062000302989e-01
38                                     1.2585960555061027e-01
39                                     1.2746701292988938e-01
40                                     3.2777129447487985e-01
41                                     1.8629823389152533e-01
42                                     1.6543015848395992e-01
43                                     1.4160879140092031e-01
44                                     1.4198067081145871e-01
45                                     1.6491344484778203e-01
46                                     3.7366611668727734e-01
47                                     3.9008586135647694e-01
48                                     4.4704796682841419e-01
49                                     1.5811131986824889e-01
50                                     1.6741519846675990e-01
51                                     1.7845761535447968e-01
   &Method [&Type "String"] "SCF"
   &Level [&Type "String"] "Relaxed density"
   &Mult [&Type "Integer"] 1
   &State [&Type "Integer"] -1
   &Irrep [&Type "Integer"] 0
$End
$SCF_Loewdin_Population_Analysis
   &GeometryIndex 33
   &NAtoms [&Type "Integer"] 52
   &ATNO [&Type "ArrayOfIntegers", &Dim (52,1)] 
                                                         0

0                                                        6
1                                                        6
2                                                        8
3                                                        7
4                                                        6
5                                                        6
6                                                        6
7                                                        6
8                                                        6
9                                                        6
10                                                       7
11                                                       6
12                                                       6
13                                                       6
14                                                       6
15                                                       6
16                                                       6
17                                                       6
18                                                       8
19                                                       6
20                                                       6
21                                                       6
22                                                       6
23                                                       6
24                                                       6
25                                                       6
26                                                       8
27                                                       7
28                                                      16
29                                                       8
30                                                       8
31                                                       8
32                                                       6
33                                                       1
34                                                       1
35                                                       1
36                                                       1
37                                                       1
38                                                       1
39                                                       1
40                                                       1
41                                                       1
42                                                       1
43                                                       1
44                                                       1
45                                                       1
46                                                       1
47                                                       1
48                                                       1
49                                                       1
50                                                       1
51                                                       1
   &AtomicCharges [&Type "ArrayOfDoubles", &Dim (52,1)] 
                                                         0

0                                     -3.9136980209376659e-01
1                                      1.1505458962415815e-01
2                                     -2.6051640876324456e-01
3                                     -7.2185384423154808e-02
4                                      1.8641464754201920e-02
5                                     -1.1220117301898735e-01
6                                     -1.4921490191485010e-01
7                                      3.7195427736955722e-02
8                                     -1.4871811559348380e-01
9                                     -1.3917540935650319e-01
10                                    -1.6643984284446667e-01
11                                     2.3279444335903676e-02
12                                    -1.0233781757764504e-01
13                                    -2.1316449995952436e-01
14                                     7.0695598765993850e-02
15                                    -8.3501108063464002e-02
16                                    -4.6060375926094466e-02
17                                     1.0849498741056518e-01
18                                    -1.9081848286201364e-01
19                                    -4.1584823923977332e-02
20                                    -9.7468922234193123e-02
21                                    -1.1264188169191502e-01
22                                    -1.1364438788099207e-01
23                                    -9.6836772008740191e-02
24                                    -4.1690527973736735e-02
25                                     1.2312999822995074e-01
26                                    -2.4780158770665039e-01
27                                    -3.4783766154160833e-01
28                                     1.2902446482136138e+00
29                                    -5.3588391778736089e-01
30                                    -5.4895843268828237e-01
31                                    -5.1901311534824757e-01
32                                    -2.7415250046672490e-01
33                                     1.3960454400170597e-01
34                                     1.4288763440180396e-01
35                                     1.5289242694887550e-01
36                                     1.4939446392079125e-01
37                                     1.3117211096267389e-01
38                                     1.3334008255890917e-01
39                                     1.3292050900785479e-01
40                                     2.5578411691202096e-01
41                                     1.5975220437544468e-01
42                                     1.5221498565515512e-01
43                                     1.3765944024614574e-01
44                                     1.3787063132189969e-01
45                                     1.5191763628274568e-01
46                                     2.6509892916164035e-01
47                                     2.7505674756989629e-01
48                                     3.4947958547903624e-01
49                                     1.2144351679560317e-01
50                                     1.3565097907556534e-01
51                                     1.4234114990030344e-01
   &Method [&Type "String"] "SCF"
   &Level [&Type "String"] "Relaxed density"
   &Mult [&Type "Integer"] 1
   &State [&Type "Integer"] -1
   &Irrep [&Type "Integer"] 0
$End
$SCF_Mayer_Population_Analysis
   &GeometryIndex 33
   &NAtoms [&Type "Integer"] 52 "Total number of atoms"
   &NBondOrdersPrint [&Type "Integer"] 56 "The number of bond orders larger than threshold"
   &bondThresh [&Type "Double"]       1.0000000000000001e-01  "The threshold for printing"
   &components [&Type "ArrayOfIntegers", &Dim (56,4)] "The indices and atomic numbers of the bonding atoms"
                                                         0                           1                           2                           3

0                                                        0                           6                           1                           6
1                                                        0                           6                          33                           1
2                                                        0                           6                          34                           1
3                                                        0                           6                          35                           1
4                                                        1                           6                           2                           8
5                                                        1                           6                           3                           7
6                                                        3                           7                           4                           6
7                                                        3                           7                          32                           6
8                                                        4                           6                           5                           6
9                                                        4                           6                           9                           6
10                                                       5                           6                           6                           6
11                                                       5                           6                          36                           1
12                                                       6                           6                           7                           6
13                                                       6                           6                          37                           1
14                                                       7                           6                           8                           6
15                                                       7                           6                          10                           7
16                                                       8                           6                           9                           6
17                                                       8                           6                          38                           1
18                                                       9                           6                          39                           1
19                                                      10                           7                          11                           6
20                                                      10                           7                          40                           1
21                                                      11                           6                          12                           6
22                                                      11                           6                          16                           6
23                                                      12                           6                          13                           6
24                                                      12                           6                          41                           1
25                                                      13                           6                          14                           6
26                                                      13                           6                          28                          16
27                                                      14                           6                          15                           6
28                                                      14                           6                          27                           7
29                                                      15                           6                          16                           6
30                                                      15                           6                          25                           6
31                                                      16                           6                          17                           6
32                                                      17                           6                          18                           8
33                                                      17                           6                          19                           6
34                                                      19                           6                          20                           6
35                                                      19                           6                          24                           6
36                                                      20                           6                          21                           6
37                                                      20                           6                          42                           1
38                                                      21                           6                          22                           6
39                                                      21                           6                          43                           1
40                                                      22                           6                          23                           6
41                                                      22                           6                          44                           1
42                                                      23                           6                          24                           6
43                                                      23                           6                          45                           1
44                                                      24                           6                          25                           6
45                                                      25                           6                          26                           8
46                                                      26                           8                          47                           1
47                                                      27                           7                          46                           1
48                                                      27                           7                          47                           1
49                                                      28                          16                          29                           8
50                                                      28                          16                          30                           8
51                                                      28                          16                          31                           8
52                                                      31                           8                          48                           1
53                                                      32                           6                          49                           1
54                                                      32                           6                          50                           1
55                                                      32                           6                          51                           1
   &BondOrders [&Type "ArrayOfDoubles", &Dim (56,1)] "The bond orders"
                                                         0

0                                      9.7412860039845339e-01
1                                      9.3152459175263902e-01
2                                      9.2989163285604648e-01
3                                      9.4078014995406001e-01
4                                      1.8756223125519065e+00
5                                      1.0833663642302866e+00
6                                      8.8968908790241563e-01
7                                      9.5990148087622496e-01
8                                      1.4114917240925915e+00
9                                      1.4168709625808964e+00
10                                     1.4679073062501007e+00
11                                     9.1052904726843709e-01
12                                     1.3644696770117353e+00
13                                     9.2269957479243292e-01
14                                     1.4090955491387958e+00
15                                     9.2300011328237341e-01
16                                     1.4351932170447199e+00
17                                     9.1424326988577365e-01
18                                     9.1908947856915280e-01
19                                     9.7642056188546777e-01
20                                     8.3535073203918464e-01
21                                     1.2865400894617183e+00
22                                     1.3492862552624421e+00
23                                     1.4745238565555123e+00
24                                     8.9472846255700911e-01
25                                     1.1885810439260243e+00
26                                     8.1142981960840754e-01
27                                     1.2699284484676396e+00
28                                     1.2049672761582093e+00
29                                     1.2804629248978108e+00
30                                     1.0236565350512670e+00
31                                     9.6332197085907012e-01
32                                     1.8331741505486385e+00
33                                     9.7607319904110690e-01
34                                     1.3844216690345914e+00
35                                     1.3671981584890740e+00
36                                     1.4307420780312241e+00
37                                     9.0571585152974943e-01
38                                     1.4023399386881885e+00
39                                     9.3009411955901666e-01
40                                     1.4319737048639500e+00
41                                     9.3004483581581276e-01
42                                     1.3802515401861202e+00
43                                     9.0626802134783269e-01
44                                     9.9750159872165189e-01
45                                     1.7048315350639529e+00
46                                     1.1992210326256134e-01
47                                     7.7192367282715102e-01
48                                     7.2223994366945454e-01
49                                     1.6615334266631965e+00
50                                     1.6780687918213861e+00
51                                     9.2138564615525786e-01
52                                     7.4541957751569321e-01
53                                     9.3216127095550938e-01
54                                     9.3331353490372315e-01
55                                     9.3591590636493849e-01
   &ATNO [&Type "ArrayOfIntegers", &Dim (52,1)] "Atomic number of the elements"
                                                         0

0                                                        6
1                                                        6
2                                                        8
3                                                        7
4                                                        6
5                                                        6
6                                                        6
7                                                        6
8                                                        6
9                                                        6
10                                                       7
11                                                       6
12                                                       6
13                                                       6
14                                                       6
15                                                       6
16                                                       6
17                                                       6
18                                                       8
19                                                       6
20                                                       6
21                                                       6
22                                                       6
23                                                       6
24                                                       6
25                                                       6
26                                                       8
27                                                       7
28                                                      16
29                                                       8
30                                                       8
31                                                       8
32                                                       6
33                                                       1
34                                                       1
35                                                       1
36                                                       1
37                                                       1
38                                                       1
39                                                       1
40                                                       1
41                                                       1
42                                                       1
43                                                       1
44                                                       1
45                                                       1
46                                                       1
47                                                       1
48                                                       1
49                                                       1
50                                                       1
51                                                       1
   &NA [&Type "ArrayOfDoubles", &Dim (52,1)] "Mulliken gross atomic population"
                                                         0

0                                      6.5527749283567296e+00
1                                      5.4803112430727428e+00
2                                      8.4532845654853919e+00
3                                      7.4674638231931727e+00
4                                      5.7220234685526421e+00
5                                      6.1270457266204064e+00
6                                      6.2082402169512170e+00
7                                      5.6318707686416412e+00
8                                      6.1651931729859069e+00
9                                      6.1818427352617080e+00
10                                     7.7133771925320760e+00
11                                     5.7090092391295126e+00
12                                     6.2116447531268486e+00
13                                     6.2360865010537960e+00
14                                     5.6809674367781584e+00
15                                     6.0160930685745395e+00
16                                     5.9976837925610429e+00
17                                     5.7046207590975220e+00
18                                     8.4152314081728541e+00
19                                     5.9516126372932083e+00
20                                     6.1718713410696520e+00
21                                     6.1234491844423165e+00
22                                     6.1234263004124108e+00
23                                     6.1700932437547147e+00
24                                     5.9477170437322906e+00
25                                     5.6915767034113998e+00
26                                     8.4820965199328491e+00
27                                     7.8180270324994741e+00
28                                     1.4742918957738832e+01
29                                     8.5159564685690050e+00
30                                     8.5179844431821419e+00
31                                     8.6463792154279169e+00
32                                     6.3266308277254453e+00
33                                     8.3462525103484364e-01
34                                     8.2905323393836450e-01
35                                     8.1174742410477396e-01
36                                     8.4382328253833649e-01
37                                     8.7235937999697011e-01
38                                     8.7414039444938996e-01
39                                     8.7253298707011040e-01
40                                     6.7222870552511982e-01
41                                     8.1370176610847456e-01
42                                     8.3456984151603997e-01
43                                     8.5839120859907969e-01
44                                     8.5801932918854118e-01
45                                     8.3508655515221797e-01
46                                     6.2633388331272277e-01
47                                     6.0991413864352284e-01
48                                     5.5295203317158592e-01
49                                     8.4188868013175111e-01
50                                     8.3258480153324010e-01
51                                     8.2154238464552032e-01
   &ZA [&Type "ArrayOfDoubles", &Dim (52,1)] "Total nuclear charge"
                                                         0

0                                      6.0000000000000000e+00
1                                      6.0000000000000000e+00
2                                      8.0000000000000000e+00
3                                      7.0000000000000000e+00
4                                      6.0000000000000000e+00
5                                      6.0000000000000000e+00
6                                      6.0000000000000000e+00
7                                      6.0000000000000000e+00
8                                      6.0000000000000000e+00
9                                      6.0000000000000000e+00
10                                     7.0000000000000000e+00
11                                     6.0000000000000000e+00
12                                     6.0000000000000000e+00
13                                     6.0000000000000000e+00
14                                     6.0000000000000000e+00
15                                     6.0000000000000000e+00
16                                     6.0000000000000000e+00
17                                     6.0000000000000000e+00
18                                     8.0000000000000000e+00
19                                     6.0000000000000000e+00
20                                     6.0000000000000000e+00
21                                     6.0000000000000000e+00
22                                     6.0000000000000000e+00
23                                     6.0000000000000000e+00
24                                     6.0000000000000000e+00
25                                     6.0000000000000000e+00
26                                     8.0000000000000000e+00
27                                     7.0000000000000000e+00
28                                     1.6000000000000000e+01
29                                     8.0000000000000000e+00
30                                     8.0000000000000000e+00
31                                     8.0000000000000000e+00
32                                     6.0000000000000000e+00
33                                     1.0000000000000000e+00
34                                     1.0000000000000000e+00
35                                     1.0000000000000000e+00
36                                     1.0000000000000000e+00
37                                     1.0000000000000000e+00
38                                     1.0000000000000000e+00
39                                     1.0000000000000000e+00
40                                     1.0000000000000000e+00
41                                     1.0000000000000000e+00
42                                     1.0000000000000000e+00
43                                     1.0000000000000000e+00
44                                     1.0000000000000000e+00
45                                     1.0000000000000000e+00
46                                     1.0000000000000000e+00
47                                     1.0000000000000000e+00
48                                     1.0000000000000000e+00
49                                     1.0000000000000000e+00
50                                     1.0000000000000000e+00
51                                     1.0000000000000000e+00
   &QA [&Type "ArrayOfDoubles", &Dim (52,1)] "Mulliken gross atomic charge"
                                                         0

0                                     -5.5277492835672959e-01
1                                      5.1968875692725724e-01
2                                     -4.5328456548539187e-01
3                                     -4.6746382319317270e-01
4                                      2.7797653144735790e-01
5                                     -1.2704572662040636e-01
6                                     -2.0824021695121697e-01
7                                      3.6812923135835884e-01
8                                     -1.6519317298590686e-01
9                                     -1.8184273526170802e-01
10                                    -7.1337719253207599e-01
11                                     2.9099076087048736e-01
12                                    -2.1164475312684861e-01
13                                    -2.3608650105379603e-01
14                                     3.1903256322184159e-01
15                                    -1.6093068574539515e-02
16                                     2.3162074389571075e-03
17                                     2.9537924090247802e-01
18                                    -4.1523140817285409e-01
19                                     4.8387362706791670e-02
20                                    -1.7187134106965196e-01
21                                    -1.2344918444231645e-01
22                                    -1.2342630041241076e-01
23                                    -1.7009324375471468e-01
24                                     5.2282956267709402e-02
25                                     3.0842329658860024e-01
26                                    -4.8209651993284908e-01
27                                    -8.1802703249947406e-01
28                                     1.2570810422611682e+00
29                                    -5.1595646856900501e-01
30                                    -5.1798444318214187e-01
31                                    -6.4637921542791688e-01
32                                    -3.2663082772544527e-01
33                                     1.6537474896515636e-01
34                                     1.7094676606163550e-01
35                                     1.8825257589522604e-01
36                                     1.5617671746166351e-01
37                                     1.2764062000302989e-01
38                                     1.2585960555061004e-01
39                                     1.2746701292988960e-01
40                                     3.2777129447488018e-01
41                                     1.8629823389152544e-01
42                                     1.6543015848396003e-01
43                                     1.4160879140092031e-01
44                                     1.4198067081145882e-01
45                                     1.6491344484778203e-01
46                                     3.7366611668727723e-01
47                                     3.9008586135647716e-01
48                                     4.4704796682841408e-01
49                                     1.5811131986824889e-01
50                                     1.6741519846675990e-01
51                                     1.7845761535447968e-01
   &VA [&Type "ArrayOfDoubles", &Dim (52,1)] "Mayer's total valence"
                                                         0

0                                      3.7966690865998354e+00
1                                      3.9771012867755013e+00
2                                      2.0875814935213461e+00
3                                      3.0310962001922328e+00
4                                      3.9129836167679679e+00
5                                      3.9448808855281867e+00
6                                      3.9200540496887886e+00
7                                      3.8785506693890457e+00
8                                      3.9417809085306370e+00
9                                      3.9332039926694620e+00
10                                     2.9506973602311142e+00
11                                     3.8051937065186143e+00
12                                     3.9277615624249140e+00
13                                     3.7677925802514944e+00
14                                     3.8514735269057456e+00
15                                     3.7878622621918785e+00
16                                     3.8168121029953435e+00
17                                     3.8885841533742571e+00
18                                     2.1015510645721669e+00
19                                     3.8742795656182301e+00
20                                     3.8926683289488522e+00
21                                     3.8952360151038503e+00
22                                     3.8960088931792241e+00
23                                     3.8905494364495397e+00
24                                     3.8922001703358142e+00
25                                     3.8623144910098506e+00
26                                     2.0685751030671131e+00
27                                     2.8914890505248807e+00
28                                     5.1871126375510874e+00
29                                     1.9340301297038311e+00
30                                     1.9378976439417990e+00
31                                     1.8081136635337747e+00
32                                     3.8127639917365732e+00
33                                     9.2977087272635739e-01
34                                     9.2889530427108580e-01
35                                     9.3792078175899141e-01
36                                     9.4603810063307470e-01
37                                     9.3905035727480946e-01
38                                     9.4601839979341185e-01
39                                     9.4024471637123785e-01
40                                     8.6195627027416288e-01
41                                     9.4040320670849087e-01
42                                     9.4552356985873209e-01
43                                     9.3636620471676668e-01
44                                     9.3633752715198915e-01
45                                     9.4496964785921334e-01
46                                     8.5651371172354640e-01
47                                     8.5985480176487850e-01
48                                     7.8313970052547210e-01
49                                     9.2244042255528413e-01
50                                     9.3257121878968696e-01
51                                     9.3438667160696742e-01
   &BVA [&Type "ArrayOfDoubles", &Dim (52,1)] "Mayer's bonded valence"
                                                         0

0                                      3.7966690865998025e+00
1                                      3.9771012867754889e+00
2                                      2.0875814935213288e+00
3                                      3.0310962001923079e+00
4                                      3.9129836167679728e+00
5                                      3.9448808855281672e+00
6                                      3.9200540496888054e+00
7                                      3.8785506693891021e+00
8                                      3.9417809085306326e+00
9                                      3.9332039926694367e+00
10                                     2.9506973602312243e+00
11                                     3.8051937065186565e+00
12                                     3.9277615624248585e+00
13                                     3.7677925802514700e+00
14                                     3.8514735269057265e+00
15                                     3.7878622621918634e+00
16                                     3.8168121029953777e+00
17                                     3.8885841533742873e+00
18                                     2.1015510645721367e+00
19                                     3.8742795656182558e+00
20                                     3.8926683289488322e+00
21                                     3.8952360151038619e+00
22                                     3.8960088931792605e+00
23                                     3.8905494364495770e+00
24                                     3.8922001703358706e+00
25                                     3.8623144910099088e+00
26                                     2.0685751030671486e+00
27                                     2.8914890505248945e+00
28                                     5.1871126375510670e+00
29                                     1.9340301297038280e+00
30                                     1.9378976439418327e+00
31                                     1.8081136635338062e+00
32                                     3.8127639917365892e+00
33                                     9.2977087272634751e-01
34                                     9.2889530427108813e-01
35                                     9.3792078175898808e-01
36                                     9.4603810063306137e-01
37                                     9.3905035727481123e-01
38                                     9.4601839979341518e-01
39                                     9.4024471637123375e-01
40                                     8.6195627027417077e-01
41                                     9.4040320670847377e-01
42                                     9.4552356985872099e-01
43                                     9.3636620471676701e-01
44                                     9.3633752715198959e-01
45                                     9.4496964785921977e-01
46                                     8.5651371172355306e-01
47                                     8.5985480176487994e-01
48                                     7.8313970052547155e-01
49                                     9.2244042255527736e-01
50                                     9.3257121878968974e-01
51                                     9.3438667160697042e-01
   &FA [&Type "ArrayOfDoubles", &Dim (52,1)] "Mayer's free valence"
                                                         0

0                                      0.0000000000000000e+00
1                                      0.0000000000000000e+00
2                                      0.0000000000000000e+00
3                                      0.0000000000000000e+00
4                                      0.0000000000000000e+00
5                                      0.0000000000000000e+00
6                                      0.0000000000000000e+00
7                                      0.0000000000000000e+00
8                                      0.0000000000000000e+00
9                                      0.0000000000000000e+00
10                                     0.0000000000000000e+00
11                                     0.0000000000000000e+00
12                                     0.0000000000000000e+00
13                                     0.0000000000000000e+00
14                                     0.0000000000000000e+00
15                                     0.0000000000000000e+00
16                                     0.0000000000000000e+00
17                                     0.0000000000000000e+00
18                                     0.0000000000000000e+00
19                                     0.0000000000000000e+00
20                                     0.0000000000000000e+00
21                                     0.0000000000000000e+00
22                                     0.0000000000000000e+00
23                                     0.0000000000000000e+00
24                                     0.0000000000000000e+00
25                                     0.0000000000000000e+00
26                                     0.0000000000000000e+00
27                                     0.0000000000000000e+00
28                                     0.0000000000000000e+00
29                                     0.0000000000000000e+00
30                                     0.0000000000000000e+00
31                                     0.0000000000000000e+00
32                                     0.0000000000000000e+00
33                                     0.0000000000000000e+00
34                                     0.0000000000000000e+00
35                                     0.0000000000000000e+00
36                                     0.0000000000000000e+00
37                                     0.0000000000000000e+00
38                                     0.0000000000000000e+00
39                                     0.0000000000000000e+00
40                                     0.0000000000000000e+00
41                                     0.0000000000000000e+00
42                                     0.0000000000000000e+00
43                                     0.0000000000000000e+00
44                                     0.0000000000000000e+00
45                                     0.0000000000000000e+00
46                                     0.0000000000000000e+00
47                                     0.0000000000000000e+00
48                                     0.0000000000000000e+00
49                                     0.0000000000000000e+00
50                                     0.0000000000000000e+00
51                                     0.0000000000000000e+00
   &Method [&Type "String"] "SCF"
   &Level [&Type "String"] "Relaxed density"
   &Mult [&Type "Integer"] 1
   &State [&Type "Integer"] -1
   &Irrep [&Type "Integer"] 0
$End
$SCF_Energy
   &GeometryIndex 33
   &Method [&Type "String"] "SCF"
   &totalEnergy [&Type "ArrayOfDoubles", &Dim (1,1)] "Total energy of each state"
                                                         0

0                                     -1.9007046612170129e+03
   &Mult [&Type "ArrayOfIntegers", &Dim (1,1)] "Multiplicity of each state"
                                                         0

0                                                        1
$End
$DFT_Energy
   &GeometryIndex 33
   &nAlphaEl [&Type "Integer"] 121
   &nBetaEl [&Type "Integer"] 121
   &nTotalEl [&Type "Integer"] 242
   &finalEn [&Type "Double"]      -1.9007046612170129e+03  "No Van der Waals correction"
   &eExchange [&Type "Double"]      -1.7526723645433421e+02
   &eCorr [&Type "Double"]      -9.9928185010180712e+00
   &eXC [&Type "Double"]      -1.8526005495535227e+02
   &eCNL [&Type "Double"]       0.0000000000000000e+00
$End
$SCF_Timings
   &GeometryIndex 33
   &TOTAL [&Type "Double"]       3.4476120999999999e+01
   &PREP [&Type "Double"]       7.3292799999999991e-01
   &FOCK [&Type "Double"]       3.1143826999999998e+01
   &DENS [&Type "Double"]       4.9790999999995478e-02
   &ETOT [&Type "Double"]       2.2086000000005157e-02
   &POP [&Type "Double"]       1.7267900000000225e-01
   &TRAFO [&Type "Double"]       8.2974999999997578e-02
   &DIIS [&Type "Double"]       1.0301500000000008e-01
   &SOSCF [&Type "Double"]       2.8916299999999762e-01
   &XC [&Type "Double"]       2.1701560000000031e+00
   &FOCKSTART [&Type "Double"]       1.2193000000000676e-02
   &INT_PREP [&Type "Double"]       2.9999999977547986e-06
   &INT_BF [&Type "Double"]       5.7011799999995993e-01
   &INT_DENS [&Type "Double"]       5.4728900000002678e-01
   &INT_DENSIO [&Type "Double"]       4.2527653662000121e+04
   &INT_FUNC [&Type "Double"]       6.2912999999968910e-02
   &INT_POT [&Type "Double"]       5.1994900000005551e-01
   &INT_POTIO [&Type "Double"]       1.4651000000056591e-02
   &INT_SUM [&Type "Double"]       5.2499999999788827e-04
   &SPLITRIJ [&Type "Double"]       2.6898680000000001e+00
   &COSX [&Type "Double"]       2.8806851000000002e+01
$End
$Single_Point_Data
   &GeometryIndex 33
   &FinalEnergy [&Type "Double"]      -1.9007046612170129e+03  "Final single point energy"
   &Converged [&Type "Boolean"] true
$End
$SCF_Dipole_Moment
   &GeometryIndex 33
   &dipoleMagnitude [&Type "Double", &Units "a.u."]       2.1507124145305894e+00
   &dipoleElecContrib [&Type "ArrayOfDoubles", &Dim (3,1)] "Electronic contribution"
                                                         0

0                                     -3.1175624019408552e+01
1                                     -1.6962352088562703e+01
2                                     -6.6949621891639897e+00
   &dipoleNucContrib [&Type "ArrayOfDoubles", &Dim (3,1)] "Nuclear contribution"
                                                         0

0                                      3.1846093745929952e+01
1                                      1.8658265579177904e+01
2                                      7.8350988775411690e+00
   &dipoleTotal [&Type "ArrayOfDoubles", &Dim (3,1)] "Total"
                                                         0

0                                      6.7046972652140013e-01
1                                      1.6959134906152009e+00
2                                      1.1401366883771793e+00
   &doAtomicDipole [&Type "Boolean"] false
   &Method [&Type "String"] "SCF"
   &Level [&Type "String"] "Relaxed density"
   &Mult [&Type "Integer"] 1
   &State [&Type "Integer"] -1
   &Irrep [&Type "Integer"] 0
$End
$Calculation_Info
   &GeometryIndex 33
   &Mult [&Type "Integer"] 1
   &Charge [&Type "Integer"] 0
   &NumOfAtoms [&Type "Integer"] 52
   &NumOfElectrons [&Type "Integer"] 242
   &NumOfBasisFuncts [&Type "Integer"] 504
   &NumOfAuxCBasisFuncts [&Type "Integer"] 0
   &NumOfAuxJBasisFuncts [&Type "Integer"] 1828
   &NumOfAuxJKBasisFuncts [&Type "Integer"] 0
   &NumOfCABSBasisFuncts [&Type "Integer"] 0
$End
$Calculation_Timings
   &GeometryIndex 33
   &GTOINT [&Type "Double"]       2.1803029100000069e+02
   &SCF [&Type "Double"]       2.1215970380000003e+03
   &SCFGRAD [&Type "Double"]       9.6980582000000049e+02
   &GSTEP [&Type "Double"]       6.7579900000006843e-01
   &PROP [&Type "Double"]       3.1890170000001490e+00
   &SUM [&Type "Double"]       3.3132979650000016e+03
$End
