*************************************************
******************* ORCA 6.1.1 ******************
*************************************************
$Calculation_Status
   &GeometryIndex 17
   &version [&Type "String"] "6.1.1"
   &progName [&Type "String"] "LeanSCF"
   &Status [&Type "String"] "NORMAL TERMINATION"
$End
$Geometry
   &GeometryIndex 1
   &NAtoms [&Type "Integer"] 44
   &NCorelessECP [&Type "Integer"] 0
   &NGhostAtoms [&Type "Integer"] 0
   &CartesianCoordinates [&Type "Coordinates", &Dim(44,4), &Units "Bohr"] 
              C    -10.778413640155   -0.275544387991    3.118458550589
              C     -9.094705713916    0.551946428189    0.929166075726
              C     -9.154012160807   -1.387402194359   -1.225786843851
              C     -7.614350083112   -0.518671166662   -3.523766898409
              N     -4.916977997520   -0.340919388005   -2.918924068862
              C     -3.605713984035    1.771840482345   -2.337608821011
              O     -4.569979284953    3.948633628256   -2.282519449166
              C     -1.113898011393    1.180093832851   -1.764835834484
              C     -0.902745568984   -1.394451704318   -1.978889913578
              C     -3.273657865132   -2.279307065916   -2.674132895001
              O     -3.872120298950   -4.561696161773   -2.995901590496
              C      1.323979772770   -2.675772421395   -1.371213647563
              N      1.345941470700   -5.385593984963   -1.416898494946
              C      3.483080376650   -1.215076046199   -0.628920756185
              C      3.260609891993    1.493730507667   -0.402771484971
              C      0.883667082908    2.687362489720   -0.923933405164
              N      0.465711535067    5.334983396336   -0.522629708276
              C      5.436329371104    2.928004184038    0.253160241784
              O      5.351123981883    5.310326419816    0.298294158411
              C      7.743777482716    1.731158987257    0.808407964837
              C      7.961491092057   -0.919097841652    0.586974013862
              C      5.871202333111   -2.365982397508   -0.189097996721
              O      6.173869298898   -4.705009968208   -0.538507905349
              C     10.305840471701   -2.082227225053    1.113243504747
              C     12.386284324407   -0.642428915433    1.853214678596
              C     12.171647567158    1.970401414962    2.071515406950
              C      9.875528420410    3.155993462691    1.550900241219
              H    -10.128639264753   -2.120806513201    3.880036871951
              H    -10.688259473929    1.153097073021    4.652715879260
              H    -12.770943861529   -0.450468739509    2.481276289692
              H     -9.759953034621    2.416886687370    0.226755722125
              H     -7.131632997052    0.767146512799    1.642528110370
              H     -8.414663670616   -3.231262804181   -0.541729245900
              H    -11.142705803492   -1.677531564241   -1.839518227036
              H     -8.333343312662    1.332518821559   -4.210522609539
              H     -7.881002629342   -1.899881692240   -5.083756760127
              H      0.394430158227   -6.386234832102   -2.823511116059
              H      2.062171315930   -6.413029712489    0.106786231746
              H     -0.653130642399    6.386256469466   -1.758855588263
              H      1.025576218113    6.199581668567    1.159395964862
              H     10.540547462199   -4.109776755100    0.959663609911
              H     14.171376964800   -1.556746657035    2.255383114163
              H     13.790235171774    3.082976466883    2.643030176022
              H      9.776427496981    5.191981205741    1.736812480932
$End
$SCF_Mulliken_Population_Analysis
   &GeometryIndex 1
   &NAtoms [&Type "Integer"] 44
   &ATNO [&Type "ArrayOfIntegers", &Dim (44,1)] 
                                                         0

0                                                        6
1                                                        6
2                                                        6
3                                                        6
4                                                        7
5                                                        6
6                                                        8
7                                                        6
8                                                        6
9                                                        6
10                                                       8
11                                                       6
12                                                       7
13                                                       6
14                                                       6
15                                                       6
16                                                       7
17                                                       6
18                                                       8
19                                                       6
20                                                       6
21                                                       6
22                                                       8
23                                                       6
24                                                       6
25                                                       6
26                                                       6
27                                                       1
28                                                       1
29                                                       1
30                                                       1
31                                                       1
32                                                       1
33                                                       1
34                                                       1
35                                                       1
36                                                       1
37                                                       1
38                                                       1
39                                                       1
40                                                       1
41                                                       1
42                                                       1
43                                                       1
   &AtomicCharges [&Type "ArrayOfDoubles", &Dim (44,1)] 
                                                         0

0                                     -4.3338063266169069e-01
1                                     -2.4043802651724988e-01
2                                     -2.6046529624029979e-01
3                                     -1.5410709041930648e-01
4                                     -4.3474779310906264e-01
5                                      4.6622688910818333e-01
6                                     -4.7835872535417323e-01
7                                      6.2642731897357251e-02
8                                      6.6412075479657773e-02
9                                      4.6268750796433178e-01
10                                    -4.7852540682925770e-01
11                                     2.0899482354055188e-01
12                                    -7.8835179243921694e-01
13                                     3.7982632934122407e-02
14                                     3.8017208930050117e-02
15                                     2.0950716904614186e-01
16                                    -7.8800627142091528e-01
17                                     2.3903771639186733e-01
18                                    -4.5100394556862966e-01
19                                     7.8484367024366009e-02
20                                     7.8567873814091804e-02
21                                     2.3890909872698529e-01
22                                    -4.5095868447830334e-01
23                                    -1.7162983704311330e-01
24                                    -1.1854518441985906e-01
25                                    -1.1856184991114116e-01
26                                    -1.7171693818663147e-01
27                                     1.3959450630664993e-01
28                                     1.4160672051199663e-01
29                                     1.3826438970697197e-01
30                                     1.4201593444261340e-01
31                                     1.3398607294068776e-01
32                                     1.6018971319379505e-01
33                                     1.3494698386241089e-01
34                                     1.7944018769924808e-01
35                                     1.7044330208224157e-01
36                                     3.5248222034672327e-01
37                                     3.4524905946871798e-01
38                                     3.5237575480810990e-01
39                                     3.4522072915419311e-01
40                                     1.6475020528178386e-01
41                                     1.4299618675461900e-01
42                                     1.4299638243480750e-01
43                                     1.6476903074546678e-01
   &Method [&Type "String"] "SCF"
   &Level [&Type "String"] "Relaxed density"
   &Mult [&Type "Integer"] 1
   &State [&Type "Integer"] -1
   &Irrep [&Type "Integer"] 0
$End
$SCF_Loewdin_Population_Analysis
   &GeometryIndex 1
   &NAtoms [&Type "Integer"] 44
   &ATNO [&Type "ArrayOfIntegers", &Dim (44,1)] 
                                                         0

0                                                        6
1                                                        6
2                                                        6
3                                                        6
4                                                        7
5                                                        6
6                                                        8
7                                                        6
8                                                        6
9                                                        6
10                                                       8
11                                                       6
12                                                       7
13                                                       6
14                                                       6
15                                                       6
16                                                       7
17                                                       6
18                                                       8
19                                                       6
20                                                       6
21                                                       6
22                                                       8
23                                                       6
24                                                       6
25                                                       6
26                                                       6
27                                                       1
28                                                       1
29                                                       1
30                                                       1
31                                                       1
32                                                       1
33                                                       1
34                                                       1
35                                                       1
36                                                       1
37                                                       1
38                                                       1
39                                                       1
40                                                       1
41                                                       1
42                                                       1
43                                                       1
   &AtomicCharges [&Type "ArrayOfDoubles", &Dim (44,1)] 
                                                         0

0                                     -3.5745603462616860e-01
1                                     -2.3323536057698124e-01
2                                     -2.3398046541175077e-01
3                                     -1.4448920565959078e-01
4                                     -5.1875613503558071e-03
5                                      1.1355935998420819e-01
6                                     -2.6307571746126257e-01
7                                     -4.0420813405835254e-02
8                                     -3.9739765351524348e-02
9                                      1.1497896064460811e-01
10                                    -2.6426169174467518e-01
11                                     7.7479412960325789e-02
12                                    -3.8346585087460561e-01
13                                    -3.9998142214389354e-02
14                                    -4.0074189510922231e-02
15                                     7.7600911855597587e-02
16                                    -3.8333633857247840e-01
17                                     9.8508011291104758e-02
18                                    -2.3354078683226476e-01
19                                    -3.3585389979437608e-02
20                                    -3.3603163306705319e-02
21                                     9.8519016655290059e-02
22                                    -2.3350243282175498e-01
23                                    -8.6580128408715318e-02
24                                    -1.1269427093519724e-01
25                                    -1.1269426710005170e-01
26                                    -8.6588568259595711e-02
27                                     1.2085460516644519e-01
28                                     1.2362728988071259e-01
29                                     1.1980427268242511e-01
30                                     1.2295145415957820e-01
31                                     1.1852481272525051e-01
32                                     1.3159304903402158e-01
33                                     1.2369301536676158e-01
34                                     1.4651616923915189e-01
35                                     1.4116283507511684e-01
36                                     2.6376681159364401e-01
37                                     2.6115098215661681e-01
38                                     2.6373749218645792e-01
39                                     2.6114923282713565e-01
40                                     1.5260411875527669e-01
41                                     1.3855824379237602e-01
42                                     1.3856565503270701e-01
43                                     1.5260443133923141e-01
   &Method [&Type "String"] "SCF"
   &Level [&Type "String"] "Relaxed density"
   &Mult [&Type "Integer"] 1
   &State [&Type "Integer"] -1
   &Irrep [&Type "Integer"] 0
$End
$SCF_Mayer_Population_Analysis
   &GeometryIndex 1
   &NAtoms [&Type "Integer"] 44 "Total number of atoms"
   &NBondOrdersPrint [&Type "Integer"] 47 "The number of bond orders larger than threshold"
   &bondThresh [&Type "Double"]       1.0000000000000001e-01  "The threshold for printing"
   &components [&Type "ArrayOfIntegers", &Dim (47,4)] "The indices and atomic numbers of the bonding atoms"
                                                         0                           1                           2                           3

0                                                        0                           6                           1                           6
1                                                        0                           6                          27                           1
2                                                        0                           6                          28                           1
3                                                        0                           6                          29                           1
4                                                        1                           6                           2                           6
5                                                        1                           6                          30                           1
6                                                        1                           6                          31                           1
7                                                        2                           6                           3                           6
8                                                        2                           6                          32                           1
9                                                        2                           6                          33                           1
10                                                       3                           6                           4                           7
11                                                       3                           6                          34                           1
12                                                       3                           6                          35                           1
13                                                       4                           7                           5                           6
14                                                       4                           7                           9                           6
15                                                       5                           6                           6                           8
16                                                       5                           6                           7                           6
17                                                       7                           6                           8                           6
18                                                       7                           6                          15                           6
19                                                       8                           6                           9                           6
20                                                       8                           6                          11                           6
21                                                       9                           6                          10                           8
22                                                      11                           6                          12                           7
23                                                      11                           6                          13                           6
24                                                      12                           7                          36                           1
25                                                      12                           7                          37                           1
26                                                      13                           6                          14                           6
27                                                      13                           6                          21                           6
28                                                      14                           6                          15                           6
29                                                      14                           6                          17                           6
30                                                      15                           6                          16                           7
31                                                      16                           7                          38                           1
32                                                      16                           7                          39                           1
33                                                      17                           6                          18                           8
34                                                      17                           6                          19                           6
35                                                      19                           6                          20                           6
36                                                      19                           6                          26                           6
37                                                      20                           6                          21                           6
38                                                      20                           6                          23                           6
39                                                      21                           6                          22                           8
40                                                      23                           6                          24                           6
41                                                      23                           6                          40                           1
42                                                      24                           6                          25                           6
43                                                      24                           6                          41                           1
44                                                      25                           6                          26                           6
45                                                      25                           6                          42                           1
46                                                      26                           6                          43                           1
   &BondOrders [&Type "ArrayOfDoubles", &Dim (47,1)] "The bond orders"
                                                         0

0                                      1.0148156214808863e+00
1                                      9.5140217278307926e-01
2                                      9.5247762471567399e-01
3                                      9.5239004878564004e-01
4                                      1.0122370605037407e+00
5                                      9.4045549809787232e-01
6                                      9.4004432724870646e-01
7                                      9.9244047750600517e-01
8                                      9.2991726961253840e-01
9                                      9.3463211582018868e-01
10                                     9.0980861294103765e-01
11                                     9.2105269377366195e-01
12                                     9.2554260022172574e-01
13                                     1.0398414439295114e+00
14                                     1.0405829333494403e+00
15                                     1.7952939587472856e+00
16                                     9.9722937297256820e-01
17                                     1.3865247108511538e+00
18                                     1.2654906885445079e+00
19                                     1.0007374141816516e+00
20                                     1.2654732948552658e+00
21                                     1.7988771513308577e+00
22                                     1.0707960457611423e+00
23                                     1.2489862703545307e+00
24                                     8.1356516255011602e-01
25                                     8.2039998718583829e-01
26                                     1.3035109733423385e+00
27                                     1.0038632481660319e+00
28                                     1.2492185403628366e+00
29                                     1.0039612617567952e+00
30                                     1.0713314011530430e+00
31                                     8.1359080844369802e-01
32                                     8.2042599990885412e-01
33                                     1.7946907970999701e+00
34                                     1.0260093730104585e+00
35                                     1.3571969522201299e+00
36                                     1.3644993732537813e+00
37                                     1.0259816307271135e+00
38                                     1.3645465108514834e+00
39                                     1.7948359923361927e+00
40                                     1.4273711850006181e+00
41                                     9.0926889915409981e-01
42                                     1.4028659661999536e+00
43                                     9.2965658003639129e-01
44                                     1.4273493707584304e+00
45                                     9.2965700442671251e-01
46                                     9.0928547231479939e-01
   &ATNO [&Type "ArrayOfIntegers", &Dim (44,1)] "Atomic number of the elements"
                                                         0

0                                                        6
1                                                        6
2                                                        6
3                                                        6
4                                                        7
5                                                        6
6                                                        8
7                                                        6
8                                                        6
9                                                        6
10                                                       8
11                                                       6
12                                                       7
13                                                       6
14                                                       6
15                                                       6
16                                                       7
17                                                       6
18                                                       8
19                                                       6
20                                                       6
21                                                       6
22                                                       8
23                                                       6
24                                                       6
25                                                       6
26                                                       6
27                                                       1
28                                                       1
29                                                       1
30                                                       1
31                                                       1
32                                                       1
33                                                       1
34                                                       1
35                                                       1
36                                                       1
37                                                       1
38                                                       1
39                                                       1
40                                                       1
41                                                       1
42                                                       1
43                                                       1
   &NA [&Type "ArrayOfDoubles", &Dim (44,1)] "Mulliken gross atomic population"
                                                         0

0                                      6.4333806326616907e+00
1                                      6.2404380265172525e+00
2                                      6.2604652962402971e+00
3                                      6.1541070904193083e+00
4                                      7.4347477931090609e+00
5                                      5.5337731108918158e+00
6                                      8.4783587253541697e+00
7                                      5.9373572681026463e+00
8                                      5.9335879245203422e+00
9                                      5.5373124920356656e+00
10                                     8.4785254068292613e+00
11                                     5.7910051764594455e+00
12                                     7.7883517924392125e+00
13                                     5.9620173670658847e+00
14                                     5.9619827910699490e+00
15                                     5.7904928309538573e+00
16                                     7.7880062714209117e+00
17                                     5.7609622836081300e+00
18                                     8.4510039455686279e+00
19                                     5.9215156329756340e+00
20                                     5.9214321261859082e+00
21                                     5.7610909012730147e+00
22                                     8.4509586844783051e+00
23                                     6.1716298370431133e+00
24                                     6.1185451844198573e+00
25                                     6.1185618499111412e+00
26                                     6.1717169381866324e+00
27                                     8.6040549369335018e-01
28                                     8.5839327948800359e-01
29                                     8.6173561029302792e-01
30                                     8.5798406555738649e-01
31                                     8.6601392705931257e-01
32                                     8.3981028680620540e-01
33                                     8.6505301613758867e-01
34                                     8.2055981230075181e-01
35                                     8.2955669791775832e-01
36                                     6.4751777965327695e-01
37                                     6.5475094053128191e-01
38                                     6.4762424519189010e-01
39                                     6.5477927084580667e-01
40                                     8.3524979471821625e-01
41                                     8.5700381324538077e-01
42                                     8.5700361756519250e-01
43                                     8.3523096925453300e-01
   &ZA [&Type "ArrayOfDoubles", &Dim (44,1)] "Total nuclear charge"
                                                         0

0                                      6.0000000000000000e+00
1                                      6.0000000000000000e+00
2                                      6.0000000000000000e+00
3                                      6.0000000000000000e+00
4                                      7.0000000000000000e+00
5                                      6.0000000000000000e+00
6                                      8.0000000000000000e+00
7                                      6.0000000000000000e+00
8                                      6.0000000000000000e+00
9                                      6.0000000000000000e+00
10                                     8.0000000000000000e+00
11                                     6.0000000000000000e+00
12                                     7.0000000000000000e+00
13                                     6.0000000000000000e+00
14                                     6.0000000000000000e+00
15                                     6.0000000000000000e+00
16                                     7.0000000000000000e+00
17                                     6.0000000000000000e+00
18                                     8.0000000000000000e+00
19                                     6.0000000000000000e+00
20                                     6.0000000000000000e+00
21                                     6.0000000000000000e+00
22                                     8.0000000000000000e+00
23                                     6.0000000000000000e+00
24                                     6.0000000000000000e+00
25                                     6.0000000000000000e+00
26                                     6.0000000000000000e+00
27                                     1.0000000000000000e+00
28                                     1.0000000000000000e+00
29                                     1.0000000000000000e+00
30                                     1.0000000000000000e+00
31                                     1.0000000000000000e+00
32                                     1.0000000000000000e+00
33                                     1.0000000000000000e+00
34                                     1.0000000000000000e+00
35                                     1.0000000000000000e+00
36                                     1.0000000000000000e+00
37                                     1.0000000000000000e+00
38                                     1.0000000000000000e+00
39                                     1.0000000000000000e+00
40                                     1.0000000000000000e+00
41                                     1.0000000000000000e+00
42                                     1.0000000000000000e+00
43                                     1.0000000000000000e+00
   &QA [&Type "ArrayOfDoubles", &Dim (44,1)] "Mulliken gross atomic charge"
                                                         0

0                                     -4.3338063266169069e-01
1                                     -2.4043802651725255e-01
2                                     -2.6046529624029713e-01
3                                     -1.5410709041930826e-01
4                                     -4.3474779310906086e-01
5                                      4.6622688910818422e-01
6                                     -4.7835872535416968e-01
7                                      6.2642731897353698e-02
8                                      6.6412075479657773e-02
9                                      4.6268750796433444e-01
10                                    -4.7852540682926126e-01
11                                     2.0899482354055454e-01
12                                    -7.8835179243921250e-01
13                                     3.7982632934115301e-02
14                                     3.8017208930051005e-02
15                                     2.0950716904614275e-01
16                                    -7.8800627142091173e-01
17                                     2.3903771639186999e-01
18                                    -4.5100394556862788e-01
19                                     7.8484367024366009e-02
20                                     7.8567873814091804e-02
21                                     2.3890909872698529e-01
22                                    -4.5095868447830512e-01
23                                    -1.7162983704311330e-01
24                                    -1.1854518441985729e-01
25                                    -1.1856184991114116e-01
26                                    -1.7171693818663236e-01
27                                     1.3959450630664982e-01
28                                     1.4160672051199641e-01
29                                     1.3826438970697208e-01
30                                     1.4201593444261351e-01
31                                     1.3398607294068743e-01
32                                     1.6018971319379460e-01
33                                     1.3494698386241133e-01
34                                     1.7944018769924819e-01
35                                     1.7044330208224168e-01
36                                     3.5248222034672305e-01
37                                     3.4524905946871809e-01
38                                     3.5237575480810990e-01
39                                     3.4522072915419333e-01
40                                     1.6475020528178375e-01
41                                     1.4299618675461923e-01
42                                     1.4299638243480750e-01
43                                     1.6476903074546700e-01
   &VA [&Type "ArrayOfDoubles", &Dim (44,1)] "Mayer's total valence"
                                                         0

0                                      3.8566424483125061e+00
1                                      3.8765972231101866e+00
2                                      3.8399068879645837e+00
3                                      3.7973162406497862e+00
4                                      3.1012341606527212e+00
5                                      3.8950062344201575e+00
6                                      2.0588992222889968e+00
7                                      3.8199125761502319e+00
8                                      3.8209753425083601e+00
9                                      3.8977453716415584e+00
10                                     2.0576359114624410e+00
11                                     3.7538859844000942e+00
12                                     2.8581776459508568e+00
13                                     3.7302635034378699e+00
14                                     3.7307696941453168e+00
15                                     3.7533103371837786e+00
16                                     2.8588922628960245e+00
17                                     3.9200683438850028e+00
18                                     2.0642558332075223e+00
19                                     3.8622790178460988e+00
20                                     3.8622300336651243e+00
21                                     3.9199729266412380e+00
22                                     2.0643817146741776e+00
23                                     3.8864381560760166e+00
24                                     3.8921445842357825e+00
25                                     3.8921456105251089e+00
26                                     3.8863789024901783e+00
27                                     9.3808066390317668e-01
28                                     9.3597915731526637e-01
29                                     9.3838666418054228e-01
30                                     9.3591924136620652e-01
31                                     9.3649653017630308e-01
32                                     9.3949966293668108e-01
33                                     9.3758176410008498e-01
34                                     9.3783013399267356e-01
35                                     9.3186703402905136e-01
36                                     8.6357574149078653e-01
37                                     8.6487303387919212e-01
38                                     8.6368655474201794e-01
39                                     8.6488688769435340e-01
40                                     9.4636858712286576e-01
41                                     9.3548213606212505e-01
42                                     9.3548212338125447e-01
43                                     9.4636804837749833e-01
   &BVA [&Type "ArrayOfDoubles", &Dim (44,1)] "Mayer's bonded valence"
                                                         0

0                                      3.8566424483125328e+00
1                                      3.8765972231101857e+00
2                                      3.8399068879646272e+00
3                                      3.7973162406497809e+00
4                                      3.1012341606527718e+00
5                                      3.8950062344201850e+00
6                                      2.0588992222890230e+00
7                                      3.8199125761502541e+00
8                                      3.8209753425083783e+00
9                                      3.8977453716415709e+00
10                                     2.0576359114624001e+00
11                                     3.7538859844001529e+00
12                                     2.8581776459508417e+00
13                                     3.7302635034378628e+00
14                                     3.7307696941453532e+00
15                                     3.7533103371838821e+00
16                                     2.8588922628959770e+00
17                                     3.9200683438849810e+00
18                                     2.0642558332074756e+00
19                                     3.8622790178460944e+00
20                                     3.8622300336650612e+00
21                                     3.9199729266411918e+00
22                                     2.0643817146741714e+00
23                                     3.8864381560760632e+00
24                                     3.8921445842357936e+00
25                                     3.8921456105251213e+00
26                                     3.8863789024901925e+00
27                                     9.3808066390317835e-01
28                                     9.3597915731526882e-01
29                                     9.3838666418054340e-01
30                                     9.3591924136621074e-01
31                                     9.3649653017630508e-01
32                                     9.3949966293668163e-01
33                                     9.3758176410008909e-01
34                                     9.3783013399267223e-01
35                                     9.3186703402905624e-01
36                                     8.6357574149078620e-01
37                                     8.6487303387919112e-01
38                                     8.6368655474201350e-01
39                                     8.6488688769434718e-01
40                                     9.4636858712286265e-01
41                                     9.3548213606212705e-01
42                                     9.3548212338125303e-01
43                                     9.4636804837749366e-01
   &FA [&Type "ArrayOfDoubles", &Dim (44,1)] "Mayer's free valence"
                                                         0

0                                      0.0000000000000000e+00
1                                      0.0000000000000000e+00
2                                      0.0000000000000000e+00
3                                      0.0000000000000000e+00
4                                      0.0000000000000000e+00
5                                      0.0000000000000000e+00
6                                      0.0000000000000000e+00
7                                      0.0000000000000000e+00
8                                      0.0000000000000000e+00
9                                      0.0000000000000000e+00
10                                     0.0000000000000000e+00
11                                     0.0000000000000000e+00
12                                     0.0000000000000000e+00
13                                     0.0000000000000000e+00
14                                     0.0000000000000000e+00
15                                     0.0000000000000000e+00
16                                     0.0000000000000000e+00
17                                     0.0000000000000000e+00
18                                     0.0000000000000000e+00
19                                     0.0000000000000000e+00
20                                     0.0000000000000000e+00
21                                     0.0000000000000000e+00
22                                     0.0000000000000000e+00
23                                     0.0000000000000000e+00
24                                     0.0000000000000000e+00
25                                     0.0000000000000000e+00
26                                     0.0000000000000000e+00
27                                     0.0000000000000000e+00
28                                     0.0000000000000000e+00
29                                     0.0000000000000000e+00
30                                     0.0000000000000000e+00
31                                     0.0000000000000000e+00
32                                     0.0000000000000000e+00
33                                     0.0000000000000000e+00
34                                     0.0000000000000000e+00
35                                     0.0000000000000000e+00
36                                     0.0000000000000000e+00
37                                     0.0000000000000000e+00
38                                     0.0000000000000000e+00
39                                     0.0000000000000000e+00
40                                     0.0000000000000000e+00
41                                     0.0000000000000000e+00
42                                     0.0000000000000000e+00
43                                     0.0000000000000000e+00
   &Method [&Type "String"] "SCF"
   &Level [&Type "String"] "Relaxed density"
   &Mult [&Type "Integer"] 1
   &State [&Type "Integer"] -1
   &Irrep [&Type "Integer"] 0
$End
$SCF_Energy
   &GeometryIndex 1
   &Method [&Type "String"] "SCF"
   &totalEnergy [&Type "ArrayOfDoubles", &Dim (1,1)] "Total energy of each state"
                                                         0

0                                     -1.2367812549873470e+03
   &Mult [&Type "ArrayOfIntegers", &Dim (1,1)] "Multiplicity of each state"
                                                         0

0                                                        1
$End
$DFT_Energy
   &GeometryIndex 1
   &nAlphaEl [&Type "Integer"] 95
   &nBetaEl [&Type "Integer"] 95
   &nTotalEl [&Type "Integer"] 190
   &finalEn [&Type "Double"]      -1.2367812549873470e+03  "No Van der Waals correction"
   &eExchange [&Type "Double"]      -1.2932272743436147e+02
   &eCorr [&Type "Double"]      -7.7131053058776367e+00
   &eXC [&Type "Double"]      -1.3703583274023910e+02
   &eCNL [&Type "Double"]       0.0000000000000000e+00
$End
$SCF_Timings
   &GeometryIndex 1
   &TOTAL [&Type "Double"]       5.5693940999999995e+01
   &PREP [&Type "Double"]       6.6729299999999991e-01
   &FOCK [&Type "Double"]       5.2685797999999991e+01
   &DENS [&Type "Double"]       1.5969199999999262e-01
   &ETOT [&Type "Double"]       5.7081999999996746e-02
   &POP [&Type "Double"]       6.0096000000001482e-02
   &TRAFO [&Type "Double"]       1.3682100000000119e-01
   &DIIS [&Type "Double"]       5.2551000000000059e-01
   &SOSCF [&Type "Double"]       4.9852100000000288e-01
   &XC [&Type "Double"]       6.1867859999999988e+00
   &FOCKSTART [&Type "Double"]       2.4056999999998108e-02
   &INT_PREP [&Type "Double"]       7.9999999993418669e-06
   &INT_BF [&Type "Double"]       1.7563299999997453e+00
   &INT_DENS [&Type "Double"]       1.5908750000001550e+00
   &INT_DENSIO [&Type "Double"]       1.8854527297600039e+05
   &INT_FUNC [&Type "Double"]       1.8691700000019118e-01
   &INT_POT [&Type "Double"]       1.5043670000001210e+00
   &INT_POTIO [&Type "Double"]       4.9050999999961320e-02
   &INT_SUM [&Type "Double"]       2.0620000000040051e-03
   &SPLITRIJ [&Type "Double"]       6.9973410000000005e+00
   &COSX [&Type "Double"]       4.0721819000000011e+01
$End
$Single_Point_Data
   &GeometryIndex 1
   &FinalEnergy [&Type "Double"]      -1.2367812549873470e+03  "Final single point energy"
   &Converged [&Type "Boolean"] true
$End
$SCF_Nuc_Gradient
   &GeometryIndex 1
   &NAtoms [&Type "Integer"] 44
   &gradNorm [&Type "Double"]       2.9603557717582707e-01
   &grad [&Type "ArrayOfDoubles", &Dim (132,1)] 
                                                         0

0                                      2.5294177113179862e-03
1                                     -1.5829084175443837e-03
2                                     -7.7536026598506412e-03
3                                      3.6334102993210507e-04
4                                     -1.6587014351673798e-03
5                                     -1.3032887897318352e-03
6                                      1.4075485666466409e-03
7                                      2.3052002832101709e-04
8                                     -1.8468071944423327e-03
9                                      1.0222988074267615e-02
10                                     7.4561580454140918e-03
11                                     9.5378830577159401e-03
12                                     2.3456650416757874e-02
13                                    -2.7798357193563744e-03
14                                     1.0912155998715874e-02
15                                     7.1358867049334335e-02
16                                    -1.1387423933116703e-01
17                                     2.8571922763056534e-03
18                                    -1.2128039121773931e-02
19                                     3.1701487596390354e-02
20                                     4.7709059965493281e-03
21                                    -6.2277730770640957e-02
22                                     4.7505209277289018e-03
23                                    -7.3132357931784686e-03
24                                    -6.0745967007943200e-02
25                                    -1.3629177806417647e-02
26                                    -8.9736016357313472e-03
27                                     5.2235140649641770e-02
28                                     1.2098093281809419e-01
29                                     2.2764188095589118e-02
30                                    -5.9623685272380822e-03
31                                    -3.3017555949338473e-02
32                                    -9.5268945758640589e-04
33                                    -7.9863169010661768e-03
34                                     5.9105219281588309e-02
35                                    -3.8580988591670473e-03
36                                     3.3829486005127959e-03
37                                    -1.2902816323690513e-02
38                                    -1.5342022050763085e-04
39                                     4.5719115254997209e-02
40                                    -2.8802375914656300e-02
41                                     1.7585002606650205e-03
42                                     4.0483067977135773e-02
43                                     3.5148542942887800e-02
44                                     7.0607817375220525e-03
45                                     1.5945129220545917e-03
46                                    -5.8222266467148377e-02
47                                    -1.3611835093390062e-02
48                                     1.1812412836642930e-03
49                                     1.3139913059227633e-02
50                                     2.0640326726301811e-03
51                                     1.4021605294982767e-02
52                                    -8.0404940993721696e-02
53                                     1.5246738792634509e-03
54                                    -2.6892919871206056e-03
55                                     2.1086580496480822e-02
56                                    -5.7298437227423817e-03
57                                    -5.2762020944509935e-02
58                                     2.4661703693313580e-02
59                                    -1.0739639663779624e-02
60                                    -4.8233799570630176e-02
61                                    -3.0777679897417254e-02
62                                    -1.5367885825451615e-02
63                                     8.4912002116459273e-04
64                                     8.0232429675503925e-02
65                                     1.4921200328373074e-02
66                                     6.7483856920291796e-04
67                                    -2.0016642001747853e-02
68                                    -9.1703042020947478e-03
69                                    -3.5160597793668161e-03
70                                    -2.4643876225380196e-03
71                                    -1.9548995925616659e-03
72                                     6.2054735686102869e-03
73                                     4.5901418443532807e-03
74                                     2.2459622817417590e-03
75                                     6.9022373404988985e-03
76                                    -3.8335805357708752e-03
77                                     1.5430489138982262e-03
78                                    -3.9122938975874010e-03
79                                     2.1519452712652626e-03
80                                    -1.5627162514484268e-03
81                                     5.6298918708182349e-03
82                                    -7.4769039000316395e-03
83                                     1.5475935584255557e-03
84                                     2.9154472522624139e-03
85                                     8.2364279010433972e-03
86                                     4.2772917418150425e-03
87                                    -7.7230203282526166e-03
88                                     8.6803846560250947e-04
89                                    -5.3938296924610912e-03
90                                    -6.8645923023686328e-03
91                                     6.7233451381868148e-03
92                                    -2.3335077457259934e-03
93                                     8.0353055531684481e-03
94                                    -2.5814744486048827e-03
95                                     5.0088501918986034e-03
96                                     4.5164319784094173e-03
97                                    -7.0476636604074328e-03
98                                     4.8949268489995520e-03
99                                    -8.1676279698108534e-03
100                                    3.2823619568779494e-04
101                                   -1.6722213290140328e-03
102                                   -1.2130505329341512e-02
103                                    7.3346133942584768e-03
104                                   -5.5830269916543745e-03
105                                   -7.4328801853427301e-03
106                                   -6.3473049922698893e-03
107                                   -7.3165595531123617e-03
108                                   -1.9029261780436069e-03
109                                   -1.9282515888433119e-02
110                                   -2.6402503839663555e-02
111                                   -1.5023982539491554e-04
112                                   -1.7717296314971515e-02
113                                    2.9402772126363996e-02
114                                   -5.3191856851144276e-03
115                                    2.2824474770397479e-02
116                                   -2.2924369527128119e-02
117                                   -2.6512525931156397e-03
118                                    1.2388649719354439e-02
119                                    3.1910177955829150e-02
120                                    6.3100639997939606e-03
121                                    1.0921326684492083e-03
122                                    2.0925967170790719e-03
123                                   -2.1350513744942123e-03
124                                    2.2791272009651808e-03
125                                   -3.7406801375328841e-04
126                                   -1.7346114992313755e-03
127                                   -2.5022087804891097e-03
128                                   -7.7133938111396960e-04
129                                    6.4305267387887435e-03
130                                   -3.8866478071400423e-04
131                                    1.9685603304967353e-03
   &Method [&Type "String"] "SCF"
   &Level [&Type "String"] "Relaxed density"
   &Mult [&Type "Integer"] 1
   &State [&Type "Integer"] 0
   &Irrep [&Type "Integer"] 0
$End
$Geometry
   &GeometryIndex 2
   &NAtoms [&Type "Integer"] 44
   &NCorelessECP [&Type "Integer"] 0
   &NGhostAtoms [&Type "Integer"] 0
   &CartesianCoordinates [&Type "Coordinates", &Dim(44,4), &Units "Bohr"] 
              C    -10.979716590584   -0.316929142120    3.108959038490
              C     -9.232922506596    0.526952034889    0.959263268546
              C     -9.236705177222   -1.374476123195   -1.235909663974
              C     -7.645257680302   -0.511353673765   -3.508789731705
              N     -4.960594713648   -0.333143925409   -2.903692122626
              C     -3.654624861678    1.846315235497   -2.328395716348
              O     -4.614823720200    3.992433972412   -2.302927196714
              C     -1.090181308199    1.204791023228   -1.741720575269
              C     -0.882186988324   -1.403559494847   -1.949393344352
              C     -3.320803029538   -2.340428760419   -2.661948963675
              O     -3.932767062069   -4.587213151328   -2.991617631611
              C      1.349210950658   -2.687574908268   -1.349537828001
              N      1.347848054483   -5.326775402016   -1.411694339233
              C      3.507709364306   -1.214762351191   -0.623718287878
              C      3.290755280052    1.503541608525   -0.406575468516
              C      0.918254140981    2.713528121305   -0.918415976911
              N      0.500260742452    5.295779321698   -0.563401929508
              C      5.518159618158    2.976182716278    0.252626626412
              O      5.452705751281    5.339609827379    0.317123740270
              C      7.879658249734    1.737986455265    0.809020072556
              C      8.091182509928   -0.911645790467    0.597241306647
              C      5.947571981132   -2.403118972774   -0.177289366318
              O      6.256384489461   -4.727460071859   -0.487570106841
              C     10.421946883941   -2.080951655265    1.119272966324
              C     12.505378108472   -0.645934691826    1.845689160645
              C     12.295924394478    1.977805113034    2.055386558800
              C     10.003343846837    3.162869141320    1.538386366990
              H    -10.377142681228   -2.163714099207    3.861980032475
              H    -10.926629624659    1.070751623418    4.660854940775
              H    -12.946200843351   -0.472881024871    2.439035805366
              H     -9.857835707620    2.392624735653    0.269550757904
              H     -7.302079080996    0.731954434142    1.715320324791
              H     -8.529440875773   -3.217704815288   -0.567812216963
              H    -11.197842320477   -1.650820779942   -1.893101687964
              H     -8.313232602275    1.332832404230   -4.197992298545
              H     -7.871105571112   -1.880121179319   -5.060811720869
              H      0.334597775830   -6.265973503831   -2.748609873785
              H      2.099296749892   -6.349313276827    0.028934063327
              H     -0.664220586099    6.262811872674   -1.748653175724
              H      1.098385153042    6.183341910690    1.030371776375
              H     10.624655818648   -4.112896867050    0.966658710137
              H     14.292090060876   -1.568625012446    2.246822835624
              H     13.919729184815    3.095607042538    2.619603658464
              H      9.881264384698    5.199660079355    1.710963239205
$End
$SCF_Energy
   &GeometryIndex 2
   &Method [&Type "String"] "SCF"
   &totalEnergy [&Type "ArrayOfDoubles", &Dim (1,1)] "Total energy of each state"
                                                         0

0                                     -1.2368254263008112e+03
   &Mult [&Type "ArrayOfIntegers", &Dim (1,1)] "Multiplicity of each state"
                                                         0

0                                                        1
$End
$DFT_Energy
   &GeometryIndex 2
   &nAlphaEl [&Type "Integer"] 95
   &nBetaEl [&Type "Integer"] 95
   &nTotalEl [&Type "Integer"] 190
   &finalEn [&Type "Double"]      -1.2368254263008112e+03  "No Van der Waals correction"
   &eExchange [&Type "Double"]      -1.2931075874452011e+02
   &eCorr [&Type "Double"]      -7.7101257713903362e+00
   &eXC [&Type "Double"]      -1.3702088451591044e+02
   &eCNL [&Type "Double"]       0.0000000000000000e+00
$End
$SCF_Timings
   &GeometryIndex 2
   &TOTAL [&Type "Double"]       4.3018150000000006e+01
   &PREP [&Type "Double"]       7.0318700000000001e-01
   &FOCK [&Type "Double"]       3.9971913999999998e+01
   &DENS [&Type "Double"]       1.1713999999999203e-01
   &ETOT [&Type "Double"]       4.0508999999996576e-02
   &POP [&Type "Double"]       9.9999999747524271e-07
   &TRAFO [&Type "Double"]       1.2722799999999701e-01
   &DIIS [&Type "Double"]       4.4370599999999794e-01
   &SOSCF [&Type "Double"]       3.3683499999999711e-01
   &XC [&Type "Double"]       4.4141859999999946e+00
   &FOCKSTART [&Type "Double"]       1.8556000000001460e-02
   &INT_PREP [&Type "Double"]       3.9999999970063982e-06
   &INT_BF [&Type "Double"]       1.2457539999997991e+00
   &INT_DENS [&Type "Double"]       1.0944100000001775e+00
   &INT_DENSIO [&Type "Double"]       1.0642496545400021e+05
   &INT_FUNC [&Type "Double"]       1.3749500000001813e-01
   &INT_POT [&Type "Double"]       9.9159900000027434e-01
   &INT_POTIO [&Type "Double"]       3.5434999999893968e-02
   &INT_SUM [&Type "Double"]       6.1299999999420152e-04
   &SPLITRIJ [&Type "Double"]       5.4010280000000028e+00
   &COSX [&Type "Double"]       3.1811146999999991e+01
$End
$Single_Point_Data
   &GeometryIndex 2
   &FinalEnergy [&Type "Double"]      -1.2368254263008112e+03  "Final single point energy"
   &Converged [&Type "Boolean"] true
$End
$SCF_Nuc_Gradient
   &GeometryIndex 2
   &NAtoms [&Type "Integer"] 44
   &gradNorm [&Type "Double"]       1.6961519939381120e-01
   &grad [&Type "ArrayOfDoubles", &Dim (132,1)] 
                                                         0

0                                     -4.5460688399664648e-04
1                                     -1.8546240259824966e-03
2                                     -2.1721229396810537e-03
3                                      2.5224337220811285e-03
4                                      1.6305679483128027e-03
5                                     -1.0824479463726194e-03
6                                     -5.3910938027180999e-04
7                                     -2.6035711876292236e-03
8                                     -1.9515545696329739e-03
9                                      7.4824621461132279e-03
10                                     6.6971952723970558e-03
11                                     3.7494150612430999e-03
12                                     1.7229662648832744e-03
13                                    -3.1828830196798941e-03
14                                     2.0275222628991507e-03
15                                     3.9655112448066715e-02
16                                    -6.3724989281364997e-02
17                                     1.2873231221736045e-03
18                                    -8.3553723270638480e-03
19                                     2.1007222368889966e-02
20                                     3.3656159877052567e-03
21                                    -3.1342628024930680e-02
22                                     1.6094642417657651e-02
23                                     1.5711714791718165e-03
24                                    -2.8460077469770494e-02
25                                    -2.0832572274508410e-02
26                                    -1.4741196600747616e-03
27                                     2.9091292291214266e-02
28                                     6.7617185660690526e-02
29                                     1.2138171723091548e-02
30                                    -4.5351594452651967e-03
31                                    -2.2001372489909243e-02
32                                    -2.9484340187341251e-04
33                                    -4.7851644572041649e-03
34                                     3.3427338897597816e-02
35                                    -3.2130186483414237e-03
36                                    -8.4869628304497235e-04
37                                    -1.0345459968398661e-02
38                                     1.9587103225594121e-03
39                                     2.4074456540764511e-02
40                                    -2.3880314380109235e-02
41                                    -2.3847236996155236e-03
42                                     2.0000907273802757e-02
43                                     2.7465907877004814e-02
44                                     1.6867756232424036e-03
45                                     5.0247555712815140e-04
46                                    -3.2854659567152084e-02
47                                    -8.4667684569048156e-03
48                                    -2.4822951567880606e-03
49                                     9.6627962039020285e-03
50                                     3.5774960430498895e-03
51                                     8.6878068264720915e-03
52                                    -4.9699951557337418e-02
53                                     6.3043187254371164e-04
54                                     1.1933943451178288e-03
55                                     1.5965204116063836e-02
56                                    -4.2592829335744258e-03
57                                    -2.6730018265432254e-02
58                                     1.7347277462634821e-02
59                                    -4.0030108262478215e-03
60                                    -2.3732191637350866e-02
61                                    -2.0492021688061482e-02
62                                    -7.0239652541860889e-03
63                                     7.5443454809619170e-04
64                                     4.9706234983272535e-02
65                                     8.5654525487503241e-03
66                                     3.6385246130361815e-03
67                                    -1.4709015205622511e-02
68                                    -6.7187555260338760e-03
69                                    -2.7677996044792944e-03
70                                    -1.9876818404243601e-04
71                                    -1.3435531645471961e-03
72                                     2.9766894779038461e-03
73                                     8.5071159728919432e-04
74                                     8.8904604241164462e-04
75                                     3.0891162247988213e-03
76                                    -5.0154587672988915e-04
77                                     7.8217403421708409e-04
78                                    -2.7931545715621509e-03
79                                    -3.0968345498011418e-05
80                                    -1.3243458650330012e-03
81                                     3.0314470787953032e-03
82                                    -2.9496834835019137e-03
83                                     4.1432896022436383e-04
84                                     1.6405101409059731e-03
85                                     3.8395026987483177e-03
86                                     1.5627495066739272e-03
87                                    -2.9586294565178695e-03
88                                     9.7446242470322977e-04
89                                    -2.8371931165438041e-03
90                                    -4.1784585010637074e-03
91                                     2.2799942212524682e-03
92                                    -9.3035038001414161e-04
93                                     2.8735272293822223e-03
94                                    -2.2825579331930829e-03
95                                     2.9768602910139608e-03
96                                     2.4447604327391265e-03
97                                    -2.3589335965449876e-03
98                                     2.6870800130711844e-03
99                                    -3.6493861003205064e-03
100                                    8.1950203750966871e-04
101                                   -2.5855670660458047e-04
102                                   -6.9378552116516751e-03
103                                    1.7150075476431437e-03
104                                   -2.8323733781125682e-03
105                                   -3.7149865021114149e-03
106                                   -2.4221545028305924e-03
107                                   -3.0331482410254351e-03
108                                    6.7715522998777200e-03
109                                   -7.1606375186302057e-03
110                                   -1.2461171254229214e-02
111                                   -8.0589343724141588e-03
112                                   -5.4335397163500498e-03
113                                    1.2939515904102417e-02
114                                    5.4086531954652128e-03
115                                    9.9815745880940110e-03
116                                   -1.1106571941555038e-02
117                                   -8.6709582517097428e-03
118                                    1.9940762160739478e-03
119                                    1.3523998427819539e-02
120                                    4.8386888035238940e-03
121                                    7.9807416059243796e-04
122                                    1.6580796330137523e-03
123                                   -7.4841661195312881e-04
124                                    9.6609259475899378e-04
125                                   -1.1627604814134357e-04
126                                   -5.8481643340824174e-04
127                                   -1.0433646669512353e-03
128                                   -2.7520862070086471e-04
129                                    4.9275034215269485e-03
130                                   -2.7698281278548675e-04
131                                    1.5714436611400165e-03
   &Method [&Type "String"] "SCF"
   &Level [&Type "String"] "Relaxed density"
   &Mult [&Type "Integer"] 1
   &State [&Type "Integer"] 0
   &Irrep [&Type "Integer"] 0
$End
$Geometry
   &GeometryIndex 3
   &NAtoms [&Type "Integer"] 44
   &NCorelessECP [&Type "Integer"] 0
   &NGhostAtoms [&Type "Integer"] 0
   &CartesianCoordinates [&Type "Coordinates", &Dim(44,4), &Units "Bohr"] 
              C    -11.132928111925   -0.338818315624    3.078984348588
              C     -9.327129613973    0.509475682961    0.970816174321
              C     -9.285745323099   -1.361782092913   -1.250406187027
              C     -7.640441437014   -0.507904992843   -3.489974323571
              N     -4.965446936045   -0.330488279739   -2.870803343145
              C     -3.679634528031    1.902246920302   -2.298814073293
              O     -4.633564570245    4.013435542719   -2.306210281066
              C     -1.064946589757    1.211240262541   -1.696568645488
              C     -0.859008228712   -1.406773377925   -1.899998574558
              C     -3.341730270627   -2.394184957375   -2.633375073406
              O     -3.959810705206   -4.600885495475   -2.981223853665
              C      1.371580485886   -2.706674634034   -1.310909489795
              N      1.346635769011   -5.297705965754   -1.405788663457
              C      3.521674764188   -1.212092602620   -0.601810361868
              C      3.308069564128    1.502327628798   -0.390336522607
              C      0.943472074954    2.735666385660   -0.887103539015
              N      0.515401432752    5.274615363549   -0.581718982713
              C      5.567867624421    3.015607184448    0.265283578854
              O      5.512302208903    5.352990081735    0.352771466086
              C      7.974230551677    1.739465715229    0.805911856448
              C      8.182152322163   -0.902077151642    0.600104490024
              C      5.997040750999   -2.438218096892   -0.159679478281
              O      6.306479087797   -4.741077550010   -0.433812625874
              C     10.501749604389   -2.077965310081    1.107410066548
              C     12.590186391053   -0.644452272620    1.814931954249
              C     12.383071238332    1.986698367632    2.019876401337
              C     10.088709952021    3.169539491807    1.516183864871
              H    -10.579322622486   -2.192569248467    3.827930724994
              H    -11.111436932745    1.016913765684    4.647271767657
              H    -13.080410216057   -0.474041990483    2.377254909304
              H     -9.907252990943    2.381977193357    0.286825205262
              H     -7.419334771339    0.701619866056    1.764717844481
              H     -8.613880656549   -3.212278493001   -0.594443970221
              H    -11.223313188347   -1.620223866614   -1.956415523955
              H     -8.254543682159    1.341335514672   -4.182824582536
              H     -7.829068461442   -1.869300362366   -5.039652572991
              H      0.215257150143   -6.175102663381   -2.664260736062
              H      2.167491789850   -6.352356434938   -0.053872664880
              H     -0.752722122284    6.149638341409   -1.704100945411
              H      1.178021311664    6.222263915145    0.927131537732
              H     10.666555355936   -4.114246988283    0.949969282809
              H     14.379654082351   -1.571326247859    2.206805228286
              H     14.011190991149    3.109143914955    2.571369521299
              H      9.932877417425    5.206346252281    1.676040818533
$End
$SCF_Energy
   &GeometryIndex 3
   &Method [&Type "String"] "SCF"
   &totalEnergy [&Type "ArrayOfDoubles", &Dim (1,1)] "Total energy of each state"
                                                         0

0                                     -1.2368453738246546e+03
   &Mult [&Type "ArrayOfIntegers", &Dim (1,1)] "Multiplicity of each state"
                                                         0

0                                                        1
$End
$DFT_Energy
   &GeometryIndex 3
   &nAlphaEl [&Type "Integer"] 95
   &nBetaEl [&Type "Integer"] 95
   &nTotalEl [&Type "Integer"] 190
   &finalEn [&Type "Double"]      -1.2368453738246546e+03  "No Van der Waals correction"
   &eExchange [&Type "Double"]      -1.2931399936698537e+02
   &eCorr [&Type "Double"]      -7.7091667683326737e+00
   &eXC [&Type "Double"]      -1.3702316613531804e+02
   &eCNL [&Type "Double"]       0.0000000000000000e+00
$End
$SCF_Timings
   &GeometryIndex 3
   &TOTAL [&Type "Double"]       4.2322281999999994e+01
   &PREP [&Type "Double"]       7.0779500000000006e-01
   &FOCK [&Type "Double"]       3.9679776000000004e+01
   &DENS [&Type "Double"]       1.1591799999999353e-01
   &ETOT [&Type "Double"]       4.3274000000002033e-02
   &POP [&Type "Double"]       1.0000000045806701e-06
   &TRAFO [&Type "Double"]       1.2393500000000124e-01
   &DIIS [&Type "Double"]       4.3127399999999927e-01
   &SOSCF [&Type "Double"]       3.5887399999999303e-01
   &XC [&Type "Double"]       4.5371079999999955e+00
   &FOCKSTART [&Type "Double"]       1.5441999999994516e-02
   &INT_PREP [&Type "Double"]       7.9999999922364395e-06
   &INT_BF [&Type "Double"]       1.3107759999999002e+00
   &INT_DENS [&Type "Double"]       1.1334110000000068e+00
   &INT_DENSIO [&Type "Double"]       1.0473246632200020e+05
   &INT_FUNC [&Type "Double"]       1.4245199999990810e-01
   &INT_POT [&Type "Double"]       1.0161810000001061e+00
   &INT_POTIO [&Type "Double"]       3.6005000000066900e-02
   &INT_SUM [&Type "Double"]       1.0760000000074044e-03
   &SPLITRIJ [&Type "Double"]       5.5941100000000050e+00
   &COSX [&Type "Double"]       3.0808324000000002e+01
$End
$Single_Point_Data
   &GeometryIndex 3
   &FinalEnergy [&Type "Double"]      -1.2368453738246546e+03  "Final single point energy"
   &Converged [&Type "Boolean"] true
$End
$SCF_Nuc_Gradient
   &GeometryIndex 3
   &NAtoms [&Type "Integer"] 44
   &gradNorm [&Type "Double"]       6.9999751571961144e-02
   &grad [&Type "ArrayOfDoubles", &Dim (132,1)] 
                                                         0

0                                     -1.8971869613187489e-03
1                                     -1.7160707639372851e-03
2                                      6.7435382407463398e-04
3                                      3.3535018755954452e-03
4                                      2.9134434024676858e-03
5                                     -1.0459508057785449e-03
6                                     -1.6337294648469392e-03
7                                     -3.4664272327495013e-03
8                                     -1.7164529100064281e-03
9                                      4.9095200474275902e-03
10                                     4.7833221357021297e-03
11                                     1.4730099598899843e-03
12                                    -4.4196533895159151e-03
13                                    -2.1850842903735155e-03
14                                    -2.4105292541042600e-03
15                                     1.3444651536241331e-02
16                                    -1.8579792998198452e-02
17                                     6.5988806749863599e-04
18                                    -1.0815307086904369e-03
19                                     3.0391045416733320e-03
20                                     2.2448028894048594e-03
21                                    -1.2664593337811891e-02
22                                     1.5440209751012735e-02
23                                     5.2643899009244231e-03
24                                    -1.0133785902796122e-02
25                                    -1.7747371519625910e-02
26                                     2.6217084329516332e-03
27                                     1.0314150723153281e-02
28                                     2.0003067478633840e-02
29                                     3.9821392048160278e-03
30                                    -4.9604029890926160e-04
31                                    -3.5713908641966663e-03
32                                     1.5629564835363124e-03
33                                    -1.9970040162255315e-03
34                                     1.0744133513003629e-02
35                                    -2.7321813073408752e-03
36                                    -3.0700813216662862e-03
37                                    -7.1897390286010388e-04
38                                     3.6535162253293341e-03
39                                     9.4569598958333459e-03
40                                    -1.4879401034230369e-02
41                                    -4.4700288821130588e-03
42                                     7.0025696901035855e-03
43                                     1.6684394231893968e-02
44                                    -2.0312515350412209e-03
45                                    -3.2756693465583672e-04
46                                    -1.0383730955009864e-02
47                                    -4.3439691085041185e-03
48                                    -3.1179637888218564e-03
49                                    -3.5054889012142709e-04
50                                     3.6933458660181207e-03
51                                     3.7491267436055645e-03
52                                    -1.8801692841815987e-02
53                                     6.0221616010066800e-05
54                                     4.3655363721180826e-03
55                                     3.7051163738023307e-03
56                                    -3.5121620503347287e-03
57                                    -8.7003801400553915e-03
58                                     9.6309681186334262e-03
59                                     2.6002644802191818e-04
60                                    -7.1016571401078532e-03
61                                    -1.0780486453320956e-02
62                                    -1.3264469669382953e-03
63                                     7.7256123069302518e-04
64                                     1.8904865251888725e-02
65                                     2.9887315060664610e-03
66                                     4.8391161792043363e-03
67                                    -2.4002597128085501e-03
68                                    -3.9913777954237797e-03
69                                    -2.9216841264425378e-03
70                                     1.2167129589496783e-03
71                                    -1.0626028500566112e-03
72                                     9.6079511492383474e-04
73                                    -1.1624455253031740e-03
74                                     9.8932902066993511e-05
75                                     7.6691819697929930e-04
76                                     1.2723101253641345e-03
77                                     2.8801012992790698e-04
78                                    -2.7202334571743356e-03
79                                    -1.4815044395361798e-03
80                                    -1.2692141020072597e-03
81                                     1.2024475535165197e-03
82                                    -2.7959133223193211e-04
83                                    -8.7591137096165728e-05
84                                     7.3676690702680504e-04
85                                     1.0119924250886342e-03
86                                    -7.8748111401127918e-05
87                                    -2.9004042466079794e-04
88                                     7.6679986651657581e-04
89                                    -9.2066198934096649e-04
90                                    -2.1845383318677275e-03
91                                    -1.8996658659348187e-04
92                                    -1.9801095866320284e-04
93                                     9.3477743137893032e-05
94                                    -1.6789171973092699e-03
95                                     1.4140046314836535e-03
96                                     1.2882507658714612e-03
97                                     2.9145706876548827e-04
98                                     1.1216925326419172e-03
99                                    -8.6381753923234217e-04
100                                    9.5740716640697193e-04
101                                    4.4143487942693849e-04
102                                   -2.8636696023783270e-03
103                                   -7.5736538515627783e-04
104                                   -9.6861081124474668e-04
105                                   -1.0155047998290333e-03
106                                   -4.2421077853781186e-04
107                                   -3.6659786657239346e-04
108                                    9.6661114113374691e-03
109                                   -1.6719484397396400e-03
110                                   -7.6058489666800955e-03
111                                   -1.1172972085567126e-02
112                                   -7.2238765211424250e-04
113                                    6.4488578222748894e-03
114                                    9.2049941632921517e-03
115                                    4.3130593320168248e-03
116                                   -7.1634749865663316e-03
117                                   -1.1087039727965653e-02
118                                   -2.0181237829516585e-03
119                                    6.3410804784077013e-03
120                                    2.9560865503105438e-03
121                                    3.2313261460825693e-04
122                                    1.0590555308270765e-03
123                                   -1.6846483486049335e-04
124                                    1.4471729284730450e-04
125                                   -3.0078893785860650e-05
126                                   -1.4321448938314774e-04
127                                   -1.6298235967322772e-04
128                                   -5.2760272388541196e-05
129                                    2.9888101128245463e-03
130                                   -1.5538919358737413e-05
131                                    1.0323922701711771e-03
   &Method [&Type "String"] "SCF"
   &Level [&Type "String"] "Relaxed density"
   &Mult [&Type "Integer"] 1
   &State [&Type "Integer"] 0
   &Irrep [&Type "Integer"] 0
$End
$Geometry
   &GeometryIndex 4
   &NAtoms [&Type "Integer"] 44
   &NCorelessECP [&Type "Integer"] 0
   &NGhostAtoms [&Type "Integer"] 0
   &CartesianCoordinates [&Type "Coordinates", &Dim(44,4), &Units "Bohr"] 
              C    -11.260810700511   -0.342369371501    3.019648125189
              C     -9.402141130941    0.501082037192    0.955149601667
              C     -9.318994598917   -1.350903849155   -1.279284387971
              C     -7.618148465994   -0.507749514718   -3.479936922020
              N     -4.950019390060   -0.333676107761   -2.820626632403
              C     -3.681787337246    1.926484744150   -2.245585299937
              O     -4.629889728548    4.027168630282   -2.296515978556
              C     -1.044065211409    1.202217541965   -1.618009310714
              C     -0.838754211170   -1.408592476645   -1.820647471183
              C     -3.339614296061   -2.427170275339   -2.584712307398
              O     -3.955535727027   -4.615777674308   -2.972296724282
              C      1.391565566483   -2.726805611207   -1.247123792398
              N      1.352548984291   -5.306283429954   -1.399509869462
              C      3.536138089076   -1.211424691765   -0.556336032159
              C      3.323336660094    1.494910401148   -0.346024772638
              C      0.961356382195    2.746769862647   -0.821698637021
              N      0.520908506783    5.281232552731   -0.575341497037
              C      5.597549702905    3.038080036530    0.298606065353
              O      5.537353781205    5.361854079220    0.426745948643
              C      8.036352592417    1.739778765423    0.794855187531
              C      8.243418373264   -0.893450854056    0.590376040771
              C      6.030003973039   -2.463007800455   -0.128752393098
              O      6.332754307413   -4.759741801308   -0.359590523297
              C     10.563443763328   -2.072614725358    1.071100753510
              C     12.659742152081   -0.636128475729    1.749033723675
              C     12.452676482637    1.997187348631    1.953392104941
              C     10.150645106376    3.177246068694    1.478606752838
              H    -10.750303061237   -2.205892830441    3.768886267973
              H    -11.267996911240    0.994282583029    4.601067431617
              H    -13.193888138078   -0.459755630723    2.282183856351
              H     -9.938624168094    2.383800945168    0.269749244319
              H     -7.510774032978    0.682283292045    1.785211749870
              H     -8.684097753628   -3.213620910697   -0.627619803693
              H    -11.236470255671   -1.593490015322   -2.037409266434
              H     -8.185620901080    1.352547193355   -4.177229423207
              H     -7.775358796107   -1.863450820442   -5.034638638958
              H      0.010253337262   -6.125106798435   -2.476783917602
              H      2.310555313941   -6.407767128026   -0.185718679535
              H     -0.944668467731    6.038428569294   -1.529909572378
              H      1.310500080922    6.317146624191    0.805845606805
              H     10.698849029248   -4.111335127066    0.908319640938
              H     14.455208666955   -1.561806609950    2.120198823485
              H     14.086813227120    3.122637422434    2.483715563397
              H      9.965589166899    5.212783832233    1.632095391307
$End
$SCF_Energy
   &GeometryIndex 4
   &Method [&Type "String"] "SCF"
   &totalEnergy [&Type "ArrayOfDoubles", &Dim (1,1)] "Total energy of each state"
                                                         0

0                                     -1.2368589302307639e+03
   &Mult [&Type "ArrayOfIntegers", &Dim (1,1)] "Multiplicity of each state"
                                                         0

0                                                        1
$End
$DFT_Energy
   &GeometryIndex 4
   &nAlphaEl [&Type "Integer"] 95
   &nBetaEl [&Type "Integer"] 95
   &nTotalEl [&Type "Integer"] 190
   &finalEn [&Type "Double"]      -1.2368589302307639e+03  "No Van der Waals correction"
   &eExchange [&Type "Double"]      -1.2929704631451298e+02
   &eCorr [&Type "Double"]      -7.7078660876458436e+00
   &eXC [&Type "Double"]      -1.3700491240215882e+02
   &eCNL [&Type "Double"]       0.0000000000000000e+00
$End
$SCF_Timings
   &GeometryIndex 4
   &TOTAL [&Type "Double"]       4.6013552000000004e+01
   &PREP [&Type "Double"]       6.9927500000000009e-01
   &FOCK [&Type "Double"]       4.2990783000000008e+01
   &DENS [&Type "Double"]       1.2600599999999673e-01
   &ETOT [&Type "Double"]       4.6072000000004998e-02
   &POP [&Type "Double"]       1.0000000045806701e-06
   &TRAFO [&Type "Double"]       1.3939900000000272e-01
   &DIIS [&Type "Double"]       4.5817500000000067e-01
   &SOSCF [&Type "Double"]       3.9379399999999709e-01
   &XC [&Type "Double"]       4.6666049999999863e+00
   &FOCKSTART [&Type "Double"]       1.8034999999998691e-02
   &INT_PREP [&Type "Double"]       7.0000000000902673e-06
   &INT_BF [&Type "Double"]       1.2808759999999211e+00
   &INT_DENS [&Type "Double"]       1.1633340000000434e+00
   &INT_DENSIO [&Type "Double"]       1.2350985856600029e+05
   &INT_FUNC [&Type "Double"]       1.4149300000017817e-01
   &INT_POT [&Type "Double"]       1.0392590000000883e+00
   &INT_POTIO [&Type "Double"]       3.7126000000011317e-02
   &INT_SUM [&Type "Double"]       1.2310000000015364e-03
   &SPLITRIJ [&Type "Double"]       5.7479539999999938e+00
   &COSX [&Type "Double"]       3.4113513999999995e+01
$End
$Single_Point_Data
   &GeometryIndex 4
   &FinalEnergy [&Type "Double"]      -1.2368589302307639e+03  "Final single point energy"
   &Converged [&Type "Boolean"] true
$End
$SCF_Nuc_Gradient
   &GeometryIndex 4
   &NAtoms [&Type "Integer"] 44
   &gradNorm [&Type "Double"]       3.4637415235118610e-02
   &grad [&Type "ArrayOfDoubles", &Dim (132,1)] 
                                                         0

0                                     -1.6686940322927293e-03
1                                     -1.1008197033731057e-03
2                                      1.0470610074751197e-03
3                                      2.5663187427706832e-03
4                                      2.2426497340965537e-03
5                                     -7.2834320306867581e-04
6                                     -1.7066152698650694e-03
7                                     -2.5325522995536601e-03
8                                     -1.2237805475154174e-03
9                                      2.6474385348235936e-03
10                                     2.4343835604317965e-03
11                                     1.2053821201126191e-03
12                                    -3.1849896789545307e-03
13                                    -8.7503227567732600e-04
14                                    -3.8108339683688291e-03
15                                     2.0115033304665686e-04
16                                     3.0705466685470306e-03
17                                     1.0319112070778583e-03
18                                     1.1515683741232796e-03
19                                    -3.3856575043558768e-03
20                                     9.9482138333655684e-04
21                                    -2.4012002317104000e-03
22                                     7.7332728942913764e-03
23                                     4.9336461890596012e-03
24                                    -1.1910692199761999e-03
25                                    -8.5902736630111276e-03
26                                     3.6585665300185935e-03
27                                     5.6728612650021326e-04
28                                    -3.0553625670588502e-03
29                                     6.6309674865181606e-04
30                                     6.1894842190735044e-04
31                                     3.1899187348389813e-03
32                                     1.4191676223921368e-03
33                                    -8.7323250662502822e-04
34                                     5.1184902610938166e-03
35                                    -1.4739480585945174e-03
36                                    -3.1705290321528967e-03
37                                    -3.4565183527747456e-04
38                                     3.8645078850435832e-03
39                                     1.5008253730842136e-03
40                                    -5.3550822169664281e-03
41                                    -4.3719978709528678e-03
42                                     6.1056276484167116e-04
43                                     6.1299252501842427e-03
44                                    -3.4973159948944073e-03
45                                    -7.9098670446198227e-05
46                                    -4.9558748797161808e-03
47                                    -2.2584091853842386e-03
48                                    -3.1660580479187378e-03
49                                    -7.3574117436103759e-04
50                                     3.8374368939895487e-03
51                                     1.1076443421457714e-03
52                                    -9.1200955263004424e-04
53                                    -3.0003918571831767e-04
54                                     6.6351296912871595e-03
55                                    -2.4859256453765299e-03
56                                    -2.8798703856773439e-03
57                                    -6.8045965184726498e-07
58                                     2.9916180425152011e-03
59                                     1.6685440287167314e-03
60                                     4.8439209986791965e-04
61                                    -3.1666334235589538e-03
62                                     1.1897013629287440e-03
63                                     9.3830426870377542e-04
64                                     1.0928929581114355e-03
65                                    -1.4675696693374624e-04
66                                     6.1270132442540620e-03
67                                     3.9013446306734867e-03
68                                    -2.3746204409439003e-03
69                                    -2.5169008467386816e-03
70                                     1.0332305468415126e-03
71                                    -6.4059004260239374e-04
72                                     3.8269374348495755e-04
73                                    -9.8064116175975574e-04
74                                    -4.4307205325541665e-05
75                                     2.2113668093075300e-04
76                                     1.0291758213395036e-03
77                                     1.0978421874389618e-04
78                                    -2.3412153589338416e-03
79                                    -1.3032882946870245e-03
80                                    -8.1858612897321020e-04
81                                     3.2952132981328708e-04
82                                     3.9228924140372046e-04
83                                    -1.0319369422559510e-04
84                                     2.4647982468290267e-04
85                                     3.5254559399872099e-05
86                                    -3.3779864694449824e-04
87                                     3.3940993874564951e-04
88                                     4.2876796455144917e-04
89                                    -8.3096417110996301e-05
90                                    -9.5984321925256244e-04
91                                    -6.8269213941446472e-04
92                                    -3.6219497291239966e-06
93                                    -6.0518747221846581e-04
94                                    -9.5126838535737959e-04
95                                     5.8995782260928831e-04
96                                     8.0234224697432743e-04
97                                     8.2824961212044079e-04
98                                     3.4327501466908938e-04
99                                     4.9811217923106943e-05
100                                    6.9637753114044215e-04
101                                    4.8400079416620334e-04
102                                   -7.5729457996523419e-04
103                                   -7.9016595924907840e-04
104                                   -2.1931660010901521e-04
105                                   -4.1850677733611813e-05
106                                   -7.5773366477016602e-05
107                                    3.0829431733153667e-04
108                                    8.3390788644338021e-03
109                                   -1.0012256974973599e-03
110                                   -6.5888807602685062e-03
111                                   -1.0998294578866558e-02
112                                   -1.5727622758756332e-03
113                                    4.8578533653479139e-03
114                                    8.0238696738233195e-03
115                                    3.2901501217398044e-03
116                                   -6.2595950944104028e-03
117                                   -1.1057433269253583e-02
118                                   -9.2707378591652678e-04
119                                    4.8996494453965866e-03
120                                    1.4299344574355000e-03
121                                    5.8490517758913452e-05
122                                    5.2564292617011954e-04
123                                   -4.6464449759975324e-06
124                                   -1.5652036060793961e-04
125                                   -1.0259373035573227e-05
126                                   -2.9895956453251937e-05
127                                    1.5385773930474966e-04
128                                    1.4829085503126338e-05
129                                    1.4338691788772853e-03
130                                    8.7141758565223437e-05
131                                    5.2803168948745496e-04
   &Method [&Type "String"] "SCF"
   &Level [&Type "String"] "Relaxed density"
   &Mult [&Type "Integer"] 1
   &State [&Type "Integer"] 0
   &Irrep [&Type "Integer"] 0
$End
$Geometry
   &GeometryIndex 5
   &NAtoms [&Type "Integer"] 44
   &NCorelessECP [&Type "Integer"] 0
   &NGhostAtoms [&Type "Integer"] 0
   &CartesianCoordinates [&Type "Coordinates", &Dim(44,4), &Units "Bohr"] 
              C    -11.338239409650   -0.336705412062    2.970572286784
              C     -9.448157481188    0.498997600124    0.936171156548
              C     -9.338202202422   -1.342615830941   -1.302523516948
              C     -7.597630267605   -0.510383827445   -3.473009226099
              N     -4.933675523447   -0.340083236108   -2.771978576708
              C     -3.673717508605    1.929948238704   -2.200918967569
              O     -4.614625151091    4.033478677557   -2.289158076814
              C     -1.029191030545    1.188165443287   -1.546777712444
              C     -0.823560368508   -1.409500253687   -1.750129929061
              C     -3.328088802054   -2.442797792244   -2.544234235004
              O     -3.935887022534   -4.627073147726   -2.970345739017
              C      1.412372660027   -2.741163864760   -1.206738437415
              N      1.378137752057   -5.304946061123   -1.442100445890
              C      3.545646412527   -1.209507811163   -0.522698357725
              C      3.332405837698    1.485618888952   -0.311468002451
              C      0.977890753176    2.752411053399   -0.776208469923
              N      0.541179750632    5.284413143519   -0.610989215923
              C      5.598254715900    3.046668059688    0.345268271291
              O      5.508513404099    5.363181176486    0.540271918254
              C      8.060761181709    1.739589995132    0.788219020023
              C      8.268658561931   -0.888989673584    0.582498991418
              C      6.035290120758   -2.480022951705   -0.087649067309
              O      6.310548343531   -4.784074011244   -0.254710485648
              C     10.593192903337   -2.069728588902    1.040962194775
              C     12.694931718690   -0.628245770036    1.692106936450
              C     12.486719071759    2.005220770110    1.897963162136
              C     10.177815283606    3.183746860143    1.451800944855
              H    -10.856508439955   -2.207768629464    3.720728002368
              H    -11.364229063712    0.989740624009    4.560118611306
              H    -13.262993399509   -0.443846199038    2.209412419856
              H     -9.951845240279    2.390330391541    0.247827448741
              H     -7.564741899468    0.674779078989    1.787109046820
              H     -8.734920801348   -3.217171763351   -0.652749279608
              H    -11.241178492543   -1.573641009713   -2.100521684717
              H     -8.130607204387    1.359860083485   -4.172777952550
              H     -7.732496833630   -1.861630030519   -5.032883334446
              H     -0.202948750418   -6.074892220819   -2.190253487860
              H      2.525049495616   -6.438061799771   -0.440802044932
              H     -1.149646325141    5.905153480359   -1.249734579910
              H      1.508954961640    6.412716153760    0.568978921988
              H     10.705906387450   -4.109848256408    0.875302748639
              H     14.496367832887   -1.550000863973    2.044460086148
              H     14.126196924003    3.131482531749    2.410355684968
              H      9.968297107211    5.217196754795    1.604718999400
$End
$SCF_Energy
   &GeometryIndex 5
   &Method [&Type "String"] "SCF"
   &totalEnergy [&Type "ArrayOfDoubles", &Dim (1,1)] "Total energy of each state"
                                                         0

0                                     -1.2368727322659681e+03
   &Mult [&Type "ArrayOfIntegers", &Dim (1,1)] "Multiplicity of each state"
                                                         0

0                                                        1
$End
$DFT_Energy
   &GeometryIndex 5
   &nAlphaEl [&Type "Integer"] 95
   &nBetaEl [&Type "Integer"] 95
   &nTotalEl [&Type "Integer"] 190
   &finalEn [&Type "Double"]      -1.2368727322659681e+03  "No Van der Waals correction"
   &eExchange [&Type "Double"]      -1.2928980935040136e+02
   &eCorr [&Type "Double"]      -7.7081017314048754e+00
   &eXC [&Type "Double"]      -1.3699791108180622e+02
   &eCNL [&Type "Double"]       0.0000000000000000e+00
$End
$SCF_Timings
   &GeometryIndex 5
   &TOTAL [&Type "Double"]       4.4361871000000001e+01
   &PREP [&Type "Double"]       7.1015899999999998e-01
   &FOCK [&Type "Double"]       4.1123254000000003e+01
   &DENS [&Type "Double"]       1.3465099999999808e-01
   &ETOT [&Type "Double"]       4.3320999999997056e-02
   &TRAFO [&Type "Double"]       1.2994600000000389e-01
   &DIIS [&Type "Double"]       4.3365700000000196e-01
   &SOSCF [&Type "Double"]       3.9661499999999883e-01
   &XC [&Type "Double"]       4.6801730000000017e+00
   &FOCKSTART [&Type "Double"]       1.5763000000004079e-02
   &INT_PREP [&Type "Double"]       5.9999999972859541e-06
   &INT_BF [&Type "Double"]       1.3111759999999260e+00
   &INT_DENS [&Type "Double"]       1.1445840000000063e+00
   &INT_DENSIO [&Type "Double"]       1.1685402657400029e+05
   &INT_FUNC [&Type "Double"]       1.4719700000004998e-01
   &INT_POT [&Type "Double"]       9.8557200000000478e-01
   &INT_POTIO [&Type "Double"]       3.7773999999935803e-02
   &INT_SUM [&Type "Double"]       5.9900000001000819e-04
   &SPLITRIJ [&Type "Double"]       5.2018240000000002e+00
   &COSX [&Type "Double"]       3.2999443000000007e+01
$End
$Single_Point_Data
   &GeometryIndex 5
   &FinalEnergy [&Type "Double"]      -1.2368727322659681e+03  "Final single point energy"
   &Converged [&Type "Boolean"] true
$End
$SCF_Nuc_Gradient
   &GeometryIndex 5
   &NAtoms [&Type "Integer"] 44
   &gradNorm [&Type "Double"]       3.2558412098384344e-02
   &grad [&Type "ArrayOfDoubles", &Dim (132,1)] 
                                                         0

0                                     -6.6098140066150543e-04
1                                     -3.0174125085431075e-04
2                                      4.2873232646831877e-04
3                                      1.0262606625618814e-03
4                                      8.2092048697325615e-04
5                                     -2.9798572616907687e-04
6                                     -1.1164786247193359e-03
7                                     -9.7797458578061103e-04
8                                     -4.7109859940512588e-04
9                                      3.9617737053893737e-04
10                                     4.2209620088013745e-04
11                                     1.0683982551163845e-03
12                                    -3.7638776967945098e-04
13                                     1.0124939282077361e-04
14                                    -3.0030337932938217e-03
15                                    -5.1878870708813862e-03
16                                     1.0030034977397934e-02
17                                     1.1200647120025234e-03
18                                     6.8452900884027890e-04
19                                    -3.1043727922230868e-03
20                                    -5.8882358476761848e-04
21                                     3.7708845569830243e-03
22                                    -2.8061346972635404e-04
23                                     3.2936025468775047e-03
24                                     3.7024850261943229e-03
25                                     3.7109819057873361e-04
26                                     3.3676465733830027e-03
27                                    -3.6540166969448173e-03
28                                    -1.0640335588154859e-02
29                                    -5.7129624515801780e-04
30                                     1.7533053184945468e-04
31                                     3.1731812860513742e-03
32                                    -1.2476918700482509e-04
33                                    -7.8324859593343829e-04
34                                     1.5949880333052183e-03
35                                     1.6755602867228603e-06
36                                     1.1312884190184738e-03
37                                     1.1802866302005610e-03
38                                     3.0197370297297826e-03
39                                    -3.5277438699313907e-03
40                                     2.3284429053408995e-03
41                                    -3.1586759680324560e-03
42                                    -3.1692322119239585e-03
43                                    -2.3336904692908417e-03
44                                    -3.5281912526921450e-03
45                                    -5.0959722723262213e-04
46                                    -1.7190300793588353e-03
47                                    -2.7798723531334557e-04
48                                     1.3269795159838345e-03
49                                    -1.4674873111775594e-03
50                                     2.7971850714747643e-03
51                                    -1.2971934884193487e-04
52                                     8.2264353608099139e-03
53                                    -3.4503650029936439e-04
54                                     6.4117244604664989e-03
55                                    -4.3270852042778252e-03
56                                    -1.9811914903090644e-03
57                                     3.8419503360723195e-03
58                                    -2.2499400493103047e-03
59                                     1.3473237767858623e-03
60                                     3.4716705106528495e-03
61                                     2.5868338018579795e-03
62                                     1.7177186735250760e-03
63                                     1.1388487000178332e-03
64                                    -7.9870102157506562e-03
65                                    -1.6110757629034696e-03
66                                     5.6135733674850252e-03
67                                     5.5432601293401440e-03
68                                    -1.1943269215905494e-03
69                                    -1.2875613679306439e-03
70                                     4.4721620376844684e-05
71                                     1.0337978686968292e-05
72                                     1.9677597293420168e-04
73                                    -1.5299685369651178e-04
74                                    -6.2532742429073640e-06
75                                     1.7208720433659064e-04
76                                     1.8294409918732935e-04
77                                     1.8973675649736066e-05
78                                    -1.2696158768948258e-03
79                                    -2.4541421474967573e-04
80                                    -1.1386209766692246e-05
81                                    -1.0687958606728221e-04
82                                     3.1689125628392434e-04
83                                    -1.4244592555417990e-05
84                                    -2.7529969159431622e-05
85                                    -2.2889295685916966e-04
86                                    -1.6985201780211900e-04
87                                     2.4546040409242909e-04
88                                     1.0726661896999848e-04
89                                     2.1155343063676557e-04
90                                    -1.1850809611158031e-04
91                                    -4.0380131507544714e-04
92                                     1.2852995043818871e-05
93                                    -4.3400322778708311e-04
94                                    -2.6696395360157124e-04
95                                     1.3764629547072249e-04
96                                     5.0024663372771200e-04
97                                     5.2385934440257742e-04
98                                    -5.6792154117066285e-05
99                                     2.4569009330055458e-04
100                                    2.9038856771188698e-04
101                                    2.0027923653166690e-04
102                                    2.8105634857832074e-04
103                                   -2.4307520482361178e-04
104                                    9.4482359539321825e-05
105                                    1.3581846681073526e-04
106                                   -1.1133209532460109e-04
107                                    3.7214996648127219e-04
108                                    4.2983739125408427e-03
109                                   -4.6029348899931377e-04
110                                   -4.1189555651070242e-03
111                                   -1.0284843967374613e-02
112                                   -3.2188443355082585e-03
113                                    2.8514927186752553e-03
114                                    4.1272966075757145e-03
115                                    1.7908819472572945e-03
116                                   -3.9479396910592351e-03
117                                   -1.0642487216002333e-02
118                                    1.0703041496712418e-03
119                                    3.2014580392048519e-03
120                                    2.1686962629855096e-04
121                                   -3.3711078674114603e-06
122                                    9.0999233143547464e-05
123                                   -4.2933746958739860e-06
124                                   -2.1769683720963828e-04
125                                   -6.0861369540338162e-06
126                                   -3.8459140254742952e-05
127                                    2.1274175851859756e-04
128                                    2.8253510806264259e-05
129                                    2.1809683906280110e-04
130                                    2.3136597957995608e-05
131                                    9.2437903454306927e-05
   &Method [&Type "String"] "SCF"
   &Level [&Type "String"] "Relaxed density"
   &Mult [&Type "Integer"] 1
   &State [&Type "Integer"] 0
   &Irrep [&Type "Integer"] 0
$End
$Geometry
   &GeometryIndex 6
   &NAtoms [&Type "Integer"] 44
   &NCorelessECP [&Type "Integer"] 0
   &NGhostAtoms [&Type "Integer"] 0
   &CartesianCoordinates [&Type "Coordinates", &Dim(44,4), &Units "Bohr"] 
              C    -11.323622715788   -0.336579166794    2.999288004261
              C     -9.446259869135    0.497478498495    0.956964036845
              C     -9.345145269018   -1.341439480974   -1.282216501015
              C     -7.606753374048   -0.514642471797   -3.454378576985
              N     -4.939745572421   -0.344932047778   -2.748761730786
              C     -3.674067675536    1.921649257224   -2.197834355590
              O     -4.612249629081    4.031550960588   -2.283080372707
              C     -1.030105526777    1.183780443156   -1.549352967522
              C     -0.824308487620   -1.408360566538   -1.751670262583
              C     -3.328478561066   -2.439860547147   -2.538923214403
              O     -3.932265069984   -4.630762705804   -2.960620193187
              C      1.427925784683   -2.742571546038   -1.253765346417
              N      1.444133948538   -5.287575919323   -1.583758011097
              C      3.538237487763   -1.204461611655   -0.539375478596
              C      3.325227170404    1.481217190046   -0.329649464358
              C      0.991486048140    2.761498533868   -0.823912807675
              N      0.605371492048    5.297676275899   -0.756545800946
              C      5.556925336602    3.039697234969    0.386091086436
              O      5.420253287104    5.353437423765    0.649724594449
              C      8.025042320000    1.736708457921    0.812568077375
              C      8.233569074419   -0.894390725265    0.607534189871
              C      5.994869111806   -2.485941881008   -0.045155171347
              O      6.225020869327   -4.805240643848   -0.143418684633
              C     10.558223591791   -2.076169773179    1.072431801457
              C     12.658054983052   -0.631914267314    1.723049232738
              C     12.449437548362    2.001572473319    1.927947994515
              C     10.141655367766    3.182008093880    1.481790371248
              H    -10.840577290506   -2.209281107965    3.745951443903
              H    -11.343733470955    0.987590453107    4.591107236431
              H    -13.252922452595   -0.445996437688    2.248613709674
              H     -9.945513254488    2.391744254779    0.271165521338
              H     -7.556013760041    0.676258285042    1.794164613981
              H     -8.753387842732   -3.222278229650   -0.637685013817
              H    -11.248715752391   -1.568521636044   -2.081747408281
              H     -8.131587807552    1.359560017802   -4.150740252169
              H     -7.741862812463   -1.862977535184   -5.016320995948
              H     -0.237767664129   -6.081893068658   -2.049318656512
              H      2.796868595063   -6.395579804259   -0.836936008027
              H     -1.185727304542    5.881151655819   -1.113891665335
              H      1.777114762285    6.474841465782    0.169087787066
              H     10.660408465534   -4.117132576965    0.908795000357
              H     14.460255394457   -1.550829791913    2.078615260150
              H     14.089778853875    3.125556258746    2.442376917787
              H      9.920951632056    5.214356308582    1.635278086852
$End
$SCF_Energy
   &GeometryIndex 6
   &Method [&Type "String"] "SCF"
   &totalEnergy [&Type "ArrayOfDoubles", &Dim (1,1)] "Total energy of each state"
                                                         0

0                                     -1.2368816370766754e+03
   &Mult [&Type "ArrayOfIntegers", &Dim (1,1)] "Multiplicity of each state"
                                                         0

0                                                        1
$End
$DFT_Energy
   &GeometryIndex 6
   &nAlphaEl [&Type "Integer"] 95
   &nBetaEl [&Type "Integer"] 95
   &nTotalEl [&Type "Integer"] 190
   &finalEn [&Type "Double"]      -1.2368816370766754e+03  "No Van der Waals correction"
   &eExchange [&Type "Double"]      -1.2929626129275772e+02
   &eCorr [&Type "Double"]      -7.7095930103615427e+00
   &eXC [&Type "Double"]      -1.3700585430311926e+02
   &eCNL [&Type "Double"]       0.0000000000000000e+00
$End
$SCF_Timings
   &GeometryIndex 6
   &TOTAL [&Type "Double"]       4.9244557000000000e+01
   &PREP [&Type "Double"]       7.0713599999999999e-01
   &FOCK [&Type "Double"]       4.6140694000000003e+01
   &DENS [&Type "Double"]       1.3244899999999404e-01
   &ETOT [&Type "Double"]       4.4925999999996691e-02
   &TRAFO [&Type "Double"]       1.2383000000000433e-01
   &DIIS [&Type "Double"]       4.3399800000000166e-01
   &SOSCF [&Type "Double"]       3.9213500000000501e-01
   &XC [&Type "Double"]       4.7022720000000016e+00
   &FOCKSTART [&Type "Double"]       1.8017000000004280e-02
   &INT_PREP [&Type "Double"]       7.0000000089720515e-06
   &INT_BF [&Type "Double"]       1.3617790000003476e+00
   &INT_DENS [&Type "Double"]       1.1891069999997068e+00
   &INT_DENSIO [&Type "Double"]       1.2219286585200024e+05
   &INT_FUNC [&Type "Double"]       1.4901400000016896e-01
   &INT_POT [&Type "Double"]       1.0472969999997845e+00
   &INT_POTIO [&Type "Double"]       3.8058999999916132e-02
   &INT_SUM [&Type "Double"]       7.8200000000361314e-04
   &SPLITRIJ [&Type "Double"]       5.7428010000000000e+00
   &COSX [&Type "Double"]       3.7333811999999995e+01
$End
$Single_Point_Data
   &GeometryIndex 6
   &FinalEnergy [&Type "Double"]      -1.2368816370766754e+03  "Final single point energy"
   &Converged [&Type "Boolean"] true
$End
$SCF_Nuc_Gradient
   &GeometryIndex 6
   &NAtoms [&Type "Integer"] 44
   &gradNorm [&Type "Double"]       2.8536296967801467e-02
   &grad [&Type "ArrayOfDoubles", &Dim (132,1)] 
                                                         0

0                                      1.0075676264673095e-04
1                                      2.1070426463725561e-04
2                                     -8.8560386560854187e-05
3                                     -1.5870761295396635e-04
4                                     -1.4886344341354107e-04
5                                      4.8799704867229232e-05
6                                     -3.1304906894792650e-04
7                                      5.6230065484372260e-05
8                                      1.9544376759977888e-04
9                                     -9.3765359937723891e-04
10                                    -4.1506883312439173e-04
11                                     4.4221660770444454e-04
12                                     1.0499162279270641e-03
13                                     3.8133867091637644e-04
14                                    -1.1814396946306926e-03
15                                    -4.0400359981385692e-03
16                                     5.8712089514405541e-03
17                                     4.2696394163507789e-04
18                                    -4.4756965298950457e-04
19                                    -4.3672711739617398e-04
20                                    -1.1209735170865064e-03
21                                     4.0283721157999552e-03
22                                    -3.2311411784413380e-03
23                                     1.2703855573505153e-03
24                                     3.5166267858326300e-03
25                                     3.5398034861734706e-03
26                                     1.8254685102769425e-03
27                                    -3.0874978298165989e-03
28                                    -6.3269886048314405e-03
29                                    -7.2208237908603229e-04
30                                    -5.2763750184020575e-04
31                                     5.4410127944332087e-04
32                                    -1.0145654393609316e-03
33                                    -4.2876166696097923e-04
34                                    -5.0759648065286378e-04
35                                     1.6738633723305460e-03
36                                     7.5296929296688325e-03
37                                     3.8149430997989620e-03
38                                     8.4131198219555836e-04
39                                    -4.9225189531551805e-03
40                                     5.2309820441587759e-03
41                                    -1.6197233891852830e-03
42                                    -4.0618609939527539e-03
43                                    -5.6253468998109304e-03
44                                    -2.4714727526790881e-03
45                                    -4.8153765651954075e-04
46                                     1.4564977938506807e-04
47                                     1.7312362067848433e-03
48                                     7.9936635228925051e-03
49                                    -2.6534911626118346e-03
50                                     3.2807935408743494e-04
51                                    -2.9767058292503451e-04
52                                     8.3584891353535862e-03
53                                    -3.0786964243206816e-04
54                                     1.8449680071813170e-03
55                                    -3.0922173916239637e-03
56                                    -7.8302150047164509e-04
57                                     3.7842612902683481e-03
58                                    -3.8415679085476162e-03
59                                     1.0018904336523901e-04
60                                     3.1447363681957607e-03
61                                     4.3192393828011683e-03
62                                     7.2919491021249117e-04
63                                     1.0048704715368423e-03
64                                    -8.1158573608861029e-03
65                                    -1.5897273501736184e-03
66                                     1.3198454118684283e-03
67                                     3.4049383209094897e-03
68                                    -2.6961153627650877e-04
69                                    -4.7601931371446526e-06
70                                    -6.9650086948165602e-04
71                                     5.3641874078960705e-04
72                                    -3.5735399473352247e-05
73                                     2.5505070787838063e-04
74                                    -1.4623047085923768e-06
75                                     6.3271775040257827e-06
76                                    -2.5566205219500204e-04
77                                    -4.2046144407961727e-05
78                                    -1.0709164116705014e-04
79                                     5.9694606490334756e-04
80                                     6.3778234167908079e-04
81                                    -2.3936145513642204e-04
82                                     1.4497272774227632e-04
83                                     7.5588793269493193e-06
84                                    -1.1976433537672602e-04
85                                    -2.4009347645138901e-04
86                                    -3.1916274436299963e-05
87                                     1.1932675640774493e-04
88                                    -5.6060161547123039e-05
89                                     2.2445295364073581e-04
90                                     2.9183729030205635e-04
91                                    -1.1080635712459874e-04
92                                     4.1478302004391288e-06
93                                    -1.6279826083065441e-04
94                                     1.0039968558036086e-04
95                                    -7.2412941222982363e-05
96                                     1.8591872030548906e-04
97                                     1.7408643663860413e-04
98                                    -1.8418896812861379e-04
99                                     2.6033835142208472e-04
100                                   -2.4072272617275958e-05
101                                   -3.3270704724197575e-05
102                                    5.1658448523266010e-04
103                                   -3.5178217727999117e-05
104                                    1.4539624984721833e-04
105                                    8.1078163031718387e-05
106                                   -2.6019431418430883e-05
107                                    2.7841326422850532e-04
108                                   -1.7907866331184907e-05
109                                   -4.8227043916826418e-04
110                                   -8.0801356910802091e-04
111                                   -7.4577225975784034e-03
112                                   -5.0023089627787010e-03
113                                    6.0821240701031121e-04
114                                   -6.7884792487760137e-05
115                                    5.6884341340247835e-04
116                                   -7.5545400954542957e-04
117                                   -8.1300012536625887e-03
118                                    3.6445047842224576e-03
119                                    1.3005361314971930e-03
120                                   -3.4397572072355706e-04
121                                    1.6876792822084763e-05
122                                   -1.4234942159348923e-04
123                                   -1.1519838548829098e-05
124                                   -1.6895458798715790e-04
125                                    4.1850718353608762e-06
126                                   -3.8019275075212855e-05
127                                    1.6237834105177484e-04
128                                    3.0055041667323423e-05
129                                   -3.3807715724270757e-04
130                                   -4.8894230014584483e-05
131                                   -1.5014997795683577e-04
   &Method [&Type "String"] "SCF"
   &Level [&Type "String"] "Relaxed density"
   &Mult [&Type "Integer"] 1
   &State [&Type "Integer"] 0
   &Irrep [&Type "Integer"] 0
$End
$Geometry
   &GeometryIndex 7
   &NAtoms [&Type "Integer"] 44
   &NCorelessECP [&Type "Integer"] 0
   &NGhostAtoms [&Type "Integer"] 0
   &CartesianCoordinates [&Type "Coordinates", &Dim(44,4), &Units "Bohr"] 
              C    -11.253283732519   -0.346739108496    3.076620543001
              C     -9.417852643398    0.495215305750    1.001656933929
              C     -9.347879906141   -1.344131250488   -1.237705750182
              C     -7.636446130916   -0.516882110681   -3.430191806944
              N     -4.962510240280   -0.345767972246   -2.748626086880
              C     -3.685252176501    1.914590506570   -2.223848787876
              O     -4.623336051326    4.028236055130   -2.278645507118
              C     -1.040440792856    1.189614067880   -1.618374140585
              C     -0.835544765023   -1.403803570838   -1.817036894662
              C     -3.342798537805   -2.429874379356   -2.556949492880
              O     -3.947258402946   -4.629744476871   -2.942683057486
              C      1.435407496438   -2.729730669396   -1.363505590505
              N      1.513266869115   -5.262373880508   -1.726413838917
              C      3.527825064732   -1.197199023892   -0.605588654125
              C      3.316158246663    1.484902739668   -0.400290160523
              C      1.001481623567    2.769505408453   -0.942201741241
              N      0.679614398873    5.308611327062   -0.915443233661
              C      5.506024119039    3.028367094396    0.398914678870
              O      5.340640054899    5.346061995135    0.688557666575
              C      7.961279134669    1.731720138277    0.859467574125
              C      8.169180748334   -0.905150976994    0.658264103381
              C      5.940708049728   -2.483646254128   -0.022668175671
              O      6.141672684264   -4.815658718664   -0.089130911306
              C     10.489655730682   -2.087289362470    1.147078892642
              C     12.583587135174   -0.643833988912    1.817570861662
              C     12.376050769223    1.989701772873    2.018083665181
              C     10.075009427079    3.173624404438    1.547979236134
              H    -10.745228225348   -2.216339748879    3.816311425773
              H    -11.253176025460    0.980063591727    4.667118556485
              H    -13.195059421923   -0.469027651372    2.358839382967
              H     -9.936351655532    2.388091468811    0.324201996182
              H     -7.512510646426    0.682847577360    1.803734795257
              H     -8.752402068958   -3.227136432520   -0.600916256947
              H    -11.262328954067   -1.569992864865   -2.013677859442
              H     -8.171267478017    1.357855381606   -4.119495128864
              H     -7.786788481736   -1.863708082529   -4.992675248815
              H     -0.158052618203   -6.138877553361   -2.062271990410
              H      3.039781777440   -6.271467990520   -1.184507788369
              H     -1.112313301342    5.954439431583   -1.130970434306
              H      2.037113437845    6.448965644439   -0.209337471425
              H     10.591784403878   -4.128622853361    0.986333158804
              H     14.382152316029   -1.562219812123    2.191278228878
              H     14.013912181774    3.110250084842    2.546904709769
              H      9.855776549483    5.206554737469    1.697725626322
$End
$SCF_Energy
   &GeometryIndex 7
   &Method [&Type "String"] "SCF"
   &totalEnergy [&Type "ArrayOfDoubles", &Dim (1,1)] "Total energy of each state"
                                                         0

0                                     -1.2368845559584340e+03
   &Mult [&Type "ArrayOfIntegers", &Dim (1,1)] "Multiplicity of each state"
                                                         0

0                                                        1
$End
$DFT_Energy
   &GeometryIndex 7
   &nAlphaEl [&Type "Integer"] 95
   &nBetaEl [&Type "Integer"] 95
   &nTotalEl [&Type "Integer"] 190
   &finalEn [&Type "Double"]      -1.2368845559584340e+03  "No Van der Waals correction"
   &eExchange [&Type "Double"]      -1.2930991556266656e+02
   &eCorr [&Type "Double"]      -7.7113978777469150e+00
   &eXC [&Type "Double"]      -1.3702131344041348e+02
   &eCNL [&Type "Double"]       0.0000000000000000e+00
$End
$SCF_Timings
   &GeometryIndex 7
   &TOTAL [&Type "Double"]       4.8277591999999999e+01
   &PREP [&Type "Double"]       7.1708200000000000e-01
   &FOCK [&Type "Double"]       4.5213490000000007e+01
   &DENS [&Type "Double"]       1.3252400000000364e-01
   &ETOT [&Type "Double"]       4.9138999999994937e-02
   &POP [&Type "Double"]       9.9999999747524271e-07
   &TRAFO [&Type "Double"]       1.2231800000000170e-01
   &DIIS [&Type "Double"]       4.2769000000000279e-01
   &SOSCF [&Type "Double"]       4.5845600000000175e-01
   &XC [&Type "Double"]       5.0483479999999981e+00
   &FOCKSTART [&Type "Double"]       1.8706999999996921e-02
   &INT_PREP [&Type "Double"]       5.0000000015870683e-06
   &INT_BF [&Type "Double"]       1.4228320000000680e+00
   &INT_DENS [&Type "Double"]       1.2357259999997030e+00
   &INT_DENSIO [&Type "Double"]       1.4079748244100029e+05
   &INT_FUNC [&Type "Double"]       1.5818999999984662e-01
   &INT_POT [&Type "Double"]       1.0847460000000897e+00
   &INT_POTIO [&Type "Double"]       4.0424000000193416e-02
   &INT_SUM [&Type "Double"]       1.4129999999994425e-03
   &SPLITRIJ [&Type "Double"]       6.0065949999999955e+00
   &COSX [&Type "Double"]       3.5657315999999994e+01
$End
$Single_Point_Data
   &GeometryIndex 7
   &FinalEnergy [&Type "Double"]      -1.2368845559584340e+03  "Final single point energy"
   &Converged [&Type "Boolean"] true
$End
$SCF_Nuc_Gradient
   &GeometryIndex 7
   &NAtoms [&Type "Integer"] 44
   &gradNorm [&Type "Double"]       1.9819881200760787e-02
   &grad [&Type "ArrayOfDoubles", &Dim (132,1)] 
                                                         0

0                                      3.8974098086226594e-04
1                                      3.2251458193202284e-04
2                                     -3.3491867709272219e-04
3                                     -5.9304100707782345e-04
4                                     -4.4083303725039880e-04
5                                      1.6719591080832652e-04
6                                      3.1199050442554110e-04
7                                      4.1135396710159644e-04
8                                      4.8351116568282754e-04
9                                     -1.0497763755387829e-03
10                                    -4.1268433628772333e-04
11                                     1.5155108116594873e-05
12                                     1.3114726839746627e-03
13                                     2.6460210449441753e-04
14                                     6.6040658614041625e-05
15                                    -1.0495530285785926e-03
16                                    -1.4132727662569122e-04
17                                    -1.1522086008305954e-04
18                                    -7.9551467061189651e-04
19                                     7.6439416162721319e-04
20                                    -5.8745944554861734e-04
21                                     1.0942198024466859e-03
22                                    -1.7900332628359994e-03
23                                     1.4710974699454898e-04
24                                     8.3423332699110453e-04
25                                     1.8570800367404550e-03
26                                     4.2898761982958916e-04
27                                    -1.0068472141401552e-03
28                                     9.0571788467219694e-06
29                                    -2.9827154852724025e-04
30                                    -6.7019237081378247e-04
31                                    -7.5152854279891823e-04
32                                    -6.5749118810018436e-04
33                                     9.9379756478312070e-04
34                                     1.8021142483329311e-04
35                                     1.5893552719027162e-03
36                                     8.0812786684911764e-03
37                                     4.3402645248648980e-03
38                                     1.8298076132905461e-05
39                                    -3.7054343596870029e-03
40                                     3.8986490427048368e-03
41                                    -5.9277536123926618e-04
42                                    -3.0380120950299905e-03
43                                    -4.2881992206427327e-03
44                                    -1.2331464393716927e-03
45                                     1.0301930472247055e-03
46                                    -2.1750492607062327e-04
47                                     1.5406206450080534e-03
48                                     8.7222177479238522e-03
49                                    -2.9927667439268446e-03
50                                    -5.4157294911178627e-04
51                                    -2.7158871053921743e-04
52                                     3.8593076201201559e-03
53                                     5.5575516486417592e-04
54                                    -3.4233892040909618e-03
55                                    -8.8658139664610225e-04
56                                    -3.2013522016088869e-04
57                                     1.8509392072611208e-03
58                                    -2.4074205284147360e-03
59                                    -1.0371337436780349e-03
60                                     1.4323601411278808e-03
61                                     2.7895688176185207e-03
62                                    -6.4410094174220667e-04
63                                     3.5084414059251973e-04
64                                    -3.8774993689786319e-03
65                                    -3.5383121490567548e-05
66                                    -3.5120766702096129e-03
67                                     3.5916731898139043e-04
68                                    -2.3123711747439005e-04
69                                     5.2871292351867882e-04
70                                    -7.0817006374014613e-04
71                                     5.1316335479313635e-04
72                                    -1.2539441474179736e-04
73                                     2.5162711749733557e-04
74                                     1.3210145841595355e-05
75                                    -8.4803944474715065e-05
76                                    -2.6677253161451475e-04
77                                    -2.8078098424061393e-05
78                                     4.1932010535607189e-04
79                                     6.9256279535084841e-04
80                                     6.1828388406447513e-04
81                                    -1.3573037731624826e-04
82                                    -8.0365539946281039e-05
83                                     2.7150825712252136e-05
84                                    -7.0704093021831116e-05
85                                    -6.1240660278405468e-05
86                                     9.4113145758190075e-05
87                                    -5.9707109673956538e-05
88                                    -7.5501456632721606e-05
89                                     5.7189492671583242e-05
90                                     2.7345551244831873e-04
91                                     1.2840109906042674e-04
92                                    -4.4593953923872942e-05
93                                     1.0208195069763559e-04
94                                     1.5134465551102511e-04
95                                    -6.9855419664685559e-05
96                                     1.6278149247914153e-05
97                                    -1.1054879557911845e-04
98                                    -1.0331992524009043e-04
99                                     5.6670530118985152e-05
100                                   -1.4344054495182140e-04
101                                   -1.6755250211417105e-04
102                                    2.5464828217101887e-04
103                                    1.1665296808355263e-04
104                                    8.7055022748167010e-06
105                                   -1.0428030437582836e-05
106                                   -3.5333044637250732e-05
107                                    4.9329075619719553e-05
108                                   -8.3603941227200496e-04
109                                   -9.8942087915238064e-04
110                                    1.2609807484246990e-03
111                                   -2.5901974648828152e-03
112                                   -4.3331478104736976e-03
113                                   -1.1597290648236586e-03
114                                   -9.8928681567647669e-04
115                                    6.6040876871878429e-04
116                                    1.4069829610434056e-03
117                                   -3.2716055160429414e-03
118                                    3.9867375703854235e-03
119                                   -5.4971600684017297e-04
120                                   -3.5669544433519600e-04
121                                   -2.8102802450968856e-06
122                                   -1.6296440971216679e-04
123                                   -2.2427598635327284e-05
124                                   -4.5756218568226981e-05
125                                    8.4592379076958713e-06
126                                   -2.9685107740651251e-05
127                                    4.1427990051023933e-05
128                                    1.4003610555236856e-05
129                                   -3.5632432461022573e-04
130                                   -2.6447278198393764e-05
131                                   -1.6894537748876962e-04
   &Method [&Type "String"] "SCF"
   &Level [&Type "String"] "Relaxed density"
   &Mult [&Type "Integer"] 1
   &State [&Type "Integer"] 0
   &Irrep [&Type "Integer"] 0
$End
$Geometry
   &GeometryIndex 8
   &NAtoms [&Type "Integer"] 44
   &NCorelessECP [&Type "Integer"] 0
   &NGhostAtoms [&Type "Integer"] 0
   &CartesianCoordinates [&Type "Coordinates", &Dim(44,4), &Units "Bohr"] 
              C    -11.231268224230   -0.362906347885    3.086673057316
              C     -9.414229956433    0.493079501420    1.000842554672
              C     -9.351493537142   -1.342649529076   -1.242171756808
              C     -7.643623862214   -0.509522280153   -3.435592493866
              N     -4.970334712218   -0.340067467687   -2.755984451377
              C     -3.686575892460    1.914837704180   -2.235345698330
              O     -4.621809399840    4.030728749515   -2.272888301988
              C     -1.045416995801    1.194857518781   -1.648148981810
              C     -0.842763009923   -1.398342259712   -1.843278383196
              C     -3.348611022431   -2.419579594975   -2.562000513137
              O     -3.953103269555   -4.623738055840   -2.926121984279
              C      1.424639637169   -2.723769741117   -1.385314483149
              N      1.485032020556   -5.261338589503   -1.709593847187
              C      3.532126866800   -1.198918545571   -0.621248145029
              C      3.321883276024    1.493616870477   -0.418831044922
              C      0.995553073435    2.771541495764   -0.971782550747
              N      0.660052390542    5.307599163192   -0.913535595805
              C      5.514852592674    3.025385232603    0.387873342617
              O      5.382599383644    5.351740159847    0.646424293813
              C      7.952874865798    1.729186029951    0.879071323784
              C      8.158455651478   -0.907983441230    0.681911433812
              C      5.943954480177   -2.477005311466   -0.024756930036
              O      6.174476428529   -4.808294084314   -0.115731714252
              C     10.480707427429   -2.088963248014    1.166157094457
              C     12.576327999878   -0.647684091950    1.835063277190
              C     12.371171274490    1.985421573818    2.031447679162
              C     10.070943445570    3.169312637193    1.558704766645
              H    -10.704042999721   -2.229343104573    3.821670639834
              H    -11.228678761223    0.964523649987    4.677095003754
              H    -13.176583936815   -0.496918674335    2.379781963865
              H     -9.949147610296    2.384298959325    0.330923857666
              H     -7.504554225030    0.686848202672    1.791426478126
              H     -8.754702528266   -3.226745952016   -0.609272703683
              H    -11.268986313601   -1.564913819840   -2.012592437135
              H     -8.184128701579    1.365441381422   -4.120909724227
              H     -7.796105907661   -1.853095068058   -5.001380788502
              H     -0.179418962207   -6.152761793051   -2.027901272198
              H      3.044524100138   -6.228894942114   -1.176496856448
              H     -1.125927758429    5.968592411583   -1.112717504242
              H      2.057837725053    6.413754137217   -0.224468428403
              H     10.587603557573   -4.129934191785    1.004432699851
              H     14.374967676119   -1.566612972042    2.206214746722
              H     14.010910218548    3.105624920044    2.554549496630
              H      9.860013457655    5.203592807315    1.701288907639
$End
$SCF_Energy
   &GeometryIndex 8
   &Method [&Type "String"] "SCF"
   &totalEnergy [&Type "ArrayOfDoubles", &Dim (1,1)] "Total energy of each state"
                                                         0

0                                     -1.2368852858627449e+03
   &Mult [&Type "ArrayOfIntegers", &Dim (1,1)] "Multiplicity of each state"
                                                         0

0                                                        1
$End
$DFT_Energy
   &GeometryIndex 8
   &nAlphaEl [&Type "Integer"] 95
   &nBetaEl [&Type "Integer"] 95
   &nTotalEl [&Type "Integer"] 190
   &finalEn [&Type "Double"]      -1.2368852858627449e+03  "No Van der Waals correction"
   &eExchange [&Type "Double"]      -1.2931140709230726e+02
   &eCorr [&Type "Double"]      -7.7115809564817743e+00
   &eXC [&Type "Double"]      -1.3702298804878905e+02
   &eCNL [&Type "Double"]       0.0000000000000000e+00
$End
$SCF_Timings
   &GeometryIndex 8
   &TOTAL [&Type "Double"]       3.7294827999999995e+01
   &PREP [&Type "Double"]       6.9570699999999996e-01
   &FOCK [&Type "Double"]       3.4361751000000005e+01
   &DENS [&Type "Double"]       9.7438000000003910e-02
   &ETOT [&Type "Double"]       3.7287000000000070e-02
   &TRAFO [&Type "Double"]       1.1763699999999844e-01
   &DIIS [&Type "Double"]       4.5002699999999951e-01
   &SOSCF [&Type "Double"]       2.4910100000000224e-01
   &XC [&Type "Double"]       3.7978330000000033e+00
   &FOCKSTART [&Type "Double"]       1.4286000000000021e-02
   &INT_PREP [&Type "Double"]       4.9999999998107114e-06
   &INT_BF [&Type "Double"]       1.0508269999999253e+00
   &INT_DENS [&Type "Double"]       9.4332700000000180e-01
   &INT_DENSIO [&Type "Double"]       7.3982614763000136e+04
   &INT_FUNC [&Type "Double"]       1.1470700000017775e-01
   &INT_POT [&Type "Double"]       8.7114800000008152e-01
   &INT_POTIO [&Type "Double"]       2.9222999999820587e-02
   &INT_SUM [&Type "Double"]       1.3169999999949056e-03
   &SPLITRIJ [&Type "Double"]       4.3606870000000004e+00
   &COSX [&Type "Double"]       2.7903199000000001e+01
$End
$Single_Point_Data
   &GeometryIndex 8
   &FinalEnergy [&Type "Double"]      -1.2368852858627449e+03  "Final single point energy"
   &Converged [&Type "Boolean"] true
$End
$SCF_Nuc_Gradient
   &GeometryIndex 8
   &NAtoms [&Type "Integer"] 44
   &gradNorm [&Type "Double"]       8.7119713230942256e-03
   &grad [&Type "ArrayOfDoubles", &Dim (132,1)] 
                                                         0

0                                      2.6358708226296296e-04
1                                      1.5071959103662817e-04
2                                     -2.7545587956080697e-04
3                                     -3.7542355932606783e-04
4                                     -2.1031230091203557e-04
5                                      9.0707234472166276e-05
6                                      3.3646980441610561e-04
7                                      2.1106673439276469e-04
8                                      3.2859567539816979e-04
9                                     -3.9437181311077069e-04
10                                    -3.4845931711102729e-05
11                                     4.2152973830041074e-05
12                                     9.2494839345536040e-04
13                                     4.7029826463693136e-05
14                                     2.6107494999611999e-04
15                                     6.7394635820106075e-04
16                                    -2.7316816254694398e-03
17                                    -4.3863026332852453e-05
18                                    -2.8164515882639352e-04
19                                     5.6786869316433064e-04
20                                    -2.4291162508844472e-04
21                                    -8.6130314290213533e-04
22                                     1.4582135083313075e-04
23                                    -1.1995130829564951e-04
24                                    -8.1465014375683986e-04
25                                    -2.6712805544570895e-04
26                                    -1.5386067048185625e-04
27                                     3.1242873696829543e-04
28                                     2.7610748187891221e-03
29                                     2.3406112259038298e-04
30                                    -1.9697992474043691e-04
31                                    -5.4440038868253104e-04
32                                    -3.1184345246916545e-04
33                                    -2.9271127652045342e-04
34                                     6.2318925318716190e-04
35                                    -2.3710377543468414e-04
36                                     2.4440319117405886e-03
37                                     2.4039080332444174e-03
38                                    -1.0066980134616904e-03
39                                    -3.9535571264959213e-04
40                                     1.0200165489171603e-03
41                                     2.1451965708897854e-04
42                                    -2.1668948069152039e-04
43                                    -1.0911295398763551e-03
44                                     4.6682489279529366e-05
45                                    -2.0771348749248908e-04
46                                    -5.9791358530524030e-04
47                                    -3.3188434638799919e-04
48                                     2.7626529634191231e-03
49                                    -1.8413033386990157e-03
50                                    -1.3384759076885133e-03
51                                     4.8697139316137769e-04
52                                     4.1256427593017175e-04
53                                     1.1947958852714519e-03
54                                     1.1094938321866074e-04
55                                    -4.8050953635020432e-04
56                                     2.9298328360502501e-05
57                                    -4.8929631538179030e-04
58                                    -3.0914066974099819e-04
59                                    -7.4562378837928628e-04
60                                    -5.5139802676015814e-04
61                                     3.3530031741879629e-04
62                                    -6.9868381074843569e-04
63                                     5.6861699254573406e-04
64                                    -5.0668886925497869e-04
65                                     1.1158595921333322e-03
66                                     1.4804229551100556e-05
67                                     4.7572072391777187e-04
68                                     1.0829427170031339e-04
69                                     1.6221373982758941e-04
70                                    -1.6389104527386733e-04
71                                    -3.5737963381965443e-06
72                                     3.4095439939096917e-05
73                                     3.4392165820122667e-04
74                                     6.0975838392086229e-05
75                                     8.8194875923874871e-05
76                                    -3.3974925920596949e-04
77                                     8.5731690753904077e-06
78                                     1.3584421888713366e-04
79                                     1.8584856040858300e-04
80                                     1.9340199382503198e-05
81                                     2.2877143233041020e-05
82                                    -1.6994230931105525e-04
83                                     2.2515464104380656e-05
84                                     2.1631903878164410e-05
85                                     9.5271609444891325e-05
86                                     1.1968153011060467e-04
87                                    -1.4393399327339296e-04
88                                    -1.4537625357899375e-05
89                                    -8.6151712954625481e-05
90                                     5.6373877149219764e-05
91                                     1.7590692827998411e-04
92                                    -5.9810669074858436e-05
93                                     1.7135299180315311e-04
94                                     1.8680202538898932e-05
95                                     3.1385595996996640e-05
96                                     3.3058933757462716e-05
97                                    -1.7751892850897955e-04
98                                     1.9103961757443999e-05
99                                    -1.2538349544682914e-04
100                                   -8.0616609829976815e-05
101                                   -1.4031686845211722e-04
102                                   -8.7544221820612389e-05
103                                    1.3742117124584952e-04
104                                   -1.0901268176956302e-04
105                                   -7.5774465473112118e-05
106                                   -9.4039585705960049e-05
107                                   -8.4643813745038932e-05
108                                   -3.1665198041169740e-04
109                                   -9.0168581360434985e-04
110                                    1.3314302147352658e-03
111                                   -1.3836885554307232e-03
112                                   -2.3023251395038191e-03
113                                   -4.9701204459005888e-04
114                                   -4.3215731890600129e-04
115                                    6.5304056773424213e-04
116                                    1.4487167035644177e-03
117                                   -1.7367161303159795e-03
118                                    2.1054343172217937e-03
119                                   -1.6612238429773718e-04
120                                   -1.0463219307777633e-04
121                                   -7.7194237032202073e-05
122                                   -4.3306558086077251e-05
123                                   -1.7533863970048413e-05
124                                    6.4046762553005010e-05
125                                    7.2430447971699730e-06
126                                   -7.5855122146084586e-06
127                                   -6.4065442066441047e-05
128                                   -3.1735437295565827e-06
129                                   -1.1591069797382142e-04
130                                    6.6767892763386349e-05
131                                   -3.5528250343200979e-05
   &Method [&Type "String"] "SCF"
   &Level [&Type "String"] "Relaxed density"
   &Mult [&Type "Integer"] 1
   &State [&Type "Integer"] 0
   &Irrep [&Type "Integer"] 0
$End
$Geometry
   &GeometryIndex 9
   &NAtoms [&Type "Integer"] 44
   &NCorelessECP [&Type "Integer"] 0
   &NGhostAtoms [&Type "Integer"] 0
   &CartesianCoordinates [&Type "Coordinates", &Dim(44,4), &Units "Bohr"] 
              C    -11.212854547677   -0.383829969703    3.120012594579
              C     -9.413781180305    0.487203165517    1.023412653790
              C     -9.358401961869   -1.341943277210   -1.225711463239
              C     -7.655527193565   -0.502710790073   -3.421267086687
              N     -4.980996672561   -0.334376778289   -2.751807943503
              C     -3.692115653119    1.922902081365   -2.241501529098
              O     -4.626063286043    4.038447130617   -2.265840491887
              C     -1.047520556836    1.201793305159   -1.677574584777
              C     -0.847761837282   -1.393454632462   -1.867349068498
              C     -3.358932306080   -2.416925938643   -2.559274926334
              O     -3.966964559861   -4.622559866827   -2.901763332908
              C      1.419985676860   -2.717741993699   -1.413245356276
              N      1.486781956810   -5.254570155455   -1.720648941866
              C      3.535812452531   -1.195337549368   -0.662658740766
              C      3.328169803047    1.501007849535   -0.465363646602
              C      0.997233775307    2.776111463092   -1.011255407858
              N      0.674050054789    5.310955887047   -0.947124710269
              C      5.522637867893    3.029844740557    0.335910281188
              O      5.397425121461    5.359308655512    0.586056314669
              C      7.945345188684    1.729055929555    0.879168397175
              C      8.148329678438   -0.910035592876    0.687173227284
              C      5.945958060843   -2.472038719853   -0.065513379334
              O      6.179345222280   -4.804834754673   -0.156123689379
              C     10.462193712785   -2.093837894692    1.201890047236
              C     12.551352130585   -0.656863097158    1.898662603021
              C     12.348854701565    1.977131797722    2.089864241043
              C     10.057860830667    3.164631583772    1.583951182595
              H    -10.668107918079   -2.246925646186    3.849373168409
              H    -11.208544445535    0.941950930374    4.711313610315
              H    -13.161246144482   -0.529312631206    2.425245285624
              H     -9.963807154229    2.376911418199    0.362992450186
              H     -7.500387595768    0.687114224185    1.802003476608
              H     -8.759898554534   -3.227178467145   -0.599572211731
              H    -11.278352873525   -1.560305938200   -1.989797152602
              H     -8.199218305710    1.373107840375   -4.100429331280
              H     -7.812552703797   -1.841880053514   -4.990142856074
              H     -0.151841878916   -6.164348744157   -2.101761950367
              H      3.084091565613   -6.181434919938   -1.222480495139
              H     -1.088331659493    6.005991071012   -1.209397596792
              H      2.117287326135    6.388057410905   -0.302478585286
              H     10.570703025172   -4.134533153309    1.041171106045
              H     14.343216951247   -1.579345772488    2.293401536755
              H     13.983842879779    3.095081316872    2.632556221583
              H      9.852730968982    5.199718535753    1.719412107248
$End
$SCF_Energy
   &GeometryIndex 9
   &Method [&Type "String"] "SCF"
   &totalEnergy [&Type "ArrayOfDoubles", &Dim (1,1)] "Total energy of each state"
                                                         0

0                                     -1.2368855796760106e+03
   &Mult [&Type "ArrayOfIntegers", &Dim (1,1)] "Multiplicity of each state"
                                                         0

0                                                        1
$End
$DFT_Energy
   &GeometryIndex 9
   &nAlphaEl [&Type "Integer"] 95
   &nBetaEl [&Type "Integer"] 95
   &nTotalEl [&Type "Integer"] 190
   &finalEn [&Type "Double"]      -1.2368855796760106e+03  "No Van der Waals correction"
   &eExchange [&Type "Double"]      -1.2931291857376976e+02
   &eCorr [&Type "Double"]      -7.7118004805412230e+00
   &eXC [&Type "Double"]      -1.3702471905431099e+02
   &eCNL [&Type "Double"]       0.0000000000000000e+00
$End
$SCF_Timings
   &GeometryIndex 9
   &TOTAL [&Type "Double"]       4.3776761999999998e+01
   &PREP [&Type "Double"]       6.9096099999999994e-01
   &FOCK [&Type "Double"]       4.0852811999999993e+01
   &DENS [&Type "Double"]       1.3094099999999997e-01
   &ETOT [&Type "Double"]       4.5564000000005933e-02
   &TRAFO [&Type "Double"]       1.2138999999999811e-01
   &DIIS [&Type "Double"]       3.5756100000000135e-01
   &SOSCF [&Type "Double"]       4.6562700000000756e-01
   &XC [&Type "Double"]       4.7350079999999926e+00
   &FOCKSTART [&Type "Double"]       1.6966000000004033e-02
   &INT_PREP [&Type "Double"]       8.9999999977052880e-06
   &INT_BF [&Type "Double"]       1.3358869999999525e+00
   &INT_DENS [&Type "Double"]       1.1693450000002068e+00
   &INT_DENSIO [&Type "Double"]       1.1871204769300028e+05
   &INT_FUNC [&Type "Double"]       1.4974399999983667e-01
   &INT_POT [&Type "Double"]       9.4522300000002524e-01
   &INT_POTIO [&Type "Double"]       3.7876999999991057e-02
   &INT_SUM [&Type "Double"]       1.2890000000034263e-03
   &SPLITRIJ [&Type "Double"]       5.3765339999999950e+00
   &COSX [&Type "Double"]       3.2193523000000013e+01
$End
$Single_Point_Data
   &GeometryIndex 9
   &FinalEnergy [&Type "Double"]      -1.2368855796760106e+03  "Final single point energy"
   &Converged [&Type "Boolean"] true
$End
$SCF_Nuc_Gradient
   &GeometryIndex 9
   &NAtoms [&Type "Integer"] 44
   &gradNorm [&Type "Double"]       5.4380396736231820e-03
   &grad [&Type "ArrayOfDoubles", &Dim (132,1)] 
                                                         0

0                                     -1.3143653359873331e-05
1                                     -2.9148559697850240e-05
2                                      1.9472971672165884e-05
3                                     -5.7166589576454485e-05
4                                      1.0523476622553013e-04
5                                     -6.4585621264174470e-06
6                                      8.8880323096229841e-05
7                                     -4.2587729310206157e-05
8                                      9.4360291186604273e-05
9                                      1.0485833330232258e-05
10                                     1.2113232560511528e-04
11                                    -2.0908960147184019e-05
12                                     2.0922414966038916e-04
13                                    -1.1655315526347410e-05
14                                    -9.0516338430660787e-05
15                                     6.7572604634702493e-04
16                                    -1.4851426605211882e-03
17                                    -2.0910845389271460e-05
18                                     4.2920791059969376e-05
19                                     5.1702950168541761e-05
20                                     2.7556344685116148e-04
21                                    -8.1692037912653448e-04
22                                     1.4405884015430415e-03
23                                    -2.4347898076557128e-04
24                                    -6.0968989971667276e-04
25                                    -1.4807085565517186e-03
26                                    -4.6978720535222063e-04
27                                     4.9506170826400797e-04
28                                     1.5219658245715362e-03
29                                     1.3982185702539340e-04
30                                     3.4812982497717249e-05
31                                    -7.4168690048559416e-05
32                                     2.5786175562586555e-04
33                                    -4.1220695121461232e-04
34                                     8.3464777954549152e-04
35                                     3.7073286956164353e-04
36                                     1.1474390052887071e-04
37                                     1.0033881092055275e-03
38                                    -1.0488985387527017e-03
39                                    -1.2813743910253250e-05
40                                    -4.9497303793989700e-04
41                                     3.0774976580041219e-04
42                                    -9.9280605021595525e-05
43                                     4.4800506749777258e-04
44                                     3.8720577350811677e-04
45                                    -2.6765206837740807e-04
46                                    -9.7712913302046289e-04
47                                     2.5054065360229603e-04
48                                     2.2993576000544108e-04
49                                    -8.0368729926702520e-04
50                                    -1.1895549187955004e-03
51                                     1.0634790419238489e-03
52                                     8.3295979555808586e-05
53                                    -1.0628290385310893e-03
54                                     8.7736771675547831e-05
55                                    -4.2407804191313403e-04
56                                     8.8167755389532976e-04
57                                    -9.1087673256062818e-04
58                                     4.7209721050273795e-04
59                                     4.4325217088187624e-04
60                                    -8.3316760845683624e-04
61                                    -6.6816350909287836e-04
62                                     3.6162256020401060e-04
63                                     1.0604071272600213e-03
64                                     2.2917931358634736e-04
65                                    -1.0337315038131158e-03
66                                     4.7901670622046977e-05
67                                     3.1261698030993212e-04
68                                     9.4135792739352339e-04
69                                     3.8474191233664468e-05
70                                     5.5907809044422607e-05
71                                    -2.1285439423686381e-04
72                                     1.9889656000804390e-06
73                                     5.5320022074575870e-05
74                                    -1.8012265507773295e-05
75                                     1.1632373590308998e-05
76                                    -5.3337403202818878e-05
77                                    -2.6159361084396315e-05
78                                     4.3420308575362054e-05
79                                    -1.4649637428781892e-05
80                                    -2.2027794523358374e-04
81                                     2.7446477184889240e-05
82                                    -2.4821342656078382e-05
83                                    -1.9086676600423014e-05
84                                     2.7648239627219018e-05
85                                     2.3639313791887218e-05
86                                     7.1904936520539309e-06
87                                    -7.2611871915762016e-06
88                                     2.2097228740856553e-05
89                                    -4.4972996632586248e-05
90                                    -8.9337926850452387e-06
91                                     3.4597772008426730e-06
92                                    -1.5556775598030148e-05
93                                     2.8225657421360184e-05
94                                    -4.7023397023268632e-05
95                                     1.6173511184672251e-05
96                                     7.8915404075549644e-06
97                                    -1.6297494752098851e-05
98                                     1.4896879068818092e-05
99                                    -4.1436711339964960e-05
100                                   -4.5066979463131984e-06
101                                   -1.0387701416661455e-05
102                                   -7.0205114471609542e-05
103                                   -3.6130972602466116e-05
104                                   -5.9872278455552763e-05
105                                    3.9147702081371999e-05
106                                   -5.1879431380852381e-06
107                                    2.8864846618181783e-06
108                                    3.0092886040705702e-04
109                                   -7.0707846167175625e-04
110                                    4.9603856289295173e-04
111                                   -3.8443831261747441e-04
112                                   -4.2991295207497893e-04
113                                   -6.6811042481629279e-05
114                                    2.1464072551768965e-04
115                                    6.5606158097923639e-04
116                                    5.9133453983113357e-04
117                                   -4.3306745129087498e-04
118                                    3.8573948766262856e-04
119                                   -7.2971751872707991e-06
120                                    1.9730243755346558e-05
121                                    1.3597706779999719e-05
122                                    1.8216772878901222e-05
123                                    1.4273026619604501e-05
124                                    5.2086786465621593e-05
125                                    3.5002480373927392e-06
126                                    2.1575013137375976e-05
127                                   -4.7178614374920880e-05
128                                   -6.1800367991415861e-06
129                                    1.9921257919608415e-05
130                                   -1.4196965812063311e-05
131                                    1.3086427350473412e-05
   &Method [&Type "String"] "SCF"
   &Level [&Type "String"] "Relaxed density"
   &Mult [&Type "Integer"] 1
   &State [&Type "Integer"] 0
   &Irrep [&Type "Integer"] 0
$End
$Geometry
   &GeometryIndex 10
   &NAtoms [&Type "Integer"] 44
   &NCorelessECP [&Type "Integer"] 0
   &NGhostAtoms [&Type "Integer"] 0
   &CartesianCoordinates [&Type "Coordinates", &Dim(44,4), &Units "Bohr"] 
              C    -11.236489965026   -0.397224912877    3.110104065385
              C     -9.432446979961    0.482610875605    1.020764144457
              C     -9.367195281755   -1.340132500561   -1.233447847474
              C     -7.652816945117   -0.496223908714   -3.418330235210
              N     -4.981123645363   -0.330376037193   -2.738466896972
              C     -3.690990732974    1.929321140232   -2.229672450146
              O     -4.621567294423    4.045511451171   -2.263517882505
              C     -1.045622760396    1.203994466583   -1.664134334134
              C     -0.847883277282   -1.391428176947   -1.850635464904
              C     -3.360764661324   -2.416844599417   -2.542298525721
              O     -3.968661296377   -4.621234523015   -2.888789721173
              C      1.417996354858   -2.717871879274   -1.393511047338
              N      1.478807098497   -5.256257898384   -1.676952621591
              C      3.538323134007   -1.194723761551   -0.655511411786
              C      3.332657826830    1.502648022341   -0.461253753987
              C      0.999276883269    2.778252032894   -0.998013632786
              N      0.673868480268    5.310874730437   -0.915690324743
              C      5.530157839365    3.031358438128    0.330665028997
              O      5.417015349553    5.365890855698    0.540955679536
              C      7.954749749957    1.729591492513    0.872159463961
              C      8.155840598100   -0.909891526619    0.682864244487
              C      5.949468151350   -2.471754336115   -0.064968143681
              O      6.191581416341   -4.802566454372   -0.190522562730
              C     10.468810607460   -2.094728703395    1.198066286563
              C     12.559025298083   -0.658794495571    1.893570886212
              C     12.358382234219    1.975964430784    2.082140556111
              C     10.068258854184    3.164368058338    1.574770378280
              H    -10.688616706321   -2.259351848368    3.838874266023
              H    -11.241782963506    0.926152748490    4.703121497707
              H    -13.181928683371   -0.547616469407    2.408820779560
              H     -9.984623281544    2.372688610460    0.363846634374
              H     -7.522154673255    0.684237132306    1.805742199471
              H     -8.772676499252   -3.227103569647   -0.609606590042
              H    -11.283409063079   -1.554764415815   -2.007019348275
              H     -8.192088589162    1.381636274674   -4.094863086100
              H     -7.804147025402   -1.830957179071   -4.991458396859
              H     -0.149525964072   -6.163804462594   -2.101629729867
              H      3.090729588933   -6.171273790749   -1.203365902230
              H     -1.077553315155    6.013419859423   -1.222946822684
              H      2.134368186036    6.381326525774   -0.298595160662
              H     10.576097610199   -4.135653865267    1.040030078791
              H     14.349966162289   -1.582719839114    2.289456656500
              H     13.993830208637    3.093762736143    2.623999364672
              H      9.864857933886    5.199689272043    1.708735709308
$End
$SCF_Energy
   &GeometryIndex 10
   &Method [&Type "String"] "SCF"
   &totalEnergy [&Type "ArrayOfDoubles", &Dim (1,1)] "Total energy of each state"
                                                         0

0                                     -1.2368856815825304e+03
   &Mult [&Type "ArrayOfIntegers", &Dim (1,1)] "Multiplicity of each state"
                                                         0

0                                                        1
$End
$DFT_Energy
   &GeometryIndex 10
   &nAlphaEl [&Type "Integer"] 95
   &nBetaEl [&Type "Integer"] 95
   &nTotalEl [&Type "Integer"] 190
   &finalEn [&Type "Double"]      -1.2368856815825304e+03  "No Van der Waals correction"
   &eExchange [&Type "Double"]      -1.2931148856686298e+02
   &eCorr [&Type "Double"]      -7.7117185364452805e+00
   &eXC [&Type "Double"]      -1.3702320710330827e+02
   &eCNL [&Type "Double"]       0.0000000000000000e+00
$End
$SCF_Timings
   &GeometryIndex 10
   &TOTAL [&Type "Double"]       3.8966009999999997e+01
   &PREP [&Type "Double"]       7.0381099999999996e-01
   &FOCK [&Type "Double"]       3.6152763000000000e+01
   &DENS [&Type "Double"]       1.3902799999999971e-01
   &ETOT [&Type "Double"]       4.9047999999994651e-02
   &POP [&Type "Double"]       9.9999999747524271e-07
   &TRAFO [&Type "Double"]       1.1898099999999889e-01
   &DIIS [&Type "Double"]       4.3789800000000056e-01
   &SOSCF [&Type "Double"]       3.6941999999999720e-01
   &XC [&Type "Double"]       4.3442979999999984e+00
   &FOCKSTART [&Type "Double"]       1.6755999999997995e-02
   &INT_PREP [&Type "Double"]       1.7000000000599869e-05
   &INT_BF [&Type "Double"]       1.2524229999999479e+00
   &INT_DENS [&Type "Double"]       1.0704390000000537e+00
   &INT_DENSIO [&Type "Double"]       9.4840635451000213e+04
   &INT_FUNC [&Type "Double"]       1.3868899999999673e-01
   &INT_POT [&Type "Double"]       8.3011699999995070e-01
   &INT_POTIO [&Type "Double"]       3.4842000000115725e-02
   &INT_SUM [&Type "Double"]       1.0970000000005697e-03
   &SPLITRIJ [&Type "Double"]       5.0016499999999953e+00
   &COSX [&Type "Double"]       2.8112443000000006e+01
$End
$Single_Point_Data
   &GeometryIndex 10
   &FinalEnergy [&Type "Double"]      -1.2368856815825304e+03  "Final single point energy"
   &Converged [&Type "Boolean"] true
$End
$SCF_Nuc_Gradient
   &GeometryIndex 10
   &NAtoms [&Type "Integer"] 44
   &gradNorm [&Type "Double"]       3.5864348271154051e-03
   &grad [&Type "ArrayOfDoubles", &Dim (132,1)] 
                                                         0

0                                     -1.2249936569545816e-04
1                                     -8.5932716652470376e-05
2                                      1.3527778176522162e-04
3                                      9.9601079927125191e-05
4                                      1.9226715234527819e-04
5                                     -4.1783381453157353e-05
6                                     -1.0197492407443276e-04
7                                     -1.1849558474938404e-04
8                                     -5.7532202193656679e-05
9                                      1.0694299880367047e-04
10                                     7.6010493164996307e-05
11                                     3.6744625654339114e-05
12                                    -1.3857985968311615e-04
13                                     3.4750671971763014e-05
14                                    -4.8733397558405056e-04
15                                     9.6993160215080865e-05
16                                     6.8126768397125392e-05
17                                     3.6363525863080531e-04
18                                     1.2640750870041018e-04
19                                    -9.4984247395846211e-05
20                                     1.7895760571870478e-04
21                                    -1.0561696035074619e-04
22                                     1.1996593301591696e-03
23                                    -1.7317016609442668e-04
24                                     6.0748914925509712e-05
25                                    -1.1499415762780407e-03
26                                    -3.4923359262299669e-04
27                                     1.4086668510945866e-04
28                                    -1.4011595641238994e-04
29                                     3.1564784952931024e-04
30                                     9.5754502115186213e-05
31                                     8.6553665751054609e-05
32                                     1.9143633142974792e-04
33                                    -3.5926117413220826e-04
34                                     4.6224062514535480e-04
35                                     3.9573039090245489e-04
36                                    -4.6777195172204022e-04
37                                     2.5576166717135307e-04
38                                    -8.8256666270017381e-04
39                                     1.5151821508845031e-04
40                                    -5.3519136769179798e-04
41                                    -6.7586266325008609e-04
42                                     5.5530572138605405e-05
43                                     6.4489242149463194e-04
44                                    -5.8190760048477952e-04
45                                    -2.6809634140231159e-04
46                                    -5.8164504657420846e-04
47                                     3.0692936397642458e-04
48                                    -4.4430100355127844e-04
49                                    -1.7597815958121654e-04
50                                    -9.0692730164068300e-04
51                                     6.3004332843986932e-05
52                                    -2.7828153170705860e-06
53                                     1.1564775148215564e-03
54                                     3.2385169868857921e-04
55                                    -1.5124261389509730e-04
56                                    -2.3281686158372478e-04
57                                    -1.5579214606629976e-04
58                                     4.0321230649636303e-04
59                                    -1.0494356932692905e-04
60                                    -9.9835037770820700e-05
61                                    -4.0238019167276873e-04
62                                    -1.5716683692890490e-04
63                                     7.6978355649917618e-05
64                                    -1.5390718133234671e-04
65                                     1.1405138178446315e-03
66                                     2.9033198805815397e-04
67                                     2.3328390625632078e-04
68                                    -1.9151213188831062e-04
69                                    -9.3476025833788556e-06
70                                     1.1498787172423142e-04
71                                    -1.8300950070035404e-04
72                                    -2.5986832203492294e-05
73                                    -1.2735127206900398e-04
74                                     1.3873620789903174e-06
75                                    -4.4148057003687291e-05
76                                     1.2020453683548454e-04
77                                     1.9477203285461764e-05
78                                     5.9241646356913980e-06
79                                    -8.5458438998223252e-05
80                                    -1.9952304003268556e-04
81                                    -2.1137631840695281e-07
82                                     5.6240590862011164e-05
83                                    -2.5952308859926443e-05
84                                     1.2787573592630205e-05
85                                    -3.2908483033944336e-05
86                                    -4.7288153650487663e-05
87                                     5.5261717380544750e-05
88                                     2.4284063197162198e-05
89                                     9.0429349237503009e-06
90                                    -7.3903301190808568e-06
91                                    -8.0270474960009164e-05
92                                     1.0437315167859118e-05
93                                    -6.8125153383780113e-05
94                                    -4.5193886001125561e-05
95                                     2.5823468256802595e-06
96                                     7.0314189873077471e-06
97                                     7.5076570148935318e-05
98                                    -1.2012093102822807e-05
99                                     3.0124155885935533e-05
100                                    3.1719714273056865e-05
101                                    5.0040677827600799e-05
102                                   -3.7766272253797473e-06
103                                   -9.1102743274146247e-05
104                                   -1.2114984674974072e-05
105                                    7.9824674600669637e-05
106                                    2.2201951195871539e-05
107                                    5.3541829654862871e-05
108                                    3.5136003092367529e-04
109                                   -3.4520825683458101e-04
110                                    1.1242000031529142e-04
111                                   -1.3828720593794808e-04
112                                    2.7210501077683247e-04
113                                    3.1808826503963716e-04
114                                    2.9460457849767030e-04
115                                    3.5684749647008074e-04
116                                    1.5261819517785324e-04
117                                   -8.9112965555693258e-05
118                                   -3.3638331884443262e-04
119                                    2.7883289245811405e-04
120                                    3.3065830876862629e-05
121                                    3.6579625142862948e-05
122                                    6.0002220800142031e-05
123                                    2.6082141926231373e-05
124                                    1.3915009280440760e-05
125                                   -7.9112637170683509e-06
126                                    2.7861931355482872e-05
127                                   -6.2483765120024959e-06
128                                   -1.1306568003570383e-05
129                                    3.7656607700128561e-05
130                                   -3.8198725379884335e-05
131                                    5.2053043956732173e-05
   &Method [&Type "String"] "SCF"
   &Level [&Type "String"] "Relaxed density"
   &Mult [&Type "Integer"] 1
   &State [&Type "Integer"] 0
   &Irrep [&Type "Integer"] 0
$End
$Geometry
   &GeometryIndex 11
   &NAtoms [&Type "Integer"] 44
   &NCorelessECP [&Type "Integer"] 0
   &NGhostAtoms [&Type "Integer"] 0
   &CartesianCoordinates [&Type "Coordinates", &Dim(44,4), &Units "Bohr"] 
              C    -11.253627816627   -0.405084803859    3.100431625420
              C     -9.445088903940    0.479509939832    1.017113527189
              C     -9.372380572471   -1.339215353232   -1.239956654608
              C     -7.649750563388   -0.491933600250   -3.416746096542
              N     -4.980277430481   -0.328132275981   -2.727063295184
              C     -3.688819333884    1.932552178417   -2.221863305649
              O     -4.616299040226    4.049719130128   -2.268687076020
              C     -1.044415639790    1.204221102901   -1.647729276155
              C     -0.847974023307   -1.390254319173   -1.832207441526
              C     -3.360498738293   -2.416003017006   -2.531292419312
              O     -3.967145762297   -4.619065948546   -2.887493191080
              C      1.417083294027   -2.719104197891   -1.373699915657
              N      1.469916943484   -5.259766930486   -1.631742930873
              C      3.541620956853   -1.193641886371   -0.653037089953
              C      3.337210482178    1.503324713118   -0.460629296942
              C      1.000750172967    2.779580891653   -0.981956468771
              N      0.670044653888    5.310092571557   -0.878095391208
              C      5.541029153536    3.034246511911    0.304839915584
              O      5.429021952440    5.370345414225    0.504731343522
              C      7.965148777785    1.731235752620    0.852460660115
              C      8.165194457954   -0.908279868319    0.664492601081
              C      5.958083757780   -2.469465547506   -0.087730634082
              O      6.199630374834   -4.800479649799   -0.221481684769
              C     10.474937327820   -2.094899637889    1.189787950559
              C     12.563088104599   -0.660224745674    1.894268156607
              C     12.363457607723    1.974844817560    2.081581957189
              C     10.076413928167    3.164881306530    1.563951122643
              H    -10.704546553222   -2.266714275622    3.829772620563
              H    -11.266238143991    0.917233935236    4.694397031166
              H    -13.196855634105   -0.558764821198    2.393508069445
              H     -9.997643978648    2.370189093813    0.361750874694
              H     -7.536922312127    0.682230790470    1.807185475601
              H     -8.780828988220   -3.227653374249   -0.617364755450
              H    -11.285779192117   -1.551690440448   -2.021096873507
              H     -8.185408539614    1.387977228637   -4.090980548875
              H     -7.796970517901   -1.823291710172   -4.993341134086
              H     -0.156383472087   -6.161695637951   -2.076167944915
              H      3.093032754781   -6.171064810582   -1.186905515001
              H     -1.078065105102    6.011710124053   -1.206421262962
              H      2.142979448138    6.381962892040   -0.291312225142
              H     10.581329884826   -4.136005049601    1.032082668150
              H     14.351294845595   -1.585676506731    2.298783869539
              H     13.996925905634    3.091754046154    2.631136933368
              H      9.873725439032    5.200495967685    1.696212052633
$End
$SCF_Energy
   &GeometryIndex 11
   &Method [&Type "String"] "SCF"
   &totalEnergy [&Type "ArrayOfDoubles", &Dim (1,1)] "Total energy of each state"
                                                         0

0                                     -1.2368857345416468e+03
   &Mult [&Type "ArrayOfIntegers", &Dim (1,1)] "Multiplicity of each state"
                                                         0

0                                                        1
$End
$DFT_Energy
   &GeometryIndex 11
   &nAlphaEl [&Type "Integer"] 95
   &nBetaEl [&Type "Integer"] 95
   &nTotalEl [&Type "Integer"] 190
   &finalEn [&Type "Double"]      -1.2368857345416468e+03  "No Van der Waals correction"
   &eExchange [&Type "Double"]      -1.2931030244957489e+02
   &eCorr [&Type "Double"]      -7.7116781192955823e+00
   &eXC [&Type "Double"]      -1.3702198056887048e+02
   &eCNL [&Type "Double"]       0.0000000000000000e+00
$End
$SCF_Timings
   &GeometryIndex 11
   &TOTAL [&Type "Double"]       3.9121724000000000e+01
   &PREP [&Type "Double"]       6.9962299999999999e-01
   &FOCK [&Type "Double"]       3.6164210000000004e+01
   &DENS [&Type "Double"]       9.8936999999995834e-02
   &ETOT [&Type "Double"]       3.8506999999996516e-02
   &POP [&Type "Double"]       1.0000000045806701e-06
   &TRAFO [&Type "Double"]       1.3003499999999946e-01
   &DIIS [&Type "Double"]       2.7992799999999907e-01
   &SOSCF [&Type "Double"]       3.5119100000000536e-01
   &XC [&Type "Double"]       3.6015100000000064e+00
   &FOCKSTART [&Type "Double"]       1.7290999999999390e-02
   &INT_PREP [&Type "Double"]       7.0000000054193379e-06
   &INT_BF [&Type "Double"]       1.0856170000001093e+00
   &INT_DENS [&Type "Double"]       9.2298799999995840e-01
   &INT_DENSIO [&Type "Double"]       8.0378419223000179e+04
   &INT_FUNC [&Type "Double"]       1.1954399999993903e-01
   &INT_POT [&Type "Double"]       7.6176299999994335e-01
   &INT_POTIO [&Type "Double"]       3.0984999999947860e-02
   &INT_SUM [&Type "Double"]       6.8500000000071282e-04
   &SPLITRIJ [&Type "Double"]       4.1964649999999972e+00
   &COSX [&Type "Double"]       3.0136021000000000e+01
$End
$Single_Point_Data
   &GeometryIndex 11
   &FinalEnergy [&Type "Double"]      -1.2368857345416468e+03  "Final single point energy"
   &Converged [&Type "Boolean"] true
$End
$SCF_Nuc_Gradient
   &GeometryIndex 11
   &NAtoms [&Type "Integer"] 44
   &gradNorm [&Type "Double"]       2.2553070216603079e-03
   &grad [&Type "ArrayOfDoubles", &Dim (132,1)] 
                                                         0

0                                     -8.7546169323833578e-05
1                                     -6.3529038751872907e-05
2                                      7.7197533303909049e-05
3                                      1.0464933551488156e-04
4                                      1.0433816097475679e-04
5                                     -3.8537215705299055e-05
6                                     -1.4488759217870517e-04
7                                     -5.9312201249106522e-05
8                                     -1.0866326323795070e-04
9                                      7.8027652043292234e-05
10                                    -1.0520726010480874e-05
11                                     1.7327489658509887e-04
12                                    -2.1195358911875462e-04
13                                     6.3197236647430030e-05
14                                    -4.4851356423463579e-04
15                                    -1.6311414951064584e-04
16                                     6.7379978285111997e-04
17                                     3.9548463689285246e-04
18                                     5.0242959363594464e-05
19                                    -5.5834939657994909e-05
20                                    -7.7485121995450601e-06
21                                     2.9620280596510257e-04
22                                     3.6270207607516647e-04
23                                    -1.0371114331103951e-04
24                                     3.3823234956963794e-04
25                                    -2.9622516795341225e-04
26                                    -1.5301217510573645e-04
27                                    -3.9423653703726802e-05
28                                    -7.7630678653262120e-04
29                                     2.7265068806775483e-04
30                                     4.1132188235787348e-05
31                                     6.3166473561471204e-05
32                                     7.9065595877669814e-06
33                                    -1.3403981621036565e-04
34                                     1.1242473148290882e-04
35                                     1.4611668651696996e-04
36                                    -5.2725088549571836e-04
37                                    -9.7026572498715158e-05
38                                    -6.5759182016967774e-04
39                                     4.4331288549942505e-05
40                                    -2.1865164376853874e-04
41                                    -2.3162985025799651e-04
42                                     3.0766571571042012e-06
43                                     2.5182320480048731e-04
44                                    -1.9073400878290118e-04
45                                    -1.0345048246556202e-04
46                                    -1.5395210049531233e-04
47                                     1.2287658925538847e-04
48                                    -5.2039820326833797e-04
49                                     1.2514321152988506e-04
50                                    -6.2716517961011742e-04
51                                    -4.5754292081930104e-05
52                                     5.9302138210592936e-06
53                                     1.2544821974273118e-04
54                                    -9.0542398781191108e-05
55                                     1.2564515248436603e-04
56                                    -8.8007665318433348e-05
57                                     1.6852235567267615e-04
58                                     4.3314687797765816e-05
59                                     1.4602296686816799e-04
60                                     1.7625655348711688e-04
61                                    -3.6878035794052355e-05
62                                     1.4458016374143887e-04
63                                    -4.8238318257572133e-05
64                                    -2.6012306698186549e-05
65                                     1.3123221777432484e-04
66                                    -5.9006416180867882e-05
67                                    -1.2355125739649253e-04
68                                    -1.0187854956129894e-04
69                                    -2.3329267719904290e-05
70                                     9.4468496713767669e-05
71                                    -7.4228338102916291e-05
72                                    -4.4074816943906470e-06
73                                    -1.3764783681197157e-04
74                                    -4.0605649304255309e-06
75                                    -2.4108799932115454e-05
76                                     1.3544059409301146e-04
77                                     1.5430711403828512e-05
78                                    -9.8104251443492663e-06
79                                    -8.3361695354722265e-05
80                                    -8.7011033908564878e-05
81                                    -2.3267222716213953e-06
82                                     3.4651457878370762e-05
83                                    -7.6862205744959722e-06
84                                     4.8845185677695926e-06
85                                    -1.6201482816918800e-05
86                                    -2.6103221938300614e-05
87                                     2.4834108436622149e-05
88                                     1.2136871633235471e-05
89                                     1.6850324088220348e-05
90                                    -1.0678629277449669e-05
91                                    -4.6777241718726215e-05
92                                     7.2414100882114973e-06
93                                    -5.0774599917924323e-05
94                                    -1.6422714204714778e-05
95                                     1.0651319621288180e-05
96                                     2.0974818170815812e-05
97                                     4.8483349061961833e-05
98                                    -9.7995670064882079e-06
99                                     2.0892108237358098e-05
100                                    3.5203056946122441e-05
101                                    3.6026460147706163e-05
102                                    6.0682654718369200e-06
103                                   -2.8841186117956052e-05
104                                   -3.9143111393163954e-06
105                                    4.3858050591219500e-05
106                                   -1.6608027492287514e-05
107                                    2.8389563432540399e-05
108                                    1.0695543824784659e-04
109                                   -4.8379163830006289e-05
110                                    3.1389369056319949e-05
111                                    2.7482108339077493e-04
112                                    3.2000113841856859e-04
113                                    5.2569868897166944e-04
114                                    8.2803885664256560e-05
115                                    4.9569530151991059e-05
116                                    2.8788003738289270e-05
117                                    3.3300121170026786e-04
118                                   -3.5564672454047042e-04
119                                    4.7323443139275084e-04
120                                    3.1071953961757381e-05
121                                    7.8338796729859883e-06
122                                    3.8887897053203890e-05
123                                    9.7755979344693600e-06
124                                   -5.8015754286211418e-06
125                                   -1.0093054278584312e-05
126                                    8.4989908010757453e-06
127                                    1.0477686288229426e-05
128                                   -1.0568437080700488e-05
129                                    3.1927644838900329e-05
130                                   -6.2625587397557858e-06
131                                    3.5278329410283471e-05
   &Method [&Type "String"] "SCF"
   &Level [&Type "String"] "Relaxed density"
   &Mult [&Type "Integer"] 1
   &State [&Type "Integer"] 0
   &Irrep [&Type "Integer"] 0
$End
$Geometry
   &GeometryIndex 12
   &NAtoms [&Type "Integer"] 44
   &NCorelessECP [&Type "Integer"] 0
   &NGhostAtoms [&Type "Integer"] 0
   &CartesianCoordinates [&Type "Coordinates", &Dim(44,4), &Units "Bohr"] 
              C    -11.280547059093   -0.411206215025    3.078075076364
              C     -9.462429733581    0.476855359027    1.005115457608
              C     -9.377592768876   -1.338254459063   -1.254167335005
              C     -7.642595627437   -0.487305727198   -3.419348739247
              N     -4.977367042924   -0.326226746674   -2.711890153120
              C     -3.685516060817    1.933489430154   -2.206010092803
              O     -4.609863712290    4.051852292063   -2.264768093109
              C     -1.045332032337    1.202897405373   -1.613552315809
              C     -0.849939784252   -1.390489246146   -1.796716506873
              C     -3.358869181043   -2.414073824032   -2.513511945312
              O     -3.963772308050   -4.616054671608   -2.879996452894
              C      1.414034572706   -2.721725308518   -1.333960035597
              N      1.463058597476   -5.263225004312   -1.580483978561
              C      3.541048740124   -1.194442593548   -0.626405536504
              C      3.337762080420    1.501894393275   -0.435341808320
              C      0.999589955598    2.779012556690   -0.944708837714
              N      0.666922413677    5.308499637247   -0.831963900662
              C      5.548288276829    3.034899929419    0.300616898364
              O      5.439464311285    5.372922141186    0.485123255245
              C      7.975005203883    1.732265510483    0.838759672861
              C      8.174020473711   -0.907333406951    0.651786630033
              C      5.963101765343   -2.468663749372   -0.089705438642
              O      6.205834831408   -4.799257079945   -0.236899054716
              C     10.484697242067   -2.094446947354    1.172039315648
              C     12.574582842288   -0.659639931012    1.871485150953
              C     12.375994474327    1.975500248515    2.057779931715
              C     10.088212491055    3.166107611349    1.544213917750
              H    -10.733268004906   -2.272905329676    3.808962289226
              H    -11.303209138331    0.909913081534    4.673083709709
              H    -13.219992554021   -0.566775836853    2.360877889181
              H    -10.012616811038    2.368426743958    0.349641319200
              H     -7.557977949418    0.679835000904    1.804505171377
              H     -8.790315517609   -3.228189128083   -0.631461851026
              H    -11.286524533738   -1.549116096954   -2.046905281768
              H     -8.172951465024    1.394826303411   -4.091994955160
              H     -7.781839648975   -1.814854090320   -5.000005307707
              H     -0.161234869456   -6.159881673973   -2.043411987990
              H      3.098225532155   -6.172608331933   -1.176358219532
              H     -1.078118067218    6.008870050383   -1.179718265530
              H      2.152175409772    6.385485250887   -0.285947748703
              H     10.589998913441   -4.135675282531    1.014265801126
              H     14.363165848958   -1.585392995320    2.273489179445
              H     14.010638944123    3.092240912996    2.604059019745
              H      9.886050911996    5.201949817545    1.674840183554
$End
$SCF_Energy
   &GeometryIndex 12
   &Method [&Type "String"] "SCF"
   &totalEnergy [&Type "ArrayOfDoubles", &Dim (1,1)] "Total energy of each state"
                                                         0

0                                     -1.2368857615797460e+03
   &Mult [&Type "ArrayOfIntegers", &Dim (1,1)] "Multiplicity of each state"
                                                         0

0                                                        1
$End
$DFT_Energy
   &GeometryIndex 12
   &nAlphaEl [&Type "Integer"] 95
   &nBetaEl [&Type "Integer"] 95
   &nTotalEl [&Type "Integer"] 190
   &finalEn [&Type "Double"]      -1.2368857615797460e+03  "No Van der Waals correction"
   &eExchange [&Type "Double"]      -1.2931065529421312e+02
   &eCorr [&Type "Double"]      -7.7117560194881065e+00
   &eXC [&Type "Double"]      -1.3702241131370124e+02
   &eCNL [&Type "Double"]       0.0000000000000000e+00
$End
$SCF_Timings
   &GeometryIndex 12
   &TOTAL [&Type "Double"]       3.5916097000000001e+01
   &PREP [&Type "Double"]       6.9919500000000001e-01
   &FOCK [&Type "Double"]       3.2938558999999998e+01
   &DENS [&Type "Double"]       8.2417000000003071e-02
   &ETOT [&Type "Double"]       3.2783999999999480e-02
   &TRAFO [&Type "Double"]       1.2013799999999719e-01
   &DIIS [&Type "Double"]       2.7930499999999903e-01
   &SOSCF [&Type "Double"]       2.9026500000000066e-01
   &XC [&Type "Double"]       3.2476010000000013e+00
   &FOCKSTART [&Type "Double"]       1.1784000000004236e-02
   &INT_PREP [&Type "Double"]       7.0000000054193379e-06
   &INT_BF [&Type "Double"]       9.2643200000008274e-01
   &INT_DENS [&Type "Double"]       8.3620199999994416e-01
   &INT_DENSIO [&Type "Double"]       6.4217043665000136e+04
   &INT_FUNC [&Type "Double"]       1.0151699999994079e-01
   &INT_POT [&Type "Double"]       7.5788499999989511e-01
   &INT_POTIO [&Type "Double"]       2.5874000000088770e-02
   &INT_SUM [&Type "Double"]       7.1900000000102438e-04
   &SPLITRIJ [&Type "Double"]       3.6917350000000049e+00
   &COSX [&Type "Double"]       2.7921452000000002e+01
$End
$Single_Point_Data
   &GeometryIndex 12
   &FinalEnergy [&Type "Double"]      -1.2368857615797460e+03  "Final single point energy"
   &Converged [&Type "Boolean"] true
$End
$SCF_Nuc_Gradient
   &GeometryIndex 12
   &NAtoms [&Type "Integer"] 44
   &gradNorm [&Type "Double"]       2.1738845826662339e-03
   &grad [&Type "ArrayOfDoubles", &Dim (132,1)] 
                                                         0

0                                     -3.2316285699801606e-06
1                                     -4.9542836572085552e-06
2                                     -2.1581193212105720e-05
3                                      2.3150657171629174e-05
4                                     -3.2256754957132872e-05
5                                     -1.2721162598889474e-05
6                                     -5.6669044298962579e-05
7                                      3.3072387411486881e-05
8                                     -6.8015092001119659e-05
9                                      1.5748178016632142e-05
10                                    -5.7300408813049097e-05
11                                     1.7857202509979908e-04
12                                    -1.3906130191174149e-04
13                                     3.5108926067766583e-05
14                                    -7.3901443656605725e-05
15                                    -1.3282063647901410e-04
16                                     5.0771293212537039e-04
17                                     8.3373897070325442e-05
18                                    -4.5153981074103067e-05
19                                    -2.3753069291754247e-05
20                                    -6.1656000680896522e-05
21                                     3.1873827049355707e-04
22                                    -4.0778799617857686e-04
23                                    -2.0047577192394174e-04
24                                     2.5462589796567542e-04
25                                     4.6552734365085113e-04
26                                    -1.3078953413982186e-04
27                                    -4.4735673956325384e-05
28                                    -5.3833693081517531e-04
29                                    -1.3746967320156511e-05
30                                    -4.3606202862700449e-05
31                                     2.3042514756765886e-05
32                                    -4.5415056089917472e-05
33                                     5.4581458125063653e-05
34                                    -1.9994897076011653e-04
35                                     3.9752255766315261e-04
36                                    -1.8310367326923593e-04
37                                    -3.2226671093504855e-04
38                                    -5.4350052824417988e-04
39                                     6.4675873254087246e-05
40                                     9.7037742350480904e-05
41                                     3.6064111505208427e-05
42                                     8.9703149590517062e-05
43                                    -1.0438448626860081e-04
44                                     1.7756564723081514e-05
45                                     1.9118380521876421e-05
46                                     1.6641820033147514e-04
47                                     4.1486894591787060e-04
48                                    -2.6200262080695869e-04
49                                     3.8408421192098752e-04
50                                    -4.9381578623159533e-04
51                                    -2.6190356438837367e-04
52                                    -2.0740929811635667e-04
53                                    -8.9836750862323095e-05
54                                    -3.4363571699497220e-04
55                                     3.4055448536074451e-04
56                                    -1.7333510660152984e-04
57                                     2.4806020088999348e-04
58                                    -1.4414581027780149e-04
59                                     3.0852498239156145e-05
60                                     2.2623049601694367e-04
61                                     1.8133608584554317e-04
62                                     5.3814224063461480e-05
63                                    -2.9920663130513642e-04
64                                     1.7338532058408518e-04
65                                    -7.1632671789485444e-05
66                                    -3.1458917160942512e-04
67                                    -3.6447439340786536e-04
68                                    -2.2056699431353272e-04
69                                    -3.3038205491310590e-05
70                                     1.6033792531525148e-05
71                                     1.5748430472596261e-05
72                                     1.8538157385727949e-05
73                                    -4.4355793424835643e-05
74                                     1.1630179807521623e-05
75                                     1.0922387565406866e-05
76                                     4.7791295479854279e-05
77                                     1.7019407284522142e-05
78                                    -2.8183054665224805e-05
79                                    -2.2864230424496368e-05
80                                     1.0030908935466237e-05
81                                     1.8393397121507782e-06
82                                    -6.0919495125100198e-06
83                                     7.0455669188354553e-06
84                                     2.6050482870333680e-07
85                                     1.2542035614376834e-05
86                                     5.9813497103045066e-06
87                                    -1.2974795711162557e-05
88                                    -2.6250053731177725e-06
89                                     6.1128972677973459e-06
90                                    -7.1087513044618134e-06
91                                     1.0112047293842075e-05
92                                    -1.8375552150451391e-06
93                                     6.2681493345762007e-07
94                                     9.5752078772617932e-06
95                                     1.5859835672205058e-05
96                                     1.3308922908565612e-05
97                                    -1.1324644915849946e-05
98                                     5.5821651208445844e-06
99                                     3.7233749916321113e-06
100                                    1.9627815761764922e-05
101                                   -5.5025187308127554e-06
102                                   -4.9215672341673677e-07
103                                    2.6436775906135690e-05
104                                   -7.8085069949093699e-06
105                                   -1.0518609755899577e-05
106                                   -3.4453643783710630e-05
107                                   -1.9326684975173869e-06
108                                   -1.2570541359258058e-04
109                                    1.7088118837449429e-04
110                                    7.6323861262307668e-05
111                                    5.1628014798707489e-04
112                                    2.7429287358002319e-04
113                                    4.2182215049417493e-04
114                                   -9.9144212262786136e-05
115                                   -2.0739339905040399e-04
116                                    3.7133337742349670e-05
117                                    5.6274377896731176e-04
118                                   -2.6111332649494945e-04
119                                    3.8813297267680652e-04
120                                    1.4779532603675927e-05
121                                   -1.5623601061720560e-05
122                                    7.9922746959778385e-06
123                                   -1.0752164330440905e-05
124                                   -1.0186446939328131e-05
125                                   -4.6307434301492978e-06
126                                   -1.2877678622014166e-05
127                                    1.0407590232325292e-05
128                                   -4.1422407999619493e-06
129                                    1.2859301402313311e-05
130                                    1.8070385587709570e-05
131                                    7.6041010270977427e-06
   &Method [&Type "String"] "SCF"
   &Level [&Type "String"] "Relaxed density"
   &Mult [&Type "Integer"] 1
   &State [&Type "Integer"] 0
   &Irrep [&Type "Integer"] 0
$End
$Geometry
   &GeometryIndex 13
   &NAtoms [&Type "Integer"] 44
   &NCorelessECP [&Type "Integer"] 0
   &NGhostAtoms [&Type "Integer"] 0
   &CartesianCoordinates [&Type "Coordinates", &Dim(44,4), &Units "Bohr"] 
              C    -11.296920354849   -0.413124152563    3.064717799908
              C     -9.472767241398    0.476199870881    0.997846050740
              C     -9.380058349484   -1.337951136113   -1.261821045216
              C     -7.638021005099   -0.485167239324   -3.420621020259
              N     -4.975479876405   -0.325621264661   -2.702346090625
              C     -3.683929283332    1.932976731891   -2.193957491405
              O     -4.606625045835    4.052026181839   -2.257633576737
              C     -1.045767571445    1.201921958559   -1.594390807257
              C     -0.850825820420   -1.391230466876   -1.777311526169
              C     -3.358171251171   -2.413241554377   -2.500911898242
              O     -3.962085067673   -4.614792535094   -2.872225800019
              C      1.413545457695   -2.723019828339   -1.316319792729
              N      1.458826586397   -5.265301252677   -1.556023123627
              C      3.542106005962   -1.195232917275   -0.614817353554
              C      3.339147579426    1.501116024525   -0.423972032183
              C      0.999977268614    2.778276744100   -0.927571615635
              N      0.664811479250    5.307208373360   -0.808949180536
              C      5.552689919554    3.034989140854    0.300627957958
              O      5.445309501190    5.373216202258    0.481680068212
              C      7.980412625677    1.732679087629    0.833175219424
              C      8.179251696750   -0.906883836108    0.646190012290
              C      5.967100871760   -2.468582239101   -0.089529701682
              O      6.211227490866   -4.798653203952   -0.240355089704
              C     10.491090814238   -2.093821584131    1.161894927541
              C     12.582170038983   -0.658646750147    1.857127293719
              C     12.383744006446    1.976379688882    2.043485435673
              C     10.094908095229    3.166875047907    1.534198444961
              H    -10.751156788562   -2.274779309165    3.796896945832
              H    -11.325464346078    0.907557258200    4.659998776285
              H    -13.233962163387   -0.569551288787    2.341188320463
              H    -10.021454742416    2.367879594748    0.341284907168
              H     -7.570753228222    0.679701400254    1.802991266359
              H     -8.794534779319   -3.228130658955   -0.638157910121
              H    -11.286264439457   -1.549105930024   -2.061157641172
              H     -8.165380831046    1.397933683843   -4.092801203227
              H     -7.772110237220   -1.810776405071   -5.003301427898
              H     -0.164650703097   -6.158635873131   -2.028733236663
              H      3.096536828040   -6.177366636957   -1.169943307574
              H     -1.078863291648    6.006583441284   -1.166218481717
              H      2.152680839049    6.389319243725   -0.281478884349
              H     10.596103925525   -4.134991148639    1.003551307774
              H     14.371559935241   -1.584164712105    2.256106299379
              H     14.019330646757    3.093216053594    2.586773037497
              H      9.892714767121    5.202716195239    1.664301193914
$End
$SCF_Energy
   &GeometryIndex 13
   &Method [&Type "String"] "SCF"
   &totalEnergy [&Type "ArrayOfDoubles", &Dim (1,1)] "Total energy of each state"
                                                         0

0                                     -1.2368857861680474e+03
   &Mult [&Type "ArrayOfIntegers", &Dim (1,1)] "Multiplicity of each state"
                                                         0

0                                                        1
$End
$DFT_Energy
   &GeometryIndex 13
   &nAlphaEl [&Type "Integer"] 95
   &nBetaEl [&Type "Integer"] 95
   &nTotalEl [&Type "Integer"] 190
   &finalEn [&Type "Double"]      -1.2368857861680474e+03  "No Van der Waals correction"
   &eExchange [&Type "Double"]      -1.2931108489629838e+02
   &eCorr [&Type "Double"]      -7.7117895874356757e+00
   &eXC [&Type "Double"]      -1.3702287448373406e+02
   &eCNL [&Type "Double"]       0.0000000000000000e+00
$End
$SCF_Timings
   &GeometryIndex 13
   &TOTAL [&Type "Double"]       3.6012664000000001e+01
   &PREP [&Type "Double"]       7.0452500000000007e-01
   &FOCK [&Type "Double"]       3.3346535000000003e+01
   &DENS [&Type "Double"]       8.2100000000004059e-02
   &ETOT [&Type "Double"]       3.0758999999996206e-02
   &POP [&Type "Double"]       9.9999999747524271e-07
   &TRAFO [&Type "Double"]       4.8732000000001108e-02
   &DIIS [&Type "Double"]       6.3717999999999719e-02
   &SOSCF [&Type "Double"]       3.9863899999999930e-01
   &XC [&Type "Double"]       3.1916480000000025e+00
   &FOCKSTART [&Type "Double"]       1.4600999999996755e-02
   &INT_PREP [&Type "Double"]       6.0000000043913815e-06
   &INT_BF [&Type "Double"]       9.1774299999997755e-01
   &INT_DENS [&Type "Double"]       8.2044600000004042e-01
   &INT_DENSIO [&Type "Double"]       7.1187262379000225e+04
   &INT_FUNC [&Type "Double"]       9.9234999999946893e-02
   &INT_POT [&Type "Double"]       7.1303899999991760e-01
   &INT_POTIO [&Type "Double"]       2.4884000000138684e-02
   &INT_SUM [&Type "Double"]       5.7200000000268147e-04
   &SPLITRIJ [&Type "Double"]       3.7162520000000061e+00
   &COSX [&Type "Double"]       2.8138252000000005e+01
$End
$Single_Point_Data
   &GeometryIndex 13
   &FinalEnergy [&Type "Double"]      -1.2368857861680474e+03  "Final single point energy"
   &Converged [&Type "Boolean"] true
$End
$SCF_Nuc_Gradient
   &GeometryIndex 13
   &NAtoms [&Type "Integer"] 44
   &gradNorm [&Type "Double"]       1.7920701261122524e-03
   &grad [&Type "ArrayOfDoubles", &Dim (132,1)] 
                                                         0

0                                      2.9613448975267936e-05
1                                      2.2878715069896138e-05
2                                     -4.2236336886006254e-05
3                                     -2.4410296613049109e-05
4                                     -6.9742377784759446e-05
5                                      2.8904140572383330e-06
6                                      2.7367060759515838e-05
7                                      4.8989185189154960e-05
8                                      1.3306304521877588e-06
9                                     -5.2941241504012027e-06
10                                    -3.8346554820548745e-05
11                                     4.8078251453989584e-05
12                                    -4.8309787682304650e-06
13                                     1.6078688863926938e-05
14                                     4.3560915909589271e-05
15                                    -1.3869476276404114e-04
16                                     2.2002755808150920e-04
17                                     5.4416228534796829e-05
18                                    -2.7136850319575689e-05
19                                    -3.5473278821696042e-05
20                                    -8.8403428042532761e-05
21                                     1.8795861864205621e-04
22                                    -5.4443382455515721e-04
23                                    -1.5819487476220750e-04
24                                     9.4766563462259090e-05
25                                     5.7636599627913787e-04
26                                    -8.1962527038487165e-05
27                                    -1.0235624402105126e-04
28                                    -2.5022050016820785e-04
29                                     1.8429447808859800e-05
30                                    -2.8470966447285972e-05
31                                     4.9263436518898196e-05
32                                    -7.4848221007672855e-05
33                                     1.3978278434439995e-04
34                                    -2.0631651940758444e-04
35                                     2.3496049840223202e-04
36                                    -4.1042505244739957e-05
37                                    -3.2516942239732560e-04
38                                    -3.9836389570528999e-04
39                                     5.5343816552533287e-05
40                                     1.7969625876166490e-04
41                                     1.6195108166512651e-04
42                                     6.8555073507628461e-05
43                                    -1.8007013818382989e-04
44                                     1.3318354144281619e-04
45                                     1.1374533268797282e-04
46                                     1.7449984695994125e-04
47                                     2.7301907763426989e-04
48                                    -6.7910489252483164e-05
49                                     3.7656729757762353e-04
50                                    -3.4042839751293082e-04
51                                    -2.3097495984703009e-04
52                                    -1.9242231780003394e-04
53                                    -2.0172695951294062e-04
54                                    -2.7910816417478848e-04
55                                     2.6297362064309215e-04
56                                    -1.2455206225359811e-04
57                                     1.3385471054008780e-04
58                                    -1.2340221789357980e-04
59                                    -5.7859128083093125e-06
60                                     1.2036028135070653e-04
61                                     1.3690286024065079e-04
62                                     1.4100431015504067e-05
63                                    -2.6299666651651010e-04
64                                     1.8883346920062216e-04
65                                    -1.5645113523941878e-04
66                                    -1.9700582344274464e-04
67                                    -2.7774496369409318e-04
68                                    -1.6596412746755149e-04
69                                    -3.3613536724569348e-05
70                                    -3.8435545254150716e-05
71                                     4.8882843788143615e-05
72                                     2.0229583616276914e-05
73                                     2.8409858039681046e-05
74                                     8.3411600663371721e-06
75                                     2.2825148104727022e-05
76                                    -2.3990766649037432e-05
77                                     3.0620434132641594e-06
78                                    -3.9388876670445883e-05
79                                     2.5586953977863036e-05
80                                     5.4126508757697256e-05
81                                    -1.4880405009437547e-06
82                                    -1.2801543735674326e-05
83                                     7.9623922131372149e-06
84                                    -2.8165275886074537e-06
85                                     1.2320822904282602e-05
86                                     8.6782002889362886e-06
87                                    -1.4962034339177643e-05
88                                    -6.8208468347943918e-06
89                                     1.5631440856839207e-06
90                                     1.1791054320559047e-06
91                                     2.5395847437242880e-05
92                                    -3.2521838393070879e-06
93                                     1.7707014972723201e-05
94                                     1.4074950400219666e-05
95                                     7.7176118963434570e-06
96                                    -1.6490299066251879e-06
97                                    -2.6626004668156567e-05
98                                     9.2550976324920486e-06
99                                    -5.9387365997087826e-07
100                                    5.8354060832738197e-06
101                                   -2.5906956653401481e-05
102                                   -3.6118877817237216e-06
103                                    2.0566961595303024e-05
104                                   -9.2494087130107205e-06
105                                   -3.3975383624689631e-05
106                                   -1.6478164201555456e-05
107                                   -6.9983420164509980e-06
108                                   -1.8931630063362404e-04
109                                    1.8747632988580509e-04
110                                    6.4012977344374278e-05
111                                    4.2214377359708899e-04
112                                    1.4127977727258767e-04
113                                    3.5301417365873888e-04
114                                   -1.5872406941241923e-04
115                                   -2.2016812810214670e-04
116                                    3.5952321068455362e-05
117                                    4.5433542425535323e-04
118                                   -1.2722947729321143e-04
119                                    3.1441506783452811e-04
120                                    2.3472257950837849e-06
121                                   -8.0501021967882558e-06
122                                   -1.1406526730917826e-05
123                                   -1.1105855441950752e-05
124                                   -9.7533259565268926e-06
125                                    2.7881669896340222e-06
126                                   -1.2275432478420223e-05
127                                    9.0390672256301929e-06
128                                    2.7636682464887707e-06
129                                    1.6386423976385428e-06
130                                    1.0633112948466028e-05
131                                   -1.2724640726284944e-05
   &Method [&Type "String"] "SCF"
   &Level [&Type "String"] "Relaxed density"
   &Mult [&Type "Integer"] 1
   &State [&Type "Integer"] 0
   &Irrep [&Type "Integer"] 0
$End
$Geometry
   &GeometryIndex 14
   &NAtoms [&Type "Integer"] 44
   &NCorelessECP [&Type "Integer"] 0
   &NGhostAtoms [&Type "Integer"] 0
   &CartesianCoordinates [&Type "Coordinates", &Dim(44,4), &Units "Bohr"] 
              C    -11.322609783812   -0.417655686619    3.045406792673
              C     -9.490184798902    0.475062845542    0.987537982481
              C     -9.383998428192   -1.338110520404   -1.272286607876
              C     -7.631496466094   -0.481792531320   -3.421348142857
              N     -4.972820500224   -0.324140149343   -2.687760475540
              C     -3.681774227306    1.933003680964   -2.175610975412
              O     -4.602580826383    4.052991813800   -2.243416454309
              C     -1.046682202188    1.201696017560   -1.566452454531
              C     -0.852327019680   -1.391677491291   -1.748692580200
              C     -3.357026799897   -2.411406284007   -2.481758993981
              O     -3.959697880617   -4.612891907261   -2.857008637139
              C      1.412990887551   -2.723303092409   -1.291520345726
              N      1.454107493052   -5.266266140844   -1.521426398270
              C      3.543953073688   -1.195260030815   -0.599077104285
              C      3.341964561666    1.501478902846   -0.409141077349
              C      1.000712034356    2.778168162370   -0.904371436786
              N      0.661418963180    5.305820637781   -0.776744466590
              C      5.559877242852    3.035640502506    0.303180854395
              O      5.456267732075    5.374140033462    0.478668816128
              C      7.988377015718    1.732886573324    0.827869563511
              C      8.185894223325   -0.906901965062    0.642153823905
              C      5.971610968682   -2.468527579750   -0.084698077527
              O      6.216125694924   -4.798110893481   -0.237941828726
              C     10.499538274210   -2.093973594126    1.149825845004
              C     12.593480423898   -0.658709610563    1.836136374149
              C     12.396442814312    1.976360624788    2.021073933986
              C     10.106084607169    3.167127332209    1.519373143686
              H    -10.777445579798   -2.278708438196    3.779567981542
              H    -11.361066877955    0.902412275450    4.640975391057
              H    -13.255858802758   -0.577035947777    2.312388922631
              H    -10.038456821574    2.366165258227    0.328961527809
              H     -7.592127201806    0.681196813717    1.801299999300
              H     -8.799656445421   -3.227973293775   -0.646737092903
              H    -11.285884150679   -1.551332994410   -2.081457631353
              H     -8.154874849214    1.402697018224   -4.092568754700
              H     -7.757381118746   -1.804271726375   -5.007256776940
              H     -0.165294612016   -6.156531907517   -2.013689289350
              H      3.098097008330   -6.180074486495   -1.171217225868
              H     -1.077995772861    6.005449011784   -1.153959622309
              H      2.153897037481    6.395659522579   -0.281853525933
              H     10.603192766261   -4.135209029120    0.992099696369
              H     14.384163956737   -1.584202976758    2.229380334154
              H     14.034410343534    3.093029377452    2.557530418093
              H      9.904634005331    5.203081873131    1.648050602385
$End
$SCF_Energy
   &GeometryIndex 14
   &Method [&Type "String"] "SCF"
   &totalEnergy [&Type "ArrayOfDoubles", &Dim (1,1)] "Total energy of each state"
                                                         0

0                                     -1.2368857933486120e+03
   &Mult [&Type "ArrayOfIntegers", &Dim (1,1)] "Multiplicity of each state"
                                                         0

0                                                        1
$End
$DFT_Energy
   &GeometryIndex 14
   &nAlphaEl [&Type "Integer"] 95
   &nBetaEl [&Type "Integer"] 95
   &nTotalEl [&Type "Integer"] 190
   &finalEn [&Type "Double"]      -1.2368857933486120e+03  "No Van der Waals correction"
   &eExchange [&Type "Double"]      -1.2931193208463958e+02
   &eCorr [&Type "Double"]      -7.7118374097990028e+00
   &eXC [&Type "Double"]      -1.3702376949443857e+02
   &eCNL [&Type "Double"]       0.0000000000000000e+00
$End
$SCF_Timings
   &GeometryIndex 14
   &TOTAL [&Type "Double"]       3.4667172999999998e+01
   &PREP [&Type "Double"]       7.0048299999999997e-01
   &FOCK [&Type "Double"]       3.1890487000000000e+01
   &DENS [&Type "Double"]       6.9979999999997489e-02
   &ETOT [&Type "Double"]       2.8047999999997408e-02
   &POP [&Type "Double"]       1.0000000045806701e-06
   &TRAFO [&Type "Double"]       1.2159400000000087e-01
   &DIIS [&Type "Double"]       2.1157400000000059e-01
   &SOSCF [&Type "Double"]       2.9907199999999978e-01
   &XC [&Type "Double"]       3.0404439999999981e+00
   &FOCKSTART [&Type "Double"]       1.1828999999997425e-02
   &INT_PREP [&Type "Double"]       3.9999999987827550e-06
   &INT_BF [&Type "Double"]       8.8149100000013547e-01
   &INT_DENS [&Type "Double"]       7.6733499999991572e-01
   &INT_DENSIO [&Type "Double"]       5.8319347201000157e+04
   &INT_FUNC [&Type "Double"]       9.5939000000005770e-02
   &INT_POT [&Type "Double"]       7.3796399999990658e-01
   &INT_POTIO [&Type "Double"]       2.3192000000002544e-02
   &INT_SUM [&Type "Double"]       8.6000000000119314e-04
   &SPLITRIJ [&Type "Double"]       3.8810399999999978e+00
   &COSX [&Type "Double"]       2.6808494000000003e+01
$End
$Single_Point_Data
   &GeometryIndex 14
   &FinalEnergy [&Type "Double"]      -1.2368857933486120e+03  "Final single point energy"
   &Converged [&Type "Boolean"] true
$End
$SCF_Nuc_Gradient
   &GeometryIndex 14
   &NAtoms [&Type "Integer"] 44
   &gradNorm [&Type "Double"]       1.1744499576211577e-03
   &grad [&Type "ArrayOfDoubles", &Dim (132,1)] 
                                                         0

0                                      5.8756325804803361e-05
1                                      4.5504829527876975e-05
2                                     -4.8521174842625775e-05
3                                     -7.3093511066997519e-05
4                                     -7.2288431858150148e-05
5                                      1.7699932281897007e-05
6                                      9.6852086437428098e-05
7                                      3.6076544080318462e-05
8                                      8.7562668363091664e-05
9                                     -2.4735192760021174e-05
10                                     2.4149627836003024e-06
11                                    -1.2055161173679663e-04
12                                     1.7441275922185084e-04
13                                    -3.3612411785836904e-05
14                                     2.3454907540472122e-04
15                                    -3.9870017001591984e-05
16                                    -2.6088192942599897e-04
17                                    -1.3136980740895837e-04
18                                    -3.5521481319134018e-06
19                                     1.0553081288611210e-05
20                                    -7.3382944957844920e-06
21                                    -1.0755911105610888e-04
22                                    -3.8004919619707977e-04
23                                    -1.2426924483744176e-05
24                                    -1.3138094677792034e-04
25                                     3.5904457983929050e-04
26                                     5.0884658275303363e-05
27                                    -8.7291491198460136e-05
28                                     3.0300761454959968e-04
29                                    -8.9904410234452337e-05
30                                    -5.0778497799885969e-06
31                                    -1.9630308719154055e-05
32                                    -8.4907342162154897e-06
33                                     2.2664671075005305e-04
34                                    -1.8506862180647787e-04
35                                     5.3355334525847717e-05
36                                     2.1058192786854724e-04
37                                    -9.9252482987768897e-05
38                                    -9.0723205312601141e-05
39                                    -1.3725679501516708e-05
40                                     9.4644133390997531e-05
41                                     1.4232922722451011e-04
42                                     5.4469455121330945e-05
43                                    -1.6167915789523646e-04
44                                     1.1328526767448444e-04
45                                     1.5353666740138688e-04
46                                     2.7298967943911040e-04
47                                     2.9760394640931248e-05
48                                     6.4652921933278096e-05
49                                     1.4343533880500914e-04
50                                    -9.8231457134497630e-05
51                                    -1.1344103835579655e-04
52                                    -1.3382996251021240e-04
53                                    -7.2381173200568305e-05
54                                     5.7848441757657465e-06
55                                     9.7200360223426152e-05
56                                    -6.8357874917025774e-05
57                                    -6.6454344004610033e-05
58                                     1.3587928493569157e-05
59                                    -5.7769247370387244e-05
60                                    -7.2280747055578076e-05
61                                     5.9703867766047747e-06
62                                    -5.9158333304994842e-05
63                                    -1.3365722897480670e-04
64                                     1.0604796991131593e-04
65                                    -1.1926901466687706e-04
66                                    -1.2894967111995448e-04
67                                    -1.0806875615676503e-04
68                                    -6.5759808466979430e-05
69                                    -2.2065943385135567e-06
70                                    -8.0175147025268734e-05
71                                     6.3688090230815120e-05
72                                     6.5667249472822764e-06
73                                     1.0636042805359930e-04
74                                     1.9588520131300080e-06
75                                     2.4539798414213720e-05
76                                    -9.9931284850224289e-05
77                                    -1.2788877810105542e-05
78                                    -1.0964035456625942e-05
79                                     7.0734977413985933e-05
80                                     6.4303799676306006e-05
81                                    -5.1223743698300406e-06
82                                    -1.6139725052627396e-05
83                                     6.0769392674631106e-06
84                                    -6.2350149375167696e-06
85                                     8.0993264403306231e-06
86                                     9.7581358905751703e-06
87                                    -1.3757253962826121e-05
88                                    -9.8226615408425477e-06
89                                    -7.4785038069805077e-06
90                                     1.4833488139520679e-05
91                                     2.5891310198533635e-05
92                                    -2.3752392072015627e-06
93                                     2.5447132425693297e-05
94                                     1.1959803111145917e-05
95                                    -9.2787877315481104e-06
96                                    -2.4869965449272891e-05
97                                    -2.5144067471449816e-05
98                                     4.6727618250516634e-06
99                                    -1.1499636920847545e-05
100                                   -1.8040129785790171e-05
101                                   -3.0173063918184639e-05
102                                   -6.1894340294965655e-06
103                                    8.2755763997077736e-06
104                                   -9.0424448707382421e-06
105                                   -3.5645171555844998e-05
106                                    1.2128813918432790e-05
107                                   -1.5500371049526063e-05
108                                   -1.6330625736438176e-04
109                                    1.3568471209349231e-04
110                                    4.9395198932523920e-05
111                                    1.8762877925626587e-04
112                                    2.9853199183832446e-05
113                                    1.0007763531211245e-04
114                                   -1.3674165769245183e-04
115                                   -1.7386955763126766e-04
116                                    1.6419577013801478e-06
117                                    1.6868206169939892e-04
118                                   -2.4106694900549730e-05
119                                    1.3777788539530433e-04
120                                   -2.1064584145190010e-05
121                                    6.2679987096747602e-06
122                                   -2.3842112446778932e-05
123                                   -7.0999294641271860e-06
124                                   -1.4365921915809876e-06
125                                    9.3487791026150568e-06
126                                   -7.3600528921191621e-06
127                                    4.6714299167804896e-07
128                                    9.5024420042333357e-06
129                                   -2.0260825136186184e-05
130                                   -3.1735867314364175e-06
131                                   -2.6896599384262920e-05
   &Method [&Type "String"] "SCF"
   &Level [&Type "String"] "Relaxed density"
   &Mult [&Type "Integer"] 1
   &State [&Type "Integer"] 0
   &Irrep [&Type "Integer"] 0
$End
$Geometry
   &GeometryIndex 15
   &NAtoms [&Type "Integer"] 44
   &NCorelessECP [&Type "Integer"] 0
   &NGhostAtoms [&Type "Integer"] 0
   &CartesianCoordinates [&Type "Coordinates", &Dim(44,4), &Units "Bohr"] 
              C    -11.330030276537   -0.417741197754    3.040575594879
              C     -9.495683406828    0.476045377584    0.984752698866
              C     -9.385493132765   -1.337560485357   -1.274618850244
              C     -7.630072423624   -0.480847684072   -3.421176272870
              N     -4.972205534807   -0.323957677597   -2.684524493531
              C     -3.681018473441    1.932810896603   -2.170522404753
              O     -4.601168591362    4.053132946743   -2.238400824016
              C     -1.046662380230    1.200884071396   -1.559998321784
              C     -0.852725300907   -1.392944174630   -1.742602246347
              C     -3.357216630176   -2.411837768863   -2.476686227357
              O     -3.960141343841   -4.613236929495   -2.852280997640
              C      1.412522314309   -2.724727110049   -1.286648135351
              N      1.450407894612   -5.268223820783   -1.512976191803
              C      3.545172126732   -1.197039906135   -0.596332854970
              C      3.342879617555    1.499904175669   -0.405768245236
              C      1.001292752151    2.776386199540   -0.898863881806
              N      0.662379116087    5.304088489705   -0.769344398728
              C      5.560500375131    3.034621505219    0.307513008323
              O      5.455071103489    5.372633223157    0.486096360646
              C      7.989961155649    1.732799582670    0.829531389434
              C      8.188554324971   -0.906777505758    0.642379114117
              C      5.974366699004   -2.469461932268   -0.082516040628
              O      6.221077121512   -4.798480354477   -0.236934625137
              C     10.503876446753   -2.092663627608    1.145304514912
              C     12.598176399203   -0.656669958778    1.828785561930
              C     12.399938976661    1.978222777540    2.015460283821
              C     10.108082266628    3.167830813099    1.518184010415
              H    -10.784511147502   -2.278376951677    3.775440054179
              H    -11.371190414095    0.902367499923    4.636011420593
              H    -13.262275960545   -0.578334208328    2.305248475385
              H    -10.044615140516    2.366549344506    0.325130473033
              H     -7.598811667858    0.683653745747    1.800788892103
              H     -8.800998689072   -3.226952386495   -0.647938948604
              H    -11.286159752928   -1.551819597851   -2.086273752737
              H     -8.152263483398    1.403904913918   -4.092492912448
              H     -7.753945314373   -1.802828898518   -5.007647549955
              H     -0.166691352377   -6.157076421611   -2.014953621343
              H      3.094159768683   -6.184271781192   -1.169590158409
              H     -1.074234405119    6.006211092837   -1.154368528018
              H      2.157245553495    6.395728378407   -0.287063080705
              H     10.608365444683   -4.133789572545    0.986702557966
              H     14.390131110005   -1.581290591254    2.218317028504
              H     14.038274220798    3.095542811559    2.549462766175
              H      9.905679996398    5.203592697272    1.648325385936
$End
$SCF_Energy
   &GeometryIndex 15
   &Method [&Type "String"] "SCF"
   &totalEnergy [&Type "ArrayOfDoubles", &Dim (1,1)] "Total energy of each state"
                                                         0

0                                     -1.2368857961278904e+03
   &Mult [&Type "ArrayOfIntegers", &Dim (1,1)] "Multiplicity of each state"
                                                         0

0                                                        1
$End
$DFT_Energy
   &GeometryIndex 15
   &nAlphaEl [&Type "Integer"] 95
   &nBetaEl [&Type "Integer"] 95
   &nTotalEl [&Type "Integer"] 190
   &finalEn [&Type "Double"]      -1.2368857961278904e+03  "No Van der Waals correction"
   &eExchange [&Type "Double"]      -1.2931173051324220e+02
   &eCorr [&Type "Double"]      -7.7117973316491923e+00
   &eXC [&Type "Double"]      -1.3702352784489139e+02
   &eCNL [&Type "Double"]       0.0000000000000000e+00
$End
$SCF_Timings
   &GeometryIndex 15
   &TOTAL [&Type "Double"]       3.8245505000000001e+01
   &PREP [&Type "Double"]       6.9200200000000001e-01
   &FOCK [&Type "Double"]       3.5692702999999995e+01
   &DENS [&Type "Double"]       8.1696000000004432e-02
   &ETOT [&Type "Double"]       3.1352999999999298e-02
   &POP [&Type "Double"]       9.9999999747524271e-07
   &TRAFO [&Type "Double"]       5.2474999999994054e-02
   &DIIS [&Type "Double"]       6.7147999999999541e-02
   &SOSCF [&Type "Double"]       3.9289300000000260e-01
   &XC [&Type "Double"]       3.5674979999999969e+00
   &FOCKSTART [&Type "Double"]       1.3514999999999500e-02
   &INT_PREP [&Type "Double"]       4.9999999927052841e-06
   &INT_BF [&Type "Double"]       1.0060869999998827e+00
   &INT_DENS [&Type "Double"]       8.5335899999995668e-01
   &INT_DENSIO [&Type "Double"]       6.9317899819000173e+04
   &INT_FUNC [&Type "Double"]       1.0864200000000235e-01
   &INT_POT [&Type "Double"]       7.5158100000007977e-01
   &INT_POTIO [&Type "Double"]       2.6592999999954792e-02
   &INT_SUM [&Type "Double"]       1.0700000000030130e-03
   &SPLITRIJ [&Type "Double"]       3.6438369999999982e+00
   &COSX [&Type "Double"]       3.0087680000000002e+01
$End
$Single_Point_Data
   &GeometryIndex 15
   &FinalEnergy [&Type "Double"]      -1.2368857961278904e+03  "Final single point energy"
   &Converged [&Type "Boolean"] true
$End
$SCF_Nuc_Gradient
   &GeometryIndex 15
   &NAtoms [&Type "Integer"] 44
   &gradNorm [&Type "Double"]       7.7817044914761169e-04
   &grad [&Type "ArrayOfDoubles", &Dim (132,1)] 
                                                         0

0                                      3.8868419675729127e-05
1                                      2.9661538985974178e-05
2                                     -2.4953762013349423e-05
3                                     -5.1656077811091522e-05
4                                     -3.0966155299690101e-05
5                                      9.0972319877064001e-06
6                                      6.1924467421418938e-05
7                                      1.0084977795601913e-05
8                                      6.6121804342535867e-05
9                                     -2.1813255997028130e-05
10                                     1.6731071751751106e-05
11                                    -1.1624696715296229e-04
12                                     1.4766758211355591e-04
13                                    -1.9087591063239248e-05
14                                     1.6446080270331176e-04
15                                    -5.6915855696781925e-06
16                                    -3.0153515347133841e-04
17                                    -1.2494757768981637e-04
18                                     6.9233326281670227e-06
19                                     5.3894040704383084e-05
20                                     2.8258154261280588e-05
21                                    -1.1172756606939171e-04
22                                    -1.1129283918520638e-04
23                                     5.2803567746109378e-05
24                                    -1.6823534723415384e-04
25                                     7.6484078371352737e-05
26                                     4.2465405255452671e-05
27                                    -5.7485484233649187e-05
28                                     2.9703336338487984e-04
29                                    -4.6149575571037549e-05
30                                     1.7096551224837775e-05
31                                    -3.5081514747736797e-05
32                                     2.0046431549541888e-05
33                                     8.8279314693150146e-05
34                                    -1.3802822458927611e-04
35                                    -6.3630104306326013e-05
36                                    -9.9759775908925263e-06
37                                    -7.2822037792560912e-05
38                                    -5.4234106257683434e-05
39                                     4.8980103369289374e-05
40                                     8.8489118459947336e-05
41                                     2.9497447493817899e-05
42                                    -4.0321822108002614e-05
43                                     9.5067196615450378e-06
44                                     3.2815016174921052e-05
45                                     1.4480825603004066e-04
46                                     3.5373732001464653e-05
47                                     4.5031517227152665e-05
48                                     2.0701015189657571e-04
49                                     4.7173006777923021e-05
50                                    -4.9479552864731269e-06
51                                    -2.2043432789775608e-05
52                                    -3.4097467983440488e-05
53                                    -7.5844061463777035e-05
54                                    -1.1494118194803338e-04
55                                     2.3862174347133447e-05
56                                    -9.1877635879644703e-06
57                                    -1.0523774477026737e-04
58                                     2.2996333717870132e-05
59                                    -3.4040499865977542e-05
60                                    -8.3915825840552571e-05
61                                    -7.4466151909369227e-05
62                                    -3.9437441726495465e-05
63                                    -1.8092572209887914e-05
64                                     7.3470005142128869e-05
65                                     5.6880543706991360e-05
66                                     1.5986665053055460e-04
67                                     2.9558297406362399e-06
68                                    -3.8799530899899515e-05
69                                     2.6824062250185854e-05
70                                    -4.2384107955872885e-05
71                                     2.0509643347328688e-05
72                                    -1.9851554455552201e-06
73                                     7.1520368979817450e-05
74                                     2.6910518088063551e-06
75                                     5.6762290941980709e-06
76                                    -7.4100318772897522e-05
77                                    -9.7304491662661419e-06
78                                     1.0591575009846060e-05
79                                     4.4036585486767477e-05
80                                     3.9637515782203758e-05
81                                    -5.1840483648521452e-06
82                                    -7.5261137870430428e-06
83                                     2.9840832574401510e-06
84                                    -4.7823670833412046e-06
85                                     1.8849855897284939e-06
86                                     3.9425101067414037e-06
87                                    -6.7183105462720327e-06
88                                    -5.8315075502982094e-06
89                                    -6.4154408817365671e-06
90                                     1.3368969676977316e-05
91                                     1.3527780027833280e-05
92                                    -8.4779981504579105e-07
93                                     1.4521632571318221e-05
94                                     3.9231913078995040e-06
95                                    -1.1798462472484283e-05
96                                    -1.7277427530049128e-05
97                                    -9.5279168270123726e-06
98                                    -2.7806147502584810e-06
99                                    -7.9520463848736789e-06
100                                   -1.7208885831211662e-05
101                                   -1.2749499000069831e-05
102                                   -3.5547824318027388e-06
103                                   -9.8511561719138996e-07
104                                   -1.8294613554417638e-06
105                                   -1.3461717407358548e-05
106                                    1.5913715785409455e-05
107                                   -1.0975947272312547e-05
108                                   -7.0930313375905385e-05
109                                    7.9877064493721894e-05
110                                   -1.2751850939698994e-05
111                                    1.1725125895034605e-05
112                                   -1.0653382503597597e-05
113                                    8.8724679479637580e-05
114                                   -6.0469073772773108e-05
115                                   -5.6714871547694501e-05
116                                    1.4905505592396895e-05
117                                    4.2825921375860831e-05
118                                    2.8224203698828942e-05
119                                   -6.4416308061324146e-06
120                                   -2.2594612651199650e-05
121                                    3.6523278568179052e-06
122                                   -1.1670246778004364e-05
123                                   -5.4622450129659939e-07
124                                    1.6570489365652641e-06
125                                    1.0188815883854785e-05
126                                    5.0725941574958355e-07
127                                   -9.3509305229555473e-07
128                                    5.8218242816737709e-06
129                                   -2.0871721638945212e-05
130                                   -8.6888201349388794e-06
131                                   -1.6472837741173321e-05
   &Method [&Type "String"] "SCF"
   &Level [&Type "String"] "Relaxed density"
   &Mult [&Type "Integer"] 1
   &State [&Type "Integer"] 0
   &Irrep [&Type "Integer"] 0
$End
$Geometry
   &GeometryIndex 16
   &NAtoms [&Type "Integer"] 44
   &NCorelessECP [&Type "Integer"] 0
   &NGhostAtoms [&Type "Integer"] 0
   &CartesianCoordinates [&Type "Coordinates", &Dim(44,4), &Units "Bohr"] 
              C    -11.332711831086   -0.418519550798    3.038962230763
              C     -9.498269898237    0.476266623819    0.983488015401
              C     -9.385904081614   -1.338024172844   -1.275314892433
              C     -7.629704540626   -0.481219910794   -3.421174103453
              N     -4.971987136450   -0.323779190080   -2.684341993980
              C     -3.681316209204    1.933433764039   -2.169212510842
              O     -4.601846772992    4.053536188479   -2.237133025996
              C     -1.046797240839    1.201771793610   -1.558980934305
              C     -0.852568897797   -1.392386735509   -1.741402352165
              C     -3.356786268395   -2.411837214294   -2.475587063053
              O     -3.959402811214   -4.613273002512   -2.851260121777
              C      1.412507162396   -2.723443557982   -1.284743307436
              N      1.451141496271   -5.267098229480   -1.510043671513
              C      3.545154060218   -1.195874246927   -0.594763725692
              C      3.343251431735    1.501256815149   -0.404573813571
              C      1.000721267182    2.777279164604   -0.897333876918
              N      0.659686806484    5.304688466812   -0.765093324564
              C      5.561929036549    3.035250397243    0.309505149905
              O      5.458069015299    5.373184061442    0.487856663930
              C      7.991382909596    1.732557416852    0.830466041277
              C      8.188863791311   -0.907133776533    0.644470291227
              C      5.973629481463   -2.469228370946   -0.078904358783
              O      6.218060925312   -4.798620019302   -0.229896065302
              C     10.504252469566   -2.093559227380    1.145749730850
              C     12.599869148196   -0.658072601042    1.826055945535
              C     12.402828496175    1.977095287754    2.011347357928
              C     10.110848823050    3.167134962961    1.515926655758
              H    -10.785996808610   -2.278571947039    3.774330886981
              H    -11.375283417489    0.901870189767    4.634105434036
              H    -13.264588620040   -0.580597640928    2.303070738512
              H    -10.048680591132    2.366031121184    0.323077058394
              H     -7.601943250518    0.685649426427    1.800242708443
              H     -8.800519246839   -3.226809558130   -0.647693193578
              H    -11.286046923402   -1.553505492565   -2.087740988230
              H     -8.152049722059    1.403308495846   -4.092981707200
              H     -7.752705310658   -1.803514075976   -5.007466065712
              H     -0.163664115771   -6.157251718469   -2.016813378496
              H      3.096664951976   -6.182168475932   -1.173373041868
              H     -1.075311060800    6.007405824840   -1.155891538114
              H      2.153747783042    6.397525194743   -0.283794358208
              H     10.607888456781   -4.134834516445    0.988395889259
              H     14.391977077129   -1.583124136843    2.213856184789
              H     14.042227138720    3.094157018758    2.542618324088
              H      9.909382989525    5.203045154418    1.645474132909
$End
$SCF_Energy
   &GeometryIndex 16
   &Method [&Type "String"] "SCF"
   &totalEnergy [&Type "ArrayOfDoubles", &Dim (1,1)] "Total energy of each state"
                                                         0

0                                     -1.2368858048419793e+03
   &Mult [&Type "ArrayOfIntegers", &Dim (1,1)] "Multiplicity of each state"
                                                         0

0                                                        1
$End
$DFT_Energy
   &GeometryIndex 16
   &nAlphaEl [&Type "Integer"] 95
   &nBetaEl [&Type "Integer"] 95
   &nTotalEl [&Type "Integer"] 190
   &finalEn [&Type "Double"]      -1.2368858048419793e+03  "No Van der Waals correction"
   &eExchange [&Type "Double"]      -1.2931140414653578e+02
   &eCorr [&Type "Double"]      -7.7117552073449280e+00
   &eXC [&Type "Double"]      -1.3702315935388071e+02
   &eCNL [&Type "Double"]       0.0000000000000000e+00
$End
$SCF_Timings
   &GeometryIndex 16
   &TOTAL [&Type "Double"]       3.0321084000000003e+01
   &PREP [&Type "Double"]       7.2932500000000000e-01
   &FOCK [&Type "Double"]       2.7690860999999998e+01
   &DENS [&Type "Double"]       6.0446000000002442e-02
   &ETOT [&Type "Double"]       2.6465999999991219e-02
   &POP [&Type "Double"]       1.0000000010279564e-06
   &TRAFO [&Type "Double"]       5.3582999999999714e-02
   &DIIS [&Type "Double"]       6.4378000000000490e-02
   &SOSCF [&Type "Double"]       3.0579500000000071e-01
   &XC [&Type "Double"]       2.6165270000000005e+00
   &FOCKSTART [&Type "Double"]       1.2306999999991408e-02
   &INT_PREP [&Type "Double"]       4.0000000032236471e-06
   &INT_BF [&Type "Double"]       6.9073999999988800e-01
   &INT_DENS [&Type "Double"]       6.3760400000012396e-01
   &INT_DENSIO [&Type "Double"]       4.5852582676000100e+04
   &INT_FUNC [&Type "Double"]       7.5649000000026057e-02
   &INT_POT [&Type "Double"]       5.9235500000007679e-01
   &INT_POTIO [&Type "Double"]       1.8969999999990605e-02
   &INT_SUM [&Type "Double"]       5.8500000000805130e-04
   &SPLITRIJ [&Type "Double"]       2.9823780000000002e+00
   &COSX [&Type "Double"]       2.3930220000000006e+01
$End
$Single_Point_Data
   &GeometryIndex 16
   &FinalEnergy [&Type "Double"]      -1.2368858048419793e+03  "Final single point energy"
   &Converged [&Type "Boolean"] true
$End
$SCF_Nuc_Gradient
   &GeometryIndex 16
   &NAtoms [&Type "Integer"] 44
   &gradNorm [&Type "Double"]       3.9244378349253498e-04
   &grad [&Type "ArrayOfDoubles", &Dim (132,1)] 
                                                         0

0                                      1.1008064549563462e-05
1                                      7.8371416393184512e-06
2                                     -3.3340860264574612e-06
3                                     -1.7032836385398598e-05
4                                      6.5916190602824387e-06
5                                     -2.1770008106630767e-07
6                                      1.0006359700710094e-05
7                                     -8.2470982748078514e-06
8                                      1.9601744526295817e-05
9                                     -1.6776098620663316e-05
10                                     1.1770901351222315e-05
11                                    -6.3542838999369744e-05
12                                     6.7761614803776848e-05
13                                    -2.3689494620075281e-05
14                                     4.7295313235218295e-05
15                                     5.4588763240825955e-06
16                                    -1.4691642887007528e-04
17                                    -3.6077891387098493e-05
18                                     1.9755846908747765e-05
19                                     3.5612879644597584e-05
20                                     2.6022164920973256e-05
21                                    -9.8255356540226380e-05
22                                     7.7974130248292806e-05
23                                     4.6632758234072327e-05
24                                    -6.2789191502481134e-05
25                                    -9.4783329008918393e-05
26                                     4.0613276271896093e-05
27                                    -2.9242631265469221e-05
28                                     1.6862182559684857e-04
29                                     1.9347035697114823e-06
30                                     2.4068954232348005e-05
31                                    -4.8181781727218986e-05
32                                     1.9773518258311973e-05
33                                     3.0306824212136818e-05
34                                     5.3826861159927963e-05
35                                    -3.8483714412396175e-07
36                                     6.1357306002804424e-05
37                                    -4.3545112655557494e-06
38                                     1.0358501978606494e-05
39                                    -1.8541534092378353e-05
40                                    -3.7821486218239664e-05
41                                    -3.8351406734023902e-05
42                                     1.1125511189293003e-05
43                                     1.0676937093972994e-05
44                                    -3.7209227694737917e-05
45                                     1.3320953042277733e-05
46                                    -6.5306379234825185e-06
47                                    -4.4493825757444677e-05
48                                    -1.0451656932808362e-05
49                                     1.5866980002166020e-05
50                                    -2.0356507262429130e-06
51                                     4.5118292079225630e-05
52                                    -2.7007617232621683e-06
53                                     4.6238671729335878e-05
54                                     9.0164123136183758e-05
55                                    -1.5693569711372479e-05
56                                    -7.3106153707924726e-06
57                                    -6.0237618999883780e-05
58                                     4.6881658383166047e-05
59                                     5.2417193978186727e-06
60                                    -5.7746896181640195e-05
61                                    -4.2100883422976909e-05
62                                     1.0590900925422364e-06
63                                     4.5309557517969612e-05
64                                    -9.0706126721906699e-06
65                                     2.0879720161876003e-06
66                                    -1.0199064524568646e-05
67                                     1.3563491896073643e-05
68                                     9.1480181464986821e-06
69                                     3.0105695925389253e-05
70                                    -2.8805536858855785e-06
71                                     9.5882758703626225e-06
72                                    -9.5794033033863579e-06
73                                     2.0791047073413782e-05
74                                     1.7671253250278740e-07
75                                    -5.1966872665343278e-06
76                                    -1.9052337178707135e-05
77                                    -2.5890457850466508e-06
78                                     3.3037227992201157e-05
79                                     7.0948252869212913e-06
80                                     3.4823374808305718e-06
81                                    -4.1590464332913468e-06
82                                     1.2111386519519929e-06
83                                     3.2012638648271086e-07
84                                    -2.8181850093731906e-06
85                                    -1.8753312450991988e-06
86                                    -1.4091637449142880e-06
87                                     6.7476402104693634e-07
88                                    -1.1904191677264420e-06
89                                    -2.6994606140418043e-06
90                                     6.6082220769522748e-06
91                                     2.1729760983357771e-06
92                                    -4.5955213692078223e-07
93                                     3.3434710072222096e-06
94                                    -1.0509792499925619e-06
95                                    -7.6665210332338418e-06
96                                    -3.5796032589463511e-06
97                                     3.2756269749412148e-07
98                                    -6.3098242446685271e-06
99                                    -2.0768708096086108e-06
100                                   -9.6843991823775122e-06
101                                    1.8919876182410533e-06
102                                    2.1264751400434934e-06
103                                   -4.1064150700931279e-06
104                                    5.3162683882751471e-06
105                                    5.7069968388244463e-06
106                                    1.0015210744632186e-05
107                                   -6.0541135715463934e-06
108                                   -3.6559530516844241e-06
109                                   -7.2363760799526444e-06
110                                   -7.6174098218861896e-06
111                                   -2.4776761340578046e-05
112                                   -2.4843117645431678e-05
113                                   -1.6154905699526656e-05
114                                   -4.0827768943429987e-07
115                                    8.6694215994942425e-07
116                                   -2.3284134242650134e-05
117                                   -5.2185244720753809e-05
118                                    1.7522161425698179e-05
119                                    1.0848853419120896e-05
120                                   -1.6499358656926755e-05
121                                    3.6464708346728436e-06
122                                   -1.9758213155134097e-06
123                                    2.7962971815009841e-06
124                                    3.3127797605531084e-06
125                                    3.3105826517179637e-06
126                                    3.0599697966593453e-06
127                                   -1.6490762183296592e-06
128                                    2.5399239174245247e-06
129                                   -1.6013209720477581e-05
130                                   -2.5259530927190799e-06
131                                   -4.3045258669577313e-06
   &Method [&Type "String"] "SCF"
   &Level [&Type "String"] "Relaxed density"
   &Mult [&Type "Integer"] 1
   &State [&Type "Integer"] 0
   &Irrep [&Type "Integer"] 0
$End
$Geometry
   &GeometryIndex 17
   &NAtoms [&Type "Integer"] 44
   &NCorelessECP [&Type "Integer"] 0
   &NGhostAtoms [&Type "Integer"] 0
   &CartesianCoordinates [&Type "Coordinates", &Dim(44,4), &Units "Bohr"] 
              C    -11.329806841831   -0.417425204438    3.040559406905
              C     -9.496424043142    0.476896975372    0.983905050388
              C     -9.385386748115   -1.337845743967   -1.274603305150
              C     -7.630267399933   -0.481790888939   -3.421609354654
              N     -4.972127101639   -0.324112403515   -2.686551301419
              C     -3.681412687205    1.933303563337   -2.171690488398
              O     -4.602199641392    4.053248297659   -2.239316513173
              C     -1.046775096624    1.201476072125   -1.561581407106
              C     -0.852434948632   -1.392603662795   -1.744293986692
              C     -3.356693096162   -2.412271048037   -2.478504888937
              O     -3.959459760253   -4.613598465995   -2.854213553481
              C      1.412250520659   -2.723792530017   -1.286183252633
              N      1.451018513277   -5.267379302694   -1.511242506365
              C      3.544604430124   -1.196258368421   -0.594971505631
              C      3.342454605457    1.500738701356   -0.404443790102
              C      1.000227515123    2.776804065362   -0.898147762759
              N      0.659603039537    5.304145490735   -0.765514749289
              C      5.560547450551    3.034869438704    0.310618985985
              O      5.455804811892    5.372731768376    0.490020278904
              C      7.990355129696    1.732511202914    0.831335679654
              C      8.188226217744   -0.907095353222    0.644843123876
              C      5.973030991140   -2.469414799140   -0.078656925714
              O      6.217679132780   -4.798803149134   -0.229860988267
              C     10.503734139778   -2.093289445354    1.146019067987
              C     12.599136152672   -0.657633343433    1.826637320807
              C     12.401681647843    1.977505221557    2.012473357546
              C     10.109514371840    3.167274781513    1.517264994534
              H    -10.782726785780   -2.277340314371    3.776008596632
              H    -11.371422836815    0.903310840104    4.635448993510
              H    -13.262103922615   -0.579562637542    2.305785342965
              H    -10.047203417266    2.366527065851    0.323411673955
              H     -7.599682014541    0.686407233972    1.799659478565
              H     -8.799872891101   -3.226554600241   -0.646829531970
              H    -11.285968880560   -1.553223181840   -2.086008489487
              H     -8.153005855255    1.402508603710   -4.093814783852
              H     -7.754245862529   -1.804689341104   -5.007338701587
              H     -0.163728817356   -6.157837648356   -2.017571444347
              H      3.096507686839   -6.181908704683   -1.172672437317
              H     -1.075379600854    6.007305369212   -1.155495795146
              H      2.154160045514    6.396042159831   -0.283332004935
              H     10.607749619065   -4.134534296289    0.988382348768
              H     14.391359563125   -1.582518182907    2.214273079986
              H     14.040877104863    3.094737991375    2.543988878407
              H      9.907805522287    5.203137773372    1.647299835832
$End
$SCF_Mulliken_Population_Analysis
   &GeometryIndex 17
   &NAtoms [&Type "Integer"] 44
   &ATNO [&Type "ArrayOfIntegers", &Dim (44,1)] 
                                                         0

0                                                        6
1                                                        6
2                                                        6
3                                                        6
4                                                        7
5                                                        6
6                                                        8
7                                                        6
8                                                        6
9                                                        6
10                                                       8
11                                                       6
12                                                       7
13                                                       6
14                                                       6
15                                                       6
16                                                       7
17                                                       6
18                                                       8
19                                                       6
20                                                       6
21                                                       6
22                                                       8
23                                                       6
24                                                       6
25                                                       6
26                                                       6
27                                                       1
28                                                       1
29                                                       1
30                                                       1
31                                                       1
32                                                       1
33                                                       1
34                                                       1
35                                                       1
36                                                       1
37                                                       1
38                                                       1
39                                                       1
40                                                       1
41                                                       1
42                                                       1
43                                                       1
   &AtomicCharges [&Type "ArrayOfDoubles", &Dim (44,1)] 
                                                         0

0                                     -4.4141368325404873e-01
1                                     -2.4632835777756057e-01
2                                     -2.5980460286015816e-01
3                                     -1.5372362617778190e-01
4                                     -4.9145114718390470e-01
5                                      5.2482951159578217e-01
6                                     -4.4781360789106373e-01
7                                     -3.3302707800412001e-02
8                                     -2.9417128262714698e-02
9                                      5.2183290274810457e-01
10                                    -4.4913847952749819e-01
11                                     2.7042172135585929e-01
12                                    -8.2600193411500644e-01
13                                     3.3861584149024182e-03
14                                     3.4632943632866287e-03
15                                     2.7099468929509829e-01
16                                    -8.2592182885220655e-01
17                                     3.0039588651093840e-01
18                                    -4.7729213438611673e-01
19                                     5.2390115556297800e-02
20                                     5.2410190522566680e-02
21                                     3.0045339493905310e-01
22                                    -4.7722744006244611e-01
23                                    -1.7175481193293329e-01
24                                    -1.2323122579078749e-01
25                                    -1.2319492760040607e-01
26                                    -1.7183010699223011e-01
27                                     1.4369581935629827e-01
28                                     1.4573736405576931e-01
29                                     1.4199379588049577e-01
30                                     1.4197126500030643e-01
31                                     1.3558331847762140e-01
32                                     1.5651622851954716e-01
33                                     1.3778588918894286e-01
34                                     1.7493732739276735e-01
35                                     1.6851274733185795e-01
36                                     3.6348859582207171e-01
37                                     3.8137676875843129e-01
38                                     3.6357152205744248e-01
39                                     3.8134639556181593e-01
40                                     1.6403802814944746e-01
41                                     1.4182222714413273e-01
42                                     1.4181951314027585e-01
43                                     1.6407307932805537e-01
   &Method [&Type "String"] "SCF"
   &Level [&Type "String"] "Relaxed density"
   &Mult [&Type "Integer"] 1
   &State [&Type "Integer"] -1
   &Irrep [&Type "Integer"] 0
$End
$SCF_Loewdin_Population_Analysis
   &GeometryIndex 17
   &NAtoms [&Type "Integer"] 44
   &ATNO [&Type "ArrayOfIntegers", &Dim (44,1)] 
                                                         0

0                                                        6
1                                                        6
2                                                        6
3                                                        6
4                                                        7
5                                                        6
6                                                        8
7                                                        6
8                                                        6
9                                                        6
10                                                       8
11                                                       6
12                                                       7
13                                                       6
14                                                       6
15                                                       6
16                                                       7
17                                                       6
18                                                       8
19                                                       6
20                                                       6
21                                                       6
22                                                       8
23                                                       6
24                                                       6
25                                                       6
26                                                       6
27                                                       1
28                                                       1
29                                                       1
30                                                       1
31                                                       1
32                                                       1
33                                                       1
34                                                       1
35                                                       1
36                                                       1
37                                                       1
38                                                       1
39                                                       1
40                                                       1
41                                                       1
42                                                       1
43                                                       1
   &AtomicCharges [&Type "ArrayOfDoubles", &Dim (44,1)] 
                                                         0

0                                     -3.6273600534747086e-01
1                                     -2.3512845206821886e-01
2                                     -2.3647311008464555e-01
3                                     -1.5313220299448727e-01
4                                     -5.3860399487337673e-02
5                                      1.3182624853879510e-01
6                                     -2.3228647719713535e-01
7                                     -5.6925933713675825e-02
8                                     -5.6350285553754098e-02
9                                      1.3273490303058821e-01
10                                    -2.3340583899480727e-01
11                                     6.1900380219273465e-02
12                                    -3.4478871862466676e-01
13                                    -6.5608592576579028e-02
14                                    -6.5698572645226605e-02
15                                     6.2008462338043913e-02
16                                    -3.4471990351841253e-01
17                                     1.1976659559641067e-01
18                                    -2.4534384586491065e-01
19                                    -3.9956767064133203e-02
20                                    -3.9980315135609956e-02
21                                     1.1978372893514422e-01
22                                    -2.4531545414910916e-01
23                                    -9.6753014140090521e-02
24                                    -1.1286806848823172e-01
25                                    -1.1287169306646216e-01
26                                    -9.6761427128734034e-02
27                                     1.2301878264259436e-01
28                                     1.2617650451421369e-01
29                                     1.2186830239091251e-01
30                                     1.2291495314408052e-01
31                                     1.1934777637073224e-01
32                                     1.3013321405900247e-01
33                                     1.2564889749439789e-01
34                                     1.4419412228439721e-01
35                                     1.4032902230218047e-01
36                                     2.6395476469215406e-01
37                                     2.7125934699691401e-01
38                                     2.6395622917598516e-01
39                                     2.7125132551722320e-01
40                                     1.5163501213148978e-01
41                                     1.3780268129710094e-01
42                                     1.3781005713107319e-01
43                                     1.5164376704084792e-01
   &Method [&Type "String"] "SCF"
   &Level [&Type "String"] "Relaxed density"
   &Mult [&Type "Integer"] 1
   &State [&Type "Integer"] -1
   &Irrep [&Type "Integer"] 0
$End
$SCF_Mayer_Population_Analysis
   &GeometryIndex 17
   &NAtoms [&Type "Integer"] 44 "Total number of atoms"
   &NBondOrdersPrint [&Type "Integer"] 49 "The number of bond orders larger than threshold"
   &bondThresh [&Type "Double"]       1.0000000000000001e-01  "The threshold for printing"
   &components [&Type "ArrayOfIntegers", &Dim (49,4)] "The indices and atomic numbers of the bonding atoms"
                                                         0                           1                           2                           3

0                                                        0                           6                           1                           6
1                                                        0                           6                          27                           1
2                                                        0                           6                          28                           1
3                                                        0                           6                          29                           1
4                                                        1                           6                           2                           6
5                                                        1                           6                          30                           1
6                                                        1                           6                          31                           1
7                                                        2                           6                           3                           6
8                                                        2                           6                          32                           1
9                                                        2                           6                          33                           1
10                                                       3                           6                           4                           7
11                                                       3                           6                          34                           1
12                                                       3                           6                          35                           1
13                                                       4                           7                           5                           6
14                                                       4                           7                           9                           6
15                                                       5                           6                           6                           8
16                                                       5                           6                           7                           6
17                                                       7                           6                           8                           6
18                                                       7                           6                          15                           6
19                                                       8                           6                           9                           6
20                                                       8                           6                          11                           6
21                                                       9                           6                          10                           8
22                                                      11                           6                          12                           7
23                                                      11                           6                          13                           6
24                                                      12                           7                          36                           1
25                                                      12                           7                          37                           1
26                                                      13                           6                          14                           6
27                                                      13                           6                          21                           6
28                                                      14                           6                          15                           6
29                                                      14                           6                          17                           6
30                                                      15                           6                          16                           7
31                                                      16                           7                          38                           1
32                                                      16                           7                          39                           1
33                                                      17                           6                          18                           8
34                                                      17                           6                          19                           6
35                                                      18                           8                          39                           1
36                                                      19                           6                          20                           6
37                                                      19                           6                          26                           6
38                                                      20                           6                          21                           6
39                                                      20                           6                          23                           6
40                                                      21                           6                          22                           8
41                                                      22                           8                          37                           1
42                                                      23                           6                          24                           6
43                                                      23                           6                          40                           1
44                                                      24                           6                          25                           6
45                                                      24                           6                          41                           1
46                                                      25                           6                          26                           6
47                                                      25                           6                          42                           1
48                                                      26                           6                          43                           1
   &BondOrders [&Type "ArrayOfDoubles", &Dim (49,1)] "The bond orders"
                                                         0

0                                      1.0189914928831363e+00
1                                      9.5197768981465292e-01
2                                      9.5239676016543062e-01
3                                      9.5288746383502465e-01
4                                      1.0173476826354821e+00
5                                      9.4099040879104412e-01
6                                      9.4061028691249970e-01
7                                      9.9786156646002699e-01
8                                      9.3282609701262498e-01
9                                      9.3420233801165264e-01
10                                     9.1562988479902385e-01
11                                     9.2073134007007951e-01
12                                     9.2695283980835463e-01
13                                     1.0021991784562134e+00
14                                     1.0040299211444341e+00
15                                     1.8204893864210479e+00
16                                     9.6308792982502467e-01
17                                     1.4341801205739597e+00
18                                     1.2309264211957038e+00
19                                     9.6601363483965119e-01
20                                     1.2303864717329658e+00
21                                     1.8227984592047077e+00
22                                     1.1637570410550353e+00
23                                     1.2290971176387577e+00
24                                     7.8400993586100121e-01
25                                     7.4296700610252486e-01
26                                     1.3010898213679833e+00
27                                     1.0150500971618714e+00
28                                     1.2295515814262146e+00
29                                     1.0150052809758465e+00
30                                     1.1640480517771912e+00
31                                     7.8382153515742614e-01
32                                     7.4296693856498008e-01
33                                     1.7240266946472682e+00
34                                     9.9165030610425542e-01
35                                     1.0278307966059622e-01
36                                     1.3661719182959136e+00
37                                     1.3816234174502804e+00
38                                     9.9170875178406015e-01
39                                     1.3816209376694737e+00
40                                     1.7241424963384286e+00
41                                     1.0276513922982430e-01
42                                     1.4290785182257750e+00
43                                     9.0627510245324383e-01
44                                     1.4036232207537855e+00
45                                     9.3008382809964729e-01
46                                     1.4290649857944464e+00
47                                     9.3008178147820364e-01
48                                     9.0626814104307685e-01
   &ATNO [&Type "ArrayOfIntegers", &Dim (44,1)] "Atomic number of the elements"
                                                         0

0                                                        6
1                                                        6
2                                                        6
3                                                        6
4                                                        7
5                                                        6
6                                                        8
7                                                        6
8                                                        6
9                                                        6
10                                                       8
11                                                       6
12                                                       7
13                                                       6
14                                                       6
15                                                       6
16                                                       7
17                                                       6
18                                                       8
19                                                       6
20                                                       6
21                                                       6
22                                                       8
23                                                       6
24                                                       6
25                                                       6
26                                                       6
27                                                       1
28                                                       1
29                                                       1
30                                                       1
31                                                       1
32                                                       1
33                                                       1
34                                                       1
35                                                       1
36                                                       1
37                                                       1
38                                                       1
39                                                       1
40                                                       1
41                                                       1
42                                                       1
43                                                       1
   &NA [&Type "ArrayOfDoubles", &Dim (44,1)] "Mulliken gross atomic population"
                                                         0

0                                      6.4414136832540496e+00
1                                      6.2463283577775597e+00
2                                      6.2598046028601591e+00
3                                      6.1537236261777810e+00
4                                      7.4914511471839047e+00
5                                      5.4751704884042187e+00
6                                      8.4478136078910655e+00
7                                      6.0333027078004067e+00
8                                      6.0294171282627147e+00
9                                      5.4781670972518910e+00
10                                     8.4491384795274982e+00
11                                     5.7295782786441416e+00
12                                     7.8260019341150056e+00
13                                     5.9966138415850994e+00
14                                     5.9965367056367116e+00
15                                     5.7290053107049017e+00
16                                     7.8259218288522057e+00
17                                     5.6996041134890634e+00
18                                     8.4772921343861114e+00
19                                     5.9476098844436995e+00
20                                     5.9475898094774315e+00
21                                     5.6995466050609442e+00
22                                     8.4772274400624479e+00
23                                     6.1717548119329377e+00
24                                     6.1232312257907857e+00
25                                     6.1231949276004061e+00
26                                     6.1718301069922319e+00
27                                     8.5630418064370173e-01
28                                     8.5426263594423091e-01
29                                     8.5800620411950401e-01
30                                     8.5802873499969357e-01
31                                     8.6441668152237860e-01
32                                     8.4348377148045284e-01
33                                     8.6221411081105725e-01
34                                     8.2506267260723265e-01
35                                     8.3148725266814227e-01
36                                     6.3651140417792784e-01
37                                     6.1862323124156893e-01
38                                     6.3642847794255752e-01
39                                     6.1865360443818385e-01
40                                     8.3596197185055243e-01
41                                     8.5817777285586727e-01
42                                     8.5818048685972370e-01
43                                     8.3592692067194463e-01
   &ZA [&Type "ArrayOfDoubles", &Dim (44,1)] "Total nuclear charge"
                                                         0

0                                      6.0000000000000000e+00
1                                      6.0000000000000000e+00
2                                      6.0000000000000000e+00
3                                      6.0000000000000000e+00
4                                      7.0000000000000000e+00
5                                      6.0000000000000000e+00
6                                      8.0000000000000000e+00
7                                      6.0000000000000000e+00
8                                      6.0000000000000000e+00
9                                      6.0000000000000000e+00
10                                     8.0000000000000000e+00
11                                     6.0000000000000000e+00
12                                     7.0000000000000000e+00
13                                     6.0000000000000000e+00
14                                     6.0000000000000000e+00
15                                     6.0000000000000000e+00
16                                     7.0000000000000000e+00
17                                     6.0000000000000000e+00
18                                     8.0000000000000000e+00
19                                     6.0000000000000000e+00
20                                     6.0000000000000000e+00
21                                     6.0000000000000000e+00
22                                     8.0000000000000000e+00
23                                     6.0000000000000000e+00
24                                     6.0000000000000000e+00
25                                     6.0000000000000000e+00
26                                     6.0000000000000000e+00
27                                     1.0000000000000000e+00
28                                     1.0000000000000000e+00
29                                     1.0000000000000000e+00
30                                     1.0000000000000000e+00
31                                     1.0000000000000000e+00
32                                     1.0000000000000000e+00
33                                     1.0000000000000000e+00
34                                     1.0000000000000000e+00
35                                     1.0000000000000000e+00
36                                     1.0000000000000000e+00
37                                     1.0000000000000000e+00
38                                     1.0000000000000000e+00
39                                     1.0000000000000000e+00
40                                     1.0000000000000000e+00
41                                     1.0000000000000000e+00
42                                     1.0000000000000000e+00
43                                     1.0000000000000000e+00
   &QA [&Type "ArrayOfDoubles", &Dim (44,1)] "Mulliken gross atomic charge"
                                                         0

0                                     -4.4141368325404962e-01
1                                     -2.4632835777755968e-01
2                                     -2.5980460286015905e-01
3                                     -1.5372362617778101e-01
4                                     -4.9145114718390470e-01
5                                      5.2482951159578128e-01
6                                     -4.4781360789106550e-01
7                                     -3.3302707800406672e-02
8                                     -2.9417128262714698e-02
9                                      5.2183290274810901e-01
10                                    -4.4913847952749819e-01
11                                     2.7042172135585840e-01
12                                    -8.2600193411500555e-01
13                                     3.3861584149006418e-03
14                                     3.4632943632884050e-03
15                                     2.7099468929509829e-01
16                                    -8.2592182885220566e-01
17                                     3.0039588651093663e-01
18                                    -4.7729213438611140e-01
19                                     5.2390115556300465e-02
20                                     5.2410190522568456e-02
21                                     3.0045339493905576e-01
22                                    -4.7722744006244788e-01
23                                    -1.7175481193293773e-01
24                                    -1.2323122579078571e-01
25                                    -1.2319492760040607e-01
26                                    -1.7183010699223189e-01
27                                     1.4369581935629827e-01
28                                     1.4573736405576909e-01
29                                     1.4199379588049599e-01
30                                     1.4197126500030643e-01
31                                     1.3558331847762140e-01
32                                     1.5651622851954716e-01
33                                     1.3778588918894275e-01
34                                     1.7493732739276735e-01
35                                     1.6851274733185773e-01
36                                     3.6348859582207216e-01
37                                     3.8137676875843107e-01
38                                     3.6357152205744248e-01
39                                     3.8134639556181615e-01
40                                     1.6403802814944757e-01
41                                     1.4182222714413273e-01
42                                     1.4181951314027630e-01
43                                     1.6407307932805537e-01
   &VA [&Type "ArrayOfDoubles", &Dim (44,1)] "Mayer's total valence"
                                                         0

0                                      3.8637195257948100e+00
1                                      3.8850239591465030e+00
2                                      3.8527147012167404e+00
3                                      3.8137467032419279e+00
4                                      3.0667323224249445e+00
5                                      3.8766008209212113e+00
6                                      2.1101082529847193e+00
7                                      3.8588362225287760e+00
8                                      3.8585476754215278e+00
9                                      3.8790528658396926e+00
10                                     2.1064270585948623e+00
11                                     3.7855136910908396e+00
12                                     2.8672194767511767e+00
13                                     3.7639352942044280e+00
14                                     3.7644932440376642e+00
15                                     3.7859137579401065e+00
16                                     2.8675723068376673e+00
17                                     3.8655314177653737e+00
18                                     2.0742456184162918e+00
19                                     3.8874842237035634e+00
20                                     3.8875583423227171e+00
21                                     3.8656624988455106e+00
22                                     2.0743520947449752e+00
23                                     3.8891142252419537e+00
24                                     3.8953204149228893e+00
25                                     3.8952836513783837e+00
26                                     3.8891130526357860e+00
27                                     9.3490416033346435e-01
28                                     9.3387570114000129e-01
29                                     9.3509852296291318e-01
30                                     9.3223187733726021e-01
31                                     9.3364391430065952e-01
32                                     9.3573799500191224e-01
33                                     9.3388477568913619e-01
34                                     9.3846036216560669e-01
35                                     9.3079600233103110e-01
36                                     8.6616871158628794e-01
37                                     8.6474747698520371e-01
38                                     8.6614097705389503e-01
39                                     8.6478775544957798e-01
40                                     9.4549382897467804e-01
41                                     9.3639066773209167e-01
42                                     9.3638878328920616e-01
43                                     9.4549909573419488e-01
   &BVA [&Type "ArrayOfDoubles", &Dim (44,1)] "Mayer's bonded valence"
                                                         0

0                                      3.8637195257948411e+00
1                                      3.8850239591465487e+00
2                                      3.8527147012167311e+00
3                                      3.8137467032419279e+00
4                                      3.0667323224249206e+00
5                                      3.8766008209211784e+00
6                                      2.1101082529846895e+00
7                                      3.8588362225287285e+00
8                                      3.8585476754215504e+00
9                                      3.8790528658396948e+00
10                                     2.1064270585949050e+00
11                                     3.7855136910909097e+00
12                                     2.8672194767512167e+00
13                                     3.7639352942044666e+00
14                                     3.7644932440376389e+00
15                                     3.7859137579400870e+00
16                                     2.8675723068376948e+00
17                                     3.8655314177654110e+00
18                                     2.0742456184163203e+00
19                                     3.8874842237036500e+00
20                                     3.8875583423227416e+00
21                                     3.8656624988455328e+00
22                                     2.0743520947449365e+00
23                                     3.8891142252419399e+00
24                                     3.8953204149229097e+00
25                                     3.8952836513783398e+00
26                                     3.8891130526357838e+00
27                                     9.3490416033347001e-01
28                                     9.3387570114000285e-01
29                                     9.3509852296290985e-01
30                                     9.3223187733726443e-01
31                                     9.3364391430066362e-01
32                                     9.3573799500191235e-01
33                                     9.3388477568913952e-01
34                                     9.3846036216560458e-01
35                                     9.3079600233103232e-01
36                                     8.6616871158628683e-01
37                                     8.6474747698520538e-01
38                                     8.6614097705389381e-01
39                                     8.6478775544957887e-01
40                                     9.4549382897467460e-01
41                                     9.3639066773209390e-01
42                                     9.3638878328919173e-01
43                                     9.4549909573419177e-01
   &FA [&Type "ArrayOfDoubles", &Dim (44,1)] "Mayer's free valence"
                                                         0

0                                      0.0000000000000000e+00
1                                      0.0000000000000000e+00
2                                      0.0000000000000000e+00
3                                      0.0000000000000000e+00
4                                      0.0000000000000000e+00
5                                      0.0000000000000000e+00
6                                      0.0000000000000000e+00
7                                      0.0000000000000000e+00
8                                      0.0000000000000000e+00
9                                      0.0000000000000000e+00
10                                     0.0000000000000000e+00
11                                     0.0000000000000000e+00
12                                     0.0000000000000000e+00
13                                     0.0000000000000000e+00
14                                     0.0000000000000000e+00
15                                     0.0000000000000000e+00
16                                     0.0000000000000000e+00
17                                     0.0000000000000000e+00
18                                     0.0000000000000000e+00
19                                     0.0000000000000000e+00
20                                     0.0000000000000000e+00
21                                     0.0000000000000000e+00
22                                     0.0000000000000000e+00
23                                     0.0000000000000000e+00
24                                     0.0000000000000000e+00
25                                     0.0000000000000000e+00
26                                     0.0000000000000000e+00
27                                     0.0000000000000000e+00
28                                     0.0000000000000000e+00
29                                     0.0000000000000000e+00
30                                     0.0000000000000000e+00
31                                     0.0000000000000000e+00
32                                     0.0000000000000000e+00
33                                     0.0000000000000000e+00
34                                     0.0000000000000000e+00
35                                     0.0000000000000000e+00
36                                     0.0000000000000000e+00
37                                     0.0000000000000000e+00
38                                     0.0000000000000000e+00
39                                     0.0000000000000000e+00
40                                     0.0000000000000000e+00
41                                     0.0000000000000000e+00
42                                     0.0000000000000000e+00
43                                     0.0000000000000000e+00
   &Method [&Type "String"] "SCF"
   &Level [&Type "String"] "Relaxed density"
   &Mult [&Type "Integer"] 1
   &State [&Type "Integer"] -1
   &Irrep [&Type "Integer"] 0
$End
$SCF_Energy
   &GeometryIndex 17
   &Method [&Type "String"] "SCF"
   &totalEnergy [&Type "ArrayOfDoubles", &Dim (1,1)] "Total energy of each state"
                                                         0

0                                     -1.2368857999194572e+03
   &Mult [&Type "ArrayOfIntegers", &Dim (1,1)] "Multiplicity of each state"
                                                         0

0                                                        1
$End
$DFT_Energy
   &GeometryIndex 17
   &nAlphaEl [&Type "Integer"] 95
   &nBetaEl [&Type "Integer"] 95
   &nTotalEl [&Type "Integer"] 190
   &finalEn [&Type "Double"]      -1.2368857999194572e+03  "No Van der Waals correction"
   &eExchange [&Type "Double"]      -1.2931141650740503e+02
   &eCorr [&Type "Double"]      -7.7117587062476494e+00
   &eXC [&Type "Double"]      -1.3702317521365268e+02
   &eCNL [&Type "Double"]       0.0000000000000000e+00
$End
$SCF_Timings
   &GeometryIndex 17
   &TOTAL [&Type "Double"]       3.1376807999999997e+01
   &PREP [&Type "Double"]       7.0137099999999997e-01
   &FOCK [&Type "Double"]       2.9127640000000003e+01
   &DENS [&Type "Double"]       7.2685000000003441e-02
   &ETOT [&Type "Double"]       2.7536000000006666e-02
   &POP [&Type "Double"]       1.1679399999999873e-01
   &TRAFO [&Type "Double"]       5.9356000000001075e-02
   &DIIS [&Type "Double"]       6.6225999999999452e-02
   &SOSCF [&Type "Double"]       3.5128499999999363e-01
   &XC [&Type "Double"]       3.0726089999999999e+00
   &FOCKSTART [&Type "Double"]       1.1639999999999096e-02
   &INT_PREP [&Type "Double"]       4.9999999980343546e-06
   &INT_BF [&Type "Double"]       8.3454000000000317e-01
   &INT_DENS [&Type "Double"]       7.4497999999998310e-01
   &INT_DENSIO [&Type "Double"]       5.4212215349000122e+04
   &INT_FUNC [&Type "Double"]       9.1598999999998654e-02
   &INT_POT [&Type "Double"]       5.6749200000001654e-01
   &INT_POTIO [&Type "Double"]       2.2860999999948284e-02
   &INT_SUM [&Type "Double"]       3.2699999999863394e-04
   &SPLITRIJ [&Type "Double"]       3.3692310000000005e+00
   &COSX [&Type "Double"]       2.4059092000000000e+01
$End
$Single_Point_Data
   &GeometryIndex 17
   &FinalEnergy [&Type "Double"]      -1.2368857999194572e+03  "Final single point energy"
   &Converged [&Type "Boolean"] true
$End
$SCF_Dipole_Moment
   &GeometryIndex 17
   &dipoleMagnitude [&Type "Double", &Units "a.u."]       2.5414269058962896e-01
   &dipoleElecContrib [&Type "ArrayOfDoubles", &Dim (3,1)] "Electronic contribution"
                                                         0

0                                      2.7534800902673240e+01
1                                      1.0937123137083544e+00
2                                     -6.0190956034929535e+00
   &dipoleNucContrib [&Type "ArrayOfDoubles", &Dim (3,1)] "Nuclear contribution"
                                                         0

0                                     -2.7329710927841973e+01
1                                     -1.0719056239455877e+00
2                                      6.1675916562534105e+00
   &dipoleTotal [&Type "ArrayOfDoubles", &Dim (3,1)] "Total"
                                                         0

0                                      2.0508997483126734e-01
1                                      2.1806689762766673e-02
2                                      1.4849605276045708e-01
   &doAtomicDipole [&Type "Boolean"] false
   &Method [&Type "String"] "SCF"
   &Level [&Type "String"] "Relaxed density"
   &Mult [&Type "Integer"] 1
   &State [&Type "Integer"] -1
   &Irrep [&Type "Integer"] 0
$End
$Calculation_Info
   &GeometryIndex 17
   &Mult [&Type "Integer"] 1
   &Charge [&Type "Integer"] 0
   &NumOfAtoms [&Type "Integer"] 44
   &NumOfElectrons [&Type "Integer"] 190
   &NumOfBasisFuncts [&Type "Integer"] 412
   &NumOfAuxCBasisFuncts [&Type "Integer"] 0
   &NumOfAuxJBasisFuncts [&Type "Integer"] 1510
   &NumOfAuxJKBasisFuncts [&Type "Integer"] 0
   &NumOfCABSBasisFuncts [&Type "Integer"] 0
$End
$Calculation_Timings
   &GeometryIndex 17
   &GTOINT [&Type "Double"]       9.5855010000000064e+01
   &SCF [&Type "Double"]       8.0375176700000020e+02
   &SCFGRAD [&Type "Double"]       3.9398570699999988e+02
   &GSTEP [&Type "Double"]       2.7824499999982449e-01
   &PROP [&Type "Double"]       3.1113689999999679e+00
   &SUM [&Type "Double"]       1.2969820980000000e+03
$End
