*************************************************
******************* ORCA 6.1.1 ******************
*************************************************
$Calculation_Status
   &GeometryIndex 43
   &version [&Type "String"] "6.1.1"
   &progName [&Type "String"] "LeanSCF"
   &Status [&Type "String"] "NORMAL TERMINATION"
$End
$Geometry
   &GeometryIndex 1
   &NAtoms [&Type "Integer"] 41
   &NCorelessECP [&Type "Integer"] 0
   &NGhostAtoms [&Type "Integer"] 0
   &CartesianCoordinates [&Type "Coordinates", &Dim(41,4), &Units "Bohr"] 
              O     -3.371833181803  -10.580078416427   -0.718350231336
              N     -3.969226710931   -8.624677571927   -1.895474340670
              C     -2.842549237584   -6.227952580550   -1.347551914208
              C     -3.593437283720   -4.103566094572   -2.732339502385
              C     -2.523985876661   -1.740103760247   -2.235817286615
              C     -0.688514290271   -1.472644848979   -0.339978928000
              C      0.062902293368   -3.602406339691    1.050066105048
              C     -1.003873960684   -5.966781260560    0.549745312982
              N      0.388959023124    0.968262619711    0.194732952183
              C      1.709003800268    2.360449241593   -1.813833522958
              C      4.204451902129    1.066613529735   -2.463034404273
              O      5.466977289694    2.495765934899   -4.316032199001
              S      8.165335188719    0.974381930878   -5.138282974686
              O      9.415495682451    2.434160277118   -7.227797701808
              O      7.580469504510   -1.642318445256   -6.080268517868
              C     10.303773356975    0.797210732781   -2.542454094579
              C      0.145228817104    2.063395707286    2.737841326641
              C     -2.576766116554    2.890713859189    3.234952834608
              O     -4.129165798768    0.742229188709    3.473106591087
              S     -7.197605906414    1.641791268356    3.295356021855
              O     -8.828686244838   -0.641660514992    3.725310782626
              O     -7.756348734644    2.689511675252    0.713922962052
              C     -7.944344189549    3.938639093501    5.643014500933
              H     -5.016107682580   -4.280682037076   -4.192433848629
              H     -3.157307332580   -0.113018208385   -3.300459643020
              H      1.492886291414   -3.437096196647    2.502735301573
              H     -0.392511311414   -7.586076699895    1.639879602502
              H      0.502471678352    2.472613104792   -3.527520971655
              H      2.101937673343    4.335971871070   -1.216313098721
              H      3.787844088069   -0.870019764228   -3.169521218399
              H      5.357698358000    0.952396989317   -0.710217643740
              H      9.620258507267   -0.610687450123   -1.147807748469
              H     12.194502198480    0.209738776083   -3.232518111457
              H     10.451428865894    2.677456280764   -1.626859880768
              H      0.750937065632    0.676684037754    4.192472569118
              H      1.400113569479    3.735063243464    2.945488308174
              H     -3.181054859501    4.136620031373    1.649288511128
              H     -2.615567447522    3.985191759817    5.027612127414
              H     -7.289258455389    3.263650121191    7.516714642300
              H     -7.005267010476    5.756321478368    5.185428561474
              H    -10.019263446800    4.234937417655    5.697198731754
$End
$SCF_Mulliken_Population_Analysis
   &GeometryIndex 1
   &NAtoms [&Type "Integer"] 41
   &ATNO [&Type "ArrayOfIntegers", &Dim (41,1)] 
                                                         0

0                                                        8
1                                                        7
2                                                        6
3                                                        6
4                                                        6
5                                                        6
6                                                        6
7                                                        6
8                                                        7
9                                                        6
10                                                       6
11                                                       8
12                                                      16
13                                                       8
14                                                       8
15                                                       6
16                                                       6
17                                                       6
18                                                       8
19                                                      16
20                                                       8
21                                                       8
22                                                       6
23                                                       1
24                                                       1
25                                                       1
26                                                       1
27                                                       1
28                                                       1
29                                                       1
30                                                       1
31                                                       1
32                                                       1
33                                                       1
34                                                       1
35                                                       1
36                                                       1
37                                                       1
38                                                       1
39                                                       1
40                                                       1
   &AtomicCharges [&Type "ArrayOfDoubles", &Dim (41,1)] 
                                                         0

0                                     -3.0642337082254834e-01
1                                     -3.4410005114408726e-02
2                                      2.0279306463485547e-01
3                                     -1.2169766781507096e-01
4                                     -1.5750105732220554e-01
5                                      2.9555460365177399e-01
6                                     -1.6183152393287514e-01
7                                     -1.3296026293011387e-01
8                                     -4.6750596283484747e-01
9                                     -1.7147285518277577e-01
10                                    -5.9703994565165175e-02
11                                    -5.0151765604149645e-01
12                                     1.2442055819972193e+00
13                                    -5.1665620638603826e-01
14                                    -5.3249520877272971e-01
15                                    -6.5509842824990461e-01
16                                    -1.6529807996935020e-01
17                                    -6.0777112622513840e-02
18                                    -4.9174147389753387e-01
19                                     1.2442988934476666e+00
20                                    -5.1194324487113541e-01
21                                    -5.3622936746378791e-01
22                                    -6.5682895905529026e-01
23                                     1.6264878057391319e-01
24                                     1.5603749370869857e-01
25                                     1.3131890216264464e-01
26                                     1.6084811596871629e-01
27                                     1.7299222711207074e-01
28                                     1.5516358791343476e-01
29                                     1.9454281569051790e-01
30                                     1.2988992829525969e-01
31                                     2.1238118636747516e-01
32                                     2.5313185611036682e-01
33                                     2.1380936182963839e-01
34                                     1.6262905941279815e-01
35                                     1.5548243484591429e-01
36                                     1.7998745841994301e-01
37                                     1.3280006334450789e-01
38                                     2.1766412403367097e-01
39                                     2.0929465678804837e-01
40                                     2.5461824154069801e-01
   &Method [&Type "String"] "SCF"
   &Level [&Type "String"] "Relaxed density"
   &Mult [&Type "Integer"] 1
   &State [&Type "Integer"] -1
   &Irrep [&Type "Integer"] 0
$End
$SCF_Loewdin_Population_Analysis
   &GeometryIndex 1
   &NAtoms [&Type "Integer"] 41
   &ATNO [&Type "ArrayOfIntegers", &Dim (41,1)] 
                                                         0

0                                                        8
1                                                        7
2                                                        6
3                                                        6
4                                                        6
5                                                        6
6                                                        6
7                                                        6
8                                                        7
9                                                        6
10                                                       6
11                                                       8
12                                                      16
13                                                       8
14                                                       8
15                                                       6
16                                                       6
17                                                       6
18                                                       8
19                                                      16
20                                                       8
21                                                       8
22                                                       6
23                                                       1
24                                                       1
25                                                       1
26                                                       1
27                                                       1
28                                                       1
29                                                       1
30                                                       1
31                                                       1
32                                                       1
33                                                       1
34                                                       1
35                                                       1
36                                                       1
37                                                       1
38                                                       1
39                                                       1
40                                                       1
   &AtomicCharges [&Type "ArrayOfDoubles", &Dim (41,1)] 
                                                         0

0                                     -1.7899153848836491e-01
1                                      3.5498211721951556e-02
2                                     -4.9982831660940974e-02
3                                     -7.9624888638192282e-02
4                                     -1.3481994326571733e-01
5                                      4.8423205001995484e-02
6                                     -1.4174191066549113e-01
7                                     -8.9045703114167374e-02
8                                     -1.3517894904153849e-01
9                                     -1.5433444104706151e-01
10                                    -1.3398119583725965e-01
11                                    -3.4731512048869995e-01
12                                     1.2812489576841912e+00
13                                    -5.5632277110946760e-01
14                                    -5.6467136967092557e-01
15                                    -5.0164461160569740e-01
16                                    -1.5442930539076727e-01
17                                    -1.3196440377231600e-01
18                                    -3.4021283187901830e-01
19                                     1.2811873699108283e+00
20                                    -5.5271488058797758e-01
21                                    -5.6955771375327124e-01
22                                    -5.0093630525232946e-01
23                                     1.5276847615082945e-01
24                                     1.4580086296237438e-01
25                                     1.3312034955846364e-01
26                                     1.4977080955187527e-01
27                                     1.3286168139694055e-01
28                                     1.3002272821616412e-01
29                                     1.4323288973273307e-01
30                                     1.0839398845726300e-01
31                                     1.6688545199010418e-01
32                                     1.9412807885818384e-01
33                                     1.6994830963998120e-01
34                                     1.2900401438838061e-01
35                                     1.3562685147571407e-01
36                                     1.3657763688761593e-01
37                                     1.1027101475374634e-01
38                                     1.7194334828046909e-01
39                                     1.6576670402359528e-01
40                                     1.9498977462595435e-01
   &Method [&Type "String"] "SCF"
   &Level [&Type "String"] "Relaxed density"
   &Mult [&Type "Integer"] 1
   &State [&Type "Integer"] -1
   &Irrep [&Type "Integer"] 0
$End
$SCF_Mayer_Population_Analysis
   &GeometryIndex 1
   &NAtoms [&Type "Integer"] 41 "Total number of atoms"
   &NBondOrdersPrint [&Type "Integer"] 41 "The number of bond orders larger than threshold"
   &bondThresh [&Type "Double"]       1.0000000000000001e-01  "The threshold for printing"
   &components [&Type "ArrayOfIntegers", &Dim (41,4)] "The indices and atomic numbers of the bonding atoms"
                                                         0                           1                           2                           3

0                                                        0                           8                           1                           7
1                                                        1                           7                           2                           6
2                                                        2                           6                           3                           6
3                                                        2                           6                           7                           6
4                                                        3                           6                           4                           6
5                                                        3                           6                          23                           1
6                                                        4                           6                           5                           6
7                                                        4                           6                          24                           1
8                                                        5                           6                           6                           6
9                                                        5                           6                           8                           7
10                                                       6                           6                           7                           6
11                                                       6                           6                          25                           1
12                                                       7                           6                          26                           1
13                                                       8                           7                           9                           6
14                                                       8                           7                          16                           6
15                                                       9                           6                          10                           6
16                                                       9                           6                          27                           1
17                                                       9                           6                          28                           1
18                                                      10                           6                          11                           8
19                                                      10                           6                          29                           1
20                                                      10                           6                          30                           1
21                                                      11                           8                          12                          16
22                                                      12                          16                          13                           8
23                                                      12                          16                          14                           8
24                                                      12                          16                          15                           6
25                                                      15                           6                          31                           1
26                                                      15                           6                          32                           1
27                                                      15                           6                          33                           1
28                                                      16                           6                          17                           6
29                                                      16                           6                          34                           1
30                                                      16                           6                          35                           1
31                                                      17                           6                          18                           8
32                                                      17                           6                          36                           1
33                                                      17                           6                          37                           1
34                                                      18                           8                          19                          16
35                                                      19                          16                          20                           8
36                                                      19                          16                          21                           8
37                                                      19                          16                          22                           6
38                                                      22                           6                          38                           1
39                                                      22                           6                          39                           1
40                                                      22                           6                          40                           1
   &BondOrders [&Type "ArrayOfDoubles", &Dim (41,1)] "The bond orders"
                                                         0

0                                      1.6856351206111546e+00
1                                      1.0289556196037406e+00
2                                      1.3627221811104957e+00
3                                      1.3302309234426879e+00
4                                      1.4407777565893221e+00
5                                      9.0963508975849905e-01
6                                      1.3961953711576913e+00
7                                      9.1766492838170155e-01
8                                      1.3793952694894445e+00
9                                      9.1834480797898466e-01
10                                     1.4532348144705181e+00
11                                     9.2336917668065233e-01
12                                     9.0373986218648039e-01
13                                     9.6258466622605232e-01
14                                     9.9645911711741164e-01
15                                     9.7816378792125858e-01
16                                     9.2123044715427249e-01
17                                     9.3207000125162209e-01
18                                     8.7393314538445410e-01
19                                     8.9875638293940852e-01
20                                     9.2208328991204580e-01
21                                     8.1457223910987064e-01
22                                     1.6898811972211629e+00
23                                     1.6490835659920524e+00
24                                     8.4908340068871035e-01
25                                     9.0779695157452189e-01
26                                     9.0737802819948665e-01
27                                     9.1046087064733916e-01
28                                     9.8149760668944663e-01
29                                     9.2025356353625365e-01
30                                     9.2847807090781265e-01
31                                     8.9901204994137474e-01
32                                     8.9765090837932471e-01
33                                     9.1654450323426917e-01
34                                     8.0785844789104710e-01
35                                     1.6923664823880675e+00
36                                     1.6493891901172590e+00
37                                     8.4539947178425401e-01
38                                     9.0865494048274065e-01
39                                     9.0859886416713542e-01
40                                     9.0688506475136210e-01
   &ATNO [&Type "ArrayOfIntegers", &Dim (41,1)] "Atomic number of the elements"
                                                         0

0                                                        8
1                                                        7
2                                                        6
3                                                        6
4                                                        6
5                                                        6
6                                                        6
7                                                        6
8                                                        7
9                                                        6
10                                                       6
11                                                       8
12                                                      16
13                                                       8
14                                                       8
15                                                       6
16                                                       6
17                                                       6
18                                                       8
19                                                      16
20                                                       8
21                                                       8
22                                                       6
23                                                       1
24                                                       1
25                                                       1
26                                                       1
27                                                       1
28                                                       1
29                                                       1
30                                                       1
31                                                       1
32                                                       1
33                                                       1
34                                                       1
35                                                       1
36                                                       1
37                                                       1
38                                                       1
39                                                       1
40                                                       1
   &NA [&Type "ArrayOfDoubles", &Dim (41,1)] "Mulliken gross atomic population"
                                                         0

0                                      8.3064233708225519e+00
1                                      7.0344100051144105e+00
2                                      5.7972069353651472e+00
3                                      6.1216976678150692e+00
4                                      6.1575010573222055e+00
5                                      5.7044453963482242e+00
6                                      6.1618315239328734e+00
7                                      6.1329602629301112e+00
8                                      7.4675059628348457e+00
9                                      6.1714728551827758e+00
10                                     6.0597039945651634e+00
11                                     8.5015176560414982e+00
12                                     1.4755794418002779e+01
13                                     8.5166562063860347e+00
14                                     8.5324952087727279e+00
15                                     6.6550984282499037e+00
16                                     6.1652980799693529e+00
17                                     6.0607771126225147e+00
18                                     8.4917414738975356e+00
19                                     1.4755701106552326e+01
20                                     8.5119432448711336e+00
21                                     8.5362293674637861e+00
22                                     6.6568289590552876e+00
23                                     8.3735121942608681e-01
24                                     8.4396250629130098e-01
25                                     8.6868109783735559e-01
26                                     8.3915188403128405e-01
27                                     8.2700777288792926e-01
28                                     8.4483641208656501e-01
29                                     8.0545718430948232e-01
30                                     8.7011007170474031e-01
31                                     7.8761881363252462e-01
32                                     7.4686814388963296e-01
33                                     7.8619063817036150e-01
34                                     8.3737094058720152e-01
35                                     8.4451756515408527e-01
36                                     8.2001254158005732e-01
37                                     8.6719993665549233e-01
38                                     7.8233587596632925e-01
39                                     7.9070534321195163e-01
40                                     7.4538175845930210e-01
   &ZA [&Type "ArrayOfDoubles", &Dim (41,1)] "Total nuclear charge"
                                                         0

0                                      8.0000000000000000e+00
1                                      7.0000000000000000e+00
2                                      6.0000000000000000e+00
3                                      6.0000000000000000e+00
4                                      6.0000000000000000e+00
5                                      6.0000000000000000e+00
6                                      6.0000000000000000e+00
7                                      6.0000000000000000e+00
8                                      7.0000000000000000e+00
9                                      6.0000000000000000e+00
10                                     6.0000000000000000e+00
11                                     8.0000000000000000e+00
12                                     1.6000000000000000e+01
13                                     8.0000000000000000e+00
14                                     8.0000000000000000e+00
15                                     6.0000000000000000e+00
16                                     6.0000000000000000e+00
17                                     6.0000000000000000e+00
18                                     8.0000000000000000e+00
19                                     1.6000000000000000e+01
20                                     8.0000000000000000e+00
21                                     8.0000000000000000e+00
22                                     6.0000000000000000e+00
23                                     1.0000000000000000e+00
24                                     1.0000000000000000e+00
25                                     1.0000000000000000e+00
26                                     1.0000000000000000e+00
27                                     1.0000000000000000e+00
28                                     1.0000000000000000e+00
29                                     1.0000000000000000e+00
30                                     1.0000000000000000e+00
31                                     1.0000000000000000e+00
32                                     1.0000000000000000e+00
33                                     1.0000000000000000e+00
34                                     1.0000000000000000e+00
35                                     1.0000000000000000e+00
36                                     1.0000000000000000e+00
37                                     1.0000000000000000e+00
38                                     1.0000000000000000e+00
39                                     1.0000000000000000e+00
40                                     1.0000000000000000e+00
   &QA [&Type "ArrayOfDoubles", &Dim (41,1)] "Mulliken gross atomic charge"
                                                         0

0                                     -3.0642337082255189e-01
1                                     -3.4410005114410502e-02
2                                      2.0279306463485280e-01
3                                     -1.2169766781506919e-01
4                                     -1.5750105732220554e-01
5                                      2.9555460365177577e-01
6                                     -1.6183152393287337e-01
7                                     -1.3296026293011121e-01
8                                     -4.6750596283484569e-01
9                                     -1.7147285518277577e-01
10                                    -5.9703994565163399e-02
11                                    -5.0151765604149823e-01
12                                     1.2442055819972211e+00
13                                    -5.1665620638603471e-01
14                                    -5.3249520877272793e-01
15                                    -6.5509842824990372e-01
16                                    -1.6529807996935286e-01
17                                    -6.0777112622514728e-02
18                                    -4.9174147389753564e-01
19                                     1.2442988934476737e+00
20                                    -5.1194324487113363e-01
21                                    -5.3622936746378613e-01
22                                    -6.5682895905528760e-01
23                                     1.6264878057391319e-01
24                                     1.5603749370869902e-01
25                                     1.3131890216264441e-01
26                                     1.6084811596871595e-01
27                                     1.7299222711207074e-01
28                                     1.5516358791343499e-01
29                                     1.9454281569051768e-01
30                                     1.2988992829525969e-01
31                                     2.1238118636747538e-01
32                                     2.5313185611036704e-01
33                                     2.1380936182963850e-01
34                                     1.6262905941279848e-01
35                                     1.5548243484591473e-01
36                                     1.7998745841994268e-01
37                                     1.3280006334450767e-01
38                                     2.1766412403367075e-01
39                                     2.0929465678804837e-01
40                                     2.5461824154069790e-01
   &VA [&Type "ArrayOfDoubles", &Dim (41,1)] "Mayer's total valence"
                                                         0

0                                      1.9335021124720360e+00
1                                      2.7949674393752453e+00
2                                      3.9095714761361275e+00
3                                      3.8789299131937214e+00
4                                      3.9016879035098411e+00
5                                      3.8939247909096486e+00
6                                      3.8964432454290265e+00
7                                      3.8535887650362435e+00
8                                      2.9679078442081810e+00
9                                      3.8449756969062849e+00
10                                     3.7313667182483696e+00
11                                     1.8990091247206702e+00
12                                     5.0651356762417219e+00
13                                     1.9031822269620804e+00
14                                     1.8926573458187992e+00
15                                     3.7337091168671206e+00
16                                     3.8742277037455675e+00
17                                     3.7351610367735559e+00
18                                     1.9163417947876829e+00
19                                     5.0608226254936302e+00
20                                     1.9067952285568861e+00
21                                     1.8882307236705369e+00
22                                     3.7317358379933472e+00
23                                     9.3822069168231970e-01
24                                     9.3689710694003070e-01
25                                     9.3988551689484279e-01
26                                     9.4802172192845346e-01
27                                     9.2720612389700297e-01
28                                     9.3703798205349642e-01
29                                     9.3256139609966138e-01
30                                     9.3258989970523976e-01
31                                     9.2059397687322719e-01
32                                     9.1087471794614849e-01
33                                     9.1859796409895500e-01
34                                     9.2952231867404600e-01
35                                     9.3696987091270267e-01
36                                     9.3578856726282578e-01
37                                     9.2751695636683529e-01
38                                     9.1763643794408378e-01
39                                     9.2127644158935618e-01
40                                     9.1032461342371995e-01
   &BVA [&Type "ArrayOfDoubles", &Dim (41,1)] "Mayer's bonded valence"
                                                         0

0                                      1.9335021124720484e+00
1                                      2.7949674393752924e+00
2                                      3.9095714761361200e+00
3                                      3.8789299131936694e+00
4                                      3.9016879035098047e+00
5                                      3.8939247909096610e+00
6                                      3.8964432454289852e+00
7                                      3.8535887650362435e+00
8                                      2.9679078442081970e+00
9                                      3.8449756969062823e+00
10                                     3.7313667182483705e+00
11                                     1.8990091247207026e+00
12                                     5.0651356762417805e+00
13                                     1.9031822269620697e+00
14                                     1.8926573458187956e+00
15                                     3.7337091168671530e+00
16                                     3.8742277037455457e+00
17                                     3.7351610367735457e+00
18                                     1.9163417947876304e+00
19                                     5.0608226254936071e+00
20                                     1.9067952285569056e+00
21                                     1.8882307236705511e+00
22                                     3.7317358379933516e+00
23                                     9.3822069168229616e-01
24                                     9.3689710694000994e-01
25                                     9.3988551689483846e-01
26                                     9.4802172192846579e-01
27                                     9.2720612389700729e-01
28                                     9.3703798205348821e-01
29                                     9.3256139609966482e-01
30                                     9.3258989970523909e-01
31                                     9.2059397687322719e-01
32                                     9.1087471794614383e-01
33                                     9.1859796409896044e-01
34                                     9.2952231867404689e-01
35                                     9.3696987091270068e-01
36                                     9.3578856726282278e-01
37                                     9.2751695636683329e-01
38                                     9.1763643794408079e-01
39                                     9.2127644158936439e-01
40                                     9.1032461342372728e-01
   &FA [&Type "ArrayOfDoubles", &Dim (41,1)] "Mayer's free valence"
                                                         0

0                                      0.0000000000000000e+00
1                                      0.0000000000000000e+00
2                                      0.0000000000000000e+00
3                                      0.0000000000000000e+00
4                                      0.0000000000000000e+00
5                                      0.0000000000000000e+00
6                                      0.0000000000000000e+00
7                                      0.0000000000000000e+00
8                                      0.0000000000000000e+00
9                                      0.0000000000000000e+00
10                                     0.0000000000000000e+00
11                                     0.0000000000000000e+00
12                                     0.0000000000000000e+00
13                                     0.0000000000000000e+00
14                                     0.0000000000000000e+00
15                                     0.0000000000000000e+00
16                                     0.0000000000000000e+00
17                                     0.0000000000000000e+00
18                                     0.0000000000000000e+00
19                                     0.0000000000000000e+00
20                                     0.0000000000000000e+00
21                                     0.0000000000000000e+00
22                                     0.0000000000000000e+00
23                                     0.0000000000000000e+00
24                                     0.0000000000000000e+00
25                                     0.0000000000000000e+00
26                                     0.0000000000000000e+00
27                                     0.0000000000000000e+00
28                                     0.0000000000000000e+00
29                                     0.0000000000000000e+00
30                                     0.0000000000000000e+00
31                                     0.0000000000000000e+00
32                                     0.0000000000000000e+00
33                                     0.0000000000000000e+00
34                                     0.0000000000000000e+00
35                                     0.0000000000000000e+00
36                                     0.0000000000000000e+00
37                                     0.0000000000000000e+00
38                                     0.0000000000000000e+00
39                                     0.0000000000000000e+00
40                                     0.0000000000000000e+00
   &Method [&Type "String"] "SCF"
   &Level [&Type "String"] "Relaxed density"
   &Mult [&Type "Integer"] 1
   &State [&Type "Integer"] -1
   &Irrep [&Type "Integer"] 0
$End
$SCF_Energy
   &GeometryIndex 1
   &Method [&Type "String"] "SCF"
   &totalEnergy [&Type "ArrayOfDoubles", &Dim (1,1)] "Total energy of each state"
                                                         0

0                                     -1.8995245263298264e+03
   &Mult [&Type "ArrayOfIntegers", &Dim (1,1)] "Multiplicity of each state"
                                                         0

0                                                        1
$End
$DFT_Energy
   &GeometryIndex 1
   &nAlphaEl [&Type "Integer"] 96
   &nBetaEl [&Type "Integer"] 96
   &nTotalEl [&Type "Integer"] 192
   &finalEn [&Type "Double"]      -1.8995245263298264e+03  "No Van der Waals correction"
   &eExchange [&Type "Double"]      -1.5056495645849952e+02
   &eCorr [&Type "Double"]      -8.0702442510558257e+00
   &eXC [&Type "Double"]      -1.5863520070955536e+02
   &eCNL [&Type "Double"]       0.0000000000000000e+00
$End
$SCF_Timings
   &GeometryIndex 1
   &TOTAL [&Type "Double"]       4.3574795999999999e+01
   &PREP [&Type "Double"]       6.2331899999999996e-01
   &FOCK [&Type "Double"]       4.1131065000000000e+01
   &DENS [&Type "Double"]       1.2753900000001295e-01
   &ETOT [&Type "Double"]       5.4223999999996941e-02
   &POP [&Type "Double"]       5.3210999999997455e-02
   &TRAFO [&Type "Double"]       1.0173099999999380e-01
   &DIIS [&Type "Double"]       4.2657000000000256e-01
   &SOSCF [&Type "Double"]       4.4380100000000855e-01
   &XC [&Type "Double"]       5.0312919999999890e+00
   &FOCKSTART [&Type "Double"]       1.5880999999996925e-02
   &INT_PREP [&Type "Double"]       8.9999999897116822e-06
   &INT_BF [&Type "Double"]       1.5425680000000819e+00
   &INT_DENS [&Type "Double"]       1.2278820000001494e+00
   &INT_DENSIO [&Type "Double"]       1.3686631862200022e+05
   &INT_FUNC [&Type "Double"]       1.7614500000004529e-01
   &INT_POT [&Type "Double"]       1.1111989999998784e+00
   &INT_POTIO [&Type "Double"]       4.6857000000120941e-02
   &INT_SUM [&Type "Double"]       1.3160000000027594e-03
   &SPLITRIJ [&Type "Double"]       5.2301270000000040e+00
   &COSX [&Type "Double"]       3.1780837000000002e+01
$End
$Single_Point_Data
   &GeometryIndex 1
   &FinalEnergy [&Type "Double"]      -1.8995245263298264e+03  "Final single point energy"
   &Converged [&Type "Boolean"] true
$End
$SCF_Nuc_Gradient
   &GeometryIndex 1
   &NAtoms [&Type "Integer"] 41
   &gradNorm [&Type "Double"]       2.3543025441685511e-01
   &grad [&Type "ArrayOfDoubles", &Dim (123,1)] 
                                                         0

0                                     -5.3346301457391498e-03
1                                     -4.3283721162417355e-02
2                                      6.1947266787614752e-03
3                                      1.6759951042737864e-02
4                                      2.2545059598489292e-02
5                                      1.1990065975411912e-02
6                                     -1.4797903323726720e-02
7                                      1.8275077507918604e-02
8                                     -2.1286417090215164e-02
9                                     -1.1922617160803617e-03
10                                    -4.2344132399634755e-03
11                                     3.0198830277346489e-03
12                                     1.0704995427353349e-03
13                                     9.5280269742233498e-03
14                                     2.9401122239725852e-03
15                                    -4.6898605938542892e-03
16                                    -1.6673429983036669e-02
17                                    -2.4545060598346394e-03
18                                     5.7519186357435220e-03
19                                     1.2674295104354937e-02
20                                     1.7134817204123021e-03
21                                    -6.5297704446772922e-03
22                                    -1.5468590338335600e-02
23                                    -5.0928351502911168e-03
24                                    -5.9068781112738625e-03
25                                    -5.6361380371308667e-05
26                                    -7.2269785983687836e-04
27                                     1.3467123669166796e-02
28                                    -6.3101457110378567e-03
29                                     1.2601277229885750e-03
30                                     1.8943856995886115e-02
31                                     1.9913688689573786e-02
32                                    -2.1066158475493604e-02
33                                    -3.7773069218198507e-02
34                                     4.1230956216193881e-03
35                                     5.3190909734164432e-03
36                                    -1.9928107287395108e-02
37                                     2.6438494713943550e-02
38                                     1.1870265378243561e-01
39                                     2.0644026419265271e-02
40                                    -4.2520151008883234e-03
41                                    -4.7533980459010250e-02
42                                     5.4028765672681639e-03
43                                    -2.8008806395673491e-02
44                                    -4.0078672312696628e-02
45                                    -1.4236613076612538e-03
46                                    -5.0140464557966377e-03
47                                    -3.2233576958706378e-02
48                                    -5.9289752198466855e-03
49                                     1.1315410561785911e-02
50                                     5.6333126640441267e-03
51                                    -2.4521547457083737e-02
52                                    -3.0035658327083402e-02
53                                    -3.6382404868757282e-03
54                                     3.3982865551554678e-02
55                                    -8.4379342691210946e-03
56                                    -9.8582044935937169e-03
57                                     7.7328770793629653e-02
58                                     6.2999707195237967e-02
59                                     7.4117516103830550e-02
60                                    -4.0116992780718952e-02
61                                    -2.8223349402172915e-02
62                                    -1.8709000610428773e-02
63                                    -2.9030576804205704e-02
64                                    -8.8588747629601561e-03
65                                    -3.7595463989842426e-02
66                                    -1.4546319338915786e-02
67                                    -1.9097410324403864e-02
68                                    -2.1828484785700958e-02
69                                     2.2726131372158287e-03
70                                     2.8469984075421874e-03
71                                     6.6924797266851299e-04
72                                     5.6334589063858354e-04
73                                    -2.3472819921130372e-03
74                                    -5.0564752494541843e-06
75                                    -2.2146947389413696e-03
76                                    -1.6944567079524003e-03
77                                    -1.9659320827904170e-03
78                                     2.1463927893149715e-03
79                                     4.6433672845779539e-03
80                                     1.7484553254393242e-03
81                                    -6.9915341972678485e-03
82                                    -7.6013799874035878e-04
83                                    -5.0340578996699026e-03
84                                     4.8851960192575344e-03
85                                     1.0203279690046252e-02
86                                     4.0555391881051672e-04
87                                    -5.7301859969520960e-03
88                                    -9.0783559772706635e-03
89                                    -4.4363796823556831e-03
90                                     5.0112130684001471e-03
91                                     1.8288631579252632e-03
92                                     5.7790346093026246e-03
93                                    -3.2200736292316012e-03
94                                    -7.0583948627477022e-03
95                                     6.9554921123250041e-03
96                                     1.4240916923909941e-02
97                                    -3.1836575524570795e-03
98                                     4.1472308187867901e-03
99                                    -1.3154100161111293e-04
100                                    8.3866868564817232e-03
101                                    5.0129912732825438e-03
102                                    3.9638012323250371e-03
103                                   -5.8294553475323335e-03
104                                    3.6718484122356398e-03
105                                    6.1232211402274250e-03
106                                    8.4521169546549202e-03
107                                    4.2149669336563438e-03
108                                   -2.0439098546523593e-04
109                                    7.9209759965607474e-03
110                                   -8.3087559549610002e-03
111                                    1.5794009384095808e-04
112                                    1.6875297334073003e-03
113                                    5.4571902415175289e-03
114                                    3.8570771151113722e-03
115                                   -2.4766418018671438e-03
116                                    8.6836233102592919e-03
117                                    4.8113100527493180e-03
118                                    8.8518503288412820e-03
119                                   -2.4772245036522034e-03
120                                   -1.1171942389656825e-02
121                                    7.7486145654384816e-03
122                                    6.6890393055677906e-03
   &Method [&Type "String"] "SCF"
   &Level [&Type "String"] "Relaxed density"
   &Mult [&Type "Integer"] 1
   &State [&Type "Integer"] 0
   &Irrep [&Type "Integer"] 0
$End
$Geometry
   &GeometryIndex 2
   &NAtoms [&Type "Integer"] 41
   &NCorelessECP [&Type "Integer"] 0
   &NGhostAtoms [&Type "Integer"] 0
   &CartesianCoordinates [&Type "Coordinates", &Dim(41,4), &Units "Bohr"] 
              O     -3.432790629607  -10.411391895031   -0.647328078985
              N     -4.062632571142   -8.587430400165   -1.939083651012
              C     -2.899444753825   -6.234257559411   -1.355052535284
              C     -3.583146594064   -4.126742646959   -2.795200076929
              C     -2.500470958324   -1.779235617344   -2.298289640520
              C     -0.716939547659   -1.512868669935   -0.349659873741
              C     -0.033300876927   -3.637139357722    1.094070525464
              C     -1.116093921927   -5.980905998001    0.595904819945
              N      0.375866773096    0.897067028728    0.176403614209
              C      1.741379194297    2.235341942786   -1.816860399691
              C      4.246127493022    0.915257593532   -2.419437923469
              O      5.541390079870    2.365892092797   -4.294003695744
              S      8.261737817131    1.001772206842   -5.222666363687
              O      9.397590165182    2.627091510032   -7.204018505973
              O      7.780095684607   -1.629466480511   -6.080894865568
              C     10.343943125671    0.951134837490   -2.562543748443
              C      0.109085753617    2.023977949284    2.689150764692
              C     -2.582749250128    2.962363141068    3.196581483157
              O     -4.225905194150    0.839866498412    3.461097561243
              S     -7.298072751708    1.649944426724    3.294488542700
              O     -8.817835170592   -0.640618363488    3.838402455729
              O     -7.845267449386    2.782029933633    0.781548605055
              C     -7.902964158146    3.933553074998    5.709684549463
              H     -4.969920459252   -4.318937613724   -4.293415990302
              H     -3.078592913689   -0.151919158761   -3.400573201263
              H      1.361021846228   -3.465750245756    2.588165195361
              H     -0.573134031859   -7.610777356616    1.713475050948
              H      0.583743003909    2.346894156090   -3.544646395568
              H      2.126965857936    4.192112981082   -1.226976871854
              H      3.850352268936   -1.005330371075   -3.116619959552
              H      5.365959770970    0.799809053083   -0.662839496122
              H      9.730309626147   -0.482486662613   -1.192705469796
              H     12.239012360948    0.478262796949   -3.254678094587
              H     10.381770904067    2.823793753025   -1.664250292316
              H      0.660370186862    0.655626579544    4.161153145423
              H      1.400561843377    3.643271832164    2.869082040424
              H     -3.156740195050    4.192239423967    1.616278702599
              H     -2.576509214499    4.077016514159    4.964156206636
              H     -7.186963975099    3.235317932434    7.530276694775
              H     -6.984250525153    5.734998610862    5.240409507148
              H     -9.953558538098    4.210622508531    5.821415627641
$End
$SCF_Energy
   &GeometryIndex 2
   &Method [&Type "String"] "SCF"
   &totalEnergy [&Type "ArrayOfDoubles", &Dim (1,1)] "Total energy of each state"
                                                         0

0                                     -1.8995601154042708e+03
   &Mult [&Type "ArrayOfIntegers", &Dim (1,1)] "Multiplicity of each state"
                                                         0

0                                                        1
$End
$DFT_Energy
   &GeometryIndex 2
   &nAlphaEl [&Type "Integer"] 96
   &nBetaEl [&Type "Integer"] 96
   &nTotalEl [&Type "Integer"] 192
   &finalEn [&Type "Double"]      -1.8995601154042708e+03  "No Van der Waals correction"
   &eExchange [&Type "Double"]      -1.5064786609499092e+02
   &eCorr [&Type "Double"]      -8.0754184610558113e+00
   &eXC [&Type "Double"]      -1.5872328455604674e+02
   &eCNL [&Type "Double"]       0.0000000000000000e+00
$End
$SCF_Timings
   &GeometryIndex 2
   &TOTAL [&Type "Double"]       3.9076401000000004e+01
   &PREP [&Type "Double"]       6.5419000000000005e-01
   &FOCK [&Type "Double"]       3.6648160000000004e+01
   &DENS [&Type "Double"]       1.2058400000000447e-01
   &ETOT [&Type "Double"]       5.2359999999995743e-02
   &TRAFO [&Type "Double"]       8.0100999999999978e-02
   &DIIS [&Type "Double"]       3.4502000000000077e-01
   &SOSCF [&Type "Double"]       4.4601900000000239e-01
   &XC [&Type "Double"]       4.5367990000000038e+00
   &FOCKSTART [&Type "Double"]       1.8287000000008602e-02
   &INT_PREP [&Type "Double"]       3.9999999987827550e-06
   &INT_BF [&Type "Double"]       1.3602989999998369e+00
   &INT_DENS [&Type "Double"]       1.0420170000000066e+00
   &INT_DENSIO [&Type "Double"]       1.1476057431500025e+05
   &INT_FUNC [&Type "Double"]       1.6396699999996134e-01
   &INT_POT [&Type "Double"]       8.8708200000017268e-01
   &INT_POTIO [&Type "Double"]       4.2755999999903871e-02
   &INT_SUM [&Type "Double"]       1.1920000000014142e-03
   &SPLITRIJ [&Type "Double"]       5.0738809999999956e+00
   &COSX [&Type "Double"]       2.8037852999999995e+01
$End
$Single_Point_Data
   &GeometryIndex 2
   &FinalEnergy [&Type "Double"]      -1.8995601154042708e+03  "Final single point energy"
   &Converged [&Type "Boolean"] true
$End
$SCF_Nuc_Gradient
   &GeometryIndex 2
   &NAtoms [&Type "Integer"] 41
   &gradNorm [&Type "Double"]       1.4353368501108221e-01
   &grad [&Type "ArrayOfDoubles", &Dim (123,1)] 
                                                         0

0                                     -1.9787573759765531e-03
1                                     -8.2282860455707429e-03
2                                      2.9879096684357065e-04
3                                      8.7556958994992329e-03
4                                      7.1354756909374484e-03
5                                      8.0261477212737464e-03
6                                     -8.2539400904498364e-03
7                                      2.9502734909084838e-03
8                                     -1.0807677766982465e-02
9                                     -1.1579554782293056e-03
10                                    -3.0986666647661101e-03
11                                     2.4694955528852813e-03
12                                    -3.7348766831835079e-04
13                                     4.6368147482305500e-03
14                                     2.2087900900692181e-03
15                                    -1.6779644769798624e-03
16                                    -1.0083621291677433e-02
17                                    -1.5710575950573166e-03
18                                     4.2641369790651362e-03
19                                     7.6361573882268441e-03
20                                     1.1711747848592302e-03
21                                    -4.3006974298860808e-03
22                                    -8.4319869946455350e-03
23                                    -4.1832253886380927e-03
24                                    -4.3688901570774485e-03
25                                    -1.4183627310454805e-03
26                                    -1.7221990007635461e-03
27                                     8.4519125432923441e-03
28                                    -3.5690425428052987e-03
29                                     2.8283854638968819e-03
30                                     1.1305561900990177e-02
31                                     8.7771505458617248e-03
32                                    -1.0414164452674318e-02
33                                    -2.5282721760424440e-02
34                                     5.0541919057906504e-03
35                                     3.3663317056580044e-04
36                                    -9.9299871107342841e-03
37                                     1.5995589530840945e-02
38                                     7.3539532233732247e-02
39                                     1.5754572576946124e-02
40                                    -3.7644393554028821e-04
41                                    -3.1547004671874712e-02
42                                     4.0418145865277338e-03
43                                    -1.9667230566082772e-02
44                                    -2.5871507666639398e-02
45                                     1.5378428491529088e-03
46                                    -4.2540339118496348e-03
47                                    -1.9319884007104604e-02
48                                    -1.7198370305240296e-03
49                                     1.0724083414045255e-02
50                                     4.0949619149178405e-03
51                                    -1.5903506569143272e-02
52                                    -1.4847119003782761e-02
53                                    -1.3198154223165171e-03
54                                     2.2317832030395141e-02
55                                    -9.2552672467685893e-03
56                                    -7.6730099880732358e-03
57                                     4.6904561890991847e-02
58                                     3.8575551685382306e-02
59                                     4.7549060084195405e-02
60                                    -2.8128217132880329e-02
61                                    -1.9111085450035425e-02
62                                    -9.9544806885751846e-03
63                                    -1.9321249183375702e-02
64                                    -4.1477694416763855e-03
65                                    -2.5686425215292741e-02
66                                    -1.1973654854377576e-02
67                                    -1.0343067916144630e-02
68                                    -1.2702776911563282e-02
69                                     1.0783309390879625e-03
70                                     2.3525805921551183e-03
71                                    -3.2339828563082706e-04
72                                    -1.2860000168491564e-04
73                                    -1.5208568506654141e-03
74                                    -6.0123122504937565e-04
75                                    -6.7639561164878348e-04
76                                    -1.3906549575045165e-03
77                                    -4.6492180944052164e-04
78                                     2.0573340996390341e-03
79                                     2.5110905439114650e-03
80                                     2.2113276007616756e-03
81                                    -3.7713574329444055e-03
82                                    -7.3329988563262949e-04
83                                    -1.1179593202528815e-03
84                                     2.2680274017331456e-03
85                                     3.7892685612536670e-03
86                                    -2.9460211000990888e-04
87                                    -4.1088910306202597e-03
88                                    -3.5083100799365718e-03
89                                    -9.3518687941836209e-04
90                                     9.6478515856592006e-04
91                                     6.5665027680053556e-04
92                                     3.4815790720774675e-03
93                                    -7.4162614254040526e-04
94                                    -2.6032096374109248e-03
95                                     3.0710486123129155e-03
96                                     5.1586581822509192e-03
97                                    -1.7634652908503357e-04
98                                     3.4669458513828799e-03
99                                    -1.7783847379103379e-04
100                                    2.9641908919666449e-03
101                                    2.8182782133304440e-03
102                                    2.4350870590105905e-03
103                                   -2.6849017650662360e-03
104                                    4.9949149554878725e-04
105                                    2.1718458136945062e-03
106                                    2.5528221268789619e-03
107                                    1.9671747909172088e-03
108                                    2.4459999671387622e-03
109                                    4.0589773130569051e-03
110                                   -3.1953984473523378e-03
111                                    6.7812478453153392e-04
112                                    1.7676503691503032e-03
113                                    2.5828629322931784e-03
114                                    2.3156851609034135e-03
115                                    1.1762454435126912e-05
116                                    3.4643701396592785e-03
117                                    2.0690132397049588e-03
118                                    3.4341182571026585e-03
119                                   -3.3098330396512388e-04
120                                   -3.0012481785916534e-03
121                                    3.8651635132417456e-03
122                                    3.9508592434366590e-03
   &Method [&Type "String"] "SCF"
   &Level [&Type "String"] "Relaxed density"
   &Mult [&Type "Integer"] 1
   &State [&Type "Integer"] 0
   &Irrep [&Type "Integer"] 0
$End
$Geometry
   &GeometryIndex 3
   &NAtoms [&Type "Integer"] 41
   &NCorelessECP [&Type "Integer"] 0
   &NGhostAtoms [&Type "Integer"] 0
   &CartesianCoordinates [&Type "Coordinates", &Dim(41,4), &Units "Bohr"] 
              O     -3.603358457046  -10.369715394626   -0.624657566657
              N     -4.170652089743   -8.585198571921   -1.979890886214
              C     -2.960398463001   -6.252657091328   -1.349963991291
              C     -3.559011350345   -4.162389838606   -2.854228881199
              C     -2.463539399288   -1.824687100135   -2.362016296644
              C     -0.745708195218   -1.549258206537   -0.355369900318
              C     -0.148458367206   -3.667386766008    1.149134286148
              C     -1.246417164767   -5.994996456186    0.660120244188
              N      0.370160444986    0.833810599007    0.160673618694
              C      1.780377089778    2.120947793768   -1.820414085640
              C      4.288905915645    0.770906339589   -2.371017656166
              O      5.595064920961    2.239636096994   -4.261646166704
              S      8.307258896323    1.032469885800   -5.283510187467
              O      9.288603095763    2.800147095691   -7.158604171268
              O      7.932089821418   -1.605802486119   -6.032072679351
              C     10.327167878678    1.130721773150   -2.560691352674
              C      0.085724314168    1.993494439985    2.640893281537
              C     -2.567722653476    3.044557573389    3.144297665523
              O     -4.284306461107    0.952993664174    3.421576726844
              S     -7.341248142309    1.668716542666    3.258661103295
              O     -8.717282005547   -0.636854894233    3.879193645262
              O     -7.866926845072    2.904806581882    0.836577896522
              C     -7.810779804550    3.907732554648    5.762316435984
              H     -4.899215359732   -4.380029028090   -4.393409149790
              H     -2.973375010913   -0.202201300496   -3.508862724510
              H      1.198954765616   -3.482242589368    2.687298102832
              H     -0.784910790310   -7.629148352221    1.808086210052
              H      0.673740209716    2.233238441248   -3.570801786203
              H      2.166672750137    4.067303824272   -1.237153069839
              H      3.924796826818   -1.142588377301   -3.065812057936
              H      5.398828185618    0.665826467911   -0.620295056219
              H      9.782102333415   -0.321152360570   -1.199468350652
              H     12.235111908093    0.765758016080   -3.254006490865
              H     10.249089866908    3.006571679864   -1.699634712591
              H      0.574815737708    0.643522340663    4.140086121477
              H      1.418435120012    3.568466622145    2.798207502242
              H     -3.126870381141    4.262884038079    1.566037681027
              H     -2.532329680017    4.163496783615    4.896455287534
              H     -7.034727539272    3.157990177567    7.523704727874
              H     -6.910714225350    5.706276390402    5.298221279307
              H     -9.849947620762    4.164033072255    5.931985366058
$End
$SCF_Energy
   &GeometryIndex 3
   &Method [&Type "String"] "SCF"
   &totalEnergy [&Type "ArrayOfDoubles", &Dim (1,1)] "Total energy of each state"
                                                         0

0                                     -1.8995779485173905e+03
   &Mult [&Type "ArrayOfIntegers", &Dim (1,1)] "Multiplicity of each state"
                                                         0

0                                                        1
$End
$DFT_Energy
   &GeometryIndex 3
   &nAlphaEl [&Type "Integer"] 96
   &nBetaEl [&Type "Integer"] 96
   &nTotalEl [&Type "Integer"] 192
   &finalEn [&Type "Double"]      -1.8995779485173905e+03  "No Van der Waals correction"
   &eExchange [&Type "Double"]      -1.5072396830474986e+02
   &eCorr [&Type "Double"]      -8.0806369196628403e+00
   &eXC [&Type "Double"]      -1.5880460522441271e+02
   &eCNL [&Type "Double"]       0.0000000000000000e+00
$End
$SCF_Timings
   &GeometryIndex 3
   &TOTAL [&Type "Double"]       3.8684083000000001e+01
   &PREP [&Type "Double"]       6.7132000000000003e-01
   &FOCK [&Type "Double"]       3.6257323999999997e+01
   &DENS [&Type "Double"]       1.1602200000000096e-01
   &ETOT [&Type "Double"]       5.6142000000000358e-02
   &POP [&Type "Double"]       1.0000000045806701e-06
   &TRAFO [&Type "Double"]       8.6413999999998659e-02
   &DIIS [&Type "Double"]       3.5913800000000151e-01
   &SOSCF [&Type "Double"]       3.9714199999999611e-01
   &XC [&Type "Double"]       4.5497559999999950e+00
   &FOCKSTART [&Type "Double"]       1.6815000000000468e-02
   &INT_PREP [&Type "Double"]       7.9999999993418669e-06
   &INT_BF [&Type "Double"]       1.3188299999999700e+00
   &INT_DENS [&Type "Double"]       9.9467899999993836e-01
   &INT_DENSIO [&Type "Double"]       1.0656001667000023e+05
   &INT_FUNC [&Type "Double"]       1.5816500000002431e-01
   &INT_POT [&Type "Double"]       8.6863299999983656e-01
   &INT_POTIO [&Type "Double"]       4.1385999999955736e-02
   &INT_SUM [&Type "Double"]       8.2800000000560203e-04
   &SPLITRIJ [&Type "Double"]       4.7518890000000056e+00
   &COSX [&Type "Double"]       2.7991459000000006e+01
$End
$Single_Point_Data
   &GeometryIndex 3
   &FinalEnergy [&Type "Double"]      -1.8995779485173905e+03  "Final single point energy"
   &Converged [&Type "Boolean"] true
$End
$SCF_Nuc_Gradient
   &GeometryIndex 3
   &NAtoms [&Type "Integer"] 41
   &gradNorm [&Type "Double"]       4.8441788089324568e-02
   &grad [&Type "ArrayOfDoubles", &Dim (123,1)] 
                                                         0

0                                     -4.4426765217318864e-04
1                                      3.1180939947576536e-03
2                                     -1.7137144852242270e-03
3                                      2.1518416497338377e-03
4                                     -1.2177625562103112e-03
5                                      3.3452095774691437e-03
6                                     -2.1461469725674032e-03
7                                     -9.1846019650468347e-04
8                                     -2.7184257524510980e-03
9                                     -8.5844171477332532e-04
10                                    -1.1130560666949701e-03
11                                     1.6529290682060493e-03
12                                    -1.2449847296171941e-03
13                                     1.9210257064704445e-03
14                                     1.8693742267448243e-03
15                                     3.0216240759388391e-04
16                                    -3.3131071597352901e-03
17                                    -1.5338593842504668e-03
18                                     2.3819918648331495e-03
19                                     2.1860604301015205e-03
20                                     4.7455302079887907e-04
21                                    -1.3307019718766903e-03
22                                    -2.6473750462973067e-03
23                                    -2.1670966262779812e-03
24                                    -2.2807242436679934e-03
25                                    -1.1174984008820409e-03
26                                    -1.2477277540151391e-03
27                                     4.4712837583086168e-03
28                                    -1.0697731441786061e-03
29                                     3.1437926407723912e-03
30                                     6.4867246347129898e-03
31                                     6.9526130584138951e-04
32                                    -2.4962021921468569e-03
33                                    -1.1177683645343092e-02
34                                     2.5721205749763276e-03
35                                    -1.8796318253873207e-03
36                                    -1.6160542513072515e-03
37                                     5.4222731912059313e-03
38                                     2.2676663590090074e-02
39                                     5.8442660093674381e-03
40                                    -3.8678608166115014e-03
41                                    -8.5242395509416702e-03
42                                     3.0411419713641530e-03
43                                    -3.0035762047556647e-03
44                                    -9.2317338178891650e-03
45                                     5.9240333802820788e-05
46                                    -2.2695120074029147e-03
47                                    -6.6741444387209657e-03
48                                    -5.0406435507605041e-04
49                                     6.7935278115582795e-03
50                                     1.2716845542296573e-03
51                                    -8.2220307307494939e-03
52                                    -3.7270215026595256e-03
53                                     1.7158858914079408e-03
54                                     9.5697772773364331e-03
55                                    -5.5603543657093968e-03
56                                    -5.2338020368794050e-03
57                                     1.3750170344739021e-02
58                                     1.1168560266096611e-02
59                                     1.6539463178723901e-02
60                                    -9.7691738618224111e-03
61                                    -1.7760526324582249e-03
62                                    -4.4593195350276366e-03
63                                    -7.4550514632195919e-03
64                                    -3.8053768493929163e-03
65                                    -6.2484982366262654e-03
66                                    -5.4142749040406862e-03
67                                    -3.6754136309213002e-03
68                                    -4.8672309561266711e-03
69                                     5.0021647684535264e-04
70                                     1.5150396623402826e-03
71                                    -5.6889206320220875e-04
72                                    -2.0589351613677087e-04
73                                    -6.2525192010129405e-04
74                                    -6.8218769678146662e-04
75                                    -7.3049385291748536e-05
76                                    -9.4370591216724406e-04
77                                     9.6257706207331095e-05
78                                     1.0867123027316905e-03
79                                     1.5391915909755971e-03
80                                     1.3030827227187014e-03
81                                    -1.6093855899931286e-03
82                                    -5.2002363455113700e-04
83                                     7.6776339780268432e-04
84                                     3.9568154864366711e-04
85                                     1.7478063510348307e-04
86                                    -3.0517993352858347e-04
87                                    -2.0802437769705945e-03
88                                    -3.7035160536408318e-05
89                                     6.7455672654924415e-04
90                                    -8.9553369889613932e-04
91                                     2.5990335923774949e-05
92                                     1.0394775587059812e-03
93                                     2.1486381893051631e-04
94                                     6.5983074192754732e-05
95                                     7.1660644168562715e-04
96                                    -3.9145063591705664e-05
97                                     9.6517659042592158e-04
98                                     8.5625285229727621e-04
99                                     1.6941553875229019e-04
100                                   -1.2500672979384730e-04
101                                    1.3193209557933322e-03
102                                    1.3868745462692622e-03
103                                   -8.7202243161832449e-04
104                                   -1.0331112843161017e-03
105                                   -3.0969107771820770e-04
106                                   -9.3130913886046995e-05
107                                    1.8368197824116667e-04
108                                    2.7720425341595523e-03
109                                    1.2320853713929242e-03
110                                   -1.6379982989697672e-04
111                                    4.7136646228545555e-04
112                                    8.5760690137835771e-04
113                                    1.1560400912435931e-04
114                                    1.3635604861770845e-03
115                                    1.3972906932042534e-03
116                                    4.6026625693840195e-04
117                                    7.1121504461979512e-04
118                                    1.9436333491601454e-04
119                                    8.1344991163083413e-04
120                                    5.4599342943478790e-04
121                                    4.5394569871990559e-04
122                                    7.1292096323214219e-04
   &Method [&Type "String"] "SCF"
   &Level [&Type "String"] "Relaxed density"
   &Mult [&Type "Integer"] 1
   &State [&Type "Integer"] 0
   &Irrep [&Type "Integer"] 0
$End
$Geometry
   &GeometryIndex 4
   &NAtoms [&Type "Integer"] 41
   &NCorelessECP [&Type "Integer"] 0
   &NGhostAtoms [&Type "Integer"] 0
   &CartesianCoordinates [&Type "Coordinates", &Dim(41,4), &Units "Bohr"] 
              O     -3.847583566535  -10.421113579073   -0.602235592060
              N     -4.225607573900   -8.655205156634   -2.049130735136
              C     -3.008631812075   -6.333193162485   -1.353028964812
              C     -3.409218801114   -4.285338576092   -2.977560318976
              C     -2.314387930303   -1.953644948075   -2.459147753427
              C     -0.782196043414   -1.644672608505   -0.310702518651
              C     -0.376623891018   -3.731439834873    1.305064896640
              C     -1.486584367511   -6.046242272250    0.800227697364
              N      0.373509722277    0.712652344563    0.212803688030
              C      1.801327387004    1.982019579979   -1.766238999241
              C      4.320815391207    0.639778191330   -2.288071417550
              O      5.600877677650    2.124811979811   -4.196310919019
              S      8.273720411023    1.018310778640   -5.340201386958
              O      8.959553214001    2.760097643504   -7.339680587333
              O      8.010790743113   -1.680785276563   -5.803122203083
              C     10.417601261165    1.479853364284   -2.736772555496
              C      0.096792459103    1.881491525723    2.683222699151
              C     -2.477951882182    3.127582157607    3.145089089592
              O     -4.340119019166    1.147899880770    3.373245440671
              S     -7.343824379604    1.938971269112    3.110218545494
              O     -8.719311192611   -0.410257041821    3.395010561366
              O     -7.654843043186    3.535841285860    0.889777283247
              C     -7.851860358667    3.830170679443    5.894091124362
              H     -4.613236983007   -4.542806580674   -4.620314892585
              H     -2.674980356050   -0.355646751051   -3.694599080951
              H      0.836558908376   -3.517316026360    2.948343295536
              H     -1.179973128724   -7.665389140973    2.020841609391
              H      0.727755502691    2.093068664352   -3.535184765690
              H      2.179045640927    3.928525973333   -1.184349426143
              H      3.998158769230   -1.278812784959   -2.983075207336
              H      5.446548767222    0.559040908130   -0.549586069661
              H     10.029381120793    0.128615133540   -1.230262723136
              H     12.302193521509    1.153992500672   -3.512199655985
              H     10.270642530962    3.422259425859   -2.059295903445
              H      0.456303978617    0.515034121381    4.201983657864
              H      1.528558731538    3.364188693030    2.866824420057
              H     -2.951765421782    4.377723870019    1.565974112341
              H     -2.407699378034    4.226460601920    4.904603337131
              H     -7.205186426596    2.796204204375    7.557647669204
              H     -6.869613247813    5.634879606373    5.726569641710
              H     -9.888936859531    4.142389337881    5.989532869731
$End
$SCF_Energy
   &GeometryIndex 4
   &Method [&Type "String"] "SCF"
   &totalEnergy [&Type "ArrayOfDoubles", &Dim (1,1)] "Total energy of each state"
                                                         0

0                                     -1.8995842055784897e+03
   &Mult [&Type "ArrayOfIntegers", &Dim (1,1)] "Multiplicity of each state"
                                                         0

0                                                        1
$End
$DFT_Energy
   &GeometryIndex 4
   &nAlphaEl [&Type "Integer"] 96
   &nBetaEl [&Type "Integer"] 96
   &nTotalEl [&Type "Integer"] 192
   &finalEn [&Type "Double"]      -1.8995842055784897e+03  "No Van der Waals correction"
   &eExchange [&Type "Double"]      -1.5074873790566141e+02
   &eCorr [&Type "Double"]      -8.0822868455152541e+00
   &eXC [&Type "Double"]      -1.5883102475117667e+02
   &eCNL [&Type "Double"]       0.0000000000000000e+00
$End
$SCF_Timings
   &GeometryIndex 4
   &TOTAL [&Type "Double"]       4.0653977000000005e+01
   &PREP [&Type "Double"]       6.1205299999999996e-01
   &FOCK [&Type "Double"]       3.8099910000000001e+01
   &DENS [&Type "Double"]       1.1771600000000149e-01
   &ETOT [&Type "Double"]       4.4510000000000716e-02
   &POP [&Type "Double"]       9.9999999747524271e-07
   &TRAFO [&Type "Double"]       8.2590999999997194e-02
   &DIIS [&Type "Double"]       3.2685700000000217e-01
   &SOSCF [&Type "Double"]       4.2553400000000252e-01
   &XC [&Type "Double"]       4.4236160000000062e+00
   &FOCKSTART [&Type "Double"]       1.4361000000002733e-02
   &INT_PREP [&Type "Double"]       4.0000000005591119e-06
   &INT_BF [&Type "Double"]       1.3439080000000896e+00
   &INT_DENS [&Type "Double"]       1.0085020000000045e+00
   &INT_DENSIO [&Type "Double"]       1.1732954189700024e+05
   &INT_FUNC [&Type "Double"]       1.6128800000002919e-01
   &INT_POT [&Type "Double"]       8.9332699999988741e-01
   &INT_POTIO [&Type "Double"]       4.1245000000065701e-02
   &INT_SUM [&Type "Double"]       1.1589999999985778e-03
   &SPLITRIJ [&Type "Double"]       4.8274820000000016e+00
   &COSX [&Type "Double"]       3.0035683999999996e+01
$End
$Single_Point_Data
   &GeometryIndex 4
   &FinalEnergy [&Type "Double"]      -1.8995842055784897e+03  "Final single point energy"
   &Converged [&Type "Boolean"] true
$End
$SCF_Nuc_Gradient
   &GeometryIndex 4
   &NAtoms [&Type "Integer"] 41
   &gradNorm [&Type "Double"]       1.6909157384550375e-02
   &grad [&Type "ArrayOfDoubles", &Dim (123,1)] 
                                                         0

0                                      4.7616928775862100e-05
1                                      1.5022816419212326e-03
2                                     -8.1446810684071558e-04
3                                     -8.9464525091348390e-04
4                                     -2.4208353833206631e-03
5                                      1.8031486169833855e-04
6                                      1.0743027448553849e-03
7                                      1.2363674545458059e-03
8                                      8.6457561627056173e-04
9                                     -3.5761768830547269e-04
10                                    -1.0197093926425163e-03
11                                     3.0946378610463565e-04
12                                    -1.2116873608234990e-03
13                                     1.1918065204873790e-03
14                                     1.8263737625909271e-03
15                                    -9.4994871594122898e-04
16                                    -2.0396050876800714e-03
17                                    -1.1855704271918899e-03
18                                     1.7859061019016159e-03
19                                     4.1396342296172450e-04
20                                    -1.0179053804466320e-03
21                                    -7.2374960744177839e-04
22                                    -8.1385133506858831e-04
23                                    -1.0493193861811981e-03
24                                     6.1645550121695869e-04
25                                     2.8274763105316861e-03
26                                    -2.3631005609998229e-05
27                                     2.8698942264994177e-03
28                                    -1.5441214777782014e-03
29                                     1.8496314914428075e-03
30                                     3.2095307885414842e-03
31                                    -5.9455181380227429e-04
32                                     1.1783633741640973e-03
33                                    -1.7144260970525516e-03
34                                     1.9720914135601397e-05
35                                    -3.0029984958857420e-03
36                                     1.8714384361701031e-03
37                                    -6.3769044450980722e-04
38                                    -2.7615268351812994e-03
39                                     6.3709887224205897e-05
40                                    -4.2320031586418616e-03
41                                     3.5207042251026444e-03
42                                     6.9784897211291191e-04
43                                     4.8931629154685963e-03
44                                    -5.5279499708261320e-04
45                                    -1.9743573768663397e-03
46                                    -9.0005124327403180e-04
47                                     6.6933574453137412e-04
48                                    -1.8924106082749692e-03
49                                     1.9005640355617345e-03
50                                    -6.1579945630440072e-04
51                                    -2.7323334982430267e-03
52                                     2.8239649129552929e-04
53                                     4.1712038531980158e-03
54                                     1.1640161999992849e-03
55                                    -2.0013253521773966e-03
56                                    -3.4773218027581362e-03
57                                    -3.0036073461658513e-03
58                                    -7.9911741947201465e-04
59                                    -6.6357013527897080e-04
60                                     1.0877424981760309e-03
61                                     5.3136621225490233e-03
62                                    -4.6758432792873283e-04
63                                    -3.2340309708869114e-04
64                                    -3.8393573749430088e-03
65                                     2.9685764886991928e-03
66                                     3.4625228268976571e-05
67                                    -3.2306717771259097e-04
68                                    -8.4727483742807596e-04
69                                     1.1830572261845029e-04
70                                     7.2131889600555305e-04
71                                    -3.3575707134791966e-04
72                                     1.3705334025337912e-04
73                                     1.9251125901864619e-04
74                                    -2.7707949651893660e-04
75                                     1.2711833661753491e-04
76                                    -1.0648131446196543e-04
77                                     3.5122969131068382e-04
78                                     4.3395523340253317e-04
79                                     5.7785809847174519e-04
80                                     5.7976426910183454e-04
81                                    -8.1292649793883454e-04
82                                    -3.5470720602881305e-04
83                                     1.2327028943864837e-04
84                                     6.1355855681080596e-05
85                                    -5.3117033046060080e-04
86                                    -6.7890854307250947e-06
87                                    -9.7889672963049137e-04
88                                     3.0006797597320611e-04
89                                     2.3270925682709886e-04
90                                    -1.0585393715437375e-03
91                                    -2.4113427445449781e-05
92                                     2.2348389781046141e-05
93                                     6.6478950170524576e-04
94                                     5.4414306506005150e-04
95                                    -1.6090410699406976e-04
96                                    -8.8015059682353125e-04
97                                     7.8109133367423172e-04
98                                    -1.0288534153751888e-03
99                                     5.8534037364032197e-04
100                                   -4.2165780777603246e-04
101                                    7.6732844832592267e-04
102                                    7.6267997135569948e-04
103                                   -3.2627637942972409e-04
104                                    7.1061323552334965e-05
105                                   -8.3520778057302736e-04
106                                   -9.5218985082246022e-05
107                                   -6.9564292787335086e-04
108                                    1.7015587329587967e-03
109                                    2.1818843351067985e-04
110                                   -3.2108656193607921e-04
111                                    2.1837139725474318e-04
112                                    5.8307757823172768e-05
113                                   -6.2299095498014045e-04
114                                    7.9455557782629610e-04
115                                    1.3118912915935921e-03
116                                    3.3504301166725758e-04
117                                   -2.2628414572030409e-04
118                                   -4.1755269662774319e-04
119                                    8.2087566209221481e-04
120                                    4.4202005454191395e-04
121                                   -8.4431525053099699e-04
122                                   -9.1330488622301705e-04
   &Method [&Type "String"] "SCF"
   &Level [&Type "String"] "Relaxed density"
   &Mult [&Type "Integer"] 1
   &State [&Type "Integer"] 0
   &Irrep [&Type "Integer"] 0
$End
$Geometry
   &GeometryIndex 5
   &NAtoms [&Type "Integer"] 41
   &NCorelessECP [&Type "Integer"] 0
   &NGhostAtoms [&Type "Integer"] 0
   &CartesianCoordinates [&Type "Coordinates", &Dim(41,4), &Units "Bohr"] 
              O     -4.115515118971  -10.451921214865   -0.520861172515
              N     -4.256767249677   -8.736763672153   -2.071493504744
              C     -3.048652213749   -6.426534994795   -1.329162573351
              C     -3.195415168469   -4.442078565699   -3.070551958889
              C     -2.086846022672   -2.122938520967   -2.528681128409
              C     -0.790603018261   -1.762807320009   -0.234735351264
              C     -0.640378191643   -3.792107691434    1.498334385064
              C     -1.768040444829   -6.091073424085    0.968826462400
              N      0.398349405961    0.567833544259    0.313890534510
              C      1.801617772458    1.874491734225   -1.659865472651
              C      4.333493381396    0.570755016958   -2.206339323759
              O      5.562338243896    2.089972353168   -4.119895588534
              S      8.183667816312    1.026560988868   -5.392944182541
              O      8.579310381670    2.640073624867   -7.573267376731
              O      8.035961875124   -1.716457596000   -5.575786566450
              C     10.495884414338    1.839249335044   -3.022589419176
              C      0.147835034619    1.716479133588    2.793923120666
              C     -2.328548854885    3.159856354836    3.206960130555
              O     -4.347902694557    1.330353128767    3.322255552347
              S     -7.266185323969    2.317609502297    2.912138400579
              O     -8.725084393025    0.015604297024    2.638184103415
              O     -7.262844633278    4.316421035010    1.017065047734
              C     -7.980315813342    3.698523005875    5.946115353086
              H     -4.223108731734   -4.745029057087   -4.821517549293
              H     -2.257650480973   -0.569897624451   -3.857367339439
              H      0.396795143187   -3.542542495536    3.252164354844
              H     -1.655482479400   -7.672856281672    2.269864996017
              H      0.729027436161    2.001436209678   -3.426046132022
              H      2.160971225640    3.818426062564   -1.054486577141
              H      4.045904984126   -1.347408036831   -2.917184620500
              H      5.493034970734    0.497348868010   -0.488383559236
              H     10.259314333732    0.651799951342   -1.353641969641
              H     12.336967775875    1.481400635844   -3.887985955820
              H     10.317288531666    3.841703572948   -2.564144757334
              H      0.357914550688    0.310439346561    4.301411374351
              H      1.688098188103    3.079569783547    3.041417824976
              H     -2.671908343239    4.475215370627    1.648333561832
              H     -2.237122129734    4.206600761259    4.998078250814
              H     -7.600056967914    2.314253528865    7.426505957259
              H     -6.873260959467    5.416427793908    6.224721838455
              H     -9.992086156310    4.162011536747    5.896740792742
$End
$SCF_Energy
   &GeometryIndex 5
   &Method [&Type "String"] "SCF"
   &totalEnergy [&Type "ArrayOfDoubles", &Dim (1,1)] "Total energy of each state"
                                                         0

0                                     -1.8995876123433436e+03
   &Mult [&Type "ArrayOfIntegers", &Dim (1,1)] "Multiplicity of each state"
                                                         0

0                                                        1
$End
$DFT_Energy
   &GeometryIndex 5
   &nAlphaEl [&Type "Integer"] 96
   &nBetaEl [&Type "Integer"] 96
   &nTotalEl [&Type "Integer"] 192
   &finalEn [&Type "Double"]      -1.8995876123433436e+03  "No Van der Waals correction"
   &eExchange [&Type "Double"]      -1.5074908739559922e+02
   &eCorr [&Type "Double"]      -8.0826157382251900e+00
   &eXC [&Type "Double"]      -1.5883170313382442e+02
   &eCNL [&Type "Double"]       0.0000000000000000e+00
$End
$SCF_Timings
   &GeometryIndex 5
   &TOTAL [&Type "Double"]       4.4382318000000005e+01
   &PREP [&Type "Double"]       6.2840599999999991e-01
   &FOCK [&Type "Double"]       4.1932670000000002e+01
   &DENS [&Type "Double"]       1.3417299999999699e-01
   &ETOT [&Type "Double"]       5.0976999999995165e-02
   &TRAFO [&Type "Double"]       1.0732400000000109e-01
   &DIIS [&Type "Double"]       3.2582899999999704e-01
   &SOSCF [&Type "Double"]       4.9330299999999649e-01
   &XC [&Type "Double"]       5.1285440000000104e+00
   &FOCKSTART [&Type "Double"]       1.5943999999995517e-02
   &INT_PREP [&Type "Double"]       8.0000000011182237e-06
   &INT_BF [&Type "Double"]       1.4875110000000009e+00
   &INT_DENS [&Type "Double"]       1.1198820000000955e+00
   &INT_DENSIO [&Type "Double"]       1.4809363846900029e+05
   &INT_FUNC [&Type "Double"]       1.8132999999987875e-01
   &INT_POT [&Type "Double"]       9.5563899999986557e-01
   &INT_POTIO [&Type "Double"]       4.7790000000204724e-02
   &INT_SUM [&Type "Double"]       1.1719999999959541e-03
   &SPLITRIJ [&Type "Double"]       5.5126590000000020e+00
   &COSX [&Type "Double"]       3.2202434000000004e+01
$End
$Single_Point_Data
   &GeometryIndex 5
   &FinalEnergy [&Type "Double"]      -1.8995876123433436e+03  "Final single point energy"
   &Converged [&Type "Boolean"] true
$End
$SCF_Nuc_Gradient
   &GeometryIndex 5
   &NAtoms [&Type "Integer"] 41
   &gradNorm [&Type "Double"]       1.7942639956860310e-02
   &grad [&Type "ArrayOfDoubles", &Dim (123,1)] 
                                                         0

0                                      1.7710194570134952e-04
1                                      1.0171969113848545e-03
2                                     -5.4710913940042571e-04
3                                     -1.3959224006137444e-03
4                                     -2.4961144291659049e-03
5                                     -7.3846906740054896e-04
6                                      2.0523376637894830e-03
7                                      2.5032933321265383e-03
8                                      2.1551834201840384e-03
9                                     -4.0613871164805332e-04
10                                    -1.4160162033502871e-03
11                                    -5.8639197527771136e-04
12                                    -9.7387912836913865e-04
13                                     1.2403472340975774e-03
14                                     1.6001706959044293e-03
15                                    -2.1497676787453623e-03
16                                    -3.4227439152134803e-03
17                                    -1.2858555278355242e-03
18                                     1.7686061846525908e-03
19                                     6.5070693164578225e-04
20                                    -1.3419970974549167e-03
21                                    -1.0313678076551754e-03
22                                    -1.1523736902040449e-03
23                                    -5.1327548128482503e-04
24                                     2.2290672830127881e-03
25                                     6.4330794581421297e-03
26                                     1.2844859581141316e-03
27                                     1.8980323751524031e-03
28                                    -2.6583211342433508e-03
29                                     4.3975515879694435e-04
30                                     1.2740795648392422e-03
31                                     1.5870572289744533e-04
32                                     1.2894833802664443e-03
33                                     6.2807026331888893e-04
34                                    -1.1430657084179341e-03
35                                    -3.0685446622470275e-03
36                                     1.1758216938582144e-03
37                                    -2.4984745193894625e-03
38                                    -4.9637818262712741e-03
39                                    -9.1367667063961544e-04
40                                    -8.1693636369489786e-04
41                                     3.8761530736922678e-03
42                                    -5.4423632319778453e-04
43                                     3.6925878198859619e-03
44                                     1.3230644322493011e-03
45                                    -1.6817295109574117e-03
46                                    -8.4755574348609197e-05
47                                     2.4276062161741364e-03
48                                    -2.8190804828820276e-03
49                                    -1.2363290716091990e-03
50                                    -1.4549690222450118e-03
51                                    -7.0490029453304515e-04
52                                     3.8065099470748626e-04
53                                     3.5421378791368023e-03
54                                    -1.3502568406921073e-03
55                                    -4.2271751759187515e-04
56                                    -2.7418428700621764e-03
57                                    -3.8638236608015131e-03
58                                     9.8634462511383580e-05
59                                    -4.3231513064835303e-03
60                                     2.8654132839950053e-03
61                                     2.2281327573935306e-03
62                                     1.7427951770268568e-03
63                                     1.3387792084478736e-03
64                                    -2.5673993228024217e-03
65                                     3.0269411707805061e-03
66                                     1.4292496927880982e-03
67                                     1.3830593275424019e-04
68                                     9.1041654265855768e-04
69                                    -4.3653998865009203e-05
70                                     2.0573160528896545e-04
71                                    -7.4341230674679348e-05
72                                     3.9562520768540374e-04
73                                     8.3973111403998213e-04
74                                     2.0255569271412921e-04
75                                     2.6612459123896703e-04
76                                     7.6703915318300162e-04
77                                     2.8227621859086560e-04
78                                     1.2132710582073679e-04
79                                     3.1256162144832622e-05
80                                     1.4326966060257407e-04
81                                    -4.2410613820963172e-04
82                                    -5.6531434818619247e-04
83                                    -3.2916032075511192e-04
84                                     2.6477898890543000e-04
85                                    -2.3059982933013035e-04
86                                     9.9866658370119377e-05
87                                    -3.7728818735198802e-04
88                                     1.4625370593879250e-04
89                                    -4.0964249272877618e-04
90                                    -3.4485303363361586e-04
91                                     7.3452712993124503e-05
92                                    -3.9633729400440076e-05
93                                     9.5090049288902925e-04
94                                     8.2141649765721247e-05
95                                    -1.5235424073234416e-04
96                                    -4.2715054580913514e-04
97                                     4.2384211017349252e-04
98                                    -1.1215795980937526e-03
99                                     6.1258826414980691e-04
100                                   -1.4364315076506595e-04
101                                    2.3504751612472147e-04
102                                    4.7979397027871420e-04
103                                   -2.6542511857530204e-04
104                                    9.5571414446241065e-04
105                                   -5.4686554166849533e-04
106                                    3.2062180208645985e-04
107                                   -8.1820945081213445e-04
108                                    5.9822061999651593e-04
109                                   -3.4582535229435440e-04
110                                   -7.8421554953225781e-04
111                                   -1.2577771885874216e-04
112                                   -2.2142761753571327e-04
113                                   -1.9058867077795250e-04
114                                    2.9038148045982398e-04
115                                    6.7264574014519463e-04
116                                    4.4938353573636958e-04
117                                   -6.7581037702801883e-04
118                                    5.7295746331564867e-05
119                                    5.0179186880166052e-04
120                                   -1.6014926981222644e-05
121                                   -4.7417027676748685e-04
122                                   -1.0029853023498848e-03
   &Method [&Type "String"] "SCF"
   &Level [&Type "String"] "Relaxed density"
   &Mult [&Type "Integer"] 1
   &State [&Type "Integer"] 0
   &Irrep [&Type "Integer"] 0
$End
$Geometry
   &GeometryIndex 6
   &NAtoms [&Type "Integer"] 41
   &NCorelessECP [&Type "Integer"] 0
   &NGhostAtoms [&Type "Integer"] 0
   &CartesianCoordinates [&Type "Coordinates", &Dim(41,4), &Units "Bohr"] 
              O     -4.385577817873  -10.526707486244   -0.462249873470
              N     -4.221848360472   -8.893773885327   -2.102649548791
              C     -3.046191031982   -6.591007512945   -1.313993760328
              C     -2.861857457428   -4.701035535651   -3.153418085958
              C     -1.745727951798   -2.395471556274   -2.579019242619
              C     -0.776873098483   -1.941368735461   -0.138353677473
              C     -0.960993268044   -3.883943133035    1.696114672785
              C     -2.089824266561   -6.168577014931    1.123901055466
              N      0.425204651543    0.361439447545    0.457434776660
              C      1.761134334563    1.776294866215   -1.490768340536
              C      4.306085235851    0.547485636518   -2.127174104160
              O      5.459059461596    2.159295104389   -4.009068537367
              S      8.008423932756    1.157442572453   -5.464519829455
              O      8.133470925236    2.686473970700   -7.744071659058
              O      7.979808841518   -1.601907450561   -5.501403539416
              C     10.465277153219    2.188953096194   -3.336285046957
              C      0.211713128481    1.471012571542    2.959581755943
              C     -2.127610006065    3.135454724361    3.329964962429
              O     -4.316264258693    1.508321199291    3.301616393553
              S     -7.102143133352    2.761289721647    2.733690214545
              O     -8.645402855927    0.640425612704    1.922729588974
              O     -6.752576654712    5.039518971685    1.213164294062
              C     -8.087512921858    3.689787701387    5.862668893763
              H     -3.642145628999   -5.074125906859   -5.014784483995
              H     -1.666779162553   -0.922514604099   -4.000537893489
              H     -0.169432436132   -3.583466861812    3.563468721875
              H     -2.226429630575   -7.685272479227    2.498074395637
              H      0.663154405431    1.962668868841   -3.231951491046
              H      2.092218527280    3.701330132108   -0.810643607608
              H      4.053908225266   -1.350283533987   -2.901404293298
              H      5.513914800457    0.438089911342   -0.443154559750
              H     10.345596010275    1.135495735738   -1.566088491711
              H     12.261346219834    1.786301439724   -4.274887192160
              H     10.266353467827    4.219516153615   -3.036565334838
              H      0.243063067085    0.019114596728    4.429477066655
              H      1.868355785572    2.672350150374    3.296436150399
              H     -2.300374305900    4.530380464732    1.815549879511
              H     -2.013562972860    4.109199724263    5.162115977316
              H     -8.033906761243    2.034186094195    7.090468523163
              H     -6.861929376988    5.196939985088    6.559987460054
              H    -10.023124739704    4.390687224135    5.686547772899
$End
$SCF_Energy
   &GeometryIndex 6
   &Method [&Type "String"] "SCF"
   &totalEnergy [&Type "ArrayOfDoubles", &Dim (1,1)] "Total energy of each state"
                                                         0

0                                     -1.8995905758033573e+03
   &Mult [&Type "ArrayOfIntegers", &Dim (1,1)] "Multiplicity of each state"
                                                         0

0                                                        1
$End
$DFT_Energy
   &GeometryIndex 6
   &nAlphaEl [&Type "Integer"] 96
   &nBetaEl [&Type "Integer"] 96
   &nTotalEl [&Type "Integer"] 192
   &finalEn [&Type "Double"]      -1.8995905758033573e+03  "No Van der Waals correction"
   &eExchange [&Type "Double"]      -1.5074483110817721e+02
   &eCorr [&Type "Double"]      -8.0828660652510607e+00
   &eXC [&Type "Double"]      -1.5882769717342828e+02
   &eCNL [&Type "Double"]       0.0000000000000000e+00
$End
$SCF_Timings
   &GeometryIndex 6
   &TOTAL [&Type "Double"]       4.5080247999999997e+01
   &PREP [&Type "Double"]       6.2708299999999995e-01
   &FOCK [&Type "Double"]       4.2556627999999996e+01
   &DENS [&Type "Double"]       1.4924999999999500e-01
   &ETOT [&Type "Double"]       5.9735000000006977e-02
   &POP [&Type "Double"]       9.9999999747524271e-07
   &TRAFO [&Type "Double"]       7.6528999999994518e-02
   &DIIS [&Type "Double"]       3.3539500000000100e-01
   &SOSCF [&Type "Double"]       4.9852199999999858e-01
   &XC [&Type "Double"]       5.0873689999999900e+00
   &FOCKSTART [&Type "Double"]       1.7115999999998688e-02
   &INT_PREP [&Type "Double"]       8.0000000024504914e-06
   &INT_BF [&Type "Double"]       1.5700420000000399e+00
   &INT_DENS [&Type "Double"]       1.1956589999997762e+00
   &INT_DENSIO [&Type "Double"]       1.5041168772700027e+05
   &INT_FUNC [&Type "Double"]       1.8542800000020065e-01
   &INT_POT [&Type "Double"]       1.0314129999999975e+00
   &INT_POTIO [&Type "Double"]       4.7684999999900501e-02
   &INT_SUM [&Type "Double"]       9.5299999999909346e-04
   &SPLITRIJ [&Type "Double"]       5.4231400000000036e+00
   &COSX [&Type "Double"]       3.3000040999999996e+01
$End
$Single_Point_Data
   &GeometryIndex 6
   &FinalEnergy [&Type "Double"]      -1.8995905758033573e+03  "Final single point energy"
   &Converged [&Type "Boolean"] true
$End
$SCF_Nuc_Gradient
   &GeometryIndex 6
   &NAtoms [&Type "Integer"] 41
   &gradNorm [&Type "Double"]       1.5536710339512710e-02
   &grad [&Type "ArrayOfDoubles", &Dim (123,1)] 
                                                         0

0                                     -5.6651985866330856e-05
1                                     -8.2386929926459018e-05
2                                     -8.6916129367287098e-05
3                                     -8.0871192063226849e-04
4                                     -1.4812957095509116e-03
5                                     -7.7153407686758602e-04
6                                      1.9221664964992335e-03
7                                      3.1774447974517034e-03
8                                      1.9749591139475650e-03
9                                     -2.3638701506464854e-04
10                                    -1.1564637113254672e-03
11                                    -1.1107509061587389e-03
12                                    -8.7236555646948155e-04
13                                     7.7884896365823519e-04
14                                     5.5721719850428120e-04
15                                    -3.1390024128958895e-03
16                                    -4.3594076335748966e-03
17                                    -1.5097765925076341e-03
18                                     1.4556644137937655e-03
19                                     6.5497809232518273e-04
20                                    -7.9867010130484084e-04
21                                    -1.0951573166586709e-03
22                                    -1.2820280134278744e-03
23                                     1.5536547741987206e-05
24                                     3.1122696882265252e-03
25                                     7.5393190480918110e-03
26                                     1.9928817677882064e-03
27                                     6.8120392507565672e-04
28                                    -2.5364972579230635e-03
29                                    -6.7107423091147811e-04
30                                    -2.5200855973601249e-04
31                                     8.2853865150939177e-04
32                                     9.9335852480364473e-04
33                                     7.2165200998119960e-04
34                                    -1.7117119088423394e-03
35                                    -2.3747301422452731e-03
36                                    -1.2192734776900194e-04
37                                    -1.4214077363887759e-03
38                                    -1.9164726125197595e-03
39                                    -9.3363203021255142e-04
40                                     2.1702200299072438e-03
41                                     8.6499756686431173e-04
42                                    -6.2035496274678165e-04
43                                    -1.7146501155806959e-05
44                                     2.0606390495027252e-03
45                                    -4.3765776715887217e-04
46                                     1.6430449416979243e-04
47                                     2.2905411277223155e-03
48                                    -2.7396346610596076e-03
49                                    -2.9572480696368475e-03
50                                    -1.3454280775564986e-03
51                                     5.5014559127090912e-04
52                                     2.3760196212423493e-04
53                                     1.5389729396008550e-03
54                                    -1.9524417709425451e-03
55                                     5.6732664284958600e-04
56                                    -2.1559635668724764e-03
57                                    -7.3484982098549756e-04
58                                     1.1370053408653567e-03
59                                    -2.7599306823328784e-03
60                                     1.2948642322953563e-03
61                                    -1.9998937974837760e-03
62                                     1.6309071293430788e-03
63                                     1.5329834738438686e-03
64                                     3.6095658601209557e-04
65                                     1.4845812104130607e-03
66                                     9.8651108795206645e-04
67                                    -2.1512304793138912e-04
68                                     1.5333141870861461e-03
69                                    -2.1964337082969188e-04
70                                    -2.7820255290929990e-04
71                                     2.2210700664795913e-04
72                                     3.4592704294227755e-04
73                                     1.1146492852619205e-03
74                                     8.2950922230282109e-04
75                                     6.4021495099952919e-04
76                                     1.5474628012392966e-03
77                                    -4.0018714941469913e-05
78                                    -5.7773251633915640e-05
79                                    -3.0473902263714048e-04
80                                    -2.8755748419451166e-04
81                                     5.5691316978283278e-04
82                                    -7.4364846341158641e-04
83                                    -1.9796619149792249e-04
84                                     3.5235115893274271e-04
85                                     2.7277832570782312e-04
86                                    -2.9149707557185600e-06
87                                     1.2068557179904793e-04
88                                     1.4774012926910274e-04
89                                    -7.0764983494346623e-04
90                                     5.0455568115959082e-04
91                                    -3.3841468772572575e-06
92                                    -4.0595578177815561e-05
93                                     6.5703634849496526e-04
94                                    -4.4384060631175171e-04
95                                    -1.0024434001298932e-04
96                                     1.2827836269538317e-04
97                                     2.5811128139187345e-04
98                                    -5.9516070306236957e-04
99                                     2.5822066493107892e-04
100                                    6.8503928754348742e-05
101                                   -4.1991198976924771e-04
102                                    4.6918853283245930e-04
103                                   -3.1084726213220781e-04
104                                    9.1479625645204954e-04
105                                   -1.4763387152444407e-04
106                                    4.3299723629408593e-04
107                                   -3.8989429308162321e-04
108                                   -5.3784228801329742e-04
109                                   -7.8462497637886430e-04
110                                   -6.1860698365262534e-04
111                                   -3.8485694451735261e-04
112                                   -1.7655947232200764e-04
113                                    3.8374229773890933e-04
114                                   -1.0077170230301559e-04
115                                    2.6051766980395019e-05
116                                   -4.0946036030414801e-05
117                                   -5.8686731456844554e-04
118                                    6.3466173787557478e-04
119                                    3.0170810353280508e-05
120                                   -2.5466067833315731e-04
121                                    1.4695568741081300e-04
122                                   -3.7551788088325058e-04
   &Method [&Type "String"] "SCF"
   &Level [&Type "String"] "Relaxed density"
   &Mult [&Type "Integer"] 1
   &State [&Type "Integer"] 0
   &Irrep [&Type "Integer"] 0
$End
$Geometry
   &GeometryIndex 7
   &NAtoms [&Type "Integer"] 41
   &NCorelessECP [&Type "Integer"] 0
   &NGhostAtoms [&Type "Integer"] 0
   &CartesianCoordinates [&Type "Coordinates", &Dim(41,4), &Units "Bohr"] 
              O     -4.688474837929  -10.601718790674   -0.491177195684
              N     -4.134089679829   -9.084120779257   -2.161842442583
              C     -3.001301541485   -6.797975249496   -1.304871451565
              C     -2.377828580425   -5.033937693946   -3.171369558605
              C     -1.252934832106   -2.753255276237   -2.531556008644
              C     -0.723421371364   -2.168586357589    0.022291258663
              C     -1.349808362026   -3.997100207099    1.889765794212
              C     -2.472692532450   -6.258721630246    1.239518081200
              N      0.479291129499    0.096405643282    0.689890925073
              C      1.704692007866    1.672558151804   -1.209668652533
              C      4.238637374748    0.539033423917   -2.029506890954
              O      5.280669298513    2.296509478398   -3.844106411320
              S      7.696620425119    1.396601922052   -5.577931976332
              O      7.523735759606    2.921087659691   -7.863091125274
              O      7.775727229398   -1.367048022973   -5.622719743608
              C     10.313305102104    2.527806973763   -3.711817033955
              C      0.285936132248    1.176936796917    3.211311498714
              C     -1.883182566568    3.066338516760    3.516544434803
              O     -4.222372136014    1.678726999793    3.297539018489
              S     -6.817655833730    3.214904713642    2.531828280274
              O     -8.369918253710    1.362899507052    1.218782582304
              O     -6.112450184695    5.643577912130    1.408564231019
              C     -8.167187673265    3.794247168064    5.604829436598
              H     -2.816985518701   -5.495076260985   -5.122657881516
              H     -0.827384200813   -1.403666302432   -4.008975859672
              H     -0.903487103711   -3.638824194307    3.854672209066
              H     -2.942100781811   -7.679154285764    2.642825859995
              H      0.534392004355    1.975992975600   -2.884533605518
              H      2.030043504146    3.547867507544   -0.401795449342
              H      3.990737147113   -1.308919502843   -2.915410602564
              H      5.525220755492    0.340037361521   -0.413556203833
              H     10.337411952497    1.534648875205   -1.902277748462
              H     12.041564975497    2.113369705416   -4.764428016185
              H     10.096329294734    4.564063651715   -3.466532921028
              H      0.109063346121   -0.296530322905    4.637117467321
              H      2.044083506664    2.188262873984    3.652806688755
              H     -1.833147154071    4.532132451583    2.062533589111
              H     -1.779093420116    3.957787131522    5.390575530279
              H     -8.455800184574    1.977099644201    6.535691022562
              H     -6.899834704193    5.017960103233    6.681195176760
              H     -9.976309416546    4.747777709066    5.311543656183
$End
$SCF_Energy
   &GeometryIndex 7
   &Method [&Type "String"] "SCF"
   &totalEnergy [&Type "ArrayOfDoubles", &Dim (1,1)] "Total energy of each state"
                                                         0

0                                     -1.8995932533965633e+03
   &Mult [&Type "ArrayOfIntegers", &Dim (1,1)] "Multiplicity of each state"
                                                         0

0                                                        1
$End
$DFT_Energy
   &GeometryIndex 7
   &nAlphaEl [&Type "Integer"] 96
   &nBetaEl [&Type "Integer"] 96
   &nTotalEl [&Type "Integer"] 192
   &finalEn [&Type "Double"]      -1.8995932533965633e+03  "No Van der Waals correction"
   &eExchange [&Type "Double"]      -1.5074279000938498e+02
   &eCorr [&Type "Double"]      -8.0834079034355035e+00
   &eXC [&Type "Double"]      -1.5882619791282048e+02
   &eCNL [&Type "Double"]       0.0000000000000000e+00
$End
$SCF_Timings
   &GeometryIndex 7
   &TOTAL [&Type "Double"]       4.3644157999999997e+01
   &PREP [&Type "Double"]       6.0786199999999990e-01
   &FOCK [&Type "Double"]       4.0951425000000000e+01
   &DENS [&Type "Double"]       1.4120999999998674e-01
   &ETOT [&Type "Double"]       9.0982000000003893e-02
   &POP [&Type "Double"]       1.0000000045806701e-06
   &TRAFO [&Type "Double"]       7.4460000000002857e-02
   &DIIS [&Type "Double"]       3.6906499999999998e-01
   &SOSCF [&Type "Double"]       4.2783199999999777e-01
   &XC [&Type "Double"]       4.9262989999999984e+00
   &FOCKSTART [&Type "Double"]       1.6867000000004184e-02
   &INT_PREP [&Type "Double"]       5.9999999990623110e-06
   &INT_BF [&Type "Double"]       1.3996719999999900e+00
   &INT_DENS [&Type "Double"]       1.0849280000002848e+00
   &INT_DENSIO [&Type "Double"]       1.3219524233500025e+05
   &INT_FUNC [&Type "Double"]       1.7134600000002020e-01
   &INT_POT [&Type "Double"]       9.3340199999988283e-01
   &INT_POTIO [&Type "Double"]       4.4638999999974338e-02
   &INT_SUM [&Type "Double"]       1.0360000000151359e-03
   &SPLITRIJ [&Type "Double"]       5.5861269999999914e+00
   &COSX [&Type "Double"]       3.1619642999999996e+01
$End
$Single_Point_Data
   &GeometryIndex 7
   &FinalEnergy [&Type "Double"]      -1.8995932533965633e+03  "Final single point energy"
   &Converged [&Type "Boolean"] true
$End
$SCF_Nuc_Gradient
   &GeometryIndex 7
   &NAtoms [&Type "Integer"] 41
   &gradNorm [&Type "Double"]       1.2403639422660800e-02
   &grad [&Type "ArrayOfDoubles", &Dim (123,1)] 
                                                         0

0                                     -3.0493293648090058e-04
1                                     -5.6633333605671243e-04
2                                      2.8821234938186668e-04
3                                      1.7206373137355208e-04
4                                      4.7465529045054300e-05
5                                     -2.9479142685906456e-04
6                                      9.3695973503850338e-04
7                                      2.0697533877650914e-03
8                                      7.5296745890114647e-04
9                                      2.0796727740432508e-04
10                                    -2.4085171230503466e-04
11                                    -7.4706495140476614e-04
12                                    -4.3960854882983680e-04
13                                    -6.9125676335773933e-04
14                                    -3.9979556102806568e-04
15                                    -2.8204145448641471e-03
16                                    -2.2355674335624784e-03
17                                    -1.9213815759992967e-03
18                                     1.5201256715436512e-04
19                                    -6.8432796131490808e-04
20                                     1.5162109117132505e-04
21                                    -6.1618689606156990e-04
22                                    -4.5359447214729509e-04
23                                     6.3492794670663710e-04
24                                     2.5434948740053753e-03
25                                     4.0032394948020453e-03
26                                     1.0874244106792042e-03
27                                    -7.8356426229683057e-04
28                                    -6.7549127874667880e-04
29                                    -7.7149197940423048e-05
30                                    -1.3178863990182602e-03
31                                     8.3500010368793565e-04
32                                     1.1750331222895385e-03
33                                     2.1131188627065978e-05
34                                    -1.5307910109998990e-03
35                                    -1.3138819072206140e-03
36                                    -6.5654164198928125e-04
37                                     5.7517211555854764e-04
38                                     1.4588329767522557e-03
39                                    -9.7516312241140851e-04
40                                     3.2599841919230543e-03
41                                    -1.6740398974389725e-03
42                                     1.0622245669218711e-04
43                                    -2.8921442432847111e-03
44                                     1.7443851420784039e-03
45                                     7.1600215485955604e-04
46                                     1.2093679102782168e-05
47                                     8.1730694321705682e-04
48                                    -1.3572008117057471e-03
49                                    -2.6000206671010148e-03
50                                    -5.2426216377209067e-04
51                                     1.7103036358138562e-03
52                                     1.9790562817076363e-06
53                                     7.1282408836272765e-05
54                                    -1.2344667216650680e-03
55                                     1.0401598334033313e-03
56                                    -1.9089510806976420e-03
57                                     1.4033780169616095e-03
58                                    -2.1336196523322193e-04
59                                     7.3231307620885699e-04
60                                    -7.7807949316996416e-04
61                                    -3.7300266238018964e-03
62                                    -2.4208341144907330e-04
63                                     1.3833989730327456e-03
64                                     2.8261943503192777e-03
65                                     5.0043422141898830e-04
66                                    -6.6067740062843855e-05
67                                    -1.1191375861521313e-04
68                                     9.9351299984450081e-04
69                                    -4.2262745473214264e-04
70                                    -6.4738384970856183e-04
71                                     3.7183148118710707e-04
72                                    -2.4651968794336260e-04
73                                     4.6177952660453325e-04
74                                     1.0195575931535583e-03
75                                     1.1740127932561573e-03
76                                     1.1001803048007949e-03
77                                    -5.4445181659601438e-04
78                                    -1.2171574722454059e-04
79                                    -5.6933214777024621e-04
80                                    -6.0666397258740679e-04
81                                     2.0412960224575338e-03
82                                     1.4851900728141479e-04
83                                     2.6766161396277188e-04
84                                    -1.5360765707737173e-04
85                                     5.9779796421888243e-04
86                                    -5.5796354490961209e-05
87                                     2.6455764039170354e-05
88                                     5.4566527190741398e-05
89                                    -6.8428848078691540e-04
90                                     9.1036770309808890e-04
91                                    -2.4137512822359694e-04
92                                    -2.5818522466380944e-04
93                                     2.7130278435717747e-04
94                                    -7.2712626319741680e-04
95                                    -5.9074541025494476e-05
96                                     5.1198778496294728e-04
97                                     1.9111181483962014e-04
98                                     1.5671228450346575e-04
99                                    -2.8314036141293894e-04
100                                    1.5584275223140542e-04
101                                   -7.9806182783790855e-04
102                                    4.9326539473040429e-04
103                                    6.6646318180221820e-04
104                                   -2.7720416142906767e-05
105                                   -1.1977230285786788e-05
106                                    3.5839664474451860e-04
107                                    5.0453351862400631e-04
108                                   -1.1118961475695011e-03
109                                   -5.2268120059123513e-04
110                                   -6.0163900370791001e-04
111                                   -3.8329511721334197e-04
112                                   -1.3556397605736514e-04
113                                    5.4241926877793278e-04
114                                   -2.7941914234086429e-04
115                                   -3.1385418347207317e-04
116                                   -7.2982921855374583e-04
117                                   -1.2265372564329580e-04
118                                    9.4980198473777755e-04
119                                   -2.9969395791723530e-04
120                                   -2.9465761871069751e-04
121                                    4.2749651112858333e-04
122                                    4.9783587461682544e-04
   &Method [&Type "String"] "SCF"
   &Level [&Type "String"] "Relaxed density"
   &Mult [&Type "Integer"] 1
   &State [&Type "Integer"] 0
   &Irrep [&Type "Integer"] 0
$End
$Geometry
   &GeometryIndex 8
   &NAtoms [&Type "Integer"] 41
   &NCorelessECP [&Type "Integer"] 0
   &NGhostAtoms [&Type "Integer"] 0
   &CartesianCoordinates [&Type "Coordinates", &Dim(41,4), &Units "Bohr"] 
              O     -4.967449999195  -10.592676522061   -0.624786004360
              N     -4.027141135778   -9.214797468978   -2.246110150590
              C     -2.934961734396   -6.943367788452   -1.326593332211
              C     -1.870923773162   -5.331322439690   -3.130397798837
              C     -0.746014318634   -3.074274534597   -2.419829851866
              C     -0.657603002877   -2.336995151371    0.153838266877
              C     -1.736441501819   -4.013995699334    1.965614490300
              C     -2.847455735550   -6.254782137539    1.237783000700
              N      0.527825553296   -0.101157630524    0.870745692044
              C      1.652594083437    1.579244859838   -1.006442925911
              C      4.182612564954    0.545233301137   -1.960201182756
              O      5.119626549890    2.403294738697   -3.733285823959
              S      7.413618042167    1.591810523341   -5.674816128736
              O      7.042294159059    3.135805647607   -7.922947519581
              O      7.552609895604   -1.168327657106   -5.786711235619
              C     10.126064204074    2.756645760703   -3.981669757022
              C      0.339855725609    0.977286519983    3.399572610822
              C     -1.712414790253    2.996886672825    3.665839858077
              O     -4.127203124125    1.764275818176    3.348792025898
              S     -6.575875798125    3.465256546582    2.438167184766
              O     -8.092010358263    1.793725769264    0.865856010259
              O     -5.667082335697    5.917456911100    1.529419219907
              C     -8.159868865052    3.919177323069    5.413937284130
              H     -1.954121622759   -5.898467906244   -5.101676992306
              H      0.044564898557   -1.874964854668   -3.876617943473
              H     -1.684754436405   -3.558020250303    3.957937960800
              H     -3.667846485104   -7.543992168134    2.605979188327
              H      0.402466095693    1.929930791017   -2.619256048448
              H      1.963686153450    3.422994692784   -0.128190660009
              H      3.953859162478   -1.274289970706   -2.905107375951
              H      5.527059758652    0.316130229912   -0.397621079042
              H     10.251861916070    1.776012803231   -2.169665683382
              H     11.798798807365    2.349799812565   -5.121447839521
              H      9.898782922198    4.790960908325   -3.729576592904
              H      0.034088564151   -0.496178284052    4.799805602138
              H      2.149770741588    1.864263732429    3.898621694483
              H     -1.521088397692    4.486994909382    2.249885567076
              H     -1.610667824558    3.852460512561    5.555278358934
              H     -8.643687815608    2.062943169335    6.171167364287
              H     -6.907483271122    4.960207774707    6.682028593264
              H     -9.869943396531    5.018810716291    5.052681915603
$End
$SCF_Energy
   &GeometryIndex 8
   &Method [&Type "String"] "SCF"
   &totalEnergy [&Type "ArrayOfDoubles", &Dim (1,1)] "Total energy of each state"
                                                         0

0                                     -1.8995938792930433e+03
   &Mult [&Type "ArrayOfIntegers", &Dim (1,1)] "Multiplicity of each state"
                                                         0

0                                                        1
$End
$DFT_Energy
   &GeometryIndex 8
   &nAlphaEl [&Type "Integer"] 96
   &nBetaEl [&Type "Integer"] 96
   &nTotalEl [&Type "Integer"] 192
   &finalEn [&Type "Double"]      -1.8995938792930433e+03  "No Van der Waals correction"
   &eExchange [&Type "Double"]      -1.5074505673642756e+02
   &eCorr [&Type "Double"]      -8.0843064540631033e+00
   &eXC [&Type "Double"]      -1.5882936319049065e+02
   &eCNL [&Type "Double"]       0.0000000000000000e+00
$End
$SCF_Timings
   &GeometryIndex 8
   &TOTAL [&Type "Double"]       5.0240484000000002e+01
   &PREP [&Type "Double"]       6.1887000000000003e-01
   &FOCK [&Type "Double"]       4.7339070000000014e+01
   &DENS [&Type "Double"]       1.4152300000000650e-01
   &ETOT [&Type "Double"]       5.3985000000006167e-02
   &POP [&Type "Double"]       9.9999999747524271e-07
   &TRAFO [&Type "Double"]       7.5760000000001604e-02
   &DIIS [&Type "Double"]       4.4943099999999880e-01
   &SOSCF [&Type "Double"]       4.1545500000000146e-01
   &XC [&Type "Double"]       5.1473630000000004e+00
   &FOCKSTART [&Type "Double"]       1.7477000000000409e-02
   &INT_PREP [&Type "Double"]       1.0999999998873022e-05
   &INT_BF [&Type "Double"]       1.5413130000001862e+00
   &INT_DENS [&Type "Double"]       1.1842680000000492e+00
   &INT_DENSIO [&Type "Double"]       1.6629742900300035e+05
   &INT_FUNC [&Type "Double"]       1.8493299999997337e-01
   &INT_POT [&Type "Double"]       1.0496400000001520e+00
   &INT_POTIO [&Type "Double"]       4.8646999999969687e-02
   &INT_SUM [&Type "Double"]       9.3600000001980987e-04
   &SPLITRIJ [&Type "Double"]       5.4959269999999982e+00
   &COSX [&Type "Double"]       3.8024672999999986e+01
$End
$Single_Point_Data
   &GeometryIndex 8
   &FinalEnergy [&Type "Double"]      -1.8995938792930433e+03  "Final single point energy"
   &Converged [&Type "Boolean"] true
$End
$SCF_Nuc_Gradient
   &GeometryIndex 8
   &NAtoms [&Type "Integer"] 41
   &gradNorm [&Type "Double"]       1.1773627597553821e-02
   &grad [&Type "ArrayOfDoubles", &Dim (123,1)] 
                                                         0

0                                     -5.4067909988697593e-04
1                                     -6.0829156014952090e-04
2                                      3.8792146750576961e-04
3                                      8.6637827463934003e-04
4                                      1.1697138887322017e-03
5                                      2.8204914943713577e-04
6                                     -2.1964332317309793e-04
7                                     -1.4925002799863474e-05
8                                     -1.1152467343317415e-03
9                                      5.8447210708203329e-04
10                                     5.6038616384013890e-04
11                                     8.3795490657928573e-05
12                                     7.8479594728364521e-04
13                                    -1.0516943475939317e-03
14                                     2.2044344143075378e-04
15                                     3.7075530022717684e-05
16                                     2.0232895249363697e-03
17                                    -1.4027400977630403e-03
18                                    -1.5803444916484069e-03
19                                    -1.7465900128272524e-03
20                                     4.0764993925035409e-04
21                                     7.7227311185951164e-05
22                                     9.1827889634768511e-04
23                                     1.4510123779685885e-03
24                                     7.8713225238397078e-04
25                                    -2.9690602378674158e-03
26                                    -7.0921070558062349e-04
27                                    -1.7200613341273804e-03
28                                     1.0449533403798644e-03
29                                     1.8953195023141099e-03
30                                    -1.8340358091508586e-03
31                                    -2.3881480398156921e-04
32                                     7.5740469074107170e-04
33                                    -3.0575754845618697e-04
34                                    -8.3272261828903904e-04
35                                    -1.9237090396391487e-04
36                                    -5.3812718075608654e-04
37                                     1.5627003229351996e-03
38                                     2.6703979768301356e-03
39                                    -5.6765504822736679e-04
40                                     2.2938301252617421e-03
41                                    -2.3235613491985330e-03
42                                     5.2062634686385334e-04
43                                    -2.9806745997940087e-03
44                                     6.2179911225868079e-04
45                                     1.1011630382903384e-03
46                                    -8.7875985369981202e-05
47                                    -4.2389955115229583e-04
48                                     1.8121741088340110e-04
49                                    -3.3001287911234300e-04
50                                     3.1921168668028188e-05
51                                     1.6567429521682775e-03
52                                     4.6528738330832431e-04
53                                    -7.4358156403694399e-04
54                                    -5.3865101864845367e-04
55                                     5.5672978467180556e-04
56                                    -1.0517612586032482e-03
57                                     1.7505500884373512e-03
58                                    -1.8416226433253108e-03
59                                     2.5269111311216896e-03
60                                    -1.4296116870868847e-03
61                                    -2.4032077728302625e-03
62                                    -1.3185762842453652e-03
63                                     8.6338342178943206e-04
64                                     3.0893235016138942e-03
65                                    -2.4394778857463051e-04
66                                    -6.1476736790851312e-04
67                                     4.4231582050992257e-04
68                                     2.2239626092361228e-04
69                                    -4.0242331485451123e-04
70                                    -6.8019011248427602e-04
71                                     2.7458288425658006e-04
72                                     9.6603247409263182e-04
73                                     8.7601029465825264e-05
74                                     2.7153410102004338e-04
75                                     1.2052254566760484e-03
76                                    -5.6098805732423401e-04
77                                    -5.7206541110105258e-04
78                                    -7.6967308748926433e-05
79                                    -5.5986591360268623e-04
80                                    -6.3664864931045617e-04
81                                     1.6026383637337271e-03
82                                     1.8981958687947498e-03
83                                    -5.4306342769622207e-05
84                                    -1.0023472643530054e-03
85                                     3.9707340855427153e-04
86                                     1.5972350368456678e-04
87                                    -1.2965217234386858e-03
88                                    -6.9229623157771036e-04
89                                    -6.3736014119369910e-04
90                                     5.4398853931499069e-04
91                                    -3.7123614374329900e-04
92                                    -5.0584384459359533e-04
93                                    -2.2250545505664993e-04
94                                    -5.9490647609856950e-04
95                                    -1.4412836908667126e-04
96                                     5.1924392135588304e-04
97                                     9.4769151083515246e-05
98                                     5.4659818301701357e-04
99                                    -5.5614047085605911e-04
100                                    1.0949414287009240e-04
101                                   -6.2063709282266649e-04
102                                    3.4528250991559123e-04
103                                    1.6029931604334968e-03
104                                   -3.8707479616889584e-04
105                                   -3.4297686053452736e-06
106                                   -1.3234933569111762e-05
107                                    1.0979333835196836e-03
108                                   -7.0627146262808305e-04
109                                   -3.0182615300652915e-04
110                                   -4.4158599242946628e-04
111                                   -1.4815253210688668e-04
112                                    2.0632593392216902e-05
113                                    1.5490363102310667e-04
114                                   -1.8762786295808964e-04
115                                   -3.5448748490235493e-04
116                                   -8.8652176734262123e-04
117                                    2.7711218410302052e-04
118                                    6.3061056376020885e-04
119                                   -5.0079146788792328e-04
120                                   -1.7856714880715163e-04
121                                    2.6634528384331113e-04
122                                    8.4756252414494582e-04
   &Method [&Type "String"] "SCF"
   &Level [&Type "String"] "Relaxed density"
   &Mult [&Type "Integer"] 1
   &State [&Type "Integer"] 0
   &Irrep [&Type "Integer"] 0
$End
$Geometry
   &GeometryIndex 9
   &NAtoms [&Type "Integer"] 41
   &NCorelessECP [&Type "Integer"] 0
   &NGhostAtoms [&Type "Integer"] 0
   &CartesianCoordinates [&Type "Coordinates", &Dim(41,4), &Units "Bohr"] 
              O     -5.053458337413  -10.563469578448   -0.523132280986
              N     -4.171384558149   -9.193330765979   -2.181614009436
              C     -3.038542195397   -6.922665411378   -1.306491954908
              C     -2.032245638875   -5.317069552736   -3.149659366066
              C     -0.877142824650   -3.061391835917   -2.483306953245
              C     -0.691199492941   -2.321967339609    0.084327990698
              C     -1.736421098973   -3.975362472072    1.934037954585
              C     -2.874491798601   -6.217762208672    1.250024360606
              N      0.503858352444   -0.076397347450    0.751790473202
              C      1.648737713392    1.549535251814   -1.164753841050
              C      4.250272665650    0.570224147786   -1.984524325678
              O      5.185914265662    2.380479480879   -3.808339218204
              S      7.575514853642    1.556051149390   -5.628497928650
              O      7.277757409176    3.019327567795   -7.937010608789
              O      7.766594904690   -1.200208081164   -5.661650644161
              C     10.191247356961    2.820106848903   -3.859097995649
              C      0.357565884111    1.020446645142    3.276358990875
              C     -1.728795892098    2.997745972348    3.596392237436
              O     -4.126210288805    1.714886505811    3.355934197522
              S     -6.631988889770    3.371498584915    2.511804469013
              O     -8.186985816873    1.667529789424    1.019205085307
              O     -5.792271688775    5.815513005244    1.526443145826
              C     -8.109366476563    3.850426049683    5.536442653118
              H     -2.182128193101   -5.883295399906   -5.117444649244
              H     -0.145086914289   -1.864159593581   -3.972188700173
              H     -1.659041793592   -3.493880047692    3.920878870184
              H     -3.671546516507   -7.484811847260    2.652302129570
              H      0.432209323977    1.781757325323   -2.827193001481
              H      1.875036901909    3.439138733587   -0.363416563093
              H      4.128864789274   -1.298863300232   -2.844635570002
              H      5.537383644696    0.469528984992   -0.361771525080
              H     10.265550953382    1.892926505181   -2.016963080011
              H     11.912358974263    2.415332317984   -4.924313343906
              H      9.920983500724    4.855625694458   -3.666854929572
              H      0.117206607157   -0.455932221753    4.691637817258
              H      2.163026319830    1.944680216149    3.716845143435
              H     -1.600856379371    4.488418235945    2.173413311262
              H     -1.586638010942    3.861205125622    5.478931392181
              H     -8.533293461810    2.002996388050    6.349440982488
              H     -6.831447423787    4.932082254808    6.742588605019
              H     -9.849540654069    4.913104203719    5.214060642002
$End
$SCF_Energy
   &GeometryIndex 9
   &Method [&Type "String"] "SCF"
   &totalEnergy [&Type "ArrayOfDoubles", &Dim (1,1)] "Total energy of each state"
                                                         0

0                                     -1.8995946461675603e+03
   &Mult [&Type "ArrayOfIntegers", &Dim (1,1)] "Multiplicity of each state"
                                                         0

0                                                        1
$End
$DFT_Energy
   &GeometryIndex 9
   &nAlphaEl [&Type "Integer"] 96
   &nBetaEl [&Type "Integer"] 96
   &nTotalEl [&Type "Integer"] 192
   &finalEn [&Type "Double"]      -1.8995946461675603e+03  "No Van der Waals correction"
   &eExchange [&Type "Double"]      -1.5074530185299207e+02
   &eCorr [&Type "Double"]      -8.0840357619454899e+00
   &eXC [&Type "Double"]      -1.5882933761493757e+02
   &eCNL [&Type "Double"]       0.0000000000000000e+00
$End
$SCF_Timings
   &GeometryIndex 9
   &TOTAL [&Type "Double"]       3.8592308000000003e+01
   &PREP [&Type "Double"]       6.2610200000000005e-01
   &FOCK [&Type "Double"]       3.6325656000000002e+01
   &DENS [&Type "Double"]       1.2389500000000098e-01
   &ETOT [&Type "Double"]       4.5222000000005202e-02
   &POP [&Type "Double"]       9.9999999747524271e-07
   &TRAFO [&Type "Double"]       8.1522999999998014e-02
   &DIIS [&Type "Double"]       3.3001300000000011e-01
   &SOSCF [&Type "Double"]       4.0175500000000852e-01
   &XC [&Type "Double"]       4.3889929999999939e+00
   &FOCKSTART [&Type "Double"]       1.4109000000005256e-02
   &INT_PREP [&Type "Double"]       9.9999999987332444e-06
   &INT_BF [&Type "Double"]       1.3339279999998737e+00
   &INT_DENS [&Type "Double"]       1.0012050000000601e+00
   &INT_DENSIO [&Type "Double"]       1.1300197077800021e+05
   &INT_FUNC [&Type "Double"]       1.6300500000026696e-01
   &INT_POT [&Type "Double"]       8.0732300000005353e-01
   &INT_POTIO [&Type "Double"]       4.1686999999781538e-02
   &INT_SUM [&Type "Double"]       1.2629999999989039e-03
   &SPLITRIJ [&Type "Double"]       4.7112539999999994e+00
   &COSX [&Type "Double"]       2.8124550999999997e+01
$End
$Single_Point_Data
   &GeometryIndex 9
   &FinalEnergy [&Type "Double"]      -1.8995946461675603e+03  "Final single point energy"
   &Converged [&Type "Boolean"] true
$End
$SCF_Nuc_Gradient
   &GeometryIndex 9
   &NAtoms [&Type "Integer"] 41
   &gradNorm [&Type "Double"]       7.3038604530869279e-03
   &grad [&Type "ArrayOfDoubles", &Dim (123,1)] 
                                                         0

0                                     -1.1162961002739169e-04
1                                      5.0813657324622064e-06
2                                      8.5846515720522376e-06
3                                      3.4737255745775214e-04
4                                      4.3214269235031244e-04
5                                      3.6732746859524656e-04
6                                     -3.1655472750552471e-04
7                                     -2.8707159422432238e-04
8                                     -9.8918737200461709e-04
9                                      1.2491236594783933e-04
10                                     5.5059624337044921e-04
11                                     6.4067765084691031e-06
12                                    -3.4145733412958845e-04
13                                    -9.7550817561020686e-06
14                                     7.3717618376593907e-05
15                                     2.0602617340109569e-03
16                                     5.9157662723594018e-04
17                                    -2.8757565875967006e-04
18                                    -1.1444933044796879e-03
19                                    -8.3353791962628015e-04
20                                     3.8549122649000900e-05
21                                     3.3297851904667136e-04
22                                     5.5335338875756035e-04
23                                     1.1804074199336517e-03
24                                    -3.2181552756226778e-04
25                                    -2.7883739922713244e-03
26                                     1.1032919043839351e-04
27                                    -1.8914520593472928e-05
28                                     9.7885361823035755e-06
29                                     1.0570147194774813e-03
30                                     1.6954664605932368e-04
31                                    -2.5934558621192733e-04
32                                     2.3615964445650173e-04
33                                    -2.5029054709749254e-04
34                                    -1.2863002153404302e-04
35                                    -2.4867551470461602e-04
36                                    -5.1729690615633962e-04
37                                     1.3438653372464665e-03
38                                     1.9682078682509152e-03
39                                     1.0189801782860969e-04
40                                     5.3168744928003275e-04
41                                    -1.3681172340688219e-03
42                                     3.1624196789803438e-04
43                                    -1.3892368754773177e-03
44                                    -1.1287252482056198e-04
45                                     7.5294091994868723e-04
46                                    -1.3591186213350072e-04
47                                    -4.3504039525705390e-04
48                                    -2.5586530075374925e-04
49                                     9.0676283587051709e-04
50                                    -2.1607228724083993e-04
51                                     7.4567987437901273e-04
52                                     5.5629824796465943e-04
53                                     1.2590705493806947e-04
54                                    -2.6366143635071088e-04
55                                    -1.9618938734836111e-04
56                                    -6.4699384710186630e-04
57                                     1.1748936739273824e-03
58                                    -1.5115172866383350e-03
59                                     2.1619340223174022e-03
60                                    -7.6288175819466675e-04
61                                    -6.1244564584750361e-04
62                                    -9.1248981333577617e-04
63                                     1.1943817793555467e-04
64                                     1.4448437430241157e-03
65                                    -4.9924199478040832e-04
66                                    -5.0691967387491571e-04
67                                     5.6023501659719158e-04
68                                    -5.3759746006409870e-05
69                                    -1.5964540959864139e-04
70                                    -4.6734094210194865e-04
71                                     1.4886373701430977e-04
72                                    -2.8266259653073056e-04
73                                     3.2449770213960338e-04
74                                     1.3350110237614343e-04
75                                     6.7824791465432438e-04
76                                    -1.3941115682607197e-04
77                                    -2.1932471732988290e-05
78                                    -1.8607843534969304e-04
79                                    -2.7935104589345283e-04
80                                    -3.9175904415000851e-04
81                                    -1.9734214578277787e-04
82                                     1.1688982499310392e-03
83                                    -1.2706460882565274e-03
84                                    -3.0938357781685327e-04
85                                    -3.6732702688052621e-04
86                                    -2.3911337075910311e-05
87                                    -1.4837590441737006e-04
88                                     4.0921811430716382e-04
89                                     2.6672114548859094e-04
90                                     6.8037454919567253e-05
91                                    -2.5884334206329254e-04
92                                    -4.3490471224100213e-04
93                                    -2.1094112767703482e-04
94                                    -2.6877645714318277e-04
95                                    -2.1231656364503748e-04
96                                     1.5941700005844828e-04
97                                     8.9813106498207174e-05
98                                     3.9386621157840029e-04
99                                    -2.9540193957732983e-04
100                                    3.7416686983621217e-05
101                                   -2.8986909841303282e-04
102                                   -3.7131271287705811e-04
103                                    4.9180246052887844e-04
104                                    9.2496521838791868e-05
105                                    6.0252923458625762e-05
106                                   -1.2368342728150128e-04
107                                    6.3869303544311640e-04
108                                   -1.9523035802065242e-04
109                                   -4.0007369577488294e-05
110                                   -1.1739975055849450e-04
111                                   -7.4461756606051741e-05
112                                    4.6875872750304359e-05
113                                   -1.5033575701881019e-04
114                                   -1.2256245674457933e-04
115                                   -2.2636009264528911e-04
116                                   -4.3836287635307114e-04
117                                    1.0783204250797152e-04
118                                    2.0348070564754628e-04
119                                   -4.0997461155801995e-04
120                                    4.5227164419320287e-05
121                                    6.4881698493238216e-05
122                                    5.2275118834557710e-04
   &Method [&Type "String"] "SCF"
   &Level [&Type "String"] "Relaxed density"
   &Mult [&Type "Integer"] 1
   &State [&Type "Integer"] 0
   &Irrep [&Type "Integer"] 0
$End
$Geometry
   &GeometryIndex 10
   &NAtoms [&Type "Integer"] 41
   &NCorelessECP [&Type "Integer"] 0
   &NGhostAtoms [&Type "Integer"] 0
   &CartesianCoordinates [&Type "Coordinates", &Dim(41,4), &Units "Bohr"] 
              O     -5.131040058521  -10.519458185902   -0.465798151797
              N     -4.152288450951   -9.235701555627   -2.138639289143
              C     -3.055687422468   -6.928522980986   -1.313418612311
              C     -1.923518879074   -5.423610419912   -3.169436570560
              C     -0.791561885333   -3.143276755856   -2.549734358825
              C     -0.755351483553   -2.269915903625   -0.016028969367
              C     -1.941860354414   -3.811418146391    1.843330123876
              C     -3.052713480869   -6.081765848275    1.204914937306
              N      0.436086298102   -0.011982951962    0.608043010581
              C      1.620916822392    1.556750190579   -1.332719057165
              C      4.275536743678    0.611983769199   -2.016707541018
              O      5.240065304635    2.374989571106   -3.871804302305
              S      7.684119157060    1.514089208263   -5.603373814742
              O      7.457935812961    2.921059571702   -7.950380494442
              O      7.877449344949   -1.238823161239   -5.578197573401
              C     10.236966793475    2.823173985693   -3.778451942157
              C      0.364292410053    1.084577801802    3.135380305451
              C     -1.744398372418    3.019342292642    3.555291282682
              O     -4.126352380390    1.693867381588    3.419295041185
              S     -6.692943605963    3.305416787825    2.664137729172
              O     -8.276540488775    1.581303680553    1.232038913857
              O     -5.935125801944    5.757097370786    1.641267055981
              C     -8.055083856890    3.754839711136    5.745191181387
              H     -1.947206924422   -6.086562139255   -5.112602462090
              H      0.055423562857   -2.043839168165   -4.052692816003
              H     -2.032985943493   -3.210678813396    3.797230324058
              H     -3.961967648456   -7.254243097838    2.621252587783
              H      0.447616508352    1.683222422270   -3.034142457847
              H      1.781002137465    3.483473025003   -0.606031735692
              H      4.239780608129   -1.293905034229   -2.800752485479
              H      5.494597705767    0.613413958709   -0.338429184098
              H     10.253028688430    1.942640752320   -1.912179428523
              H     11.989354303547    2.393311426605   -4.780722938532
              H      9.964251478955    4.862331140117   -3.637644751071
              H      0.211257147451   -0.405031185037    4.552126482932
              H      2.169475095583    2.041137425239    3.497376227866
              H     -1.701550667718    4.521480073967    2.139462260313
              H     -1.531622546394    3.877699529046    5.433340097379
              H     -8.407700049413    1.902372847851    6.580233531493
              H     -6.753397317999    4.859908388394    6.903493319401
              H     -9.828258228792    4.779253016402    5.486484486072
$End
$SCF_Energy
   &GeometryIndex 10
   &Method [&Type "String"] "SCF"
   &totalEnergy [&Type "ArrayOfDoubles", &Dim (1,1)] "Total energy of each state"
                                                         0

0                                     -1.8995952872896814e+03
   &Mult [&Type "ArrayOfIntegers", &Dim (1,1)] "Multiplicity of each state"
                                                         0

0                                                        1
$End
$DFT_Energy
   &GeometryIndex 10
   &nAlphaEl [&Type "Integer"] 96
   &nBetaEl [&Type "Integer"] 96
   &nTotalEl [&Type "Integer"] 192
   &finalEn [&Type "Double"]      -1.8995952872896814e+03  "No Van der Waals correction"
   &eExchange [&Type "Double"]      -1.5074802273992756e+02
   &eCorr [&Type "Double"]      -8.0843468164324328e+00
   &eXC [&Type "Double"]      -1.5883236955635999e+02
   &eCNL [&Type "Double"]       0.0000000000000000e+00
$End
$SCF_Timings
   &GeometryIndex 10
   &TOTAL [&Type "Double"]       3.9106700000000004e+01
   &PREP [&Type "Double"]       6.5878600000000009e-01
   &FOCK [&Type "Double"]       3.6744229000000004e+01
   &DENS [&Type "Double"]       1.2478400000000534e-01
   &ETOT [&Type "Double"]       5.3828000000007314e-02
   &TRAFO [&Type "Double"]       7.8271999999996567e-02
   &DIIS [&Type "Double"]       3.3863500000000002e-01
   &SOSCF [&Type "Double"]       4.0923700000000274e-01
   &XC [&Type "Double"]       4.5208899999999943e+00
   &FOCKSTART [&Type "Double"]       1.6837000000002877e-02
   &INT_PREP [&Type "Double"]       1.0000000006726850e-05
   &INT_BF [&Type "Double"]       1.3989050000001297e+00
   &INT_DENS [&Type "Double"]       1.0715070000000457e+00
   &INT_DENSIO [&Type "Double"]       1.1448742312600023e+05
   &INT_FUNC [&Type "Double"]       1.6439800000020455e-01
   &INT_POT [&Type "Double"]       9.1029899999992470e-01
   &INT_POTIO [&Type "Double"]       4.3380999999942382e-02
   &INT_SUM [&Type "Double"]       6.7599999999767846e-04
   &SPLITRIJ [&Type "Double"]       4.8718399999999962e+00
   &COSX [&Type "Double"]       2.8304759000000004e+01
$End
$Single_Point_Data
   &GeometryIndex 10
   &FinalEnergy [&Type "Double"]      -1.8995952872896814e+03  "Final single point energy"
   &Converged [&Type "Boolean"] true
$End
$SCF_Nuc_Gradient
   &GeometryIndex 10
   &NAtoms [&Type "Integer"] 41
   &gradNorm [&Type "Double"]       5.7993666435559327e-03
   &grad [&Type "ArrayOfDoubles", &Dim (123,1)] 
                                                         0

0                                      1.6118313459434486e-04
1                                      2.1575564666259650e-04
2                                     -1.3758722120099653e-04
3                                     -6.0952862648733230e-05
4                                      1.5264057405035836e-04
5                                      2.9958375429678386e-04
6                                     -3.2069704249292758e-04
7                                     -8.7635126696342103e-04
8                                     -8.7291050032144157e-04
9                                      1.4484134353761474e-04
10                                     4.0657079304293187e-04
11                                     1.7159904815278182e-04
12                                    -3.1578628889020188e-04
13                                     9.1795412494072304e-05
14                                    -5.2982587663251424e-05
15                                     8.2407025736012940e-04
16                                     1.1544784224769705e-03
17                                     3.0861722996691071e-04
18                                    -4.5164948909481861e-04
19                                    -3.7600095948793488e-04
20                                    -6.9424049619555561e-04
21                                     4.4773175349190064e-04
22                                     6.9474822048998242e-04
23                                     8.4613533133863494e-04
24                                     9.2347397353698124e-05
25                                    -2.8939941922454457e-03
26                                     6.4875581047890013e-04
27                                     3.4903484266598020e-04
28                                     1.9036741266655749e-04
29                                    -1.9596005872309086e-04
30                                     7.5600095559900590e-04
31                                    -4.5594901755715428e-04
32                                    -7.6626993306325858e-05
33                                    -1.8470038429792279e-04
34                                     5.4672964106447508e-04
35                                    -1.2524802547710795e-04
36                                    -2.5099500254973511e-04
37                                     4.0382282859001417e-04
38                                     3.6460189647041785e-04
39                                     5.1373934096164697e-04
40                                    -1.0823980152990798e-03
41                                     2.5406991946486102e-04
42                                     4.5535061064277960e-05
43                                     5.1792039146980606e-04
44                                    -6.8991237622460268e-04
45                                     1.8381670016826696e-04
46                                     8.8500731832766300e-05
47                                    -4.1498518773646666e-04
48                                     1.4226026667030212e-04
49                                     1.9649335703354406e-03
50                                    -1.0628918063465900e-04
51                                    -2.0000829598541825e-04
52                                     3.5385511299694875e-04
53                                     3.4643295285433778e-04
54                                    -1.1048874410710119e-04
55                                    -8.2431991972603536e-04
56                                    -1.8574385682681993e-04
57                                     2.9082363260221622e-04
58                                    -1.0436319886535581e-03
59                                     8.7774036995016957e-04
60                                     1.9371714857097100e-04
61                                     1.1873345244260980e-03
62                                    -1.6769942559746731e-04
63                                    -5.3194070693284023e-04
64                                    -3.1543758989505122e-04
65                                    -4.4041171120201561e-04
66                                    -2.4007432496379877e-04
67                                     2.8909454440793209e-04
68                                    -2.3088215940438028e-04
69                                    -1.2818438125354083e-05
70                                    -1.8413745215149074e-04
71                                     1.4496960520526958e-05
72                                    -4.2648960966303051e-04
73                                    -5.5571607319893079e-05
74                                    -5.4510522805417683e-05
75                                     2.4143584667970369e-04
76                                    -5.3260056123329014e-04
77                                     5.5722383485759530e-04
78                                    -1.7022996462846829e-04
79                                    -7.0356766460125120e-05
80                                    -1.5126110897578648e-04
81                                    -5.9517399025921236e-04
82                                     8.8395183502222932e-04
83                                    -6.2358648966312491e-04
84                                     3.6750091766525779e-04
85                                    -6.4404486338481837e-04
86                                    -1.9263222836435334e-05
87                                     7.2304203431905467e-05
88                                     3.0271551622343407e-04
89                                     4.3461042625952961e-04
90                                    -2.7321922394837883e-04
91                                    -2.0006241543279665e-04
92                                    -1.5277825948567525e-04
93                                    -2.4075424009009638e-04
94                                     4.7811907411238197e-05
95                                    -9.8609191513998606e-05
96                                    -1.3654603418983280e-04
97                                    -2.8495691659136124e-05
98                                     1.3164366438636610e-04
99                                    -5.9820494288317233e-05
100                                   -4.9581010838101180e-05
101                                    1.0577367592067358e-04
102                                   -8.5993718845592780e-04
103                                    3.4024180114503033e-04
104                                   -7.4939725785261313e-05
105                                    1.5951806536790292e-04
106                                   -2.6939033329498319e-04
107                                    2.4379941008442763e-04
108                                    1.1409143577969898e-04
109                                    2.2907649920686501e-04
110                                    4.2068981891128787e-04
111                                    7.9182388061829756e-05
112                                    1.3801453477435555e-04
113                                   -3.6364074061107088e-04
114                                    3.3549928910164839e-06
115                                   -1.0156284902057555e-05
116                                   -3.7716963675604731e-06
117                                    1.0578565099539361e-04
118                                   -1.9422290207007920e-04
119                                   -1.5677694829899225e-04
120                                    1.5400688413769181e-04
121                                   -9.3657090732460202e-05
122                                    6.4843333557298294e-05
   &Method [&Type "String"] "SCF"
   &Level [&Type "String"] "Relaxed density"
   &Mult [&Type "Integer"] 1
   &State [&Type "Integer"] 0
   &Irrep [&Type "Integer"] 0
$End
$Geometry
   &GeometryIndex 11
   &NAtoms [&Type "Integer"] 41
   &NCorelessECP [&Type "Integer"] 0
   &NGhostAtoms [&Type "Integer"] 0
   &CartesianCoordinates [&Type "Coordinates", &Dim(41,4), &Units "Bohr"] 
              O     -5.328699321174  -10.516495997283   -0.397820970074
              N     -4.085388174774   -9.439481713794   -2.041081068007
              C     -3.081346844975   -7.052379906995   -1.331840659126
              C     -1.640050111709   -5.780918842558   -3.149885267415
              C     -0.563340935824   -3.449667840480   -2.632547306643
              C     -0.897100631646   -2.275742118604   -0.242625755180
              C     -2.425081033760   -3.559839559628    1.558997624539
              C     -3.469983637579   -5.889794835462    1.024221145085
              N      0.257238385500    0.017659268980    0.297945232697
              C      1.507716684589    1.485183107457   -1.677100013713
              C      4.275135352179    0.700391708340   -2.055387363283
              O      5.279476371313    2.390222642262   -3.955715019646
              S      7.848573660179    1.529055283611   -5.499781060751
              O      7.731603343785    2.830334589332   -7.909316237352
              O      8.109603319319   -1.210012207672   -5.355047302691
              C     10.236044680008    2.988497444594   -3.570569865774
              C      0.356662227065    1.091378864010    2.830501324709
              C     -1.717156667050    3.008922309507    3.455969939220
              O     -4.101025178077    1.688276313989    3.557072072620
              S     -6.726277702580    3.288748432330    2.977446907172
              O     -8.420011650336    1.551802967541    1.703943806669
              O     -6.055830063563    5.718802210995    1.859656095099
              C     -7.821856253724    3.763843743882    6.157769108705
              H     -1.358514661916   -6.666154685095   -4.981168871407
              H      0.561989256252   -2.571198297272   -4.097880528272
              H     -2.912881969265   -2.684006481371    3.341218087373
              H     -4.647851813512   -6.849358947640    2.402522023693
              H      0.455978613911    1.349243790813   -3.448476340050
              H      1.473688043942    3.480552258720   -1.133125558913
              H      4.460584904284   -1.258786035935   -2.670473661029
              H      5.324855995103    0.937077540881   -0.279718764986
              H     10.153682935129    2.195513424385   -1.666810855836
              H     12.058660520670    2.562410441308   -4.441579323003
              H      9.908506213506    5.023839493749   -3.531824405911
              H      0.348996100061   -0.427216054000    4.231999168661
              H      2.174624823945    2.066470090177    3.038355765289
              H     -1.806356592225    4.520015893722    2.051183119449
              H     -1.321310666171    3.864569026272    5.306217949211
              H     -8.083496094858    1.922881453129    7.049420229004
              H     -6.438058262503    4.888980259696    7.195599455403
              H     -9.622003087932    4.766380945210    6.029737106668
$End
$SCF_Energy
   &GeometryIndex 11
   &Method [&Type "String"] "SCF"
   &totalEnergy [&Type "ArrayOfDoubles", &Dim (1,1)] "Total energy of each state"
                                                         0

0                                     -1.8995955556939734e+03
   &Mult [&Type "ArrayOfIntegers", &Dim (1,1)] "Multiplicity of each state"
                                                         0

0                                                        1
$End
$DFT_Energy
   &GeometryIndex 11
   &nAlphaEl [&Type "Integer"] 96
   &nBetaEl [&Type "Integer"] 96
   &nTotalEl [&Type "Integer"] 192
   &finalEn [&Type "Double"]      -1.8995955556939734e+03  "No Van der Waals correction"
   &eExchange [&Type "Double"]      -1.5075323620422174e+02
   &eCorr [&Type "Double"]      -8.0851539290654166e+00
   &eXC [&Type "Double"]      -1.5883839013328716e+02
   &eCNL [&Type "Double"]       0.0000000000000000e+00
$End
$SCF_Timings
   &GeometryIndex 11
   &TOTAL [&Type "Double"]       4.1062303000000000e+01
   &PREP [&Type "Double"]       6.7995600000000000e-01
   &FOCK [&Type "Double"]       3.8575436999999994e+01
   &DENS [&Type "Double"]       1.2855700000000780e-01
   &ETOT [&Type "Double"]       4.4687000000000587e-02
   &POP [&Type "Double"]       9.9999999747524271e-07
   &TRAFO [&Type "Double"]       8.1458000000001363e-02
   &DIIS [&Type "Double"]       3.4497500000000070e-01
   &SOSCF [&Type "Double"]       4.1276699999999966e-01
   &XC [&Type "Double"]       4.4761419999999976e+00
   &FOCKSTART [&Type "Double"]       1.6949000000004655e-02
   &INT_PREP [&Type "Double"]       5.9999999972859541e-06
   &INT_BF [&Type "Double"]       1.3379060000001592e+00
   &INT_DENS [&Type "Double"]       1.0436969999999679e+00
   &INT_DENSIO [&Type "Double"]       1.1947296212600020e+05
   &INT_FUNC [&Type "Double"]       1.6362299999986352e-01
   &INT_POT [&Type "Double"]       9.5335900000002916e-01
   &INT_POTIO [&Type "Double"]       4.1263999999989309e-02
   &INT_SUM [&Type "Double"]       7.7999999999445180e-04
   &SPLITRIJ [&Type "Double"]       4.7926659999999988e+00
   &COSX [&Type "Double"]       3.0400425999999996e+01
$End
$Single_Point_Data
   &GeometryIndex 11
   &FinalEnergy [&Type "Double"]      -1.8995955556939734e+03  "Final single point energy"
   &Converged [&Type "Boolean"] true
$End
$SCF_Nuc_Gradient
   &GeometryIndex 11
   &NAtoms [&Type "Integer"] 41
   &gradNorm [&Type "Double"]       1.2334788287706334e-02
   &grad [&Type "ArrayOfDoubles", &Dim (123,1)] 
                                                         0

0                                     -4.0818932237424166e-05
1                                     -8.8278464751845309e-06
2                                      9.7102446869778980e-05
3                                      2.2847073373466475e-06
4                                      1.8671906348767184e-04
5                                     -6.1606330255925545e-05
6                                     -4.3329504258714235e-04
7                                     -1.7647548079829656e-03
8                                     -4.7781205030873741e-04
9                                      4.4697812689023508e-05
10                                     4.1232691710985092e-04
11                                     6.7231497110992189e-04
12                                    -7.8111583393811190e-05
13                                    -9.0879255263437431e-05
14                                    -5.6615756146726620e-04
15                                    -8.3322479198080779e-05
16                                     3.8443300660062005e-03
17                                     1.9907768234967271e-03
18                                     5.5799573603407607e-04
19                                     5.8716022035734672e-05
20                                    -1.2577192267862053e-03
21                                     7.1882026564158708e-04
22                                     1.1699240655691084e-03
23                                     2.2109591964028508e-04
24                                     7.4079639219505611e-04
25                                    -2.8948221969711460e-03
26                                     1.5679595615149949e-03
27                                     6.5212585926745226e-04
28                                    -1.0539499463339819e-04
29                                    -2.0883366569120973e-03
30                                     1.2359483753173056e-03
31                                    -7.3818589684734870e-04
32                                    -3.2125942055843959e-04
33                                    -3.0380614641895010e-04
34                                     1.1829424501624830e-03
35                                     8.5158352788872876e-05
36                                     8.8076876773975077e-04
37                                    -1.6084833739925530e-03
38                                    -2.2963560092439383e-03
39                                     6.4292337211580702e-04
40                                    -2.6677338730495270e-03
41                                     2.6941759165649004e-03
42                                    -4.7654646495740027e-04
43                                     3.1567167991780054e-03
44                                    -1.3713271211090554e-03
45                                    -8.9374606376864223e-04
46                                     4.6281428956727096e-04
47                                    -3.0463062292512139e-04
48                                     7.4116178889889472e-04
49                                     2.6919255464880887e-03
50                                    -4.2261940894858241e-04
51                                    -1.9249420328979194e-03
52                                    -3.5682156105272880e-04
53                                     2.1462230820833324e-04
54                                     5.8744793983360119e-04
55                                    -2.0368866652447637e-03
56                                     5.8456575565547786e-04
57                                    -1.3587492356138681e-03
58                                    -1.1349012614622622e-04
59                                    -1.9012785241609709e-03
60                                     1.6134055022578031e-03
61                                     3.3904970490399866e-03
62                                     9.7290099405494823e-04
63                                    -1.1448187739035304e-03
64                                    -2.7175663627342361e-03
65                                     9.3217186725169654e-05
66                                     4.3699149249689165e-04
67                                    -4.1117225035067206e-04
68                                    -4.1535708388771783e-04
69                                     2.6695752038553150e-04
70                                     3.9219544594461253e-04
71                                    -1.9864545691811175e-04
72                                    -5.2083845777003979e-04
73                                    -9.6778937554339861e-04
74                                    -3.6753870605849004e-04
75                                    -2.5148419318849341e-03
76                                    -1.2405169088766654e-03
77                                     1.5874277684524429e-04
78                                    -3.3089410007250408e-05
79                                     2.9895951890522576e-04
80                                     2.1022336486242743e-04
81                                    -1.1646162349629730e-03
82                                     6.5118167009739145e-04
83                                     9.5200615008045331e-04
84                                     8.7111478812058971e-04
85                                    -4.9156203058769998e-04
86                                     2.6310951140393057e-04
87                                     4.6890589001436292e-04
88                                     4.5051144614283167e-05
89                                     6.4963470127588768e-04
90                                    -8.0268821546664038e-04
91                                     5.7009350125095809e-05
92                                     4.7555406697524782e-04
93                                    -2.7061155391165225e-04
94                                     5.3700572467377250e-04
95                                     1.7098681779131875e-04
96                                    -3.5568955220460774e-04
97                                    -3.0718403536369315e-04
98                                    -3.6903064813996467e-04
99                                     2.3789521610692588e-04
100                                   -8.2547533093779712e-05
101                                    7.2862970192093951e-04
102                                    2.6267208073081291e-04
103                                    4.0771833459624096e-04
104                                   -3.1470220529600246e-05
105                                   -2.9843788050709641e-05
106                                   -8.3720285994724752e-04
107                                   -1.0714972297643441e-03
108                                    6.6112118844597343e-04
109                                    6.5241784478825560e-04
110                                    8.2533897854292215e-04
111                                    2.6458050613092920e-04
112                                    4.6516612592568951e-04
113                                   -4.0421375884741595e-04
114                                    2.6570616038603528e-04
115                                    3.3583396175979052e-04
116                                    6.2103715387601399e-04
117                                    2.3046940440821229e-04
118                                   -6.9974254494156729e-04
119                                    3.6857095826475783e-04
120                                    4.5585058434105541e-05
121                                   -2.5788688792877101e-04
122                                   -6.9086862921308168e-04
   &Method [&Type "String"] "SCF"
   &Level [&Type "String"] "Relaxed density"
   &Mult [&Type "Integer"] 1
   &State [&Type "Integer"] 0
   &Irrep [&Type "Integer"] 0
$End
$Geometry
   &GeometryIndex 12
   &NAtoms [&Type "Integer"] 41
   &NCorelessECP [&Type "Integer"] 0
   &NGhostAtoms [&Type "Integer"] 0
   &CartesianCoordinates [&Type "Coordinates", &Dim(41,4), &Units "Bohr"] 
              O     -5.066705376033  -10.701771365905   -0.440669953209
              N     -3.953097824218   -9.527788739252   -2.110112640938
              C     -2.986818519211   -7.131918903353   -1.372260554858
              C     -1.684643991493   -5.759703497979   -3.221753049705
              C     -0.650503746997   -3.413607385644   -2.681771762072
              C     -0.899624077040   -2.330290639229   -0.241862445039
              C     -2.264268810869   -3.728906321492    1.602793907475
              C     -3.270746705023   -6.071131268813    1.045357979170
              N      0.222981201318   -0.022779759438    0.328956443145
              C      1.461544727458    1.481054245969   -1.623093722682
              C      4.215144527347    0.676240360362   -2.045872605665
              O      5.223219186420    2.404838470561   -3.907649082455
              S      7.776645796935    1.569619263395   -5.487027116785
              O      7.649301322168    2.947286826892   -7.855668801148
              O      8.017457587319   -1.175997435293   -5.415170893816
              C     10.193680385806    2.953592439982   -3.536018498808
              C      0.297929632706    1.016091825302    2.877143617725
              C     -1.728591299314    2.992670001326    3.479011170922
              O     -4.158642490533    1.757366920838    3.531607015062
              S     -6.717391119572    3.450225456434    2.928802244068
              O     -8.457542339535    1.758345284029    1.652852787698
              O     -5.948029049405    5.851869533617    1.809624033476
              C     -7.827312713468    3.984916327618    6.096672468883
              H     -1.479760633186   -6.578965825945   -5.093316469593
              H      0.372085979544   -2.446476118762   -4.167417051325
              H     -2.626698936953   -2.940161012165    3.454303050659
              H     -4.321809420951   -7.126741959190    2.455595719358
              H      0.404296253555    1.388581874776   -3.392884662182
              H      1.443152548323    3.466031549513   -1.038345212564
              H      4.365364538077   -1.266667247887   -2.723540410715
              H      5.288950165954    0.845452266148   -0.276759683566
              H     10.130478461452    2.096951027377   -1.659128697950
              H     12.005364949008    2.549760054574   -4.440753674683
              H      9.875363001278    4.988178871019   -3.430863175291
              H      0.221513244664   -0.514520076679    4.263030166617
              H      2.135617195608    1.942736406256    3.136557284390
              H     -1.748218325141    4.509920000418    2.077992517787
              H     -1.339418327158    3.825980706005    5.341216732789
              H     -8.157066949690    2.158843776405    6.996311639207
              H     -6.419665141668    5.076876530495    7.138323284927
              H     -9.593534831893    5.043997518819    5.945788063899
$End
$SCF_Energy
   &GeometryIndex 12
   &Method [&Type "String"] "SCF"
   &totalEnergy [&Type "ArrayOfDoubles", &Dim (1,1)] "Total energy of each state"
                                                         0

0                                     -1.8995960751071580e+03
   &Mult [&Type "ArrayOfIntegers", &Dim (1,1)] "Multiplicity of each state"
                                                         0

0                                                        1
$End
$DFT_Energy
   &GeometryIndex 12
   &nAlphaEl [&Type "Integer"] 96
   &nBetaEl [&Type "Integer"] 96
   &nTotalEl [&Type "Integer"] 192
   &finalEn [&Type "Double"]      -1.8995960751071580e+03  "No Van der Waals correction"
   &eExchange [&Type "Double"]      -1.5074978991015678e+02
   &eCorr [&Type "Double"]      -8.0845753825427877e+00
   &eXC [&Type "Double"]      -1.5883436529269957e+02
   &eCNL [&Type "Double"]       0.0000000000000000e+00
$End
$SCF_Timings
   &GeometryIndex 12
   &TOTAL [&Type "Double"]       4.0069626000000000e+01
   &PREP [&Type "Double"]       6.2294899999999997e-01
   &FOCK [&Type "Double"]       3.7761857999999989e+01
   &DENS [&Type "Double"]       1.2532200000000415e-01
   &ETOT [&Type "Double"]       4.6229000000002074e-02
   &TRAFO [&Type "Double"]       8.8742000000002541e-02
   &DIIS [&Type "Double"]       3.5339399999999976e-01
   &SOSCF [&Type "Double"]       4.1073400000000237e-01
   &XC [&Type "Double"]       4.5417729999999956e+00
   &FOCKSTART [&Type "Double"]       1.4156999999998976e-02
   &INT_PREP [&Type "Double"]       2.9999999995311555e-06
   &INT_BF [&Type "Double"]       1.3969089999999449e+00
   &INT_DENS [&Type "Double"]       1.0483319999999159e+00
   &INT_DENSIO [&Type "Double"]       1.1767839597800025e+05
   &INT_FUNC [&Type "Double"]       1.6816799999994192e-01
   &INT_POT [&Type "Double"]       8.6892200000001996e-01
   &INT_POTIO [&Type "Double"]       4.3972999999980722e-02
   &INT_SUM [&Type "Double"]       1.8000000000037986e-03
   &SPLITRIJ [&Type "Double"]       5.0432189999999961e+00
   &COSX [&Type "Double"]       2.9047760999999998e+01
$End
$Single_Point_Data
   &GeometryIndex 12
   &FinalEnergy [&Type "Double"]      -1.8995960751071580e+03  "Final single point energy"
   &Converged [&Type "Boolean"] true
$End
$SCF_Nuc_Gradient
   &GeometryIndex 12
   &NAtoms [&Type "Integer"] 41
   &gradNorm [&Type "Double"]       8.4810122509575148e-03
   &grad [&Type "ArrayOfDoubles", &Dim (123,1)] 
                                                         0

0                                     -2.1306210507582302e-05
1                                     -1.6967037518875183e-04
2                                      1.5365411751810942e-04
3                                     -9.8707646956186501e-05
4                                      1.0767528919493341e-05
5                                     -2.6977063706767890e-04
6                                     -1.7024646422215961e-04
7                                     -8.0424531214198791e-04
8                                     -2.5116634415921213e-05
9                                      8.5380650237040778e-05
10                                    -9.6676802136860807e-05
11                                     2.6746770108879159e-04
12                                     1.6449567783281133e-04
13                                    -4.6355419827157074e-05
14                                     1.9781658970693949e-04
15                                    -2.8483339828448417e-03
16                                     1.6286957643343522e-03
17                                     2.7089548677174113e-05
18                                     1.5482581034414467e-03
19                                     2.2884537700838814e-04
20                                    -5.1262029589016489e-04
21                                     3.6143242428629541e-04
22                                     3.8463241113563529e-04
23                                    -1.6516346658555781e-04
24                                     2.7391893696651348e-03
25                                    -5.3416614993016809e-04
26                                     1.3182860581016642e-03
27                                     2.6433333339540704e-04
28                                    -5.6514010958603339e-04
29                                    -2.1102114835529276e-03
30                                     3.7368420942617692e-04
31                                    -1.4927863884263079e-04
32                                    -2.4328623016442105e-04
33                                    -1.0679059249291134e-04
34                                     5.8702900083609788e-04
35                                    -1.5876931740559444e-04
36                                     6.1022562539753133e-04
37                                    -1.3240599145838416e-03
38                                    -1.7421848584613375e-03
39                                     2.1959013329481136e-04
40                                    -1.4855814438159975e-03
41                                     1.7605206693074860e-03
42                                    -3.8170227151967245e-04
43                                     2.0702888309119261e-03
44                                    -5.6689058665428463e-04
45                                    -6.9514985907147275e-04
46                                     4.1677398162798945e-04
47                                    -2.3392459382806652e-05
48                                    -4.2599225457784495e-04
49                                     1.3805716875783074e-03
50                                    -2.9968969191955519e-04
51                                    -9.2385579629703299e-04
52                                    -1.9424141215514806e-04
53                                     3.9042146029731779e-04
54                                    -5.6741098783577582e-05
55                                    -4.6577802854164130e-05
56                                     5.4783280851919414e-04
57                                    -1.4260309610258370e-03
58                                     8.4170505996886830e-04
59                                    -1.6478993072834014e-03
60                                     1.2375291515447362e-03
61                                     1.7627977917498705e-03
62                                     7.7294741360112162e-04
63                                    -5.6814549923445146e-04
64                                    -1.8671083137749012e-03
65                                     2.7702830876524809e-04
66                                     4.6183921372199011e-04
67                                    -4.6596737364289209e-04
68                                    -1.0256420266831906e-04
69                                     1.4335182453593248e-04
70                                     2.8219058198261648e-04
71                                    -1.5767548474379667e-04
72                                    -4.7226269543329535e-05
73                                    -4.3591609256558861e-04
74                                    -2.9785450406918934e-04
75                                    -5.1774440425784302e-04
76                                    -8.5640814867393722e-04
77                                     1.3331910243297163e-04
78                                     7.3782560907342809e-06
79                                     1.8119704497521205e-04
80                                     1.7075838095431672e-04
81                                    -3.6709310679194918e-04
82                                     2.0962948812337356e-04
83                                     9.3546228400637199e-04
84                                     6.0424641076355610e-04
85                                     5.0280988031031759e-05
86                                     2.9974422530613942e-04
87                                     4.1755849734545492e-04
88                                    -2.7600416003925599e-04
89                                     2.6321012762507007e-04
90                                    -4.1960376340721695e-04
91                                     8.7040581801603456e-06
92                                     3.9496215896853148e-04
93                                    -1.1849519423214397e-04
94                                     3.2893400801234374e-04
95                                     2.0821045230268176e-04
96                                    -1.5198771062224781e-04
97                                    -2.0892153474443703e-04
98                                    -3.1915523202377671e-04
99                                     1.7769668392473778e-04
100                                   -5.9194413670082824e-05
101                                    4.7077714638857522e-04
102                                   -2.1153659857400808e-04
103                                   -5.9950374240988480e-04
104                                    4.1986855840284165e-04
105                                   -2.2694009732748821e-04
106                                   -6.4287243593921795e-04
107                                   -9.9500900407520701e-04
108                                    2.1034363910952571e-04
109                                    3.6494606674269958e-04
110                                    4.9486951590632655e-04
111                                   -5.7878573059833016e-05
112                                    4.0549011180691930e-04
113                                   -1.2357410500757338e-04
114                                    1.4326245121959111e-04
115                                    2.3006067651373807e-04
116                                    4.4393239995536848e-04
117                                    1.4485537524533409e-04
118                                   -4.1294917234230288e-04
119                                    3.2230981709892303e-04
120                                   -7.3142791852220945e-05
121                                   -1.3270170161638895e-04
122                                   -5.0966156232848218e-04
   &Method [&Type "String"] "SCF"
   &Level [&Type "String"] "Relaxed density"
   &Mult [&Type "Integer"] 1
   &State [&Type "Integer"] 0
   &Irrep [&Type "Integer"] 0
$End
$Geometry
   &GeometryIndex 13
   &NAtoms [&Type "Integer"] 41
   &NCorelessECP [&Type "Integer"] 0
   &NGhostAtoms [&Type "Integer"] 0
   &CartesianCoordinates [&Type "Coordinates", &Dim(41,4), &Units "Bohr"] 
              O     -5.138834145994  -10.687463789472   -0.436095011583
              N     -3.993404556679   -9.535533674088   -2.099020690986
              C     -3.010739388400   -7.146035072259   -1.363202771403
              C     -1.677340825174   -5.797263304504   -3.208007143694
              C     -0.624376468353   -3.459187404142   -2.669735280296
              C     -0.882008839333   -2.366946451635   -0.235567689556
              C     -2.283447748692   -3.738081141677    1.602386919679
              C     -3.309145817712   -6.072607654744    1.046901291186
              N      0.220390560887   -0.048822320282    0.329292224134
              C      1.447847722909    1.466900551454   -1.619034398732
              C      4.209777602169    0.688531940174   -2.038205241840
              O      5.214187055575    2.442378847830   -3.877418291074
              S      7.759130718996    1.630825976900   -5.482440902622
              O      7.612626313234    3.042322218736   -7.832176093785
              O      8.002851971197   -1.117047969159   -5.445316653903
              C     10.193251955370    2.988583874569   -3.533417744972
              C      0.311449648196    0.978713862934    2.881731348912
              C     -1.700598032312    2.965339443970    3.486577788805
              O     -4.136915289640    1.743485041311    3.546967220964
              S     -6.687813758424    3.437464592043    2.915782938764
              O     -8.428598925036    1.729615644362    1.657980836360
              O     -5.905673928233    5.823040827138    1.767617274661
              C     -7.810740787244    4.023109005971    6.070649152654
              H     -1.465962537391   -6.628894440507   -5.073291677347
              H      0.415187285555   -2.502749222191   -4.150552424971
              H     -2.654041148537   -2.928760525130    3.443986980205
              H     -4.386354382972   -7.111171852680    2.450038823775
              H      0.399754432253    1.359088642761   -3.394869187599
              H      1.403124349226    3.452323924900   -1.038449993157
              H      4.372275269810   -1.244777323542   -2.738690289630
              H      5.280208648057    0.843210489467   -0.266136054147
              H     10.148338686919    2.103190562396   -1.669618720885
              H     11.998165166635    2.602156305127   -4.458646869011
              H      9.871436756135    5.020906830337   -3.397838361780
              H      0.227986187501   -0.554127629655    4.261666961895
              H      2.153845030012    1.899063271292    3.146389121136
              H     -1.716886309731    4.477647462380    2.080128299462
              H     -1.301475571520    3.798456001704    5.346463996790
              H     -8.146597719956    2.210108288025    6.994199808955
              H     -6.406075739216    5.130568736490    7.099503692148
              H     -9.574803364499    5.082437414498    5.899466774692
$End
$SCF_Energy
   &GeometryIndex 13
   &Method [&Type "String"] "SCF"
   &totalEnergy [&Type "ArrayOfDoubles", &Dim (1,1)] "Total energy of each state"
                                                         0

0                                     -1.8995962720577263e+03
   &Mult [&Type "ArrayOfIntegers", &Dim (1,1)] "Multiplicity of each state"
                                                         0

0                                                        1
$End
$DFT_Energy
   &GeometryIndex 13
   &nAlphaEl [&Type "Integer"] 96
   &nBetaEl [&Type "Integer"] 96
   &nTotalEl [&Type "Integer"] 192
   &finalEn [&Type "Double"]      -1.8995962720577263e+03  "No Van der Waals correction"
   &eExchange [&Type "Double"]      -1.5074884663074261e+02
   &eCorr [&Type "Double"]      -8.0845780100445808e+00
   &eXC [&Type "Double"]      -1.5883342464078720e+02
   &eCNL [&Type "Double"]       0.0000000000000000e+00
$End
$SCF_Timings
   &GeometryIndex 13
   &TOTAL [&Type "Double"]       3.3039815000000004e+01
   &PREP [&Type "Double"]       6.3436700000000001e-01
   &FOCK [&Type "Double"]       3.0801023000000011e+01
   &DENS [&Type "Double"]       9.9890999999999508e-02
   &ETOT [&Type "Double"]       3.9811999999998626e-02
   &POP [&Type "Double"]       9.9999999747524271e-07
   &TRAFO [&Type "Double"]       7.8877000000000308e-02
   &DIIS [&Type "Double"]       3.4374900000000075e-01
   &SOSCF [&Type "Double"]       3.1555199999999939e-01
   &XC [&Type "Double"]       3.7647220000000030e+00
   &FOCKSTART [&Type "Double"]       1.4268999999997423e-02
   &INT_PREP [&Type "Double"]       3.9999999987827550e-06
   &INT_BF [&Type "Double"]       1.1521160000000537e+00
   &INT_DENS [&Type "Double"]       8.5473499999997227e-01
   &INT_DENSIO [&Type "Double"]       8.1268613933000161e+04
   &INT_FUNC [&Type "Double"]       1.4114999999994549e-01
   &INT_POT [&Type "Double"]       6.8768600000002289e-01
   &INT_POTIO [&Type "Double"]       3.5676000000057329e-02
   &INT_SUM [&Type "Double"]       7.1699999999363939e-04
   &SPLITRIJ [&Type "Double"]       4.2145979999999987e+00
   &COSX [&Type "Double"]       2.3827963999999998e+01
$End
$Single_Point_Data
   &GeometryIndex 13
   &FinalEnergy [&Type "Double"]      -1.8995962720577263e+03  "Final single point energy"
   &Converged [&Type "Boolean"] true
$End
$SCF_Nuc_Gradient
   &GeometryIndex 13
   &NAtoms [&Type "Integer"] 41
   &gradNorm [&Type "Double"]       4.4650667193464402e-03
   &grad [&Type "ArrayOfDoubles", &Dim (123,1)] 
                                                         0

0                                      4.7194636383945943e-05
1                                      5.9709186647577406e-05
2                                      4.7066149580166083e-05
3                                     -6.3625884536011590e-07
4                                     -2.7552498398905612e-05
5                                     -1.3311013514133441e-04
6                                     -3.0358078114520182e-04
7                                     -6.2542071100082919e-04
8                                      1.6151878555246968e-04
9                                      3.9152200003193458e-05
10                                    -1.7959539492851118e-05
11                                     6.7363117666821570e-05
12                                    -1.2014186656560122e-04
13                                    -1.5262156254802761e-05
14                                     3.7259808496267754e-05
15                                    -5.8557222218893687e-04
16                                     4.1224429031978815e-04
17                                     3.6441236922085674e-04
18                                     8.5447733225333007e-04
19                                     6.3693145498885939e-04
20                                    -5.7956599715690282e-04
21                                     2.8735232895440999e-05
22                                     1.2458732547035445e-04
23                                    -3.1677180566473673e-04
24                                     1.5577370872257475e-03
25                                    -3.4013776700648340e-04
26                                     7.9074660639277469e-04
27                                     1.0115460762189638e-04
28                                     4.6330944532546603e-06
29                                    -1.1558249216273159e-03
30                                     2.0020024079625554e-04
31                                    -1.1444975347508698e-04
32                                    -1.8401484008921665e-04
33                                    -2.8138142020131540e-04
34                                     2.1790185430461961e-04
35                                    -1.5232300130650633e-04
36                                     5.5204937496934527e-04
37                                    -7.6333967503353084e-04
38                                    -8.7451904402260916e-04
39                                     3.8021381631787865e-05
40                                    -6.8108104732012009e-04
41                                     8.2388905592789552e-04
42                                    -2.4183452208457329e-04
43                                     1.0522455068814329e-03
44                                    -2.3195312237139082e-04
45                                    -3.6071564242257798e-04
46                                     1.9710900685902637e-04
47                                    -3.4437704744059994e-05
48                                    -9.1825346475077341e-04
49                                     4.6002419182973250e-04
50                                     1.4388711831459997e-04
51                                    -4.9807394095778557e-04
52                                    -3.7501766022431451e-04
53                                     2.2423681608589596e-04
54                                     2.5515082813796358e-04
55                                    -1.0504176863296300e-04
56                                     1.4623769508732148e-04
57                                    -8.6396891993897884e-04
58                                     7.1855735819291791e-04
59                                    -7.7947327857144644e-04
60                                     5.4903407809170357e-04
61                                     7.8806530610170400e-04
62                                     3.2122882433666122e-04
63                                    -2.3804056170911858e-04
64                                    -9.7825090010539295e-04
65                                     1.3544059011838527e-04
66                                     2.7171223296527935e-04
67                                    -2.3704123240635144e-04
68                                    -4.9234214791259862e-05
69                                     1.3189841581949524e-04
70                                     2.3742814751356867e-04
71                                    -1.2024436548990769e-04
72                                    -1.6794550067347758e-04
73                                    -3.5920896962565729e-04
74                                    -2.4720432292046901e-04
75                                    -2.9726056430213338e-04
76                                    -4.4589300114486474e-04
77                                     3.5490160206871901e-04
78                                     4.7892225533696653e-05
79                                     1.1900192766223228e-04
80                                     1.8814594831573217e-04
81                                    -2.4040365563332555e-04
82                                     2.2691241401597874e-04
83                                     4.3737172768604227e-04
84                                     3.7861377429817059e-04
85                                    -1.8510452909348274e-05
86                                     1.8059300951062118e-04
87                                     2.4767951854462456e-04
88                                    -7.2344575459654115e-05
89                                     1.9262211574007371e-04
90                                    -2.6765232756884028e-04
91                                    -6.9414346976170299e-05
92                                     2.1550443285395238e-04
93                                    -3.8557318284006617e-05
94                                     2.2791517715399501e-04
95                                     1.0126139343258345e-04
96                                    -8.8350915563695231e-05
97                                    -1.1231013231922937e-04
98                                    -1.3212422278423286e-04
99                                     8.9737559743376105e-05
100                                   -4.7077594882205531e-05
101                                    2.8134601639931596e-04
102                                   -2.1728734244219616e-04
103                                   -1.4558017648316768e-04
104                                    4.0218540867373309e-05
105                                    1.1080293474408087e-05
106                                   -1.1792471434478313e-04
107                                   -5.5800350448315106e-04
108                                    1.4613374659674938e-04
109                                    1.9743874705260844e-04
110                                    2.4352464490084991e-04
111                                    8.3128832370882311e-05
112                                    2.1865293732523106e-04
113                                   -1.3438003595483972e-04
114                                    8.8066757790855599e-05
115                                    1.4065223552095496e-04
116                                    2.5009601124703629e-04
117                                    4.3837222380049834e-05
118                                   -2.7350112556059902e-04
119                                    1.9288455841287577e-04
120                                   -3.3030540861456181e-05
121                                   -9.7690384472451375e-05
122                                   -2.5857267680848631e-04
   &Method [&Type "String"] "SCF"
   &Level [&Type "String"] "Relaxed density"
   &Mult [&Type "Integer"] 1
   &State [&Type "Integer"] 0
   &Irrep [&Type "Integer"] 0
$End
$Geometry
   &GeometryIndex 14
   &NAtoms [&Type "Integer"] 41
   &NCorelessECP [&Type "Integer"] 0
   &NGhostAtoms [&Type "Integer"] 0
   &CartesianCoordinates [&Type "Coordinates", &Dim(41,4), &Units "Bohr"] 
              O     -5.152187736268  -10.767735553849   -0.458769729284
              N     -3.939334545618   -9.653960174793   -2.099470352788
              C     -2.992097067895   -7.244156308092   -1.382323527809
              C     -1.580654893761   -5.943246142779   -3.203653004628
              C     -0.552659856031   -3.590517503493   -2.681162986796
              C     -0.917900526100   -2.441663327399   -0.288936851137
              C     -2.401380959228   -3.761437147091    1.522508200175
              C     -3.399557191541   -6.112459926898    0.984358694022
              N      0.130735384175   -0.095063345414    0.258230688033
              C      1.362691555259    1.417535530239   -1.685347722992
              C      4.160473474472    0.727431783785   -2.020170479811
              O      5.172051481466    2.515670515430   -3.820548100838
              S      7.725174413625    1.746953912186   -5.433379648645
              O      7.578078378191    3.215397379684   -7.750665066475
              O      7.975305388218   -1.002929730702   -5.454621802999
              C     10.159770899133    3.060976001930   -3.454339479114
              C      0.303308925026    0.895233218896    2.821846619761
              C     -1.649868085418    2.917776146295    3.487727389236
              O     -4.109549028387    1.751289483531    3.623156909554
              S     -6.638844035785    3.470126089185    2.971803140462
              O     -8.433086139632    1.740522652550    1.817985561928
              O     -5.831103785648    5.793221610118    1.714044968421
              C     -7.699514724393    4.212379734111    6.116025499257
              H     -1.286727048538   -6.826514198363   -5.033530886386
              H      0.555349113125   -2.667430055281   -4.133961963093
              H     -2.859620247514   -2.886703173429    3.313189399731
              H     -4.543584827958   -7.113953853412    2.361075822427
              H      0.371996938350    1.221953832349   -3.487318460519
              H      1.224445835851    3.414366899672   -1.160175727812
              H      4.395333176248   -1.196240184559   -2.726166981968
              H      5.179641427140    0.902565643466   -0.220146881951
              H     10.122877200050    2.125643750254   -1.615048925610
              H     11.965116353468    2.707208788382   -4.391502951875
              H      9.829202906492    5.088108552586   -3.268650951970
              H      0.224713392641   -0.653487045550    4.182746123698
              H      2.166210236367    1.785487658612    3.062353796115
              H     -1.677568236378    4.425676580862    2.076590376465
              H     -1.178489859294    3.741621247165    5.334670692814
              H     -8.043141380815    2.445217832264    7.122047261044
              H     -6.263366883191    5.347208090294    7.068638498555
              H     -9.452239344319    5.287924718361    5.930892805010
$End
$SCF_Energy
   &GeometryIndex 14
   &Method [&Type "String"] "SCF"
   &totalEnergy [&Type "ArrayOfDoubles", &Dim (1,1)] "Total energy of each state"
                                                         0

0                                     -1.8995964454194491e+03
   &Mult [&Type "ArrayOfIntegers", &Dim (1,1)] "Multiplicity of each state"
                                                         0

0                                                        1
$End
$DFT_Energy
   &GeometryIndex 14
   &nAlphaEl [&Type "Integer"] 96
   &nBetaEl [&Type "Integer"] 96
   &nTotalEl [&Type "Integer"] 192
   &finalEn [&Type "Double"]      -1.8995964454194491e+03  "No Van der Waals correction"
   &eExchange [&Type "Double"]      -1.5074726840799690e+02
   &eCorr [&Type "Double"]      -8.0845762107256078e+00
   &eXC [&Type "Double"]      -1.5883184461872250e+02
   &eCNL [&Type "Double"]       0.0000000000000000e+00
$End
$SCF_Timings
   &GeometryIndex 14
   &TOTAL [&Type "Double"]       3.6939730000000004e+01
   &PREP [&Type "Double"]       7.0016099999999992e-01
   &FOCK [&Type "Double"]       3.4240836999999999e+01
   &DENS [&Type "Double"]       1.0630299999998982e-01
   &ETOT [&Type "Double"]       3.9729999999998711e-02
   &TRAFO [&Type "Double"]       8.3529000000001297e-02
   &DIIS [&Type "Double"]       3.3593900000000065e-01
   &SOSCF [&Type "Double"]       3.3351399999999920e-01
   &XC [&Type "Double"]       3.8413599999999990e+00
   &FOCKSTART [&Type "Double"]       1.2923999999999047e-02
   &INT_PREP [&Type "Double"]       6.9999999983139105e-06
   &INT_BF [&Type "Double"]       1.1999160000000719e+00
   &INT_DENS [&Type "Double"]       9.0334499999995277e-01
   &INT_DENSIO [&Type "Double"]       8.8528164024000187e+04
   &INT_FUNC [&Type "Double"]       1.4337400000005118e-01
   &INT_POT [&Type "Double"]       8.0334400000002582e-01
   &INT_POTIO [&Type "Double"]       3.7305999999888151e-02
   &INT_SUM [&Type "Double"]       9.5200000000694729e-04
   &SPLITRIJ [&Type "Double"]       4.4910399999999981e+00
   &COSX [&Type "Double"]       2.7356520000000003e+01
$End
$Single_Point_Data
   &GeometryIndex 14
   &FinalEnergy [&Type "Double"]      -1.8995964454194491e+03  "Final single point energy"
   &Converged [&Type "Boolean"] true
$End
$SCF_Nuc_Gradient
   &GeometryIndex 14
   &NAtoms [&Type "Integer"] 41
   &gradNorm [&Type "Double"]       2.6257657112557960e-03
   &grad [&Type "ArrayOfDoubles", &Dim (123,1)] 
                                                         0

0                                      1.3115400990831860e-05
1                                      3.1945804356670049e-05
2                                      4.2185372111092079e-05
3                                      7.8838020896920824e-05
4                                      9.6637937780294503e-05
5                                     -2.4106692080583247e-05
6                                     -3.2695517414124686e-04
7                                     -1.5970079662601389e-04
8                                      3.3529238503019615e-04
9                                      3.9746385385805091e-05
10                                     1.1635946975244171e-05
11                                     5.9647251153538416e-06
12                                    -2.3267128131790327e-05
13                                     1.4919775897785648e-04
14                                     1.5224199820099149e-05
15                                     3.9840644635242770e-04
16                                     1.2660523241899563e-04
17                                     5.0852285157160226e-04
18                                     2.3837041858674329e-04
19                                     5.8356546037190149e-04
20                                     1.1365450985345582e-06
21                                    -9.2378889115063423e-05
22                                    -4.4845536013270182e-04
23                                    -4.7272407337614619e-04
24                                     2.1694195433833580e-04
25                                    -1.9653448282858088e-04
26                                    -1.6943067726680680e-04
27                                    -1.2446603200660933e-04
28                                     2.6416888558727925e-04
29                                     2.6570350376280832e-04
30                                     7.3145324244745791e-05
31                                     1.3947232070188331e-04
32                                    -7.0001275853569245e-05
33                                    -5.1257539527867213e-04
34                                    -3.2068194599360611e-04
35                                    -1.8222137174699754e-04
36                                     4.7836892753643639e-04
37                                    -2.4964457587886568e-05
38                                     2.1542711611238774e-04
39                                    -1.6994728189603098e-04
40                                     3.9171246950958638e-04
41                                    -3.1288172509602585e-04
42                                    -3.7308455794561601e-05
43                                    -2.5872698764273228e-04
44                                     1.7395853913071413e-04
45                                     1.8674713136684895e-05
46                                    -1.1101058834415284e-04
47                                    -5.7339240552366222e-05
48                                    -8.1096938735471941e-04
49                                    -5.9298263370514623e-04
50                                     4.5155443852697152e-04
51                                    -2.5632991808006295e-04
52                                    -4.2766149230735392e-04
53                                     5.9492718586337534e-05
54                                     7.0822820957273935e-04
55                                     2.8093889479607892e-05
56                                    -3.0912080724534302e-04
57                                    -2.7384648352052343e-04
58                                     6.0905989218055026e-04
59                                     2.4704653505905338e-04
60                                    -3.3647046145846016e-04
61                                    -3.8740681883997485e-04
62                                    -1.3676058183675899e-04
63                                     2.2110586154497347e-04
64                                     1.0657619548970487e-04
65                                    -7.0128742844621783e-05
66                                     5.0400731323591019e-05
67                                     8.5297656841828995e-06
68                                    -2.5550803930726729e-05
69                                     1.3160611235429193e-04
70                                     2.2810188823980948e-04
71                                    -6.8454021555558464e-05
72                                    -3.5849783150965209e-05
73                                    -8.0070064598425361e-05
74                                    -1.8917011438385201e-04
75                                    -2.5093555306848064e-04
76                                    -3.7848116178383628e-04
77                                    -1.0143946315990804e-04
78                                     3.6729914844768619e-05
79                                     1.6143502672172350e-04
80                                     1.6013768416675567e-04
81                                    -4.4340364553668854e-05
82                                    -1.3581472814376550e-04
83                                    -1.7294827068251029e-04
84                                    -4.2764320856775867e-05
85                                    -9.1195550820100113e-05
86                                     1.9123366029639988e-05
87                                    -2.1396802176339158e-05
88                                     8.6456207189222756e-05
89                                     3.8423826756381341e-05
90                                    -1.0960984198642165e-04
91                                    -1.1189816177106099e-04
92                                     1.9211947045524869e-04
93                                     6.9010487734852063e-05
94                                     7.4223794241393137e-05
95                                     7.5509176229449082e-06
96                                     1.8788320207768772e-05
97                                     7.4395654736589267e-06
98                                     6.6703237945359151e-05
99                                    -1.8986213219572556e-05
100                                   -8.2688246866302606e-07
101                                    2.1170275719198384e-05
102                                    2.9445597877400531e-04
103                                    2.2523177718675180e-04
104                                   -2.3633518055278524e-04
105                                    1.2979516226363508e-04
106                                    4.1474932890647742e-04
107                                   -1.8257989724598800e-04
108                                    9.0165793892746371e-05
109                                   -3.7290001431017350e-05
110                                   -1.0167066567140504e-04
111                                    2.4256074253931059e-04
112                                    8.3416403226163616e-05
113                                   -6.2132970443162794e-05
114                                    1.5845134182637666e-05
115                                    2.8472444742466685e-06
116                                    1.3287147466622962e-05
117                                   -6.0787493997516151e-05
118                                   -3.6398790101005440e-05
119                                    5.9836583870820359e-05
120                                   -1.5115182191494103e-05
121                                   -3.1001873870672991e-05
122                                    4.5134915811427187e-05
   &Method [&Type "String"] "SCF"
   &Level [&Type "String"] "Relaxed density"
   &Mult [&Type "Integer"] 1
   &State [&Type "Integer"] 0
   &Irrep [&Type "Integer"] 0
$End
$Geometry
   &GeometryIndex 15
   &NAtoms [&Type "Integer"] 41
   &NCorelessECP [&Type "Integer"] 0
   &NGhostAtoms [&Type "Integer"] 0
   &CartesianCoordinates [&Type "Coordinates", &Dim(41,4), &Units "Bohr"] 
              O     -5.153184280307  -10.754819126245   -0.456856642333
              N     -3.938801798114   -9.639465174985   -2.095249316994
              C     -2.988550938459   -7.231722884107   -1.373994483940
              C     -1.578869935672   -5.929382992044   -3.195108078713
              C     -0.548407463716   -3.578157168610   -2.669477390891
              C     -0.911515723733   -2.434560399791   -0.274892817512
              C     -2.392550776283   -3.756868526666    1.537157169236
              C     -3.392769412315   -6.105825360859    0.996453108212
              N      0.139268286368   -0.089969217146    0.281042501936
              C      1.371180860043    1.433839983867   -1.654595273661
              C      4.165032177352    0.736741463178   -2.011938712692
              O      5.175971122518    2.546565341534   -3.791477929538
              S      7.696998695822    1.779000229398   -5.453211550556
              O      7.538016613551    3.295688223014   -7.738574682793
              O      7.912813892545   -0.973089578314   -5.531964366899
              C     10.175461000589    3.022158728533   -3.482765197358
              C      0.309261244842    0.887651338301    2.850352385231
              C     -1.647676954719    2.906911822674    3.517626992552
              O     -4.105844841992    1.733691143596    3.639500603270
              S     -6.633965332120    3.435649986082    2.947129795095
              O     -8.413180884667    1.684071620169    1.803100863891
              O     -5.824076781379    5.745269956436    1.665404997367
              C     -7.723125980386    4.219390778119    6.071595218297
              H     -1.288636057359   -6.812492149310   -5.025667293154
              H      0.559904004628   -2.651242170413   -4.119372959982
              H     -2.840729502102   -2.883087569441    3.331354476952
              H     -4.535362525668   -7.111675497766    2.371114197964
              H      0.373708922140    1.258526157810   -3.454871251435
              H      1.241795101648    3.426824222607   -1.112499760216
              H      4.385756123241   -1.177160995183   -2.748582186120
              H      5.197298711673    0.880271574346   -0.217096377373
              H     10.152457341608    2.048154638787   -1.663413305344
              H     11.963054432573    2.666587587071   -4.452680445201
              H      9.871937658072    5.048863905639   -3.251718253497
              H      0.221226730712   -0.667836150176    4.203767591036
              H      2.172201395883    1.772665904825    3.105400127072
              H     -1.674198785297    4.418511042896    2.110645992118
              H     -1.186900103251    3.724620562787    5.369821820797
              H     -8.071103559461    2.465182691765    7.098535465010
              H     -6.297425342066    5.372043315158    7.018626343483
              H     -9.476467261153    5.288472723567    5.857378588890
$End
$SCF_Energy
   &GeometryIndex 15
   &Method [&Type "String"] "SCF"
   &totalEnergy [&Type "ArrayOfDoubles", &Dim (1,1)] "Total energy of each state"
                                                         0

0                                     -1.8995964643474765e+03
   &Mult [&Type "ArrayOfIntegers", &Dim (1,1)] "Multiplicity of each state"
                                                         0

0                                                        1
$End
$DFT_Energy
   &GeometryIndex 15
   &nAlphaEl [&Type "Integer"] 96
   &nBetaEl [&Type "Integer"] 96
   &nTotalEl [&Type "Integer"] 192
   &finalEn [&Type "Double"]      -1.8995964643474765e+03  "No Van der Waals correction"
   &eExchange [&Type "Double"]      -1.5074679758200077e+02
   &eCorr [&Type "Double"]      -8.0845822814435540e+00
   &eXC [&Type "Double"]      -1.5883137986344431e+02
   &eCNL [&Type "Double"]       0.0000000000000000e+00
$End
$SCF_Timings
   &GeometryIndex 15
   &TOTAL [&Type "Double"]       2.7646239999999999e+01
   &PREP [&Type "Double"]       6.6689099999999990e-01
   &FOCK [&Type "Double"]       2.5591222999999999e+01
   &DENS [&Type "Double"]       7.8459000000002277e-02
   &ETOT [&Type "Double"]       3.2300000000001994e-02
   &TRAFO [&Type "Double"]       7.5735000000000774e-02
   &DIIS [&Type "Double"]       3.2247899999999952e-01
   &SOSCF [&Type "Double"]       2.2295099999999657e-01
   &XC [&Type "Double"]       3.0511170000000076e+00
   &FOCKSTART [&Type "Double"]       1.0350999999998112e-02
   &INT_PREP [&Type "Double"]       2.9999999986429771e-06
   &INT_BF [&Type "Double"]       9.4515099999996099e-01
   &INT_DENS [&Type "Double"]       7.0949600000007074e-01
   &INT_DENSIO [&Type "Double"]       5.6709927421000124e+04
   &INT_FUNC [&Type "Double"]       1.1572699999990554e-01
   &INT_POT [&Type "Double"]       5.8129100000006773e-01
   &INT_POTIO [&Type "Double"]       2.7663000000021754e-02
   &INT_SUM [&Type "Double"]       5.0899999999298728e-04
   &SPLITRIJ [&Type "Double"]       3.3143410000000020e+00
   &COSX [&Type "Double"]       2.0283253000000002e+01
$End
$Single_Point_Data
   &GeometryIndex 15
   &FinalEnergy [&Type "Double"]      -1.8995964643474765e+03  "Final single point energy"
   &Converged [&Type "Boolean"] true
$End
$SCF_Nuc_Gradient
   &GeometryIndex 15
   &NAtoms [&Type "Integer"] 41
   &gradNorm [&Type "Double"]       2.0475046345939597e-03
   &grad [&Type "ArrayOfDoubles", &Dim (123,1)] 
                                                         0

0                                      1.2344259631147381e-07
1                                      2.4025485671042013e-05
2                                      6.4366643628410714e-06
3                                      5.0061260704226118e-05
4                                      5.3162280037266640e-05
5                                      1.4828722250004311e-05
6                                     -1.0594503253495702e-04
7                                      2.7528199033302614e-05
8                                      2.0750338404048468e-04
9                                     -2.1230750180990798e-05
10                                    -3.0020203052885663e-05
11                                    -3.4762129371951334e-05
12                                     1.9869156176230418e-05
13                                    -3.3100225685242513e-05
14                                    -4.0446501262836332e-05
15                                     2.1602221873751395e-04
16                                    -7.7457649903869830e-05
17                                     1.2956047873999288e-04
18                                     6.6479067861772989e-05
19                                     4.1427884281274030e-04
20                                    -6.7204852185212549e-05
21                                    -8.6966411276853672e-05
22                                    -3.2699051730052109e-04
23                                    -2.2866479633174008e-04
24                                    -1.5697912049512236e-04
25                                    -1.6682803217116238e-04
26                                    -2.1881122728652919e-04
27                                    -5.2670411364988401e-05
28                                     3.9293437582131607e-04
29                                     2.9812218993178694e-04
30                                     1.0906166399645562e-04
31                                     2.4921712537365193e-04
32                                    -2.7319985077087217e-05
33                                    -3.7532659413494485e-04
34                                    -3.4782256395929356e-04
35                                    -2.3632153055187788e-04
36                                     2.0462688248044925e-04
37                                     1.5582392787795440e-04
38                                     3.3328313022154554e-04
39                                    -1.1736831598970626e-04
40                                     4.8007984800110814e-04
41                                    -3.3963081997645528e-04
42                                     3.9013184740567530e-05
43                                    -4.3122553015462195e-04
44                                     2.3406192076632498e-04
45                                     1.1555816145213463e-04
46                                    -9.9146476995874699e-05
47                                    -2.5318096940951662e-05
48                                    -3.7790544927486514e-04
49                                    -4.9155144768184972e-04
50                                     2.9711446901311417e-04
51                                    -2.1677445997888428e-04
52                                    -1.2342507754993862e-04
53                                     5.5217241266907260e-05
54                                     4.8969196146480404e-04
55                                    -1.4883590590319962e-04
56                                    -4.5070631430465385e-04
57                                     1.5069023752395383e-05
58                                     2.9623167818815938e-04
59                                     3.7833299760703376e-04
60                                    -3.5808274799059570e-04
61                                    -4.6565719104363357e-04
62                                    -1.1511473637393355e-04
63                                     2.4343835538928604e-04
64                                     2.9592473748629722e-04
65                                    -5.7344000197190326e-05
66                                    -3.5092063964885928e-05
67                                     5.1526708948318109e-05
68                                     1.7373942040769391e-05
69                                     7.2673670767187115e-05
70                                     1.0137716786673412e-04
71                                    -2.5795893004693093e-05
72                                    -7.3429815805464704e-06
73                                    -9.0296777251280824e-05
74                                    -2.8524885994002380e-05
75                                     2.8158936732219919e-05
76                                     4.2461863297149627e-06
77                                     1.3354170298851553e-04
78                                     1.9701936116112151e-05
79                                     1.0083839513505555e-04
80                                     8.2167367264657232e-05
81                                     1.1381921606022638e-04
82                                     1.3785124519417880e-06
83                                    -1.0195386506767212e-04
84                                    -1.3563054328161704e-04
85                                    -1.1793606677912294e-05
86                                    -2.8640771006747945e-05
87                                    -1.1947120547039364e-04
88                                     4.1240576042489430e-05
89                                    -1.4337888247464847e-05
90                                     3.9385722867574247e-05
91                                    -1.7613743280081931e-04
92                                    -2.2430096608905270e-05
93                                     5.1587426753214871e-05
94                                    -1.8573788982623185e-05
95                                    -2.4366611837051133e-05
96                                     3.5618862952446761e-05
97                                     2.5971118322941356e-05
98                                     8.6739066107566209e-05
99                                    -5.3341934540589164e-05
100                                    1.1585017491294591e-05
101                                   -8.0057204589555064e-05
102                                    1.2492051459941705e-04
103                                   -1.3212793106565091e-06
104                                   -6.3085764602899275e-05
105                                   -3.6885632898830956e-05
106                                    3.2020115886131906e-04
107                                    1.2307608869545697e-04
108                                    5.2107764894679734e-05
109                                   -1.0325054564683245e-04
110                                   -1.2157186843789192e-04
111                                    2.0672407629120093e-04
112                                    8.4158726912905713e-05
113                                   -4.3744225759534405e-05
114                                   -1.3743877124730575e-05
115                                   -4.8018686526263288e-05
116                                   -8.3946907915716240e-05
117                                   -4.5330307931051861e-05
118                                    5.1857441718844433e-05
119                                   -2.2293719611099494e-05
120                                    2.3751460454246587e-06
121                                    7.8654621836343752e-06
122                                    1.0503507988916458e-04
   &Method [&Type "String"] "SCF"
   &Level [&Type "String"] "Relaxed density"
   &Mult [&Type "Integer"] 1
   &State [&Type "Integer"] 0
   &Irrep [&Type "Integer"] 0
$End
$Geometry
   &GeometryIndex 16
   &NAtoms [&Type "Integer"] 41
   &NCorelessECP [&Type "Integer"] 0
   &NGhostAtoms [&Type "Integer"] 0
   &CartesianCoordinates [&Type "Coordinates", &Dim(41,4), &Units "Bohr"] 
              O     -5.123678902253  -10.763552226269   -0.479741840863
              N     -3.906989824536   -9.638596615314   -2.109754491548
              C     -2.965605250419   -7.230513363848   -1.376830941251
              C     -1.555976371630   -5.918178088443   -3.189931523952
              C     -0.533367682886   -3.565797052422   -2.652916280815
              C     -0.906113982103   -2.433085106967   -0.255090441829
              C     -2.390075440390   -3.765220503219    1.548471221475
              C     -3.381279135359   -6.114742543712    0.997153616514
              N      0.139462988238   -0.087965391634    0.313675851175
              C      1.370438787093    1.447886171447   -1.613295770271
              C      4.164332691442    0.756461089974   -1.985968864251
              O      5.171362601981    2.594606562116   -3.739488149169
              S      7.641019536960    1.827634707227   -5.475600568632
              O      7.467727457992    3.414020088266   -7.711503299591
              O      7.799684734563   -0.924323657804   -5.641929334783
              C     10.184295746494    2.961179158209   -3.522055770972
              C      0.314332460546    0.873744430869    2.889501947458
              C     -1.640744233937    2.893388985788    3.567741630801
              O     -4.100540843117    1.719435706470    3.682864139320
              S     -6.621878101696    3.399042313866    2.921612906606
              O     -8.386610644086    1.616057549886    1.805340564638
              O     -5.803218324859    5.676044858085    1.588229442560
              C     -7.745071285373    4.265515258098    6.011847621807
              H     -1.259626040282   -6.797173228535   -5.021535905489
              H      0.577080480347   -2.628271443920   -4.094273607011
              H     -2.844325807883   -2.894524589224    3.342573736962
              H     -4.526116386631   -7.130857452692    2.362346123001
              H      0.369104569499    1.285657136497   -3.412690335925
              H      1.241676056912    3.437269287919   -1.057547380851
              H      4.382238596210   -1.145607164147   -2.753810746712
              H      5.204192428500    0.873101162558   -0.193952145601
              H     10.178449335116    1.931313880311   -1.733553293770
              H     11.943661676271    2.600614203639   -4.540584850717
              H      9.926571473624    4.985400640590   -3.223571428048
              H      0.215624508700   -0.690493969031    4.232722050350
              H      2.181135525812    1.746003812944    3.155088862691
              H     -1.667154688029    4.411585038695    2.168059366350
              H     -1.185172181521    3.700770676879    5.425398234916
              H     -8.105332947798    2.539323804938    7.081140393648
              H     -6.328584208089    5.443176874241    6.941961438997
              H     -9.494929297835    5.329668978773    5.749897784985
$End
$SCF_Energy
   &GeometryIndex 16
   &Method [&Type "String"] "SCF"
   &totalEnergy [&Type "ArrayOfDoubles", &Dim (1,1)] "Total energy of each state"
                                                         0

0                                     -1.8995965083327806e+03
   &Mult [&Type "ArrayOfIntegers", &Dim (1,1)] "Multiplicity of each state"
                                                         0

0                                                        1
$End
$DFT_Energy
   &GeometryIndex 16
   &nAlphaEl [&Type "Integer"] 96
   &nBetaEl [&Type "Integer"] 96
   &nTotalEl [&Type "Integer"] 192
   &finalEn [&Type "Double"]      -1.8995965083327806e+03  "No Van der Waals correction"
   &eExchange [&Type "Double"]      -1.5074661363604096e+02
   &eCorr [&Type "Double"]      -8.0846055655508362e+00
   &eXC [&Type "Double"]      -1.5883121920159181e+02
   &eCNL [&Type "Double"]       0.0000000000000000e+00
$End
$SCF_Timings
   &GeometryIndex 16
   &TOTAL [&Type "Double"]       2.8744856000000002e+01
   &PREP [&Type "Double"]       6.4917400000000003e-01
   &FOCK [&Type "Double"]       2.6510116999999997e+01
   &DENS [&Type "Double"]       8.2323999999999842e-02
   &ETOT [&Type "Double"]       3.4999000000000002e-02
   &POP [&Type "Double"]       1.0000000010279564e-06
   &TRAFO [&Type "Double"]       8.2313999999998444e-02
   &DIIS [&Type "Double"]       3.2053599999999971e-01
   &SOSCF [&Type "Double"]       2.4215699999999973e-01
   &XC [&Type "Double"]       3.2865190000000029e+00
   &FOCKSTART [&Type "Double"]       3.7300999999996698e-02
   &INT_PREP [&Type "Double"]       8.9999999981493772e-06
   &INT_BF [&Type "Double"]       1.0073870000000218e+00
   &INT_DENS [&Type "Double"]       7.3509499999997185e-01
   &INT_DENSIO [&Type "Double"]       5.8611359703000133e+04
   &INT_FUNC [&Type "Double"]       1.2479900000000876e-01
   &INT_POT [&Type "Double"]       6.2937499999991342e-01
   &INT_POTIO [&Type "Double"]       3.0140000000061118e-02
   &INT_SUM [&Type "Double"]       7.5299999999511869e-04
   &SPLITRIJ [&Type "Double"]       3.4270230000000037e+00
   &COSX [&Type "Double"]       2.0955765999999997e+01
$End
$Single_Point_Data
   &GeometryIndex 16
   &FinalEnergy [&Type "Double"]      -1.8995965083327806e+03  "Final single point energy"
   &Converged [&Type "Boolean"] true
$End
$SCF_Nuc_Gradient
   &GeometryIndex 16
   &NAtoms [&Type "Integer"] 41
   &gradNorm [&Type "Double"]       1.7340247696579192e-03
   &grad [&Type "ArrayOfDoubles", &Dim (123,1)] 
                                                         0

0                                     -2.0189399342118719e-05
1                                     -7.0234334919871966e-06
2                                     -2.1214890069676251e-05
3                                      1.0508988092183813e-05
4                                     -7.3476378890935390e-07
5                                      4.2897432814492653e-05
6                                      1.5489877429290810e-04
7                                      1.5698240211697856e-04
8                                     -7.1314101562133109e-05
9                                     -1.1203156114074353e-04
10                                    -4.1350788730409871e-05
11                                    -1.0292935287287142e-05
12                                     3.7124808745743476e-05
13                                    -8.3809705143197966e-05
14                                    -4.5851644747019193e-05
15                                     1.1302078542518856e-04
16                                    -2.1312060693482598e-04
17                                    -1.5352190052456485e-04
18                                    -2.7401917289204825e-04
19                                    -8.4345286443382461e-05
20                                     5.7020830046855542e-05
21                                    -2.0333791956997360e-05
22                                    -3.0961088108169554e-05
23                                     1.0790124930097622e-04
24                                    -4.0143846776855008e-04
25                                    -1.1688317915316965e-04
26                                    -3.1580859257737681e-04
27                                     8.6131105799205909e-05
28                                     3.1050232213334500e-04
29                                     2.9175708619116891e-04
30                                     2.4452316627780746e-04
31                                     2.8162448766488185e-04
32                                     5.9339861061470656e-05
33                                    -2.9313022797652910e-04
34                                    -2.1931628390181590e-04
35                                    -2.5632856802363518e-04
36                                    -9.9084135340987700e-05
37                                     2.5370415558642612e-04
38                                     3.2971708757464913e-04
39                                     4.3668031671023622e-05
40                                     2.3297261901950028e-04
41                                    -1.4003029244591403e-04
42                                     7.8166093039865048e-05
43                                    -3.0429326945558000e-04
44                                     1.2773588778135919e-04
45                                     1.3736745023637531e-04
46                                    -1.5250436919186233e-05
47                                     9.0825940642288994e-06
48                                     3.3067287207454166e-04
49                                    -1.3581414339931125e-04
50                                     9.9678439858072454e-05
51                                    -2.1719004589920363e-04
52                                     3.2317143297405301e-04
53                                     1.9605621486201708e-04
54                                     1.0576980464255606e-04
55                                    -2.8766713185654491e-04
56                                    -4.6690114282701978e-04
57                                     1.9366078583284152e-04
58                                    -9.8857315142059088e-05
59                                     3.9242681088744180e-04
60                                    -1.5434985363710352e-04
61                                    -1.8282285566789680e-04
62                                    -1.9109572766823346e-05
63                                     1.1225943267453853e-04
64                                     2.4982513955962293e-04
65                                    -4.0428908708756151e-05
66                                    -9.8357696244458226e-05
67                                     5.8703003215612032e-05
68                                     3.2492442117976195e-05
69                                    -6.8664580932346897e-06
70                                    -6.0714744485337868e-05
71                                     2.7662082473262073e-05
72                                     4.6518268731754464e-05
73                                     3.7876053573290824e-05
74                                     9.3382391401664044e-05
75                                     1.5957304141279993e-04
76                                     1.9156251131827173e-04
77                                     4.8347091888445437e-05
78                                     2.1307485973398599e-06
79                                     3.2711345185343355e-06
80                                    -1.8157306500649062e-05
81                                     1.2499247725615559e-04
82                                     1.3695686405731933e-05
83                                    -6.2904836719973600e-05
84                                    -1.8887149182537227e-04
85                                     4.0797792844576852e-05
86                                    -4.2445729984859348e-05
87                                    -1.9379247117166237e-04
88                                    -2.9459386779284724e-05
89                                    -4.2946024814249917e-05
90                                     1.7212559280646578e-04
91                                    -2.2691231815782920e-04
92                                    -1.6270567538229086e-04
93                                    -8.7851056361047675e-06
94                                    -8.9709080934752272e-05
95                                    -4.8004118578137689e-05
96                                     3.1773545389524038e-05
97                                     2.0046566132900234e-05
98                                     5.4702576423315552e-05
99                                    -6.3180390345633775e-05
100                                    2.3667503047497540e-05
101                                   -1.3062961655427308e-04
102                                    4.8806575310892872e-05
103                                   -1.1362956736718499e-04
104                                    4.6695510764263592e-05
105                                   -1.5672375612399425e-04
106                                    5.6627497509176283e-05
107                                    2.8220165187435933e-04
108                                    3.3984656491913706e-05
109                                   -1.1759018349011274e-04
110                                   -9.2664137787135115e-05
111                                    6.5194913838467761e-05
112                                    1.4231270067623092e-04
113                                   -4.0708431629815633e-05
114                                   -3.2200933783047003e-05
115                                   -8.3351068630777014e-05
116                                   -1.2958197940102223e-04
117                                   -3.7482313581804760e-06
118                                    1.0245044897454203e-04
119                                   -9.3987550248045282e-05
120                                    1.1421115703902363e-05
121                                    4.3823201983303472e-05
122                                    1.0644051188261200e-04
   &Method [&Type "String"] "SCF"
   &Level [&Type "String"] "Relaxed density"
   &Mult [&Type "Integer"] 1
   &State [&Type "Integer"] 0
   &Irrep [&Type "Integer"] 0
$End
$Geometry
   &GeometryIndex 17
   &NAtoms [&Type "Integer"] 41
   &NCorelessECP [&Type "Integer"] 0
   &NGhostAtoms [&Type "Integer"] 0
   &CartesianCoordinates [&Type "Coordinates", &Dim(41,4), &Units "Bohr"] 
              O     -5.052562009628  -10.783951054986   -0.514439833938
              N     -3.840436363215   -9.639748201372   -2.134325309381
              C     -2.920449736337   -7.227816035138   -1.385234615173
              C     -1.514568037627   -5.896462641361   -3.186544311487
              C     -0.511008912486   -3.539375233268   -2.633170848085
              C     -0.900877670535   -2.423211840314   -0.230713980267
              C     -2.384017521741   -3.774272860505    1.560291143192
              C     -3.355517812917   -6.127517482668    0.993236918265
              N      0.131299545708   -0.075660027740    0.357124660721
              C      1.364680738767    1.475082112623   -1.555871032889
              C      4.161778633012    0.797281218000   -1.932995166759
              O      5.170676310088    2.673950996328   -3.645837059417
              S      7.548642522221    1.903571587500   -5.502723858624
              O      7.363971719093    3.604647057960   -7.650579226307
              O      7.593944203705   -0.839545907143   -5.813276705870
              C     10.197782385889    2.840077498482   -3.586140642993
              C      0.317322244189    0.858259888515    2.942104690275
              C     -1.633712304624    2.874344847362    3.647276602171
              O     -4.095144690357    1.699371991007    3.764155651233
              S     -6.607704403316    3.333410037877    2.890943457936
              O     -8.350156866177    1.494957234953    1.833535421032
              O     -5.778825650026    5.548967957176    1.464466829388
              C     -7.777907141927    4.341480560810    5.920072088478
              H     -1.206893408468   -6.767094462996   -5.020318547890
              H      0.599267368115   -2.584354634773   -4.063002073910
              H     -2.852194604543   -2.909931819010    3.353935662958
              H     -4.499775258358   -7.161488953993    2.345510282315
              H      0.365277283536    1.324688967297   -3.356981380926
              H      1.231790765085    3.460308300862   -0.985645059178
              H      4.386392582533   -1.088395756298   -2.738887307097
              H      5.199906317211    0.884410336723   -0.138535249644
              H     10.212111071501    1.718322180216   -1.853787790415
              H     11.905969627148    2.468808867890   -4.684973815932
              H     10.029063232030    4.853906302183   -3.175222765264
              H      0.209646568508   -0.720749111144    4.267793804918
              H      2.190244046166    1.714023412686    3.215573849940
              H     -1.667336915392    4.404979202676    2.261355612651
              H     -1.177754465042    3.663037884762    5.512253459263
              H     -8.153100870214    2.667713736609    7.064831088030
              H     -6.375903272629    5.563861146360    6.813885595696
              H     -9.523919173355    5.390112676955    5.580859725187
$End
$SCF_Energy
   &GeometryIndex 17
   &Method [&Type "String"] "SCF"
   &totalEnergy [&Type "ArrayOfDoubles", &Dim (1,1)] "Total energy of each state"
                                                         0

0                                     -1.8995965589367197e+03
   &Mult [&Type "ArrayOfIntegers", &Dim (1,1)] "Multiplicity of each state"
                                                         0

0                                                        1
$End
$DFT_Energy
   &GeometryIndex 17
   &nAlphaEl [&Type "Integer"] 96
   &nBetaEl [&Type "Integer"] 96
   &nTotalEl [&Type "Integer"] 192
   &finalEn [&Type "Double"]      -1.8995965589367197e+03  "No Van der Waals correction"
   &eExchange [&Type "Double"]      -1.5074717734032515e+02
   &eCorr [&Type "Double"]      -8.0847137426384350e+00
   &eXC [&Type "Double"]      -1.5883189108296358e+02
   &eCNL [&Type "Double"]       0.0000000000000000e+00
$End
$SCF_Timings
   &GeometryIndex 17
   &TOTAL [&Type "Double"]       2.9949762999999997e+01
   &PREP [&Type "Double"]       6.8005199999999999e-01
   &FOCK [&Type "Double"]       2.7612311999999999e+01
   &DENS [&Type "Double"]       8.2521999999997320e-02
   &ETOT [&Type "Double"]       3.2485000000002096e-02
   &POP [&Type "Double"]       1.0000000010279564e-06
   &TRAFO [&Type "Double"]       8.2153999999998284e-02
   &DIIS [&Type "Double"]       3.2231000000000254e-01
   &SOSCF [&Type "Double"]       2.3597099999999926e-01
   &XC [&Type "Double"]       3.1322520000000003e+00
   &FOCKSTART [&Type "Double"]       1.1781000000003705e-02
   &INT_PREP [&Type "Double"]       4.0000000041118255e-06
   &INT_BF [&Type "Double"]       9.4181199999992682e-01
   &INT_DENS [&Type "Double"]       7.1523199999999054e-01
   &INT_DENSIO [&Type "Double"]       6.0809470749000109e+04
   &INT_FUNC [&Type "Double"]       1.1606600000000888e-01
   &INT_POT [&Type "Double"]       6.4538800000001562e-01
   &INT_POTIO [&Type "Double"]       2.8685000000034933e-02
   &INT_SUM [&Type "Double"]       4.7199999999403275e-04
   &SPLITRIJ [&Type "Double"]       3.4736230000000026e+00
   &COSX [&Type "Double"]       2.2303813999999996e+01
$End
$Single_Point_Data
   &GeometryIndex 17
   &FinalEnergy [&Type "Double"]      -1.8995965589367197e+03  "Final single point energy"
   &Converged [&Type "Boolean"] true
$End
$SCF_Nuc_Gradient
   &GeometryIndex 17
   &NAtoms [&Type "Integer"] 41
   &gradNorm [&Type "Double"]       2.4362074542469791e-03
   &grad [&Type "ArrayOfDoubles", &Dim (123,1)] 
                                                         0

0                                     -9.1799844459117264e-06
1                                     -3.8329156807181963e-05
2                                     -3.7634392236252090e-05
3                                     -6.6387730939726497e-05
4                                     -1.0035219675169973e-04
5                                      3.2834483539079251e-05
6                                      3.7101900198704962e-04
7                                      2.8862794586680118e-04
8                                     -3.4232917852186628e-04
9                                     -9.8251896260656557e-05
10                                    -6.3682071546167229e-05
11                                     2.0360990663242928e-05
12                                     5.7019550985262790e-05
13                                    -1.0959291705797680e-04
14                                    -3.8887317031860436e-05
15                                    -1.4660610774257926e-04
16                                    -1.5374034500485745e-04
17                                    -4.2225122397336438e-04
18                                    -4.4546998258608583e-04
19                                    -6.5772413345105418e-04
20                                     1.7669874498489613e-04
21                                     5.6883818846817369e-05
22                                     3.5274587286221459e-04
23                                     4.3156503680294445e-04
24                                    -4.3048043376818501e-04
25                                     1.4005534196664948e-04
26                                    -1.3702285401854392e-04
27                                     1.9104952856920099e-04
28                                     6.3789734758290528e-05
29                                     1.4151041653100160e-04
30                                     3.1416091091108350e-04
31                                     1.6983114541112287e-04
32                                     2.0218163245627925e-04
33                                    -3.0368244950282341e-04
34                                     2.2073641880948625e-05
35                                    -2.9198168056670734e-04
36                                    -2.8768203058247149e-04
37                                     1.4123728842516114e-04
38                                     1.4414491002606722e-04
39                                     2.1555110081994747e-04
40                                    -2.5241041421630861e-04
41                                     1.9157114841228395e-04
42                                     6.8085085365238163e-05
43                                     1.4685010230658380e-04
44                                    -5.1773700230156594e-05
45                                     8.3790090255834310e-05
46                                     1.3375081791051902e-04
47                                     1.0182056036363296e-04
48                                     8.4006022920499884e-04
49                                     2.1235944944618390e-04
50                                    -2.7269843424241810e-04
51                                    -6.4760579053548678e-05
52                                     6.6034754289612946e-04
53                                     3.2827347553236047e-04
54                                    -3.8315805419666255e-04
55                                    -3.8801804133906104e-04
56                                    -4.0237586142521931e-04
57                                     2.5788658105932449e-04
58                                    -4.2644314653639617e-04
59                                     2.0891059070715645e-04
60                                     2.0441716741265159e-04
61                                     2.8924673508357035e-04
62                                     1.0681274347107417e-04
63                                    -1.2412006079159932e-04
64                                    -9.0570974345949296e-06
65                                     3.0772473998380567e-05
66                                    -1.0549504919925463e-04
67                                     1.3848124262791361e-06
68                                     8.9146798170770813e-05
69                                    -1.2449789817695067e-04
70                                    -2.3765144237951341e-04
71                                     8.1492287636319993e-05
72                                     7.2083157487787264e-05
73                                     1.7984828358522109e-04
74                                     2.3913101402039949e-04
75                                     2.5051395183833813e-04
76                                     4.1768687983903541e-04
77                                    -5.2165044005458849e-05
78                                    -1.5228065675401692e-05
79                                    -1.3661362362143992e-04
80                                    -1.3276728500127843e-04
81                                     1.1868979276252745e-04
82                                    -2.9039779394777684e-05
83                                     6.0870533227813661e-05
84                                    -1.5547536084847477e-04
85                                     9.4035299195549538e-05
86                                    -3.0433341807502290e-05
87                                    -1.9119052178600063e-04
88                                    -8.6437368250535940e-05
89                                    -7.2324075879481864e-05
90                                     2.8565656136722573e-04
91                                    -2.3515784642438170e-04
92                                    -1.7581064916535882e-04
93                                    -8.2699050366802189e-05
94                                    -1.1202863362466675e-04
95                                    -5.0680439761419116e-05
96                                     3.8185694063996856e-06
97                                    -1.5410668325610555e-06
98                                    -3.3655097386481314e-05
99                                    -3.1611765748573023e-05
100                                    2.5102051215475374e-05
101                                   -1.0461933500927056e-04
102                                   -9.3853946059349429e-05
103                                   -2.0989187628150940e-04
104                                    9.5782756896256593e-05
105                                   -1.3059193799813684e-04
106                                   -2.9003249411485577e-04
107                                    2.4008547675351960e-04
108                                   -1.8491466765371833e-06
109                                   -8.2485835515178074e-05
110                                   -2.4696486312869581e-05
111                                   -1.3549603140007582e-04
112                                    1.8056481255480927e-04
113                                   -3.5863639819944115e-05
114                                   -2.0369005105540239e-05
115                                   -7.1770926928949041e-05
116                                   -1.0837711205109735e-04
117                                    3.9317266168278908e-05
118                                    1.0681902268477872e-04
119                                   -1.2270140835715648e-04
120                                    1.8134578400608170e-05
121                                    6.5643593315706239e-05
122                                    1.7082274350776333e-05
   &Method [&Type "String"] "SCF"
   &Level [&Type "String"] "Relaxed density"
   &Mult [&Type "Integer"] 1
   &State [&Type "Integer"] 0
   &Irrep [&Type "Integer"] 0
$End
$Geometry
   &GeometryIndex 18
   &NAtoms [&Type "Integer"] 41
   &NCorelessECP [&Type "Integer"] 0
   &NGhostAtoms [&Type "Integer"] 0
   &CartesianCoordinates [&Type "Coordinates", &Dim(41,4), &Units "Bohr"] 
              O     -4.966560141374  -10.799298165560   -0.570039357651
              N     -3.758289307821   -9.629536379663   -2.174514608751
              C     -2.862239477809   -7.216564914005   -1.399912664235
              C     -1.458955937910   -5.858117265379   -3.182659800180
              C     -0.476584456644   -3.498352218247   -2.603199995128
              C     -0.885835108545   -2.407624730810   -0.192303475040
              C     -2.369794072177   -3.785023049332    1.578587458761
              C     -3.319396829345   -6.140479756354    0.985856908793
              N      0.126844426805   -0.057607899358    0.421481879020
              C      1.363673730974    1.513239520340   -1.472650553173
              C      4.165436765890    0.851736781807   -1.847366230435
              O      5.184027921478    2.768907038211   -3.510841796726
              S      7.425271626355    1.994478654227   -5.528274217040
              O      7.228648660875    3.830903397948   -7.559841976945
              O      7.306874155728   -0.721949857210   -6.006805388891
              C     10.210356194932    2.672977475070   -3.698040933919
              C      0.320220646978    0.844326885558    3.017102309524
              C     -1.627040371718    2.853765886159    3.751168105074
              O     -4.090611860473    1.679805004642    3.872360636292
              S     -6.588176448595    3.247422893431    2.851947430952
              O     -8.297498611371    1.341663756067    1.863180916230
              O     -5.739527060629    5.382174791028    1.318317053823
              C     -7.830302215103    4.423318302242    5.790451501552
              H     -1.137387399390   -6.711607080325   -5.022121615485
              H      0.632299200163   -2.520805074891   -4.018796058523
              H     -2.856513770615   -2.936043826881    3.374580094523
              H     -4.464124981519   -7.196761580256    2.320446239699
              H      0.369111813506    1.378147411027   -3.277628829886
              H      1.225587557080    3.492592291680   -0.883647484153
              H      4.401294736585   -1.015064142737   -2.692980217884
              H      5.194524785914    0.908403126499   -0.046967399322
              H     10.248973470254    1.443182321450   -2.040983381736
              H     11.840430703462    2.287864508562   -4.905461570820
              H     10.170178638876    4.661921456909   -3.154684524884
              H      0.204740916270   -0.750256342985    4.323195146049
              H      2.198289063184    1.686199270301    3.299346487136
              H     -1.668806045816    4.398605010978    2.381084688789
              H     -1.169285587543    3.620687647818    5.624060150406
              H     -8.228888195706    2.818307973833    7.022434858356
              H     -6.451299230495    5.699393570236    6.644079994913
              H     -9.569667829125    5.445067289075    5.350040183122
$End
$SCF_Energy
   &GeometryIndex 18
   &Method [&Type "String"] "SCF"
   &totalEnergy [&Type "ArrayOfDoubles", &Dim (1,1)] "Total energy of each state"
                                                         0

0                                     -1.8995966157299163e+03
   &Mult [&Type "ArrayOfIntegers", &Dim (1,1)] "Multiplicity of each state"
                                                         0

0                                                        1
$End
$DFT_Energy
   &GeometryIndex 18
   &nAlphaEl [&Type "Integer"] 96
   &nBetaEl [&Type "Integer"] 96
   &nTotalEl [&Type "Integer"] 192
   &finalEn [&Type "Double"]      -1.8995966157299163e+03  "No Van der Waals correction"
   &eExchange [&Type "Double"]      -1.5074750212677347e+02
   &eCorr [&Type "Double"]      -8.0847951134488234e+00
   &eXC [&Type "Double"]      -1.5883229724022229e+02
   &eCNL [&Type "Double"]       0.0000000000000000e+00
$End
$SCF_Timings
   &GeometryIndex 18
   &TOTAL [&Type "Double"]       3.6117463999999998e+01
   &PREP [&Type "Double"]       6.7063700000000004e-01
   &FOCK [&Type "Double"]       3.3820602999999998e+01
   &DENS [&Type "Double"]       1.1204000000000391e-01
   &ETOT [&Type "Double"]       4.4348000000001164e-02
   &POP [&Type "Double"]       9.9999999747524271e-07
   &TRAFO [&Type "Double"]       7.9884999999995543e-02
   &DIIS [&Type "Double"]       3.4441999999999773e-01
   &SOSCF [&Type "Double"]       3.6402599999999730e-01
   &XC [&Type "Double"]       4.0141839999999966e+00
   &FOCKSTART [&Type "Double"]       1.6873000000006799e-02
   &INT_PREP [&Type "Double"]       8.9999999959289312e-06
   &INT_BF [&Type "Double"]       1.2697219999998337e+00
   &INT_DENS [&Type "Double"]       9.3243500000013935e-01
   &INT_DENSIO [&Type "Double"]       9.8504474072000216e+04
   &INT_FUNC [&Type "Double"]       1.5639999999979803e-01
   &INT_POT [&Type "Double"]       7.3534200000010408e-01
   &INT_POTIO [&Type "Double"]       3.9062000000084751e-02
   &INT_SUM [&Type "Double"]       9.6699999999572128e-04
   &SPLITRIJ [&Type "Double"]       4.4550709999999887e+00
   &COSX [&Type "Double"]       2.6316001000000011e+01
$End
$Single_Point_Data
   &GeometryIndex 18
   &FinalEnergy [&Type "Double"]      -1.8995966157299163e+03  "Final single point energy"
   &Converged [&Type "Boolean"] true
$End
$SCF_Nuc_Gradient
   &GeometryIndex 18
   &NAtoms [&Type "Integer"] 41
   &gradNorm [&Type "Double"]       3.2368635657688241e-03
   &grad [&Type "ArrayOfDoubles", &Dim (123,1)] 
                                                         0

0                                      5.0101068483354716e-06
1                                     -5.3114574838086792e-05
2                                     -4.1596922337405751e-05
3                                     -1.0213242102302678e-04
4                                     -1.3581889689776722e-04
5                                      3.7220994501097060e-05
6                                      4.2007032605038963e-04
7                                      2.8138350809434054e-04
8                                     -4.8335095225619101e-04
9                                     -2.6489605495796931e-05
10                                     2.7085080458282007e-05
11                                     1.2033432889163587e-05
12                                     2.0935545029618363e-05
13                                    -1.4877848752861689e-04
14                                    -2.9699217302198155e-05
15                                    -1.0219970683036234e-04
16                                    -4.3481282864535342e-05
17                                    -4.6592251306201357e-04
18                                    -5.7730738013043494e-04
19                                    -1.0435988009412367e-03
20                                     2.5876032297635077e-04
21                                     1.2394749645986552e-04
22                                     6.0509526725309459e-04
23                                     6.1275727063993257e-04
24                                    -4.6606819810528916e-04
25                                     2.7364071870400464e-04
26                                     5.1684633101543170e-05
27                                     2.3050699276056658e-04
28                                    -6.5504627253160086e-05
29                                     4.7866589008410329e-05
30                                     3.4625116758682517e-04
31                                    -4.5003691720155170e-05
32                                     3.4578173734388373e-04
33                                    -4.9795167851297839e-04
34                                     2.0568768238254931e-04
35                                    -3.9203252485801171e-04
36                                    -1.4635279928481779e-04
37                                     2.6804782362006840e-05
38                                     2.6174732057479555e-04
39                                     2.2309434317505789e-04
40                                    -5.9917234574624612e-04
41                                     2.1747309175279561e-04
42                                     5.5402284320855456e-05
43                                     4.9810229629221325e-04
44                                    -2.4069299716944492e-04
45                                     3.7238159645170549e-05
46                                     2.0174814258448054e-04
47                                     1.2596419065967913e-04
48                                     9.8758660469351611e-04
49                                     4.9332474789765685e-04
50                                    -4.0207715186232548e-04
51                                     2.6379771506092678e-04
52                                     7.1867042732881928e-04
53                                     3.7792362426179206e-04
54                                    -6.7980214826447380e-04
55                                    -4.4211508477443040e-04
56                                    -4.4567001638974590e-04
57                                     2.3453507378164151e-04
58                                    -4.8348777625343425e-04
59                                     2.9269317822722130e-04
60                                     4.0486254426153057e-04
61                                     5.6805368549955881e-04
62                                     7.8040407280072221e-05
63                                    -3.0110881561193348e-04
64                                    -2.0924243202469217e-04
65                                     4.3469727871003894e-05
66                                    -1.0647378153302509e-04
67                                    -3.4670531075434163e-05
68                                     1.1405889904177527e-04
69                                    -2.1110573513000511e-04
70                                    -3.5666933547845447e-04
71                                     1.1777911137572650e-04
72                                     4.9169700565607211e-05
73                                     2.7423822364189276e-04
74                                     3.0024560814911894e-04
75                                     2.4464232079184078e-04
76                                     4.7944736107893848e-04
77                                    -1.9470723967576764e-04
78                                    -2.9981473530116265e-05
79                                    -2.5008516144298110e-04
80                                    -2.3063911854603880e-04
81                                     3.8162801562546811e-05
82                                    -6.8411945071785579e-05
83                                     7.0591657829549570e-05
84                                    -3.3464319848387769e-05
85                                     8.5475795262801579e-05
86                                    -1.5880208431448550e-05
87                                    -1.0829522601041308e-04
88                                    -4.5158905342845834e-05
89                                    -1.0329871305955751e-04
90                                     2.9325800423207760e-04
91                                    -2.2736015676211091e-04
92                                    -1.2099554148856106e-04
93                                    -1.1949200603613222e-04
94                                    -8.2279196055079495e-05
95                                    -4.3301015217711569e-05
96                                    -3.5214846819869861e-05
97                                    -4.6118323918514781e-06
98                                    -8.2350234735448224e-05
99                                     2.9655575699963355e-05
100                                    8.0810824825139349e-06
101                                   -3.3970441113854999e-05
102                                   -2.0620954557225291e-04
103                                   -1.2515421696684959e-04
104                                    8.9119702771603415e-05
105                                   -1.5486585567686673e-05
106                                   -5.0712555127799264e-04
107                                    1.1367860869501700e-04
108                                   -8.2360943408858051e-05
109                                   -2.9541225837259599e-05
110                                    1.4951842807586768e-05
111                                   -2.6908471910300213e-04
112                                    1.6409403259157185e-04
113                                   -2.2935530693879436e-05
114                                    1.4811795546701423e-05
115                                   -2.7870950902786351e-05
116                                   -5.4582194027569253e-05
117                                    5.9835360686391614e-05
118                                    6.2739295300665021e-05
119                                   -1.1061526022385082e-04
120                                    3.3807927434903462e-05
121                                    5.4584831735926542e-05
122                                   -6.9524350420312186e-05
   &Method [&Type "String"] "SCF"
   &Level [&Type "String"] "Relaxed density"
   &Mult [&Type "Integer"] 1
   &State [&Type "Integer"] 0
   &Irrep [&Type "Integer"] 0
$End
$Geometry
   &GeometryIndex 19
   &NAtoms [&Type "Integer"] 41
   &NCorelessECP [&Type "Integer"] 0
   &NGhostAtoms [&Type "Integer"] 0
   &CartesianCoordinates [&Type "Coordinates", &Dim(41,4), &Units "Bohr"] 
              O     -4.904904062310  -10.796382472904   -0.629065926395
              N     -3.693717890818   -9.604870400837   -2.215304177926
              C     -2.813620223733   -7.195267459672   -1.412430207661
              C     -1.406764006298   -5.813522681419   -3.174214891340
              C     -0.438369279519   -3.455103990886   -2.566412029044
              C     -0.865977838732   -2.390365514678   -0.147158820635
              C     -2.355250149097   -3.790611127404    1.601707057544
              C     -3.290452374491   -6.144320868619    0.980967388096
              N      0.131268630712   -0.041027712498    0.495212627355
              C      1.373136217186    1.551562854814   -1.377254220815
              C      4.177947594006    0.901184141294   -1.751985662436
              O      5.209161385128    2.854510474915   -3.366507851638
              S      7.298340139829    2.088944713575   -5.543215421743
              O      7.095170826284    4.050419884083   -7.453366841801
              O      7.008662965391   -0.584077480255   -6.170781448872
              C     10.207223908643    2.513231132980   -3.833258281204
              C      0.327202351946    0.827284215407    3.102175783651
              C     -1.617475057051    2.830382366088    3.859560292348
              O     -4.083498086181    1.658406317179    3.978907329582
              S     -6.558110661047    3.151336279395    2.806018080277
              O     -8.232518734326    1.181860848482    1.885181507786
              O     -5.679836165777    5.199207618607    1.173655587985
              C     -7.881788416644    4.490190853744    5.637201001823
              H     -1.072183947038   -6.649201762392   -5.019541601082
              H      0.673512447303   -2.458050899572   -3.966005336991
              H     -2.856901036387   -2.957904024445    3.401311148441
              H     -4.439442376120   -7.219647060385    2.296589364712
              H      0.383355278427    1.436096872260   -3.186206919089
              H      1.232193786630    3.524100907701   -0.766543067865
              H      4.419142990958   -0.946499014949   -2.637203265947
              H      5.200474454236    0.924303964769    0.052275838035
              H     10.266406030721    1.183055903860   -2.256207191682
              H     11.749172330552    2.122576499165   -5.149796622281
              H     10.301704745913    4.464167831368   -3.171660032925
              H      0.201738801917   -0.783017863401    4.387915695401
              H      2.208930351069    1.656626478794    3.398011977389
              H     -1.662882556785    4.387903402473    2.503877056613
              H     -1.161547042421    3.576865564841    5.740518635410
              H     -8.311104668352    2.958616981028    6.949784558486
              H     -6.528248007263    5.817864091008    6.452046650683
              H     -9.610152580870    5.479170117588    5.091202199961
$End
$SCF_Energy
   &GeometryIndex 19
   &Method [&Type "String"] "SCF"
   &totalEnergy [&Type "ArrayOfDoubles", &Dim (1,1)] "Total energy of each state"
                                                         0

0                                     -1.8995967298322412e+03
   &Mult [&Type "ArrayOfIntegers", &Dim (1,1)] "Multiplicity of each state"
                                                         0

0                                                        1
$End
$DFT_Energy
   &GeometryIndex 19
   &nAlphaEl [&Type "Integer"] 96
   &nBetaEl [&Type "Integer"] 96
   &nTotalEl [&Type "Integer"] 192
   &finalEn [&Type "Double"]      -1.8995967298322412e+03  "No Van der Waals correction"
   &eExchange [&Type "Double"]      -1.5074747020885536e+02
   &eCorr [&Type "Double"]      -8.0848740714921821e+00
   &eXC [&Type "Double"]      -1.5883234428034754e+02
   &eCNL [&Type "Double"]       0.0000000000000000e+00
$End
$SCF_Timings
   &GeometryIndex 19
   &TOTAL [&Type "Double"]       3.6719391000000002e+01
   &PREP [&Type "Double"]       6.5060399999999996e-01
   &FOCK [&Type "Double"]       3.4405575999999996e+01
   &DENS [&Type "Double"]       1.1638599999999499e-01
   &ETOT [&Type "Double"]       4.0939000000000725e-02
   &POP [&Type "Double"]       1.0000000045806701e-06
   &TRAFO [&Type "Double"]       8.0238000000000476e-02
   &DIIS [&Type "Double"]       3.4792700000000121e-01
   &SOSCF [&Type "Double"]       3.5804600000000697e-01
   &XC [&Type "Double"]       4.1155630000000034e+00
   &FOCKSTART [&Type "Double"]       1.5514000000000583e-02
   &INT_PREP [&Type "Double"]       1.0000000001397780e-05
   &INT_BF [&Type "Double"]       1.2835859999999233e+00
   &INT_DENS [&Type "Double"]       9.5833900000008843e-01
   &INT_DENSIO [&Type "Double"]       9.7654995969000214e+04
   &INT_FUNC [&Type "Double"]       1.5727000000004310e-01
   &INT_POT [&Type "Double"]       7.4615099999988121e-01
   &INT_POTIO [&Type "Double"]       4.0480000000105321e-02
   &INT_SUM [&Type "Double"]       7.4900000000610589e-04
   &SPLITRIJ [&Type "Double"]       4.4067629999999944e+00
   &COSX [&Type "Double"]       2.6891571000000006e+01
$End
$Single_Point_Data
   &GeometryIndex 19
   &FinalEnergy [&Type "Double"]      -1.8995967298322412e+03  "Final single point energy"
   &Converged [&Type "Boolean"] true
$End
$SCF_Nuc_Gradient
   &GeometryIndex 19
   &NAtoms [&Type "Integer"] 41
   &gradNorm [&Type "Double"]       4.0122093018222409e-03
   &grad [&Type "ArrayOfDoubles", &Dim (123,1)] 
                                                         0

0                                      1.0743569879623216e-05
1                                     -5.9405220584340945e-05
2                                     -5.0247942733727680e-05
3                                     -1.2696088147984286e-04
4                                     -1.6074153346735259e-04
5                                      4.8982381491369242e-05
6                                      4.6295564145036605e-04
7                                      3.0708996929562637e-04
8                                     -5.6522828009387613e-04
9                                      3.0231870163559618e-05
10                                     1.0293778577709356e-04
11                                    -1.8472312716177886e-05
12                                    -1.7164324528654018e-05
13                                    -2.2116911497115088e-04
14                                    -1.6930213500257474e-05
15                                     5.2899658201412125e-06
16                                     2.8318359340806509e-05
17                                    -5.1465160923534412e-04
18                                    -6.7457410258882182e-04
19                                    -1.2723760753418772e-03
20                                     2.8621500229698837e-04
21                                     1.5372514669589193e-04
22                                     7.6356307576613824e-04
23                                     7.5240253035917248e-04
24                                    -6.4090823035620539e-04
25                                     3.4810545847827057e-04
26                                     1.1170184348377118e-04
27                                     2.5666479760842742e-04
28                                    -7.6654211839999320e-05
29                                     2.2076408531902098e-05
30                                     4.1411542744679286e-04
31                                    -1.7906748845607917e-04
32                                     4.9417660274542891e-04
33                                    -7.9506516854710441e-04
34                                     2.2711291302571213e-04
35                                    -5.7603521960530868e-04
36                                     1.2283664536354849e-04
37                                     1.1282105735727077e-05
38                                     4.3599298322491431e-04
39                                     1.5740228858884125e-04
40                                    -7.6443203418785632e-04
41                                     1.5222402858489081e-04
42                                     7.3109788686333277e-05
43                                     6.7028928703938284e-04
44                                    -3.0558869633177943e-04
45                                    -8.6599653019020506e-06
46                                     2.1819641081390236e-04
47                                     1.5105458462163004e-04
48                                     1.0785740394690796e-03
49                                     6.1558902496020723e-04
50                                    -4.4295075447688126e-04
51                                     5.4257143886201828e-04
52                                     8.0843397627528013e-04
53                                     4.3233599948160062e-04
54                                    -8.3561662672988063e-04
55                                    -5.6428906655964228e-04
56                                    -7.6981168564740909e-04
57                                     2.2465548399566021e-04
58                                    -4.8921477447387562e-04
59                                     6.0002629675995345e-04
60                                     4.8099792866740376e-04
61                                     6.6799407668016730e-04
62                                     4.7548508963241032e-05
63                                    -3.8280411600657982e-04
64                                    -2.6988268105732072e-04
65                                     2.2674707863379329e-05
66                                    -8.5180338144341325e-05
67                                    -4.5260180443460613e-05
68                                     8.0532639128952366e-05
69                                    -2.7068930644044698e-04
70                                    -4.4663943336098466e-04
71                                     1.4140079736274513e-04
72                                     3.4170914120529305e-05
73                                     3.3535167255209497e-04
74                                     3.6323889266692833e-04
75                                     2.8069577509529098e-04
76                                     5.8484193281657659e-04
77                                    -2.3586731342509215e-04
78                                    -4.0643651779109780e-05
79                                    -3.3217599572778200e-04
80                                    -3.0806108708707203e-04
81                                     2.0418126930946134e-05
82                                    -7.7965786995345780e-05
83                                     8.7216608471218926e-05
84                                     2.9863019112792710e-05
85                                     1.0351564159780113e-04
86                                    -7.5450324886067177e-06
87                                    -5.7244884732982754e-05
88                                     1.4026051029791820e-06
89                                    -1.9533765952767235e-04
90                                     2.9073863871086070e-04
91                                    -2.5720447497537720e-04
92                                    -6.1644060853294214e-05
93                                    -1.3131952894821983e-04
94                                    -9.1413513585936190e-05
95                                    -3.6014441266996045e-05
96                                    -4.5484092592085190e-05
97                                     9.0561781090903182e-06
98                                    -1.1087342108853648e-04
99                                     6.5712825796112803e-05
100                                    1.1997865437762822e-05
101                                   -1.6566337286014199e-05
102                                   -2.9055926826965402e-04
103                                   -1.1217877619351668e-04
104                                    1.1575597614404964e-04
105                                    2.6865654967817010e-05
106                                   -6.1833325065605016e-04
107                                    9.5461910305131431e-05
108                                   -1.9529150835582813e-04
109                                   -3.5262237101929550e-05
110                                    1.2235973776003606e-05
111                                   -2.8595290974477161e-04
112                                    1.7042688224401525e-04
113                                    3.7681874823225492e-06
114                                   -1.4605057643835018e-07
115                                   -7.2421344550765987e-06
116                                   -1.3258683247502345e-05
117                                    9.1632212258205281e-05
118                                    4.3204194727503031e-05
119                                   -1.2051877174874825e-04
120                                    3.0293581057994068e-05
121                                    5.2198537248929200e-05
122                                   -9.1419505347231644e-05
   &Method [&Type "String"] "SCF"
   &Level [&Type "String"] "Relaxed density"
   &Mult [&Type "Integer"] 1
   &State [&Type "Integer"] 0
   &Irrep [&Type "Integer"] 0
$End
$Geometry
   &GeometryIndex 20
   &NAtoms [&Type "Integer"] 41
   &NCorelessECP [&Type "Integer"] 0
   &NGhostAtoms [&Type "Integer"] 0
   &CartesianCoordinates [&Type "Coordinates", &Dim(41,4), &Units "Bohr"] 
              O     -4.828833082649  -10.776601987444   -0.722944891841
              N     -3.609053680919   -9.552244221727   -2.277401134513
              C     -2.746727965519   -7.152983617616   -1.425804752114
              C     -1.330197457475   -5.736445028550   -3.151328942295
              C     -0.376603878458   -3.384971487323   -2.494754751723
              C     -0.829947162853   -2.364420355962   -0.061307389306
              C     -2.332444036470   -3.798612519023    1.649578738982
              C     -3.251761376063   -6.144684444974    0.980784795306
              N      0.152073445293   -0.021769804225    0.630048604866
              C      1.404304227757    1.604973712487   -1.205863684939
              C      4.210453573694    0.962984727907   -1.590449325280
              O      5.262150549394    2.970792153342   -3.125735892290
              S      7.085216031657    2.257414240019   -5.544199246616
              O      6.897359157378    4.406306630013   -7.241865550161
              O      6.506544905832   -0.307466570967   -6.387095546980
              C     10.153394874297    2.273192235082   -4.078102824495
              C      0.345682489817    0.794622771708    3.254299664160
              C     -1.593127542139    2.793905467796    4.038208851530
              O     -4.067511658077    1.632237535789    4.134342928343
              S     -6.481151666614    3.000524479142    2.714454443969
              O     -8.099660969067    0.946141840423    1.884931725476
              O     -5.530123717207    4.906430357929    0.955638755134
              C     -7.951452147332    4.573524336844    5.345737010902
              H     -0.977835730665   -6.542356495408   -5.006597831976
              H      0.742926430131   -2.358140105685   -3.866457458317
              H     -2.854614841122   -2.993130081636    3.455773788051
              H     -4.410841577629   -7.248640660657    2.263474380699
              H      0.417431540589    1.529866700998   -3.018729820739
              H      1.267405712450    3.564833461592   -0.555133255223
              H      4.449757173291   -0.851640253490   -2.541993740399
              H      5.229995714166    0.924882670065    0.214156577101
              H     10.225467960268    0.790028593616   -2.644523733388
              H     11.538601319695    1.895567483723   -5.562075280007
              H     10.475820102743    4.133129048368   -3.247827568891
              H      0.192967229470   -0.838580289069    4.507790160798
              H      2.234756725264    1.596228804382    3.578764209882
              H     -1.629187529806    4.372788992027    2.707021377510
              H     -1.152348685496    3.504453156313    5.935517529399
              H     -8.450077886918    3.161045662327    6.763220914880
              H     -6.640992172078    5.972121940372    6.110913602839
              H     -9.647814323043    5.504690902594    4.625534523873
$End
$SCF_Energy
   &GeometryIndex 20
   &Method [&Type "String"] "SCF"
   &totalEnergy [&Type "ArrayOfDoubles", &Dim (1,1)] "Total energy of each state"
                                                         0

0                                     -1.8995969576705504e+03
   &Mult [&Type "ArrayOfIntegers", &Dim (1,1)] "Multiplicity of each state"
                                                         0

0                                                        1
$End
$DFT_Energy
   &GeometryIndex 20
   &nAlphaEl [&Type "Integer"] 96
   &nBetaEl [&Type "Integer"] 96
   &nTotalEl [&Type "Integer"] 192
   &finalEn [&Type "Double"]      -1.8995969576705504e+03  "No Van der Waals correction"
   &eExchange [&Type "Double"]      -1.5074707918275567e+02
   &eCorr [&Type "Double"]      -8.0850045325012339e+00
   &eXC [&Type "Double"]      -1.5883208371525691e+02
   &eCNL [&Type "Double"]       0.0000000000000000e+00
$End
$SCF_Timings
   &GeometryIndex 20
   &TOTAL [&Type "Double"]       3.8741776000000002e+01
   &PREP [&Type "Double"]       6.8919299999999994e-01
   &FOCK [&Type "Double"]       3.6427602000000000e+01
   &DENS [&Type "Double"]       1.2321199999999521e-01
   &ETOT [&Type "Double"]       4.7368000000001409e-02
   &POP [&Type "Double"]       1.0000000045806701e-06
   &TRAFO [&Type "Double"]       7.7818000000004162e-02
   &DIIS [&Type "Double"]       3.3342299999999891e-01
   &SOSCF [&Type "Double"]       4.0685499999999664e-01
   &XC [&Type "Double"]       4.3970440000000028e+00
   &FOCKSTART [&Type "Double"]       1.5215999999994678e-02
   &INT_PREP [&Type "Double"]       5.9999999919568836e-06
   &INT_BF [&Type "Double"]       1.3408220000000082e+00
   &INT_DENS [&Type "Double"]       9.8615200000003345e-01
   &INT_DENSIO [&Type "Double"]       1.1381767021400025e+05
   &INT_FUNC [&Type "Double"]       1.6573000000017402e-01
   &INT_POT [&Type "Double"]       7.8804199999999103e-01
   &INT_POTIO [&Type "Double"]       4.2785999999905400e-02
   &INT_SUM [&Type "Double"]       1.0929999999946816e-03
   &SPLITRIJ [&Type "Double"]       4.6996190000000038e+00
   &COSX [&Type "Double"]       2.8286116999999994e+01
$End
$Single_Point_Data
   &GeometryIndex 20
   &FinalEnergy [&Type "Double"]      -1.8995969576705504e+03  "Final single point energy"
   &Converged [&Type "Boolean"] true
$End
$SCF_Nuc_Gradient
   &GeometryIndex 20
   &NAtoms [&Type "Integer"] 41
   &gradNorm [&Type "Double"]       5.8509998228796489e-03
   &grad [&Type "ArrayOfDoubles", &Dim (123,1)] 
                                                         0

0                                      2.2093690760005558e-05
1                                     -7.2375806902336137e-05
2                                     -7.7302469747853042e-05
3                                     -1.8104958083586808e-04
4                                     -2.0909317444882392e-04
5                                      7.2834155199430484e-05
6                                      6.0683148972646983e-04
7                                      3.8577785934240660e-04
8                                     -7.9138277639836593e-04
9                                      6.5814387571437594e-05
10                                     1.7785602138049167e-04
11                                    -5.2971181042957283e-05
12                                    -8.8301733285924000e-05
13                                    -3.5447640766339550e-04
14                                    -7.0780230902733887e-07
15                                     1.5685347702758604e-04
16                                     1.3906025837311098e-04
17                                    -6.7302309112591066e-04
18                                    -9.4891383822101258e-04
19                                    -1.7765189429692629e-03
20                                     3.6884390577231196e-04
21                                     2.1836473267215772e-04
22                                     1.0810050229781709e-03
23                                     1.0739774792540568e-03
24                                    -9.5960687487353646e-04
25                                     4.5919668679206271e-04
26                                     1.6293421751427742e-04
27                                     4.0610053610367486e-04
28                                    -1.2355043877518290e-05
29                                     1.9984121707384422e-05
30                                     6.7421599184325220e-04
31                                    -4.2444996229407117e-04
32                                     8.7647243314999818e-04
33                                    -1.3196323918051867e-03
34                                     1.3472202888770157e-04
35                                    -8.4218877404713954e-04
36                                     4.4063782630657938e-04
37                                     1.3060170910864088e-05
38                                     6.0043954789540388e-04
39                                     8.0680984782983967e-05
40                                    -1.0951205774574757e-03
41                                     7.1434463592756625e-05
42                                     1.7083118766626770e-04
43                                     1.0340320312688389e-03
44                                    -5.2483885574761135e-04
45                                    -5.5664012837700061e-05
46                                     2.9783742455415790e-04
47                                     1.4257779976304188e-04
48                                     1.3790136950728726e-03
49                                     8.9551645110762246e-04
50                                    -5.0555163572543055e-04
51                                     1.0263717591212744e-03
52                                     1.1494251789144830e-03
53                                     7.7178463561855190e-04
54                                    -1.1076279533973124e-03
55                                    -7.1066319081147800e-04
56                                    -1.3305825392617432e-03
57                                     2.3936121136541866e-04
58                                    -7.9321270903316005e-04
59                                     1.0805408776773939e-03
60                                     7.1326913503927392e-04
61                                     9.0688968416408056e-04
62                                     4.0930983974896140e-05
63                                    -6.1674580425019609e-04
64                                    -3.4786230859629175e-04
65                                    -9.6929808101775539e-05
66                                    -8.5735158841363651e-05
67                                     5.1357561885526093e-06
68                                    -7.8049374311339043e-05
69                                    -3.7288596055650575e-04
70                                    -6.2570165030720326e-04
71                                     1.8836816547379565e-04
72                                     2.5724444925170897e-05
73                                     4.3092504486794136e-04
74                                     5.2698939833989433e-04
75                                     3.7633559393936145e-04
76                                     7.7984380208119541e-04
77                                    -3.3192779647803206e-04
78                                    -5.9043056562263496e-05
79                                    -4.7195539148267573e-04
80                                    -4.5358538813514149e-04
81                                    -2.5273057068758709e-05
82                                    -6.8007750036763737e-05
83                                     8.7096267180397646e-05
84                                     6.7171333268153943e-05
85                                     1.3933715292635540e-04
86                                     1.7655136966790441e-05
87                                    -2.1200502145490852e-06
88                                     1.4686279627129650e-04
89                                    -3.8868874254896491e-04
90                                     2.8204906049481004e-04
91                                    -3.7508081134077220e-04
92                                     5.0335891965347379e-05
93                                    -1.4805796874440419e-04
94                                    -1.0016410511692886e-04
95                                    -6.8543495400086307e-06
96                                    -7.0062307179652450e-05
97                                     4.9783876763867529e-05
98                                    -1.3581608322693617e-04
99                                     7.7152368755880468e-05
100                                   -2.8577854905620370e-05
101                                    2.9277316073716975e-06
102                                   -4.0647184776144291e-04
103                                   -1.1316041241538066e-04
104                                    1.5495552493186016e-04
105                                    3.7607907854009248e-05
106                                   -8.6444650191672134e-04
107                                    1.3703811857290402e-04
108                                   -4.0698731435256236e-04
109                                   -8.2042771885060262e-05
110                                   -5.9202368127564409e-06
111                                   -3.1444987497535049e-04
112                                    2.1770553426712913e-04
113                                    4.7412409528130306e-05
114                                   -8.5610542180404592e-05
115                                    3.2012639975154134e-05
116                                    3.9732460779040579e-05
117                                    1.5380434189059267e-04
118                                    6.8481061888669981e-06
119                                   -1.4245237153492907e-04
120                                    3.3954051537499197e-05
121                                    4.2431790034602734e-05
122                                   -9.6492631272648843e-05
   &Method [&Type "String"] "SCF"
   &Level [&Type "String"] "Relaxed density"
   &Mult [&Type "Integer"] 1
   &State [&Type "Integer"] 0
   &Irrep [&Type "Integer"] 0
$End
$Geometry
   &GeometryIndex 21
   &NAtoms [&Type "Integer"] 41
   &NCorelessECP [&Type "Integer"] 0
   &NGhostAtoms [&Type "Integer"] 0
   &CartesianCoordinates [&Type "Coordinates", &Dim(41,4), &Units "Bohr"] 
              O     -4.806407686735  -10.725673240728   -0.797868414930
              N     -3.583835053101   -9.475482807541   -2.329704312120
              C     -2.716040587585   -7.094763620279   -1.434469092633
              C     -1.297209231565   -5.648792163545   -3.133863467726
              C     -0.339276757087   -3.311571487093   -2.434815839214
              C     -0.789384452535   -2.334693216942    0.017480998998
              C     -2.293249118117   -3.798232951791    1.702272087674
              C     -3.217236645817   -6.129902106421    0.990575227040
              N      0.193844572222   -0.004727190069    0.747809266436
              C      1.450074926892    1.648344058623   -1.062105257952
              C      4.251037442517    0.996266948985   -1.467314376698
              O      5.322436241750    3.024902605482   -2.962501587201
              S      6.937483572737    2.352985233993   -5.535082191944
              O      6.771648768199    4.606763384544   -7.093686762625
              O      6.148001218415   -0.119523116878   -6.478849000094
              C     10.089236034120    2.103481458325   -4.283578326092
              C      0.366135897319    0.783338924858    3.382548008315
              C     -1.581608911300    2.773798492596    4.164729790851
              O     -4.058145605900    1.613719597778    4.227194185167
              S     -6.414677356919    2.883032676391    2.631461391857
              O     -7.980661237008    0.772393574311    1.842276144443
              O     -5.400288666184    4.702372639457    0.816662459344
              C     -8.011194513871    4.580660247769    5.107222369435
              H     -0.947833003834   -6.419596790488   -5.004553423910
              H      0.778528041311   -2.261991915006   -3.790821871314
              H     -2.812731242801   -3.028472127362    3.524725555858
              H     -4.377754306453   -7.255039031714    2.253423310521
              H      0.456341423993    1.614740795512   -2.872953791058
              H      1.329912467897    3.596087834974   -0.374012051644
              H      4.472613155481   -0.800550149108   -2.455801583185
              H      5.276227616525    0.918341427534    0.331859425898
              H     10.162492643435    0.535659465734   -2.943142053852
              H     11.350374143059    1.736761826626   -5.876820862037
              H     10.577915524368    3.888124306557   -3.373220127211
              H      0.198883798457   -0.861160037960    4.618676712056
              H      2.253031590523    1.580171725487    3.732371662357
              H     -1.603649447007    4.363624437416    2.846130611835
              H     -1.166537822622    3.466284857219    6.073809963414
              H     -8.566857383983    3.241569341531    6.573995060487
              H     -6.743736376546    6.026664706208    5.856475332999
              H     -9.677903596662    5.460081366114    4.263464790660
$End
$SCF_Energy
   &GeometryIndex 21
   &Method [&Type "String"] "SCF"
   &totalEnergy [&Type "ArrayOfDoubles", &Dim (1,1)] "Total energy of each state"
                                                         0

0                                     -1.8995971612987123e+03
   &Mult [&Type "ArrayOfIntegers", &Dim (1,1)] "Multiplicity of each state"
                                                         0

0                                                        1
$End
$DFT_Energy
   &GeometryIndex 21
   &nAlphaEl [&Type "Integer"] 95
   &nBetaEl [&Type "Integer"] 95
   &nTotalEl [&Type "Integer"] 191
   &finalEn [&Type "Double"]      -1.8995971612987123e+03  "No Van der Waals correction"
   &eExchange [&Type "Double"]      -1.5074637013121273e+02
   &eCorr [&Type "Double"]      -8.0851029024251115e+00
   &eXC [&Type "Double"]      -1.5883147303363785e+02
   &eCNL [&Type "Double"]       0.0000000000000000e+00
$End
$SCF_Timings
   &GeometryIndex 21
   &TOTAL [&Type "Double"]       3.7430104000000000e+01
   &PREP [&Type "Double"]       6.9202500000000000e-01
   &FOCK [&Type "Double"]       3.5071713000000003e+01
   &DENS [&Type "Double"]       1.1244399999999644e-01
   &ETOT [&Type "Double"]       4.3616000000001875e-02
   &TRAFO [&Type "Double"]       7.6960999999998947e-02
   &DIIS [&Type "Double"]       3.3137500000000131e-01
   &SOSCF [&Type "Double"]       3.9898599999999540e-01
   &XC [&Type "Double"]       4.0131540000000010e+00
   &FOCKSTART [&Type "Double"]       1.5012999999998944e-02
   &INT_PREP [&Type "Double"]       8.9999999977052880e-06
   &INT_BF [&Type "Double"]       1.2947220000000161e+00
   &INT_DENS [&Type "Double"]       9.5840599999991127e-01
   &INT_DENSIO [&Type "Double"]       9.8945204501000233e+04
   &INT_FUNC [&Type "Double"]       1.5810599999979758e-01
   &INT_POT [&Type "Double"]       7.7918299999996865e-01
   &INT_POTIO [&Type "Double"]       4.1734000000036353e-02
   &INT_SUM [&Type "Double"]       1.0420000000017637e-03
   &SPLITRIJ [&Type "Double"]       4.5579539999999961e+00
   &COSX [&Type "Double"]       2.7538847000000001e+01
$End
$Single_Point_Data
   &GeometryIndex 21
   &FinalEnergy [&Type "Double"]      -1.8995971612987123e+03  "Final single point energy"
   &Converged [&Type "Boolean"] true
$End
$SCF_Nuc_Gradient
   &GeometryIndex 21
   &NAtoms [&Type "Integer"] 41
   &gradNorm [&Type "Double"]       6.2089608285194340e-03
   &grad [&Type "ArrayOfDoubles", &Dim (123,1)] 
                                                         0

0                                      3.1969570540996139e-05
1                                     -4.9626533755897650e-05
2                                     -8.9657124381636866e-05
3                                     -1.8599753092743421e-04
4                                     -1.8808250169997931e-04
5                                      8.7828449957361165e-05
6                                      5.1028844634665865e-04
7                                      3.1002938297057525e-04
8                                     -7.5386847464330164e-04
9                                      1.2232084027980622e-04
10                                     2.3378202510324075e-04
11                                    -1.0194956743896089e-04
12                                    -1.7034097069128229e-04
13                                    -3.8806961552663444e-04
14                                     9.4455493106285204e-05
15                                     4.0747321317357449e-04
16                                     1.6442199566900351e-04
17                                    -6.4537036714172602e-04
18                                    -9.6867604566427262e-04
19                                    -1.6359158824989159e-03
20                                     3.0964616921116961e-04
21                                     2.1658922207322406e-04
22                                     1.0294506172202622e-03
23                                     1.0471318035987567e-03
24                                    -1.1128002374482943e-03
25                                     4.8480553594186515e-04
26                                     1.5009335916719990e-04
27                                     4.3837424082981968e-04
28                                     8.9885268275198549e-05
29                                     6.7727280086561648e-05
30                                     8.8947426194091461e-04
31                                    -5.6917258889444683e-04
32                                     1.2668444340216446e-03
33                                    -1.6237419426908747e-03
34                                    -2.0497321370688271e-05
35                                    -1.0300360146430765e-03
36                                     8.0222746685991442e-04
37                                    -1.1521017323337483e-04
38                                     6.3475352403419283e-04
39                                    -2.6233944664184189e-05
40                                    -9.4855190000897593e-04
41                                    -9.7516693188637316e-05
42                                     1.5376312383305613e-04
43                                     1.0565484986636564e-03
44                                    -6.4843397320310525e-04
45                                    -6.8852321025335977e-05
46                                     3.1585892864085738e-04
47                                     5.9815571261626066e-05
48                                     1.1688583862246582e-03
49                                     8.4203766929555335e-04
50                                    -2.0510500685265096e-04
51                                     1.2820171706796751e-03
52                                     1.1704913337533956e-03
53                                     1.0142698365069314e-03
54                                    -9.1044193715348817e-04
55                                    -8.4107128169202960e-04
56                                    -1.7117265543934862e-03
57                                     2.7146846208229297e-04
58                                    -7.0283078162684809e-04
59                                     1.3507014084298552e-03
60                                     6.6030102020542270e-04
61                                     7.2493548830315779e-04
62                                    -1.0492149140020612e-05
63                                    -7.2569648603004744e-04
64                                    -2.6156880821459616e-04
65                                    -2.0154089283830334e-04
66                                    -1.2041460759828690e-04
67                                     5.6961582162151289e-05
68                                    -2.3855257628677823e-04
69                                    -3.6166435050190640e-04
70                                    -6.0515582090807374e-04
71                                     1.7127115718906794e-04
72                                     2.7859362774773633e-05
73                                     3.9044116457442879e-04
74                                     4.9776334497536601e-04
75                                     3.6088118279258702e-04
76                                     7.2458935878541575e-04
77                                    -2.9790883430252935e-04
78                                    -7.2295169800090653e-05
79                                    -4.7663001717038189e-04
80                                    -4.6812921449493339e-04
81                                    -9.2754618602849948e-05
82                                    -8.6776043374363343e-06
83                                     3.8933100036664392e-06
84                                     1.1314703600516333e-04
85                                     9.9633809695354181e-05
86                                     4.0748431090822934e-05
87                                    -2.6980002287919219e-05
88                                     3.5621631287538480e-04
89                                    -5.8187519314512048e-04
90                                     1.5946033963765149e-04
91                                    -4.5442948158226290e-04
92                                     1.3345161979774756e-04
93                                    -1.3167799604460809e-04
94                                    -8.1621646872337417e-05
95                                     3.0800227538999025e-05
96                                    -6.1479833382949156e-05
97                                     5.5706841708101640e-05
98                                    -1.0295622910824753e-04
99                                     5.4283723565314024e-05
100                                   -7.3972923597842577e-05
101                                    2.9306623861719006e-05
102                                   -4.4648642622157481e-04
103                                   -7.1505867031418369e-06
104                                    1.6673339382529406e-04
105                                    6.8118176812681508e-05
106                                   -8.0278819249404720e-04
107                                    1.9227648045949675e-04
108                                   -5.0681422465650647e-04
109                                   -1.7905266792006547e-04
110                                   -1.3044813518110765e-04
111                                   -2.0421806380452323e-04
112                                    2.4133998196905482e-04
113                                    3.7515077215527493e-05
114                                   -1.0684627361876031e-04
115                                    5.7195416889088690e-05
116                                    7.4690766163870714e-05
117                                    1.4626046485556599e-04
118                                   -1.0617826457087753e-05
119                                   -7.9314007649211593e-05
120                                    3.9277083478311825e-05
121                                    1.6362947441339593e-05
122                                   -6.6836943021439388e-05
   &Method [&Type "String"] "SCF"
   &Level [&Type "String"] "Relaxed density"
   &Mult [&Type "Integer"] 1
   &State [&Type "Integer"] 0
   &Irrep [&Type "Integer"] 0
$End
$Geometry
   &GeometryIndex 22
   &NAtoms [&Type "Integer"] 41
   &NCorelessECP [&Type "Integer"] 0
   &NGhostAtoms [&Type "Integer"] 0
   &CartesianCoordinates [&Type "Coordinates", &Dim(41,4), &Units "Bohr"] 
              O     -4.836651047259  -10.662031036685   -0.862721502525
              N     -3.615264403613   -9.394476996349   -2.382000213157
              C     -2.719319987669   -7.040896169825   -1.449560159367
              C     -1.303193080021   -5.569199869486   -3.132750047566
              C     -0.322982728537   -3.252883254314   -2.399604112489
              C     -0.743433486168   -2.316668246533    0.075677572234
              C     -2.234258561159   -3.805530429270    1.745564915420
              C     -3.183551870814   -6.118309806952    0.996607517421
              N      0.244323235423   -0.000541075668    0.832174030996
              C      1.477319842723    1.682773784548   -0.966367582959
              C      4.273459873891    1.028151746388   -1.390460458175
              O      5.358459509061    3.037538102479   -2.898672508315
              S      6.860539358418    2.349793613232   -5.535041627097
              O      6.681406622261    4.623762240578   -7.066867646310
              O      5.983244725304   -0.104671349361   -6.455730325310
              C     10.052470606011    2.026400196287   -4.407793586473
              C      0.383432407428    0.775819683041    3.472629251705
              C     -1.585834651291    2.747889587056    4.231527816724
              O     -4.058905838661    1.592752601734    4.266099684532
              S     -6.372902869228    2.819100085912    2.569251205729
              O     -7.910194049660    0.683870700006    1.779420945116
              O     -5.302643728738    4.605451736492    0.751325408231
              C     -8.049362073670    4.557089374803    4.963831724249
              H     -0.970840220963   -6.292246094197   -5.025356249576
              H      0.784269618853   -2.193641984685   -3.757624753752
              H     -2.733783634076   -3.088595378303    3.595241381720
              H     -4.335722289164   -7.251079653629    2.260155529549
              H      0.472132385466    1.667383236659   -2.771748427574
              H      1.359244233223    3.620996658282   -0.253990568923
              H      4.477541013892   -0.775741128235   -2.368862625670
              H      5.304815017008    0.955447378371    0.404151602078
              H     10.149627185595    0.451825144661   -3.076884235496
              H     11.247181895718    1.644170574225   -6.047618390001
              H     10.608773833137    3.795889148946   -3.506838955868
              H      0.239567869014   -0.871552398580    4.705834305347
              H      2.251981438253    1.614780718322    3.832882455115
              H     -1.588527710693    4.333915328674    2.907710296778
              H     -1.189121192798    3.446898396120    6.142240940237
              H     -8.641475639334    3.243100287967    6.439529774979
              H     -6.814196256727    6.023747181514    5.726050918248
              H     -9.697625274845    5.409517346879    4.058586662400
$End
$SCF_Energy
   &GeometryIndex 22
   &Method [&Type "String"] "SCF"
   &totalEnergy [&Type "ArrayOfDoubles", &Dim (1,1)] "Total energy of each state"
                                                         0

0                                     -1.8995973886833531e+03
   &Mult [&Type "ArrayOfIntegers", &Dim (1,1)] "Multiplicity of each state"
                                                         0

0                                                        1
$End
$DFT_Energy
   &GeometryIndex 22
   &nAlphaEl [&Type "Integer"] 95
   &nBetaEl [&Type "Integer"] 95
   &nTotalEl [&Type "Integer"] 191
   &finalEn [&Type "Double"]      -1.8995973886833531e+03  "No Van der Waals correction"
   &eExchange [&Type "Double"]      -1.5074509282761107e+02
   &eCorr [&Type "Double"]      -8.0851272848856190e+00
   &eXC [&Type "Double"]      -1.5883022011249670e+02
   &eCNL [&Type "Double"]       0.0000000000000000e+00
$End
$SCF_Timings
   &GeometryIndex 22
   &TOTAL [&Type "Double"]       3.5610535999999996e+01
   &PREP [&Type "Double"]       6.4513300000000007e-01
   &FOCK [&Type "Double"]       3.3388004999999993e+01
   &DENS [&Type "Double"]       1.0187499999999972e-01
   &ETOT [&Type "Double"]       3.8432000000010014e-02
   &TRAFO [&Type "Double"]       7.7098000000002109e-02
   &DIIS [&Type "Double"]       3.1880999999999737e-01
   &SOSCF [&Type "Double"]       3.1779899999999639e-01
   &XC [&Type "Double"]       3.8570230000000043e+00
   &FOCKSTART [&Type "Double"]       1.2587999999995159e-02
   &INT_PREP [&Type "Double"]       7.0000000018666242e-06
   &INT_BF [&Type "Double"]       1.1754960000000692e+00
   &INT_DENS [&Type "Double"]       9.2711699999993158e-01
   &INT_DENSIO [&Type "Double"]       8.7436662571000183e+04
   &INT_FUNC [&Type "Double"]       1.3982099999999154e-01
   &INT_POT [&Type "Double"]       7.7546199999998144e-01
   &INT_POTIO [&Type "Double"]       3.6846999999951002e-02
   &INT_SUM [&Type "Double"]       6.7899999999720961e-04
   &SPLITRIJ [&Type "Double"]       4.3790709999999970e+00
   &COSX [&Type "Double"]       2.6201950000000000e+01
$End
$Single_Point_Data
   &GeometryIndex 22
   &FinalEnergy [&Type "Double"]      -1.8995973886833531e+03  "Final single point energy"
   &Converged [&Type "Boolean"] true
$End
$SCF_Nuc_Gradient
   &GeometryIndex 22
   &NAtoms [&Type "Integer"] 41
   &gradNorm [&Type "Double"]       5.1186142554041185e-03
   &grad [&Type "ArrayOfDoubles", &Dim (123,1)] 
                                                         0

0                                      2.2991995659027431e-06
1                                      2.8671501362542706e-05
2                                      3.4485588883415019e-06
3                                      3.3522899970689357e-05
4                                      1.5039966113860465e-04
5                                      7.0014972491261318e-05
6                                     -3.5334278695806076e-04
7                                     -3.1466047491679472e-04
8                                      2.8352034505559412e-04
9                                      2.4773011922432295e-04
10                                     3.4629025918694878e-04
11                                    -2.3071530432469678e-04
12                                    -1.5129417189195526e-04
13                                    -1.9739457925466164e-04
14                                     1.3376767314492166e-04
15                                     9.7296658179528775e-04
16                                     2.0354856452652059e-05
17                                     2.6096739472465311e-04
18                                     2.8063976290959580e-05
19                                     5.4829002415555939e-04
20                                    -1.4955592527760020e-05
21                                    -3.0407037628896183e-05
22                                    -1.9209508760004157e-04
23                                    -2.6910598652981482e-04
24                                    -1.1730562478899087e-03
25                                     3.2787410135706047e-04
26                                    -9.9106350148314704e-05
27                                     2.4325093642786622e-05
28                                     3.4437481952137583e-04
29                                     3.7544030869936934e-04
30                                     7.7387374267382653e-04
31                                    -1.3210138041624617e-04
32                                     1.2538280830583504e-03
33                                    -1.6243029465541695e-03
34                                    -4.7807603202137949e-04
35                                    -1.0886632263285845e-03
36                                     1.5859782905712771e-03
37                                    -9.9350169590242676e-05
38                                     6.1933518473591964e-04
39                                    -1.9538066356614842e-04
40                                     8.3827515269618846e-04
41                                    -3.2104947298625119e-04
42                                    -2.4627111317149231e-04
43                                    -5.0328946020050669e-04
44                                    -3.7954262601233579e-04
45                                    -2.4434098514407310e-04
46                                     1.5701889672401631e-05
47                                    -2.6360090194245400e-04
48                                    -4.3463996302794961e-04
49                                    -5.8530360412936688e-04
50                                     9.8315876974458538e-04
51                                     7.5435246099359032e-04
52                                     5.3042964283184224e-05
53                                     6.9532588886799321e-04
54                                     6.6970576095804618e-04
55                                    -5.3679561162517375e-04
56                                    -1.5324315689759505e-03
57                                     2.3570688294027864e-04
58                                     5.9107950531821218e-04
59                                     1.2325573971951054e-03
60                                    -5.3834038892774938e-04
61                                    -1.0031934840973311e-03
62                                    -1.8996722432688962e-04
63                                     5.9126426616873395e-05
64                                     4.0731766347806841e-04
65                                    -5.0721369037265429e-04
66                                     1.7890315309222748e-04
67                                     1.1723226611029883e-04
68                                    -4.9703378957467910e-04
69                                     2.1906440919483572e-05
70                                     6.2229202464819666e-05
71                                    -9.0244048098209184e-06
72                                    -2.3398562482263019e-05
73                                    -5.5943090293858466e-05
74                                    -1.5156354467091293e-04
75                                    -9.2727654370239332e-05
76                                    -8.8624333326146887e-05
77                                     2.7717199618804145e-05
78                                    -2.5027265410509925e-05
79                                    -6.5919808009393122e-05
80                                    -4.3909346422690843e-05
81                                    -7.9328512999840561e-05
82                                    -1.0349408265514920e-05
83                                    -2.2201131816113051e-04
84                                     1.8367021053050311e-04
85                                    -7.2742784808066396e-05
86                                    -5.9544408449532793e-06
87                                    -1.8719469167826491e-04
88                                     5.5305304460206983e-04
89                                    -6.2178690823641580e-04
90                                    -1.7396011768197606e-04
91                                    -3.7500326894838489e-04
92                                     4.4077550584720182e-06
93                                     1.9798695533300090e-04
94                                     3.5780540140473160e-05
95                                     1.1856297374521207e-04
96                                     4.4524950096783145e-05
97                                    -1.6815293658420383e-05
98                                     8.1390527937763579e-05
99                                    -6.1238537456320685e-05
100                                   -1.4734343671679584e-04
101                                    8.8819154293651170e-05
102                                   -1.6336844042338580e-04
103                                    2.7393154349489302e-04
104                                    1.2392818295281494e-04
105                                    1.3246094607649583e-04
106                                    2.5665676126933323e-04
107                                    1.9238161090481820e-04
108                                   -3.4775825784267526e-04
109                                   -3.7625283508554985e-04
110                                   -4.6471701314580727e-04
111                                    2.8972659504920145e-04
112                                    2.4316772299897566e-04
113                                   -1.2470260694497082e-04
114                                   -2.1233652890450400e-04
115                                    1.4023586147782208e-04
116                                    2.1375735313111655e-04
117                                   -4.5084883360926864e-05
118                                   -5.5448792438905770e-05
119                                    1.4679090735358891e-04
120                                   -3.4031004610302062e-05
121                                   -4.7256363378794797e-05
122                                    1.2793485531861770e-04
   &Method [&Type "String"] "SCF"
   &Level [&Type "String"] "Relaxed density"
   &Mult [&Type "Integer"] 1
   &State [&Type "Integer"] 0
   &Irrep [&Type "Integer"] 0
$End
$Geometry
   &GeometryIndex 23
   &NAtoms [&Type "Integer"] 41
   &NCorelessECP [&Type "Integer"] 0
   &NGhostAtoms [&Type "Integer"] 0
   &CartesianCoordinates [&Type "Coordinates", &Dim(41,4), &Units "Bohr"] 
              O     -4.799682371700  -10.630920170816   -0.927464107886
              N     -3.572599705196   -9.343278415478   -2.425472104191
              C     -2.681651560273   -7.002252900029   -1.458995549116
              C     -1.258862430585   -5.507072351048   -3.116269108348
              C     -0.281779294389   -3.200484339201   -2.349346938946
              C     -0.711731072308   -2.295817833956    0.136855555969
              C     -2.207844030313   -3.807868235339    1.780147101473
              C     -3.154317203439   -6.110710688739    0.996702967484
              N      0.276326737534    0.008044737951    0.928710883934
              C      1.516947095623    1.714119006273   -0.843198469280
              C      4.312834507078    1.057071539662   -1.264341847014
              O      5.421977570807    3.074191348353   -2.744896063954
              S      6.716384441102    2.438036901409   -5.500689643852
              O      6.568751230927    4.790554559130   -6.911987955897
              O      5.647630142867    0.080890411761   -6.472570804994
              C      9.949163374594    1.891641491971   -4.599105912450
              C      0.393006332039    0.754573124091    3.578716796873
              C     -1.579503968102    2.721797619745    4.344985826650
              O     -4.061989421428    1.588013846665    4.337303332588
              S     -6.298336563898    2.743599767226    2.492031107142
              O     -7.803541441295    0.578229224225    1.723920165969
              O     -5.147071971531    4.455319615403    0.652052590263
              C     -8.073293299377    4.575441428344    4.741092020516
              H     -0.916258858284   -6.201748549744   -5.017657763908
              H      0.831372993132   -2.128055848515   -3.692089464122
              H     -2.715925063838   -3.122202620973    3.639432007230
              H     -4.310014068000   -7.257774815253    2.243998355502
              H      0.516030461834    1.725119270727   -2.650762656082
              H      1.401735002931    3.642765192609   -0.105345383168
              H      4.511434197436   -0.739422489623   -2.257594861995
              H      5.338207002221    0.967941101746    0.532364721303
              H     10.041598161005    0.251344129960   -3.349897074873
              H     11.016925574596    1.528167476077   -6.328325803500
              H     10.657713074068    3.582900577311   -3.655508065194
              H      0.238015729630   -0.907476633995    4.790307501542
              H      2.259682502235    1.587165576000    3.962730252090
              H     -1.554297867275    4.328256932331    3.046058428368
              H     -1.206771381672    3.387571185049    6.271891759489
              H     -8.730304009840    3.321189750055    6.240955424661
              H     -6.869784865612    6.070584858306    5.498383098134
              H     -9.680175607715    5.390555201431    3.732879643794
$End
$SCF_Energy
   &GeometryIndex 23
   &Method [&Type "String"] "SCF"
   &totalEnergy [&Type "ArrayOfDoubles", &Dim (1,1)] "Total energy of each state"
                                                         0

0                                     -1.8995977024233357e+03
   &Mult [&Type "ArrayOfIntegers", &Dim (1,1)] "Multiplicity of each state"
                                                         0

0                                                        1
$End
$DFT_Energy
   &GeometryIndex 23
   &nAlphaEl [&Type "Integer"] 95
   &nBetaEl [&Type "Integer"] 95
   &nTotalEl [&Type "Integer"] 191
   &finalEn [&Type "Double"]      -1.8995977024233357e+03  "No Van der Waals correction"
   &eExchange [&Type "Double"]      -1.5074478959783355e+02
   &eCorr [&Type "Double"]      -8.0852828632150917e+00
   &eXC [&Type "Double"]      -1.5883007246104864e+02
   &eCNL [&Type "Double"]       0.0000000000000000e+00
$End
$SCF_Timings
   &GeometryIndex 23
   &TOTAL [&Type "Double"]       3.5600369999999998e+01
   &PREP [&Type "Double"]       6.1510299999999996e-01
   &FOCK [&Type "Double"]       3.3386214000000002e+01
   &DENS [&Type "Double"]       1.0427599999999870e-01
   &ETOT [&Type "Double"]       4.2028999999999428e-02
   &TRAFO [&Type "Double"]       8.1101999999997787e-02
   &DIIS [&Type "Double"]       3.3640399999999726e-01
   &SOSCF [&Type "Double"]       3.3662999999999954e-01
   &XC [&Type "Double"]       3.9683280000000072e+00
   &FOCKSTART [&Type "Double"]       1.1315000000001518e-02
   &INT_PREP [&Type "Double"]       8.0000000011182237e-06
   &INT_BF [&Type "Double"]       1.2452580000000038e+00
   &INT_DENS [&Type "Double"]       9.5191799999996274e-01
   &INT_DENSIO [&Type "Double"]       9.4711643341000192e+04
   &INT_FUNC [&Type "Double"]       1.4710299999994092e-01
   &INT_POT [&Type "Double"]       7.7794700000000727e-01
   &INT_POTIO [&Type "Double"]       3.6291999999982227e-02
   &INT_SUM [&Type "Double"]       1.0319999999950369e-03
   &SPLITRIJ [&Type "Double"]       4.4462130000000002e+00
   &COSX [&Type "Double"]       2.5968167000000008e+01
$End
$Single_Point_Data
   &GeometryIndex 23
   &FinalEnergy [&Type "Double"]      -1.8995977024233357e+03  "Final single point energy"
   &Converged [&Type "Boolean"] true
$End
$SCF_Nuc_Gradient
   &GeometryIndex 23
   &NAtoms [&Type "Integer"] 41
   &gradNorm [&Type "Double"]       5.7105479912300588e-03
   &grad [&Type "ArrayOfDoubles", &Dim (123,1)] 
                                                         0

0                                      1.6929061143394764e-05
1                                      6.2625257896381514e-05
2                                      2.0460049725445906e-05
3                                      6.2526887214336968e-05
4                                      1.8000874137766298e-04
5                                      1.8616118997782927e-05
6                                     -4.8505081624705682e-04
7                                     -5.0916366812801817e-04
8                                      4.1880087073366615e-04
9                                      1.8425960594000562e-04
10                                     2.7884474730324044e-04
11                                    -2.3135911338623139e-04
12                                    -1.5696338574396063e-04
13                                    -1.7168870105410683e-04
14                                     9.6794272503926415e-05
15                                     7.7870293859940570e-04
16                                     1.8014434536243323e-04
17                                     4.2325594235454594e-04
18                                     2.8852649362250127e-04
19                                     9.2344856535231390e-04
20                                    -1.1027025057283590e-04
21                                    -1.6023422672512000e-05
22                                    -2.6105137896638431e-04
23                                    -4.9755339068454502e-04
24                                    -8.8594045341719441e-04
25                                     2.7936231694520447e-04
26                                    -1.0876695212062859e-04
27                                     5.7148185336960977e-05
28                                     4.4284516526885143e-04
29                                     2.6353660715298585e-04
30                                     1.1160241615114294e-03
31                                    -1.8964195731459993e-04
32                                     1.6089309245441441e-03
33                                    -2.1058314536071751e-03
34                                    -6.3041341893821379e-04
35                                    -1.3436739181895557e-03
36                                     1.8446686085222125e-03
37                                    -1.9332554057936713e-04
38                                     3.0141616656423342e-04
39                                    -1.8856580329018428e-04
40                                     7.4798692492633601e-04
41                                    -7.4566093264644140e-05
42                                    -1.9989144489460098e-04
43                                    -3.3169776558406028e-04
44                                    -3.8458731024759718e-04
45                                    -3.3430524658762707e-04
46                                    -5.6650777153350457e-05
47                                    -3.6078308260523856e-04
48                                    -5.8155427552130518e-04
49                                    -5.7593183026407452e-04
50                                     1.0104491207567484e-03
51                                     6.6620186069542286e-04
52                                     3.9946345728732874e-05
53                                     1.0534452165823129e-03
54                                     9.1870909012443935e-04
55                                    -4.4414261357217377e-04
56                                    -1.6534896578952324e-03
57                                    -2.0693372157400483e-04
58                                     7.4633951177124902e-04
59                                     9.7752236895068401e-04
60                                    -3.5990723593848362e-04
61                                    -9.0060860010404697e-04
62                                    -4.1652592353391693e-05
63                                     3.8404624844556867e-05
64                                     1.9770314860478866e-04
65                                    -4.3923087243891157e-04
66                                     2.4987898475904713e-04
67                                     3.7187805114656525e-05
68                                    -5.4318115331524613e-04
69                                     1.3791595033454257e-04
70                                     2.1552049706763388e-04
71                                    -4.0052636748583170e-05
72                                    -4.0970986538019227e-06
73                                    -3.2932462502130444e-04
74                                    -2.5234680569218015e-04
75                                    -2.1988694488622729e-04
76                                    -3.4442448802243092e-04
77                                     8.8889154425370043e-05
78                                    -4.0765508977774756e-06
79                                     3.9311957044055323e-05
80                                     7.3993921056461631e-05
81                                    -1.5082827501750051e-04
82                                     6.5972217826767987e-05
83                                    -1.0581787369146056e-04
84                                     2.0247465747570692e-04
85                                    -6.8374371509305476e-05
86                                    -6.5181784016932198e-06
87                                    -2.6674916613499133e-04
88                                     6.4035877280271825e-04
89                                    -8.0762351964677737e-04
90                                    -2.8775084460264111e-04
91                                    -3.7962672055651993e-04
92                                     2.3879565454940077e-04
93                                     2.1082940892855513e-04
94                                     9.1573208165329767e-05
95                                     1.3739360206754814e-04
96                                     6.9844619051559476e-05
97                                    -1.3624129109851557e-05
98                                     8.3563155546972911e-05
99                                    -3.4337599072786773e-05
100                                   -1.2562439685745441e-04
101                                    1.2845003667080745e-04
102                                   -8.6515560657862700e-05
103                                    2.3532810819781869e-04
104                                    1.7271738124796654e-05
105                                    1.0391771833254126e-04
106                                    2.3917497227349260e-04
107                                    9.7529598171317011e-05
108                                   -3.2324753508127316e-04
109                                   -4.4986364956292602e-04
110                                   -5.5695151278270516e-04
111                                    2.7687197039025918e-04
112                                    2.6809660496202037e-04
113                                   -3.9781226319174356e-05
114                                   -1.9144465913947806e-04
115                                    2.1392522866879593e-04
116                                    1.7984543929042140e-04
117                                   -5.4017588754146084e-05
118                                   -9.1701695351165124e-05
119                                    2.1798530477779021e-04
120                                   -7.9915869939384265e-05
121                                   -5.8824069882099095e-05
122                                    1.4126070355727216e-04
   &Method [&Type "String"] "SCF"
   &Level [&Type "String"] "Relaxed density"
   &Mult [&Type "Integer"] 1
   &State [&Type "Integer"] 0
   &Irrep [&Type "Integer"] 0
$End
$Geometry
   &GeometryIndex 24
   &NAtoms [&Type "Integer"] 41
   &NCorelessECP [&Type "Integer"] 0
   &NGhostAtoms [&Type "Integer"] 0
   &CartesianCoordinates [&Type "Coordinates", &Dim(41,4), &Units "Bohr"] 
              O     -4.764809146947  -10.583959742371   -1.022633888622
              N     -3.526264147654   -9.267408022122   -2.486234558060
              C     -2.635163408780   -6.950588931736   -1.465574125255
              C     -1.200117662244   -5.422282354449   -3.082247627628
              C     -0.221765660716   -3.134997522423   -2.261569575958
              C     -0.661466685397   -2.282707012540    0.241967239379
              C     -2.169636638966   -3.826710988232    1.843795973712
              C     -3.117589935934   -6.109978356067    1.005902971135
              N      0.328028206109    0.001342804165    1.085635920616
              C      1.580632331743    1.739054343416   -0.647165176461
              C      4.374466730507    1.076546609099   -1.073100617004
              O      5.518370414212    3.111470295569   -2.503177756570
              S      6.486836243630    2.604284400569   -5.413796609017
              O      6.408422477680    5.069035510356   -6.625472585730
              O      5.130927400140    0.424971608090   -6.443433160611
              C      9.730925056892    1.732908746404   -4.887581918172
              C      0.410736197826    0.708538245678    3.747769741630
              C     -1.558985854753    2.680856880264    4.507913804522
              O     -4.058106614642    1.588150549148    4.428000712279
              S     -6.151140982211    2.627390836494    2.358847063841
              O     -7.620736825178    0.422898170197    1.633166558532
              O     -4.860127854164    4.208358006115    0.493956778993
              C     -8.059113457199    4.613760109083    4.353375611916
              H     -0.848804269838   -6.073253705827   -4.997470304912
              H      0.897553561969   -2.038317280541   -3.579694272780
              H     -2.687347088978   -3.185594306082    3.716374015951
              H     -4.282389762497   -7.278689287976    2.224256310521
              H      0.583789871847    1.792807688246   -2.456616576836
              H      1.474003791148    3.652131278081    0.130128651318
              H      4.560418995062   -0.702637614727   -2.099271358025
              H      5.396350308725    0.950340963892    0.721766761655
              H      9.799844379856   -0.007329302279   -3.780087249636
              H     10.596383028628    1.431979945299   -6.737572489585
              H     10.667508057552    3.278868520921   -3.894908059962
              H      0.222922615251   -0.968857377121    4.932352603595
              H      2.277915164207    1.520970618129    4.172810131437
              H     -1.481224747740    4.311515483523    3.241284882692
              H     -1.229716923475    3.302324880587    6.456395966763
              H     -8.831573715078    3.465336287923    5.882898439273
              H     -6.895772793497    6.148199684039    5.094374484936
              H     -9.584180581506    5.369269320307    3.184633248333
$End
$SCF_Energy
   &GeometryIndex 24
   &Method [&Type "String"] "SCF"
   &totalEnergy [&Type "ArrayOfDoubles", &Dim (1,1)] "Total energy of each state"
                                                         0

0                                     -1.8995981598270137e+03
   &Mult [&Type "ArrayOfIntegers", &Dim (1,1)] "Multiplicity of each state"
                                                         0

0                                                        1
$End
$DFT_Energy
   &GeometryIndex 24
   &nAlphaEl [&Type "Integer"] 96
   &nBetaEl [&Type "Integer"] 96
   &nTotalEl [&Type "Integer"] 192
   &finalEn [&Type "Double"]      -1.8995981598270137e+03  "No Van der Waals correction"
   &eExchange [&Type "Double"]      -1.5074380644739657e+02
   &eCorr [&Type "Double"]      -8.0856560149413781e+00
   &eXC [&Type "Double"]      -1.5882946246233794e+02
   &eCNL [&Type "Double"]       0.0000000000000000e+00
$End
$SCF_Timings
   &GeometryIndex 24
   &TOTAL [&Type "Double"]       3.6577704000000004e+01
   &PREP [&Type "Double"]       6.8097000000000008e-01
   &FOCK [&Type "Double"]       3.4074955000000003e+01
   &DENS [&Type "Double"]       1.3736699999999402e-01
   &ETOT [&Type "Double"]       3.8238000000005101e-02
   &TRAFO [&Type "Double"]       8.8239999999996321e-02
   &DIIS [&Type "Double"]       3.2243900000000192e-01
   &SOSCF [&Type "Double"]       3.5581000000000262e-01
   &XC [&Type "Double"]       3.9493310000000061e+00
   &FOCKSTART [&Type "Double"]       1.3999000000000539e-02
   &INT_PREP [&Type "Double"]       8.0000000020064022e-06
   &INT_BF [&Type "Double"]       1.2518369999999557e+00
   &INT_DENS [&Type "Double"]       9.6984400000013604e-01
   &INT_DENSIO [&Type "Double"]       9.7856411265000192e+04
   &INT_FUNC [&Type "Double"]       1.5043400000002016e-01
   &INT_POT [&Type "Double"]       7.9834399999988293e-01
   &INT_POTIO [&Type "Double"]       3.7521000000043436e-02
   &INT_SUM [&Type "Double"]       7.7599999999478086e-04
   &SPLITRIJ [&Type "Double"]       4.3393909999999982e+00
   &COSX [&Type "Double"]       2.6934644000000002e+01
$End
$Single_Point_Data
   &GeometryIndex 24
   &FinalEnergy [&Type "Double"]      -1.8995981598270137e+03  "Final single point energy"
   &Converged [&Type "Boolean"] true
$End
$SCF_Nuc_Gradient
   &GeometryIndex 24
   &NAtoms [&Type "Integer"] 41
   &gradNorm [&Type "Double"]       7.6262063759133377e-03
   &grad [&Type "ArrayOfDoubles", &Dim (123,1)] 
                                                         0

0                                      3.0532523907111919e-05
1                                      8.9760228515367579e-05
2                                      2.0038212924428089e-05
3                                      7.5880312517456749e-05
4                                      2.2561723070927547e-04
5                                      3.1785558910923939e-05
6                                     -6.2224975339061905e-04
7                                     -6.4752688689671822e-04
8                                      4.7089055816811748e-04
9                                      1.7817016947443629e-04
10                                     2.4207705942725505e-04
11                                    -2.5585522662283089e-04
12                                    -2.3299766298027352e-04
13                                    -4.5260236407468346e-05
14                                     2.0880906323249293e-04
15                                     9.2032079034794212e-04
16                                     2.4701623283728685e-04
17                                     5.3414877316473874e-04
18                                     3.5170245632332175e-04
19                                     1.2527267083446841e-03
20                                    -1.1656869636843259e-04
21                                    -1.5582209456188600e-05
22                                    -3.8708232550822841e-04
23                                    -6.9142046529486328e-04
24                                    -1.0120319766858989e-03
25                                     2.4475839009142908e-04
26                                    -1.8794125782294405e-04
27                                     1.1847653525056540e-04
28                                     5.3974754557302440e-04
29                                     4.0104146706148452e-04
30                                     1.9171458799130681e-03
31                                    -3.6498307403785846e-04
32                                     2.3536910162437474e-03
33                                    -2.8778138411221232e-03
34                                    -9.3831714316960912e-04
35                                    -1.6397470259393310e-03
36                                     2.5239131112277935e-03
37                                    -1.5834640717236892e-04
38                                     1.8904956918235072e-04
39                                    -2.2161842059690001e-04
40                                     9.6813945462470574e-04
41                                     3.2368060983278824e-05
42                                    -3.8715078991619079e-04
43                                    -3.6446223273611800e-04
44                                    -6.6022030429940814e-04
45                                    -4.9727396874785224e-04
46                                     1.5035721474671720e-05
47                                    -5.2713893439940845e-04
48                                    -8.4103962542694116e-04
49                                    -5.7239253830257408e-04
50                                     1.2034360360231380e-03
51                                     7.6413349704586297e-04
52                                    -2.0163084257826536e-05
53                                     1.5562368546086260e-03
54                                     1.2646204350411153e-03
55                                    -2.6413802480565463e-04
56                                    -1.9256865950580682e-03
57                                    -4.6728529082121217e-04
58                                     9.2623252654003285e-04
59                                     1.1679076155476920e-03
60                                    -3.7772522416096299e-04
61                                    -1.1102912177984869e-03
62                                    -3.1102562493237618e-05
63                                     2.0054058149537868e-04
64                                     4.1919213590202453e-05
65                                    -5.6597182055018180e-04
66                                     3.6173575093600974e-04
67                                     3.4029427055404585e-05
68                                    -8.1444119909725859e-04
69                                     2.2699944881664907e-04
70                                     3.4142273476671370e-04
71                                    -5.2364208200594842e-05
72                                     7.0372483891564808e-05
73                                    -5.2895395692961755e-04
74                                    -3.7987997604890800e-04
75                                    -3.2873838925816246e-04
76                                    -5.3481302612799764e-04
77                                     9.1458492001594838e-05
78                                    -1.0478088032228605e-06
79                                     1.1655356794873506e-04
80                                     1.5611853011580912e-04
81                                    -2.2761286687794646e-04
82                                     1.2320163643315951e-04
83                                    -2.5879656717497923e-04
84                                     1.7813374158878736e-04
85                                    -8.7741224515491822e-05
86                                    -1.1297425613648882e-05
87                                    -5.4219611129023570e-04
88                                     8.9059936059382450e-04
89                                    -1.0187995486267698e-03
90                                    -5.2577084353321035e-04
91                                    -4.1680433496803400e-04
92                                     3.7049723729937201e-04
93                                     2.9848502527353698e-04
94                                     3.3093314165899557e-05
95                                     1.1724032293364273e-04
96                                     1.3224428177545378e-04
97                                    -3.7335771051600491e-05
98                                     1.1769901375369152e-04
99                                    -6.0956948532461808e-05
100                                   -1.5328213812110247e-04
101                                    1.4822436444941745e-04
102                                   -1.9048739691898686e-05
103                                    2.8698364203860738e-04
104                                   -4.3674070601851245e-05
105                                    1.3557558627896871e-04
106                                    2.9254142655515958e-04
107                                    1.5036668257603636e-04
108                                   -3.7737982803224754e-04
109                                   -5.6485335760769750e-04
110                                   -8.1297530884542890e-04
111                                    3.6956582915396649e-04
112                                    2.1528885422276989e-04
113                                   -1.6094634485125381e-05
114                                   -3.0151033195552346e-04
115                                    2.6774909827646798e-04
116                                    2.1891452005881606e-04
117                                   -6.4824152223558196e-05
118                                   -1.3411339697716462e-04
119                                    2.6231725827977059e-04
120                                   -1.1669382977097520e-04
121                                   -6.3633016646608143e-05
122                                    2.0773645889256287e-04
   &Method [&Type "String"] "SCF"
   &Level [&Type "String"] "Relaxed density"
   &Mult [&Type "Integer"] 1
   &State [&Type "Integer"] 0
   &Irrep [&Type "Integer"] 0
$End
$Geometry
   &GeometryIndex 25
   &NAtoms [&Type "Integer"] 41
   &NCorelessECP [&Type "Integer"] 0
   &NGhostAtoms [&Type "Integer"] 0
   &CartesianCoordinates [&Type "Coordinates", &Dim(41,4), &Units "Bohr"] 
              O     -4.512338165114  -10.672468348687   -1.140279805723
              N     -3.309918833128   -9.280779625614   -2.564433370733
              C     -2.473012496558   -6.974177193366   -1.476002943067
              C     -1.079511397235   -5.364549446884   -3.044720451124
              C     -0.148001985756   -3.081285434273   -2.155284004885
              C     -0.592840011486   -2.321897074457    0.374733857509
              C     -2.070917830570   -3.947478298893    1.928435125230
              C     -2.971464852106   -6.220583245966    1.023146525789
              N      0.405740355494   -0.067190029709    1.291692222624
              C      1.676269031665    1.715530902956   -0.382052291553
              C      4.475417004205    1.066617598810   -0.796760957887
              O      5.645193506330    3.111738503462   -2.193321497645
              S      6.116165857310    2.768613241957   -5.243158884980
              O      6.106993044659    5.311370919233   -6.275321123929
              O      4.407594127741    0.816451032305   -6.194397521195
              C      9.295015063521    1.565914648951   -5.287798788136
              C      0.385390060285    0.611938610996    3.959598860557
              C     -1.588199039166    2.605184598913    4.697370598563
              O     -4.121799603982    1.643386281510    4.355794566565
              S     -5.901856376916    2.817429896270    2.077114483419
              O     -7.299082450873    0.696173630020    1.044774710265
              O     -4.350226767827    4.455353811524    0.481479376776
              C     -8.024473520543    4.751805820537    3.894580514764
              H     -0.723618415096   -5.949784259913   -4.980429337677
              H      0.939646739674   -1.913153735658   -3.437930994155
              H     -2.594032816089   -3.378851392930    3.822232415558
              H     -4.107675227403   -7.452052317228    2.205891268703
              H      0.697281571748    1.816155376473   -2.199560834338
              H      1.554736702480    3.607569420607    0.442769365768
              H      4.663564160737   -0.718746156399   -1.813970845617
              H      5.504836575080    0.943764032235    0.991669335957
              H      9.339453978094   -0.262701045190   -4.331468145151
              H      9.838095973184    1.345864491491   -7.267231332332
              H     10.523133424446    2.929015525894   -4.346636735808
              H      0.118190923504   -1.088050657368    5.095063231203
              H      2.250059301544    1.364600456936    4.483002041252
              H     -1.342913908720    4.326903088661    3.581117631950
              H     -1.416049998345    3.060386619911    6.708778441835
              H     -9.003075674722    3.547465938696    5.253563077211
              H     -6.942484635519    6.227305541227    4.847777637786
              H     -9.369283318958    5.587208254062    2.570174538854
$End
$SCF_Energy
   &GeometryIndex 25
   &Method [&Type "String"] "SCF"
   &totalEnergy [&Type "ArrayOfDoubles", &Dim (1,1)] "Total energy of each state"
                                                         0

0                                     -1.8995989286440206e+03
   &Mult [&Type "ArrayOfIntegers", &Dim (1,1)] "Multiplicity of each state"
                                                         0

0                                                        1
$End
$DFT_Energy
   &GeometryIndex 25
   &nAlphaEl [&Type "Integer"] 96
   &nBetaEl [&Type "Integer"] 96
   &nTotalEl [&Type "Integer"] 192
   &finalEn [&Type "Double"]      -1.8995989286440206e+03  "No Van der Waals correction"
   &eExchange [&Type "Double"]      -1.5074714238567898e+02
   &eCorr [&Type "Double"]      -8.0863974052388539e+00
   &eXC [&Type "Double"]      -1.5883353979091783e+02
   &eCNL [&Type "Double"]       0.0000000000000000e+00
$End
$SCF_Timings
   &GeometryIndex 25
   &TOTAL [&Type "Double"]       4.1263703999999997e+01
   &PREP [&Type "Double"]       6.1916300000000002e-01
   &FOCK [&Type "Double"]       3.8889958999999990e+01
   &DENS [&Type "Double"]       1.1404200000000486e-01
   &ETOT [&Type "Double"]       4.4362000000004898e-02
   &TRAFO [&Type "Double"]       8.4410000000003649e-02
   &DIIS [&Type "Double"]       3.2082699999999953e-01
   &SOSCF [&Type "Double"]       4.1991500000000670e-01
   &XC [&Type "Double"]       4.5625579999999930e+00
   &FOCKSTART [&Type "Double"]       1.3657999999999726e-02
   &INT_PREP [&Type "Double"]       7.9999999895719043e-06
   &INT_BF [&Type "Double"]       1.3923810000000350e+00
   &INT_DENS [&Type "Double"]       1.0650829999999090e+00
   &INT_DENSIO [&Type "Double"]       1.2180147007700024e+05
   &INT_FUNC [&Type "Double"]       1.6545100000006130e-01
   &INT_POT [&Type "Double"]       8.8292300000009138e-01
   &INT_POTIO [&Type "Double"]       4.2031999999976755e-02
   &INT_SUM [&Type "Double"]       9.9800000000449529e-04
   &SPLITRIJ [&Type "Double"]       5.1392880000000112e+00
   &COSX [&Type "Double"]       3.0236780999999990e+01
$End
$Single_Point_Data
   &GeometryIndex 25
   &FinalEnergy [&Type "Double"]      -1.8995989286440206e+03  "Final single point energy"
   &Converged [&Type "Boolean"] true
$End
$SCF_Nuc_Gradient
   &GeometryIndex 25
   &NAtoms [&Type "Integer"] 41
   &gradNorm [&Type "Double"]       8.4224442266389605e-03
   &grad [&Type "ArrayOfDoubles", &Dim (123,1)] 
                                                         0

0                                      6.5600405358301472e-05
1                                     -4.6597720371410745e-05
2                                     -9.6140596902855036e-05
3                                     -1.4228255746959184e-04
4                                     -1.0864608845327639e-04
5                                      5.9048168648323518e-05
6                                      3.7710564860173393e-04
7                                      1.8237109996813161e-04
8                                     -9.7193537275012953e-04
9                                     -4.3861579488839453e-04
10                                    -8.5147418274911235e-04
11                                     3.0930910001236711e-04
12                                    -1.6742062483640630e-04
13                                     8.4444370854018513e-04
14                                     9.8450541732184038e-04
15                                    -5.0869581734180880e-04
16                                     1.9733840272799508e-04
17                                    -5.9383962294517340e-04
18                                    -2.2786321430712936e-04
19                                    -9.4066881138863551e-04
20                                    -9.3669900829873587e-05
21                                     2.7293010343135138e-04
22                                     4.6456897950515608e-04
23                                     6.4414312990793143e-04
24                                     1.1353108120456118e-03
25                                    -7.8641039638524535e-04
26                                    -1.2608057686408145e-04
27                                     6.7177149504259182e-04
28                                    -1.5419193052174096e-04
29                                     3.7883062788541394e-04
30                                     3.3329980980769391e-03
31                                    -5.6302287377060778e-04
32                                     1.2359828096191391e-03
33                                    -3.3386030172529932e-03
34                                     1.3386887031546779e-04
35                                    -1.0392707269332724e-03
36                                     1.7803708400912777e-03
37                                    -2.5983747416688519e-04
38                                     6.7207845716779624e-04
39                                    -4.4836400572265990e-04
40                                    -1.5166097811283308e-03
41                                     1.1449487375594924e-04
42                                     3.9252218164606556e-04
43                                     1.6563421164690340e-03
44                                    -5.3874121785840723e-05
45                                    -2.1580764005633968e-04
46                                     4.9231831401654394e-04
47                                    -5.3162676545243093e-04
48                                     1.5615444498700490e-03
49                                     2.2247882211240272e-03
50                                    -3.7152667711628368e-04
51                                    -7.2305884438587931e-04
52                                     7.2384471474435524e-04
53                                     1.1881684513919445e-03
54                                    -5.0266701971070360e-04
55                                    -5.0862674941601349e-04
56                                    -2.8346952957750138e-04
57                                    -5.8958063479498668e-04
58                                    -6.2426179509717655e-04
59                                     4.0475310425758249e-04
60                                     1.3865130130693015e-03
61                                     1.9546235781499055e-03
62                                     9.3516447773911437e-04
63                                    -7.0631840630649978e-04
64                                    -7.9011115599048054e-04
65                                     4.3358267811055562e-04
66                                    -1.0060568652366098e-04
67                                     4.5944039817476245e-04
68                                    -9.3212803190601858e-04
69                                     1.0880272679264502e-04
70                                     7.6686711961412857e-05
71                                    -1.9353142867134521e-05
72                                     1.3614585905784293e-04
73                                    -1.0543088055674221e-04
74                                    -5.7269530846337791e-05
75                                    -9.9929200084045156e-05
76                                    -5.1783233672827306e-04
77                                    -2.9671521877711049e-04
78                                    -1.8576625333222019e-05
79                                     2.1993837307339448e-04
80                                     1.3253146361996704e-04
81                                    -7.5059414071851349e-04
82                                    -3.8145619925857022e-06
83                                    -4.0689218461176235e-04
84                                    -1.1167482802660819e-04
85                                     8.7949837823397825e-05
86                                     1.6163123244350430e-04
87                                    -1.1948803948892868e-03
88                                     3.3300717933076873e-04
89                                    -4.2155559504285234e-04
90                                     2.2853899565619673e-05
91                                    -4.0841140379791960e-04
92                                    -1.2050571733757121e-04
93                                    -8.2447653611599989e-05
94                                    -1.6288908584399797e-04
95                                    -1.5316088376349235e-05
96                                    -5.3091806622995730e-06
97                                    -2.6482566119395701e-05
98                                     9.5638692208188658e-05
99                                    -1.0207087702295004e-04
100                                   -6.4034932332840411e-05
101                                    9.8018668858126934e-05
102                                    2.5315192386170943e-05
103                                   -1.7677522929362977e-04
104                                   -6.8765658899513915e-04
105                                   -2.5402737938745590e-05
106                                   -1.0808748279017913e-03
107                                    9.7940273142534118e-05
108                                    1.2133187564784473e-04
109                                    1.1150228701142795e-04
110                                   -6.9381568544343852e-04
111                                   -1.1116020025548363e-03
112                                   -8.7954520878931464e-05
113                                   -2.5215302708714304e-04
114                                   -5.6456690583822633e-05
115                                   -1.9789762638190711e-04
116                                    9.9152171398331213e-07
117                                    1.3524619815069583e-04
118                                   -1.0157342526398438e-04
119                                    2.1467845236045058e-05
120                                    1.4246457736453999e-04
121                                   -7.8602458282547860e-05
122                                    9.6513540942227971e-05
   &Method [&Type "String"] "SCF"
   &Level [&Type "String"] "Relaxed density"
   &Mult [&Type "Integer"] 1
   &State [&Type "Integer"] 0
   &Irrep [&Type "Integer"] 0
$End
$Geometry
   &GeometryIndex 26
   &NAtoms [&Type "Integer"] 41
   &NCorelessECP [&Type "Integer"] 0
   &NGhostAtoms [&Type "Integer"] 0
   &CartesianCoordinates [&Type "Coordinates", &Dim(41,4), &Units "Bohr"] 
              O     -4.523795817541  -10.557072463931   -1.245709845828
              N     -3.265260337085   -9.163749540994   -2.620152499391
              C     -2.422309829806   -6.886700981637   -1.478797684937
              C     -0.971881764529   -5.270817790740   -2.991895998053
              C     -0.028849918248   -3.014649171737   -2.049535824092
              C     -0.523537463120   -2.285557168889    0.481926209381
              C     -2.054849510887   -3.912913895897    1.977303002289
              C     -2.965855984264   -6.161773634331    1.017772939349
              N      0.473347299070   -0.056213526569    1.456538318733
              C      1.810368559060    1.731821391568   -0.160022632909
              C      4.612485680786    1.045756500372   -0.480876607044
              O      5.909458576315    3.043146897703   -1.835407440048
              S      5.813924173686    3.042499495568   -4.936278477869
              O      6.058857154326    5.675354394650   -5.676133629785
              O      3.677948676876    1.488459496319   -5.756407848116
              C      8.702223363761    1.409539461144   -5.677679722627
              C      0.417941436132    0.562793372947    4.137883361498
              C     -1.540898786021    2.563075007944    4.881012059987
              O     -4.089098632530    1.683838140283    4.454383935155
              S     -5.623266576467    2.596283741746    1.890960853567
              O     -6.951285831768    0.376653269759    0.974162405447
              O     -3.903480903438    4.045302696614    0.281907557848
              C     -7.881327802564    4.726860303744    3.277179814612
              H     -0.579424280381   -5.823875098134   -4.929975729312
              H      1.096996757422   -1.844617745366   -3.297826314426
              H     -2.618153052441   -3.370577152343    3.868311552044
              H     -4.143509980677   -7.390297188558    2.162443495567
              H      0.895680081433    1.849364127206   -2.006572757520
              H      1.680959642158    3.620699351874    0.669613952830
              H      4.800460718029   -0.757375485553   -1.468896952898
              H      5.587189149982    0.931607823770    1.336221404382
              H      8.603046023983   -0.515787790102   -4.941046114711
              H      8.876337458633    1.375510587765   -7.734596844773
              H     10.272080393736    2.447659910018   -4.835092151726
              H      0.123088385850   -1.156797316114    5.237161135093
              H      2.277574000293    1.302144249382    4.703443273235
              H     -1.220531424468    4.312984058662    3.831652174712
              H     -1.419611122090    2.945837567257    6.910902502145
              H     -8.990231547606    3.685968789214    4.670455195582
              H     -6.877257345944    6.302796489267    4.151265143067
              H     -9.095549544067    5.402818807222    1.750404751747
$End
$SCF_Energy
   &GeometryIndex 26
   &Method [&Type "String"] "SCF"
   &totalEnergy [&Type "ArrayOfDoubles", &Dim (1,1)] "Total energy of each state"
                                                         0

0                                     -1.8995987250641758e+03
   &Mult [&Type "ArrayOfIntegers", &Dim (1,1)] "Multiplicity of each state"
                                                         0

0                                                        1
$End
$DFT_Energy
   &GeometryIndex 26
   &nAlphaEl [&Type "Integer"] 96
   &nBetaEl [&Type "Integer"] 96
   &nTotalEl [&Type "Integer"] 192
   &finalEn [&Type "Double"]      -1.8995987250641758e+03  "No Van der Waals correction"
   &eExchange [&Type "Double"]      -1.5074659033497704e+02
   &eCorr [&Type "Double"]      -8.0880828793796997e+00
   &eXC [&Type "Double"]      -1.5883467321435674e+02
   &eCNL [&Type "Double"]       0.0000000000000000e+00
$End
$SCF_Timings
   &GeometryIndex 26
   &TOTAL [&Type "Double"]       4.2751455000000000e+01
   &PREP [&Type "Double"]       6.4323699999999995e-01
   &FOCK [&Type "Double"]       4.0490752999999984e+01
   &DENS [&Type "Double"]       1.2784000000001328e-01
   &ETOT [&Type "Double"]       5.0174000000000163e-02
   &POP [&Type "Double"]       1.0000000045806701e-06
   &TRAFO [&Type "Double"]       8.4178000000002307e-02
   &DIIS [&Type "Double"]       3.3757899999999896e-01
   &SOSCF [&Type "Double"]       4.9058299999998756e-01
   &XC [&Type "Double"]       4.9498329999999990e+00
   &FOCKSTART [&Type "Double"]       1.5441999999985745e-02
   &INT_PREP [&Type "Double"]       7.9999999940127964e-06
   &INT_BF [&Type "Double"]       1.5607659999996866e+00
   &INT_DENS [&Type "Double"]       1.1952870000000999e+00
   &INT_DENSIO [&Type "Double"]       1.4601208314100030e+05
   &INT_FUNC [&Type "Double"]       1.8440799999988400e-01
   &INT_POT [&Type "Double"]       9.3026900000040325e-01
   &INT_POTIO [&Type "Double"]       4.6455999999969855e-02
   &INT_SUM [&Type "Double"]       7.0500000000528473e-04
   &SPLITRIJ [&Type "Double"]       5.4267839999999916e+00
   &COSX [&Type "Double"]       3.0884373000000000e+01
$End
$Single_Point_Data
   &GeometryIndex 26
   &FinalEnergy [&Type "Double"]      -1.8995987250641758e+03  "Final single point energy"
   &Converged [&Type "Boolean"] true
$End
$SCF_Nuc_Gradient
   &GeometryIndex 26
   &NAtoms [&Type "Integer"] 41
   &gradNorm [&Type "Double"]       8.2708046291851637e-03
   &grad [&Type "ArrayOfDoubles", &Dim (123,1)] 
                                                         0

0                                      4.5425153925859885e-06
1                                      3.6265177610017574e-05
2                                      3.6892489768125536e-06
3                                     -1.5531370569726866e-05
4                                     -6.8033768784607485e-05
5                                     -3.6988804226534278e-05
6                                      3.1999072196704781e-05
7                                     -4.4092114815819095e-05
8                                     -9.3143522261418532e-05
9                                     -3.8795969392350915e-04
10                                    -7.6156819859710123e-04
11                                    -4.7658144210205311e-06
12                                    -6.8929305606840741e-05
13                                     1.0765391080102826e-03
14                                     8.9969191957010863e-04
15                                    -9.3788010245592079e-04
16                                     5.0169943020796082e-05
17                                    -3.0258890905741909e-04
18                                     5.6718887867916908e-04
19                                     7.5282877105423140e-04
20                                    -9.3654443679716537e-05
21                                    -7.6701983677623931e-05
22                                    -4.0783675726822899e-04
23                                    -4.4252709670529466e-04
24                                     8.3412022425899401e-05
25                                    -2.3274673889916997e-04
26                                    -3.5606785566911353e-04
27                                     1.0663347413426769e-03
28                                    -7.3475045170232067e-05
29                                    -1.7236539428943168e-04
30                                     4.2071755359154653e-03
31                                    -8.2378894985465564e-04
32                                     2.3895222872104497e-03
33                                    -2.9678938933624804e-03
34                                    -3.2640154636881524e-04
35                                    -1.2378083670903511e-03
36                                     8.8373669479280270e-04
37                                     4.3594249313555489e-04
38                                    -1.4394495334529855e-04
39                                     3.9174560025986849e-05
40                                    -5.3602738853408827e-04
41                                     5.4115770039531164e-04
42                                    -8.5517652354127893e-04
43                                     3.8854354528855550e-04
44                                     1.4565960299937619e-03
45                                    -3.9811311210830730e-04
46                                     2.2691088132428816e-04
47                                    -3.2394863325135512e-04
48                                     8.2070507693612904e-05
49                                     1.4284051137712153e-03
50                                     3.8587500546666265e-06
51                                    -1.8873028890135923e-04
52                                     5.8887947513094896e-04
53                                     1.8007012185244677e-03
54                                     5.0172758662812844e-04
55                                    -3.9579892956928542e-05
56                                    -7.5721829054573031e-04
57                                    -7.8912761857173261e-04
58                                    -1.0202980954889668e-03
59                                     5.9119274107288788e-05
60                                     6.3064992862232883e-04
61                                     7.6042613087418109e-04
62                                     8.9505695603975255e-04
63                                     4.7682660216041839e-04
64                                    -4.1028586244618026e-04
65                                    -2.7530921734147951e-04
66                                     1.9446206634343190e-04
67                                     3.2498991910132405e-04
68                                    -9.0850057784053195e-04
69                                     3.3293558581840021e-04
70                                     5.6528675179973176e-04
71                                    -6.6934157689102491e-05
72                                     5.6727437511719381e-04
73                                    -7.2159313926258017e-04
74                                    -7.0331164290457493e-04
75                                    -3.9252512258587668e-04
76                                    -7.1163738149061795e-04
77                                     7.9387622391402513e-05
78                                     2.0117619941445453e-05
79                                     3.8758732023669307e-04
80                                     4.3284125237154358e-04
81                                    -2.1959747516053785e-04
82                                    -5.0714025515426892e-05
83                                    -1.2713888755081504e-03
84                                    -3.0439205051767393e-05
85                                     1.2980953198415968e-04
86                                    -4.0469105992065046e-04
87                                    -1.9845593065631571e-03
88                                     8.0879866625804819e-04
89                                    -4.4475374411358237e-04
90                                    -2.8175254567289199e-04
91                                     1.0849786811791343e-04
92                                    -2.6605424839620806e-05
93                                     7.1615879848749980e-05
94                                    -1.0990668971311290e-04
95                                    -4.1613995515693558e-05
96                                     7.9925509661113447e-05
97                                    -3.5976629665826487e-05
98                                     1.8416543773297489e-05
99                                    -1.2730990216486271e-04
100                                   -5.1640003800021428e-05
101                                    1.2729624682539242e-04
102                                    1.2630407575274852e-04
103                                   -2.6241676326060892e-04
104                                   -5.3032463183096124e-04
105                                   -9.0074010733465215e-06
106                                   -2.1747351523749431e-04
107                                    1.9366818391566842e-04
108                                    3.4007540158366434e-04
109                                   -7.2507309931568731e-04
110                                   -5.5459460226947588e-04
111                                   -3.8606869824356002e-04
112                                   -3.1207136544440794e-04
113                                    6.9984584001703265e-05
114                                   -4.8682225344237606e-05
115                                   -7.7079709191518742e-05
116                                   -1.9062040147899140e-05
117                                   -4.4352524100191304e-05
118                                   -3.2891020884134869e-05
119                                    1.4316247612843058e-04
120                                   -9.7210966995969761e-05
121                                   -1.7273016159988219e-05
122                                    9.7961633875071064e-05
   &Method [&Type "String"] "SCF"
   &Level [&Type "String"] "Relaxed density"
   &Mult [&Type "Integer"] 1
   &State [&Type "Integer"] 0
   &Irrep [&Type "Integer"] 0
$End
$Geometry
   &GeometryIndex 27
   &NAtoms [&Type "Integer"] 41
   &NCorelessECP [&Type "Integer"] 0
   &NGhostAtoms [&Type "Integer"] 0
   &CartesianCoordinates [&Type "Coordinates", &Dim(41,4), &Units "Bohr"] 
              O     -4.458761584060  -10.655930323465   -1.111324977430
              N     -3.191489477336   -9.318129048999   -2.531341003780
              C     -2.408459962509   -6.967138095653   -1.495831401244
              C     -0.949311725741   -5.416413188412   -3.066461422929
              C     -0.053757763031   -3.100232979767   -2.226924082293
              C     -0.617832040364   -2.249197139599    0.249386451848
              C     -2.164525053944   -3.808812375178    1.798937379840
              C     -3.023791353395   -6.119605886476    0.945289888701
              N      0.330255497656    0.037289490820    1.143128793836
              C      1.689901327369    1.770968186959   -0.512604430485
              C      4.519822340262    1.138143065164   -0.676078080106
              O      5.852787927936    3.090060238830   -2.062867288132
              S      6.146096816621    2.756917300778   -5.134145053172
              O      6.241585324348    5.305735877468   -6.149459200381
              O      4.295438288152    0.897919172928   -6.007625894407
              C      9.248278001941    1.375685021315   -5.335616721420
              C      0.376119579575    0.655974951658    3.822460898589
              C     -1.566898441416    2.626850120538    4.682603288865
              O     -4.123148610411    1.706407869029    4.418850451573
              S     -5.945386698962    2.874516611541    2.163303498985
              O     -7.257234510867    0.734472566933    1.054849659334
              O     -4.465750603324    4.643510293609    0.639378803563
              C     -8.149201521897    4.638279970277    4.060291153972
              H     -0.509061062880   -6.075778286456   -4.960580546855
              H      1.090828744712   -1.974096923646   -3.497672467408
              H     -2.776384866042   -3.148364341141    3.637411044002
              H     -4.210955948585   -7.304245070216    2.125800104903
              H      0.859881084430    1.749641688654   -2.395762663147
              H      1.466398066458    3.701823713876    0.195774439387
              H      4.802787803883   -0.716530178333   -1.545340055314
              H      5.415414287010    1.136183309461    1.186756043106
              H      9.236475139347   -0.459052321195   -4.391557563061
              H      9.676732860353    1.139589336281   -7.342042104944
              H     10.596267082957    2.666141053774   -4.457440069259
              H      0.169083092897   -1.075386873115    4.928753921938
              H      2.242652844490    1.432685606792    4.308578732611
              H     -1.340227525178    4.388579130613    3.631357622922
              H     -1.307831359892    3.003442533078    6.702781788156
              H     -9.036950978559    3.340088417031    5.393770173074
              H     -7.142416673321    6.150002183494    5.038658447101
              H     -9.557428273094    5.428005301851    2.772552401669
$End
$SCF_Energy
   &GeometryIndex 27
   &Method [&Type "String"] "SCF"
   &totalEnergy [&Type "ArrayOfDoubles", &Dim (1,1)] "Total energy of each state"
                                                         0

0                                     -1.8995994723521715e+03
   &Mult [&Type "ArrayOfIntegers", &Dim (1,1)] "Multiplicity of each state"
                                                         0

0                                                        1
$End
$DFT_Energy
   &GeometryIndex 27
   &nAlphaEl [&Type "Integer"] 96
   &nBetaEl [&Type "Integer"] 96
   &nTotalEl [&Type "Integer"] 192
   &finalEn [&Type "Double"]      -1.8995994723521715e+03  "No Van der Waals correction"
   &eExchange [&Type "Double"]      -1.5074531874958797e+02
   &eCorr [&Type "Double"]      -8.0866780122278392e+00
   &eXC [&Type "Double"]      -1.5883199676181582e+02
   &eCNL [&Type "Double"]       0.0000000000000000e+00
$End
$SCF_Timings
   &GeometryIndex 27
   &TOTAL [&Type "Double"]       3.9497493999999996e+01
   &PREP [&Type "Double"]       6.6707899999999998e-01
   &FOCK [&Type "Double"]       3.6783986999999996e+01
   &DENS [&Type "Double"]       9.7305999999999671e-02
   &ETOT [&Type "Double"]       3.8951000000010616e-02
   &POP [&Type "Double"]       1.0000000045806701e-06
   &TRAFO [&Type "Double"]       7.3052000000001449e-02
   &DIIS [&Type "Double"]       3.0384699999999842e-01
   &SOSCF [&Type "Double"]       3.0479700000000065e-01
   &XC [&Type "Double"]       3.8490600000000033e+00
   &FOCKSTART [&Type "Double"]       1.3594000000004658e-02
   &INT_PREP [&Type "Double"]       5.9999999999504894e-06
   &INT_BF [&Type "Double"]       1.1416780000000184e+00
   &INT_DENS [&Type "Double"]       8.9773199999996844e-01
   &INT_DENSIO [&Type "Double"]       9.1759561344000191e+04
   &INT_FUNC [&Type "Double"]       1.3633399999987184e-01
   &INT_POT [&Type "Double"]       8.1954399999985306e-01
   &INT_POTIO [&Type "Double"]       3.3702000000123356e-02
   &INT_SUM [&Type "Double"]       5.4699999999652249e-04
   &SPLITRIJ [&Type "Double"]       4.3894100000000016e+00
   &COSX [&Type "Double"]       3.0137326000000005e+01
$End
$Single_Point_Data
   &GeometryIndex 27
   &FinalEnergy [&Type "Double"]      -1.8995994723521715e+03  "Final single point energy"
   &Converged [&Type "Boolean"] true
$End
$SCF_Nuc_Gradient
   &GeometryIndex 27
   &NAtoms [&Type "Integer"] 41
   &gradNorm [&Type "Double"]       6.5505640440938111e-03
   &grad [&Type "ArrayOfDoubles", &Dim (123,1)] 
                                                         0

0                                     -1.9662692689792483e-04
1                                     -2.2548746102296624e-04
2                                      1.2533323714442046e-04
3                                      1.1686359915535904e-04
4                                     -1.0752036874559640e-04
5                                     -2.2308553074762427e-04
6                                      5.6292145449480732e-04
7                                      5.6621118110339319e-04
8                                     -1.3627898149105692e-04
9                                     -6.1305285120197284e-04
10                                    -8.2463343509026760e-04
11                                     2.3565956859834813e-04
12                                     6.0499321698130604e-04
13                                     3.9908558603471422e-04
14                                     2.6928013585096611e-04
15                                    -1.4498660455240231e-03
16                                     2.8593933320705811e-04
17                                    -1.1224092310514744e-04
18                                     6.3911643805470569e-04
19                                    -2.6982522564583666e-05
20                                    -1.3786803611527676e-04
21                                    -2.2212182297351446e-04
22                                    -3.3564024985754948e-04
23                                    -1.7654125110579122e-04
24                                     1.1403561853807961e-03
25                                    -4.5675654864996140e-04
26                                     3.6424023591680871e-04
27                                    -7.2226333996920633e-04
28                                    -6.2457536063945107e-05
29                                    -1.2589025021442456e-03
30                                     9.6839265244776096e-04
31                                     4.8145532191181534e-04
32                                    -2.6819125213233680e-04
33                                    -4.5555090733709336e-04
34                                     8.5590436791579960e-04
35                                    -6.6848867048852068e-04
36                                    -1.4529966736979150e-03
37                                     5.4491503152388071e-04
38                                     7.2210020613402981e-04
39                                     6.8978849775084769e-04
40                                    -8.6627788983817400e-04
41                                     6.8042218254382725e-04
42                                     6.7499834183676333e-04
43                                     1.2780174292104096e-04
44                                     7.9493376680303540e-04
45                                     1.2553928409246920e-04
46                                    -2.6222258544752325e-04
47                                     4.5239533275322208e-04
48                                     4.2756299049664243e-04
49                                     4.5841898449072715e-04
50                                    -1.7499499949770406e-03
51                                    -9.6202726875766614e-04
52                                     1.3829655041439140e-03
53                                    -4.7315117989151292e-04
54                                    -5.8006729427140247e-04
55                                    -6.1619131793766435e-04
56                                     5.5634774504323414e-04
57                                    -1.8817442808851531e-04
58                                    -1.5298706346610486e-03
59                                    -1.5521994301404829e-03
60                                     4.0300849989516330e-04
61                                     1.1724028603213310e-03
62                                     1.5070328313223080e-03
63                                    -3.8745571397499901e-04
64                                     3.7429082307105510e-04
65                                     6.3765569606924477e-04
66                                    -9.0199715965431915e-05
67                                     4.3693483732198946e-04
68                                     2.4172705226199048e-04
69                                     1.2748560404729492e-04
70                                     3.1513215183739257e-04
71                                    -9.0206311459062327e-05
72                                    -7.1575646893751177e-05
73                                     9.2262121323030688e-05
74                                     1.0585871391394219e-04
75                                    -4.8057344327258333e-05
76                                     1.4827197640304712e-04
77                                     3.2333690034758167e-04
78                                     7.8496204745232001e-05
79                                     3.1500366756392895e-04
80                                     3.8607130317935834e-04
81                                     8.4747496564960278e-04
82                                    -2.4399293335097480e-04
83                                     1.2170263493564148e-03
84                                    -2.9446390177226972e-04
85                                     2.2903075899033398e-04
86                                    -6.4370984222022337e-04
87                                    -5.8953697310049069e-04
88                                    -9.5670647589943258e-04
89                                    -9.6921003460842536e-05
90                                     6.8267999243953881e-04
91                                    -3.8326228170760049e-05
92                                    -3.3230274594167608e-04
93                                    -1.0834552071371014e-04
94                                    -1.6060896648945056e-04
95                                    -2.6603034951259985e-04
96                                    -5.7956735374099788e-05
97                                     6.3601347532950270e-05
98                                    -1.5679043274718918e-04
99                                    -6.2520898968521088e-06
100                                    2.6163676821064352e-04
101                                   -1.0898925577181029e-04
102                                    1.7438935734396047e-04
103                                   -1.0415955590450943e-03
104                                   -2.4847610265832376e-04
105                                   -2.5079190709720312e-04
106                                   -5.7056365912813711e-05
107                                    3.0572409962875691e-05
108                                    6.6278470573447393e-04
109                                   -4.5346636490026238e-04
110                                    3.8959551433379036e-04
111                                   -3.8029167282555010e-04
112                                   -2.9709648348025253e-04
113                                    2.3965793513583411e-04
114                                    2.0231393559591582e-04
115                                   -2.7953980536216116e-04
116                                   -2.8886631271653196e-04
117                                   -1.8109746427075191e-05
118                                    2.3051206405985680e-04
119                                   -7.8375038282507692e-05
120                                    1.6618173048876805e-05
121                                    1.0065293059588476e-04
122                                   -2.1168234826099419e-04
   &Method [&Type "String"] "SCF"
   &Level [&Type "String"] "Relaxed density"
   &Mult [&Type "Integer"] 1
   &State [&Type "Integer"] 0
   &Irrep [&Type "Integer"] 0
$End
$Geometry
   &GeometryIndex 28
   &NAtoms [&Type "Integer"] 41
   &NCorelessECP [&Type "Integer"] 0
   &NGhostAtoms [&Type "Integer"] 0
   &CartesianCoordinates [&Type "Coordinates", &Dim(41,4), &Units "Bohr"] 
              O     -4.690720069560  -10.525106574372   -1.162207840770
              N     -3.435435915195   -9.168689069290   -2.575752380594
              C     -2.551968282154   -6.884173524934   -1.482961601671
              C     -1.102753508326   -5.310005423448   -3.040571721865
              C     -0.127175706375   -3.048324670397   -2.148729521701
              C     -0.584026036286   -2.269300724117    0.376735971274
              C     -2.115319824599   -3.855908130738    1.917370499279
              C     -3.057586511556   -6.112058760106    1.007379452925
              N      0.426915534840   -0.024424233666    1.296179546875
              C      1.723712853302    1.750726664165   -0.370475003561
              C      4.531562238093    1.088010388248   -0.697994063595
              O      5.796905138855    3.039098321070   -2.151532048578
              S      6.105883748991    2.655626711556   -5.222516381512
              O      5.975324467045    5.178122838784   -6.301512769770
              O      4.416834045688    0.628303232683   -6.051410567264
              C      9.314716712061    1.543853493622   -5.397273698630
              C      0.426997478978    0.640462601646    3.969548708320
              C     -1.530423073404    2.630848043115    4.730333779899
              O     -4.069248348186    1.692650198880    4.383644633945
              S     -5.821411653779    2.820226604525    2.052608561090
              O     -7.029947522875    0.652892195484    0.875714389699
              O     -4.317432848856    4.622264835095    0.590834498022
              C     -8.142138752730    4.524103933513    3.860965773733
              H     -0.741160351995   -5.905519660302   -4.972134091428
              H      0.990121489189   -1.905884356287   -3.428291395816
              H     -2.652368840530   -3.271062040414    3.802505118415
              H     -4.237069049244   -7.311059609913    2.181127364831
              H      0.788036226432    1.830489066882   -2.208916074062
              H      1.580705380982    3.649350873873    0.434568472704
              H      4.762177078594   -0.757199465141   -1.593671761098
              H      5.509713225688    1.068657790113    1.123260073000
              H      9.465971082409   -0.247313197407   -4.384118980418
              H      9.761488182124    1.272430257813   -7.394456058900
              H     10.546874113418    2.974184875785   -4.567692106757
              H      0.185123803792   -1.057957534099    5.113428055687
              H      2.288769813234    1.419266270144    4.471395339478
              H     -1.275326507533    4.372360205598    3.649462000223
              H     -1.335737441707    3.054220244550    6.748237790140
              H     -9.073927690192    3.200941848280    5.139542990321
              H     -7.204471264356    6.034945891811    4.906187660485
              H     -9.502183338688    5.309949568499    2.521187349847
$End
$SCF_Energy
   &GeometryIndex 28
   &Method [&Type "String"] "SCF"
   &totalEnergy [&Type "ArrayOfDoubles", &Dim (1,1)] "Total energy of each state"
                                                         0

0                                     -1.8995995215421208e+03
   &Mult [&Type "ArrayOfIntegers", &Dim (1,1)] "Multiplicity of each state"
                                                         0

0                                                        1
$End
$DFT_Energy
   &GeometryIndex 28
   &nAlphaEl [&Type "Integer"] 96
   &nBetaEl [&Type "Integer"] 96
   &nTotalEl [&Type "Integer"] 192
   &finalEn [&Type "Double"]      -1.8995995215421208e+03  "No Van der Waals correction"
   &eExchange [&Type "Double"]      -1.5074215299579470e+02
   &eCorr [&Type "Double"]      -8.0862943711407169e+00
   &eXC [&Type "Double"]      -1.5882844736693542e+02
   &eCNL [&Type "Double"]       0.0000000000000000e+00
$End
$SCF_Timings
   &GeometryIndex 28
   &TOTAL [&Type "Double"]       3.9118808999999999e+01
   &PREP [&Type "Double"]       6.2384899999999999e-01
   &FOCK [&Type "Double"]       3.6782989000000015e+01
   &DENS [&Type "Double"]       1.1457700000000415e-01
   &ETOT [&Type "Double"]       4.1926999999997605e-02
   &POP [&Type "Double"]       9.9999999747524271e-07
   &TRAFO [&Type "Double"]       7.2716000000001557e-02
   &DIIS [&Type "Double"]       3.1799399999999878e-01
   &SOSCF [&Type "Double"]       3.8748600000000000e-01
   &XC [&Type "Double"]       4.3241280000000044e+00
   &FOCKSTART [&Type "Double"]       1.2933999999997892e-02
   &INT_PREP [&Type "Double"]       4.0000000041118255e-06
   &INT_BF [&Type "Double"]       1.3659850000000553e+00
   &INT_DENS [&Type "Double"]       1.0875140000001000e+00
   &INT_DENSIO [&Type "Double"]       1.1426444084700025e+05
   &INT_FUNC [&Type "Double"]       1.5615900000000771e-01
   &INT_POT [&Type "Double"]       9.1701700000010877e-01
   &INT_POTIO [&Type "Double"]       3.9671999999973284e-02
   &INT_SUM [&Type "Double"]       9.4699999999381390e-04
   &SPLITRIJ [&Type "Double"]       4.7803079999999918e+00
   &COSX [&Type "Double"]       2.8739978999999991e+01
$End
$Single_Point_Data
   &GeometryIndex 28
   &FinalEnergy [&Type "Double"]      -1.8995995215421208e+03  "Final single point energy"
   &Converged [&Type "Boolean"] true
$End
$SCF_Nuc_Gradient
   &GeometryIndex 28
   &NAtoms [&Type "Integer"] 41
   &gradNorm [&Type "Double"]       4.1638380247106073e-03
   &grad [&Type "ArrayOfDoubles", &Dim (123,1)] 
                                                         0

0                                      3.3306337522798213e-05
1                                      5.2268336480143507e-05
2                                      4.1150794163336002e-06
3                                      7.0938237877377075e-05
4                                      2.7377246047748105e-04
5                                      9.7075358188480898e-05
6                                     -3.4443499598832417e-04
7                                     -5.9093128702442099e-04
8                                     -4.0034450484194989e-04
9                                     -6.5062180315197948e-05
10                                     3.0491697774900905e-05
11                                     2.7774867792942914e-04
12                                     8.3318920807762265e-05
13                                    -2.2642672555310550e-04
14                                    -3.7042372016821146e-04
15                                     8.6409678929254621e-04
16                                     1.3987243231372432e-03
17                                     1.0144774932956263e-03
18                                    -3.0802629878516619e-04
19                                     2.5981655940828657e-04
20                                    -7.2780726894428049e-05
21                                     1.5713245651902130e-04
22                                    -1.2582177289593988e-04
23                                    -1.3506433655055550e-04
24                                     2.4179821725169026e-04
25                                    -2.0222398467737435e-03
26                                    -2.5282307538867718e-04
27                                    -6.9951590460418100e-04
28                                     2.5385217615195993e-04
29                                     3.3133968725074237e-04
30                                     3.7794714668352991e-04
31                                    -2.1542584672160081e-04
32                                     1.0936897817795388e-05
33                                    -5.5069930888337892e-04
34                                     8.6381754876357908e-04
35                                    -5.2895362176251515e-04
36                                     5.1223275489614695e-04
37                                    -6.5053586072602587e-05
38                                     1.2711964900229134e-04
39                                     1.2016752887371654e-04
40                                    -2.3600101799853279e-04
41                                     3.3614001196091703e-04
42                                     1.8911512341968084e-04
43                                    -2.6957228403734490e-05
44                                    -5.8332754831780242e-04
45                                    -1.6379853478364070e-04
46                                     3.8012031999060114e-05
47                                    -3.3802214273073727e-04
48                                    -4.7636102232823802e-04
49                                     5.0288949946931949e-04
50                                     5.1168603687355360e-04
51                                    -1.9011120886139321e-04
52                                     3.9501687533033403e-04
53                                     2.6736527329443427e-04
54                                     3.3319798385876565e-04
55                                    -8.6329093898948606e-04
56                                    -5.3120711791697361e-04
57                                    -6.2858262546551177e-05
58                                     3.8576910847620827e-04
59                                    -1.1043621400824710e-04
60                                     2.1932328309104410e-05
61                                    -2.2211681570755148e-04
62                                     3.0979862373931022e-04
63                                    -2.8335598583803523e-04
64                                    -1.4346375230567254e-05
65                                     3.3810895628538784e-06
66                                     1.0879028391643300e-04
67                                     3.0007099251968660e-04
68                                    -3.2889009822179710e-04
69                                     1.5772262412859506e-04
70                                     2.0155884130076962e-04
71                                    -5.2536197078900670e-05
72                                    -4.7354119942655259e-04
73                                    -2.4198698443658739e-04
74                                    -2.5967976834612161e-04
75                                    -4.0639034269031316e-04
76                                    -7.7199336593500312e-04
77                                    -2.2807493869503315e-04
78                                    -1.6666732333095458e-05
79                                     2.4669979714801726e-04
80                                     1.5952627536264252e-04
81                                    -8.5997786465535908e-05
82                                     4.2557203827801870e-04
83                                    -6.6041395289762050e-05
84                                     5.5415949820633234e-05
85                                    -1.7088556931676990e-04
86                                     1.5463103018677204e-04
87                                     7.4826017529228128e-05
88                                    -2.9129502896768633e-05
89                                     2.8224622501982211e-04
90                                     1.8017507981485381e-05
91                                    -1.4074631353068294e-04
92                                    -7.2389156797303400e-05
93                                     1.2143516482404117e-04
94                                    -1.6410847667208683e-05
95                                    -4.2235448286270794e-05
96                                     6.8669266214314850e-05
97                                    -1.0435898390518186e-04
98                                     8.9962915494068429e-05
99                                    -7.1165887336577249e-05
100                                   -1.4656774025345598e-05
101                                    1.8434264118058485e-05
102                                    1.6253664462130904e-04
103                                    3.4349861857302377e-04
104                                    8.1695848954566053e-05
105                                   -1.1912257115076486e-04
106                                    2.5380502341651456e-04
107                                    7.2911496519403873e-05
108                                    4.3137379006416218e-04
109                                   -4.3268888666209149e-05
110                                    5.9841574558794353e-05
111                                    2.6105211468954032e-04
112                                   -6.1023666230730633e-06
113                                    3.5951990444982318e-06
114                                   -9.8452136952392744e-05
115                                   -6.5008220513640413e-07
116                                    2.1559083114575106e-06
117                                   -4.7297719622876877e-05
118                                   -1.0038150605559681e-04
119                                    5.7096341241069659e-05
120                                   -2.1653042726055283e-06
121                                    2.3546668302371065e-05
122                                    9.9948902902560754e-05
   &Method [&Type "String"] "SCF"
   &Level [&Type "String"] "Relaxed density"
   &Mult [&Type "Integer"] 1
   &State [&Type "Integer"] 0
   &Irrep [&Type "Integer"] 0
$End
$Geometry
   &GeometryIndex 29
   &NAtoms [&Type "Integer"] 41
   &NCorelessECP [&Type "Integer"] 0
   &NGhostAtoms [&Type "Integer"] 0
   &CartesianCoordinates [&Type "Coordinates", &Dim(41,4), &Units "Bohr"] 
              O     -4.627436007607  -10.573372143499   -1.139671741275
              N     -3.344543307163   -9.237611903021   -2.547772349559
              C     -2.500842330892   -6.925863807511   -1.478581853594
              C     -1.019397461484   -5.377875681711   -3.031719350022
              C     -0.073931854506   -3.095009599262   -2.160249641019
              C     -0.599515225559   -2.272927598652    0.336318729522
              C     -2.166181134399   -3.830947634849    1.870032420073
              C     -3.077073191318   -6.108243715532    0.982215600439
              N      0.382923383326   -0.009382861484    1.246211819617
              C      1.718082910025    1.743383524740   -0.411841769031
              C      4.535308104881    1.087080442997   -0.657296087661
              O      5.845785827327    3.029171295671   -2.082158192137
              S      6.083442975729    2.698899172240   -5.165232681286
              O      5.990459159677    5.241592317692   -6.200442306144
              O      4.330604099676    0.726032032038   -5.993464774024
              C      9.260521443502    1.514009281607   -5.424645588212
              C      0.412547375271    0.630859616369    3.924358952709
              C     -1.515731030628    2.634868420512    4.727056923725
              O     -4.071765364666    1.737798399085    4.396058443935
              S     -5.814029266933    2.896395370667    2.072889272408
              O     -7.001455444155    0.747070153330    0.842681088579
              O     -4.311629924289    4.737151218188    0.658124544490
              C     -8.157805195919    4.548652506781    3.899343328398
              H     -0.606865797166   -6.015805290614   -4.939395800739
              H      1.079766534628   -1.971401166339   -3.424788723831
              H     -2.752934223122   -3.196437174368    3.724603687895
              H     -4.283251606827   -7.290661641217    2.145681960991
              H      0.832153000129    1.780969593749   -2.275535838567
              H      1.541639353535    3.656432534737    0.353095180887
              H      4.793000815285   -0.764840214347   -1.532238521574
              H      5.470289060074    1.082015294525    1.186370721720
              H      9.385225065392   -0.300410024955   -4.450221664262
              H      9.659495935736    1.272049277332   -7.435769872300
              H     10.543992660628    2.897834769809   -4.593961731448
              H      0.160823819927   -1.078846240156    5.050361698699
              H      2.286557354642    1.382895217468    4.422521338144
              H     -1.250605509034    4.389335492212    3.669685606991
              H     -1.299608709563    3.025808513182    6.749059202950
              H     -9.076798481646    3.195964589994    5.155880567381
              H     -7.238740571004    6.055710021774    4.966287903289
              H     -9.522477165922    5.337657621921    2.566149456047
$End
$SCF_Energy
   &GeometryIndex 29
   &Method [&Type "String"] "SCF"
   &totalEnergy [&Type "ArrayOfDoubles", &Dim (1,1)] "Total energy of each state"
                                                         0

0                                     -1.8995997296018877e+03
   &Mult [&Type "ArrayOfIntegers", &Dim (1,1)] "Multiplicity of each state"
                                                         0

0                                                        1
$End
$DFT_Energy
   &GeometryIndex 29
   &nAlphaEl [&Type "Integer"] 96
   &nBetaEl [&Type "Integer"] 96
   &nTotalEl [&Type "Integer"] 192
   &finalEn [&Type "Double"]      -1.8995997296018877e+03  "No Van der Waals correction"
   &eExchange [&Type "Double"]      -1.5074265401662910e+02
   &eCorr [&Type "Double"]      -8.0865338700003857e+00
   &eXC [&Type "Double"]      -1.5882918788662948e+02
   &eCNL [&Type "Double"]       0.0000000000000000e+00
$End
$SCF_Timings
   &GeometryIndex 29
   &TOTAL [&Type "Double"]       3.6063920000000003e+01
   &PREP [&Type "Double"]       6.2827300000000008e-01
   &FOCK [&Type "Double"]       3.3718015999999992e+01
   &DENS [&Type "Double"]       1.0386599999998936e-01
   &ETOT [&Type "Double"]       3.8774000000002751e-02
   &POP [&Type "Double"]       9.9999999747524271e-07
   &TRAFO [&Type "Double"]       7.6049000000001143e-02
   &DIIS [&Type "Double"]       3.2347899999999807e-01
   &SOSCF [&Type "Double"]       3.4615500000000488e-01
   &XC [&Type "Double"]       4.1432929999999937e+00
   &FOCKSTART [&Type "Double"]       1.4359999999996931e-02
   &INT_PREP [&Type "Double"]       8.0000000055591158e-06
   &INT_BF [&Type "Double"]       1.2522510000000686e+00
   &INT_DENS [&Type "Double"]       9.8596199999997136e-01
   &INT_DENSIO [&Type "Double"]       9.7062261567000183e+04
   &INT_FUNC [&Type "Double"]       1.4581499999993586e-01
   &INT_POT [&Type "Double"]       7.8790000000010529e-01
   &INT_POTIO [&Type "Double"]       3.7341999999925157e-02
   &INT_SUM [&Type "Double"]       8.0299999999855487e-04
   &SPLITRIJ [&Type "Double"]       4.3931969999999936e+00
   &COSX [&Type "Double"]       2.6317095999999996e+01
$End
$Single_Point_Data
   &GeometryIndex 29
   &FinalEnergy [&Type "Double"]      -1.8995997296018877e+03  "Final single point energy"
   &Converged [&Type "Boolean"] true
$End
$SCF_Nuc_Gradient
   &GeometryIndex 29
   &NAtoms [&Type "Integer"] 41
   &gradNorm [&Type "Double"]       2.8063142004888146e-03
   &grad [&Type "ArrayOfDoubles", &Dim (123,1)] 
                                                         0

0                                      2.4682096362693695e-05
1                                      2.2666158930151337e-05
2                                     -3.5040378189021837e-06
3                                      2.1233248645752267e-05
4                                      1.3803487953029797e-04
5                                      7.7346669731470641e-05
6                                     -1.5931024716562409e-05
7                                     -2.2421637311298426e-04
8                                     -3.9489864518747059e-04
9                                     -1.2271180887564806e-04
10                                    -3.8256327050942285e-05
11                                     2.3138796999630507e-04
12                                     2.7954103567359723e-05
13                                    -1.4848276371921820e-04
14                                    -2.6987637691187893e-04
15                                     2.2266598151998891e-04
16                                     9.1609781855735151e-04
17                                     5.1530645002382733e-04
18                                    -2.4919224313200896e-04
19                                    -1.6589777433625302e-04
20                                     2.5724167097951334e-05
21                                     7.7293563411004462e-05
22                                    -3.6183118937438419e-05
23                                     1.1035329390569892e-05
24                                     3.8613316800391317e-04
25                                    -1.3155670561498869e-03
26                                    -1.9083241190849531e-04
27                                    -3.2744845410965367e-04
28                                     1.4947134871573509e-04
29                                     2.9127867176963196e-04
30                                     2.7165222610846251e-04
31                                    -2.7239371475018537e-04
32                                    -1.6859624133598594e-04
33                                    -4.1985515430992271e-04
34                                     8.2141835695798138e-04
35                                    -1.7354529580330957e-04
36                                     1.5100358089140120e-04
37                                    -7.8835563887963422e-05
38                                     4.4129756453964442e-04
39                                     1.1951372215536710e-04
40                                    -1.7676661149523820e-04
41                                     1.5865414126625677e-04
42                                     1.0723988764085868e-04
43                                     6.3892184987812684e-05
44                                    -2.4752779614647946e-04
45                                     1.0029412442949526e-05
46                                    -8.3186279346177117e-05
47                                    -1.3967296636502313e-04
48                                    -5.5121746106376324e-06
49                                     3.6402316090856923e-04
50                                    -1.3586563869536286e-04
51                                    -3.7717424402518990e-04
52                                     5.0400583124028675e-04
53                                     1.7020493429584921e-04
54                                     1.4440220185812924e-04
55                                    -7.8692725405288266e-04
56                                    -4.3349627363145626e-04
57                                    -1.2789825031604002e-04
58                                    -2.7098915276378699e-05
59                                     3.7693644761083167e-05
60                                     1.5713876579692698e-04
61                                     2.1934807896473174e-05
62                                     4.8245050204204221e-04
63                                    -2.3052838314752133e-04
64                                     1.2336966133408289e-04
65                                     5.8624081902131087e-05
66                                    -8.9440025473076432e-05
67                                     3.8199154802474877e-04
68                                    -1.9696285585565909e-04
69                                     7.2805883472068511e-05
70                                     6.3350147118973466e-05
71                                    -1.4001041403477466e-05
72                                    -1.0420222336628149e-04
73                                    -5.8582938759946246e-05
74                                    -1.8863987148814987e-05
75                                    -1.8380892435546081e-04
76                                    -2.6098335790845917e-04
77                                    -1.1006387824680219e-04
78                                    -1.3319290853949783e-05
79                                     1.5484850018146479e-04
80                                     1.0050183738846696e-04
81                                     3.7976466901179506e-05
82                                     1.8205203930490160e-04
83                                    -2.2941930211911599e-04
84                                    -7.1802614115379360e-05
85                                    -3.5609718411988567e-05
86                                    -3.2359162427275656e-05
87                                    -1.3017242187005756e-04
88                                    -5.5071756980024089e-05
89                                     3.1454907704116242e-04
90                                     1.9494644795911564e-04
91                                    -1.2562422571526632e-04
92                                    -1.1833952594156316e-04
93                                     7.0671907567050607e-06
94                                    -4.5503981665639959e-05
95                                    -9.5553392756533850e-05
96                                     1.3634562181001619e-05
97                                    -5.9231110569258477e-05
98                                     5.6250706017502150e-05
99                                    -6.3815179823095702e-05
100                                    5.4526164675133826e-05
101                                   -5.3474155093519160e-05
102                                    1.4625557859808402e-04
103                                    5.9134580129377445e-05
104                                   -7.7391978372809422e-06
105                                   -1.0526686062048429e-04
106                                    9.4404247655104079e-05
107                                    8.6813524024488553e-05
108                                    3.2239802482201402e-04
109                                    1.7948926992583658e-05
110                                    4.3728927506328508e-05
111                                    7.9886361931891942e-05
112                                   -1.1115807776077014e-04
113                                   -9.1807724367509724e-06
114                                    2.0131500783462930e-05
115                                   -1.0366137224526728e-04
116                                   -9.0778568414384697e-05
117                                   -1.6073619348466739e-05
118                                    4.8163465717065979e-06
119                                   -4.4402047843478121e-05
120                                    3.8108833850386548e-05
121                                    7.1251355710733044e-05
122                                    7.6105078284663397e-05
   &Method [&Type "String"] "SCF"
   &Level [&Type "String"] "Relaxed density"
   &Mult [&Type "Integer"] 1
   &State [&Type "Integer"] 0
   &Irrep [&Type "Integer"] 0
$End
$Geometry
   &GeometryIndex 30
   &NAtoms [&Type "Integer"] 41
   &NCorelessECP [&Type "Integer"] 0
   &NGhostAtoms [&Type "Integer"] 0
   &CartesianCoordinates [&Type "Coordinates", &Dim(41,4), &Units "Bohr"] 
              O     -4.635042445098  -10.570577289904   -1.122813255737
              N     -3.341183604100   -9.242050025767   -2.527811782217
              C     -2.502657024715   -6.925745315310   -1.463342226807
              C     -1.010493892413   -5.386491315882   -3.015320244457
              C     -0.067206079980   -3.101125736127   -2.147785054625
              C     -0.609424991013   -2.270019331313    0.341152022599
              C     -2.187218035051   -3.817690956759    1.873031530555
              C     -3.094967640882   -6.097896481996    0.990289602634
              N      0.369508393718   -0.003969353876    1.252228522996
              C      1.734621023712    1.732284947692   -0.397865932881
              C      4.548345313139    1.053072361459   -0.610879351759
              O      5.901469265464    2.972946946884   -2.026149210007
              S      6.041411306387    2.701010618123   -5.122010741248
              O      5.900653602615    5.258719577226   -6.115212400762
              O      4.275376084184    0.730374437331   -5.928078302029
              C      9.216120607616    1.540112418062   -5.493348761648
              C      0.414814515372    0.617420030810    3.933959041851
              C     -1.488294346487    2.638525319151    4.752781536154
              O     -4.056198487557    1.785141152167    4.400637668255
              S     -5.744316139482    2.954549569956    2.042616932219
              O     -6.849396287246    0.814566625190    0.721355812190
              O     -4.233810159960    4.855571067004    0.718424739568
              C     -8.175937496803    4.514690758563    3.834130850439
              H     -0.588706607952   -6.036367944173   -4.916944679139
              H      1.098026183873   -1.981987740381   -3.406171364886
              H     -2.782345225763   -3.167681394220    3.719894889785
              H     -4.308829201096   -7.277165272688    2.149104897490
              H      0.867436231302    1.764705760359   -2.269483045487
              H      1.562591648075    3.650150115961    0.356585515065
              H      4.803750997655   -0.806858657748   -1.470452295682
              H      5.464167529778    1.053806425093    1.242317488704
              H      9.377219089864   -0.289055319388   -4.552634991025
              H      9.556840189060    1.334428646805   -7.519282019489
              H     10.516390138131    2.916778972416   -4.676892245120
              H      0.143060199370   -1.096854462483    5.048430813807
              H      2.299223149981    1.342671916104    4.433868765609
              H     -1.197900317972    4.403581242629    3.720164739571
              H     -1.277270761998    3.001427998659    6.780512771280
              H     -9.094423124890    3.117631279279    5.041498859441
              H     -7.321914268599    6.023333041489    4.951581830653
              H     -9.523489254652    5.294035350704    2.477909036346
$End
$SCF_Energy
   &GeometryIndex 30
   &Method [&Type "String"] "SCF"
   &totalEnergy [&Type "ArrayOfDoubles", &Dim (1,1)] "Total energy of each state"
                                                         0

0                                     -1.8995998382151774e+03
   &Mult [&Type "ArrayOfIntegers", &Dim (1,1)] "Multiplicity of each state"
                                                         0

0                                                        1
$End
$DFT_Energy
   &GeometryIndex 30
   &nAlphaEl [&Type "Integer"] 96
   &nBetaEl [&Type "Integer"] 96
   &nTotalEl [&Type "Integer"] 192
   &finalEn [&Type "Double"]      -1.8995998382151774e+03  "No Van der Waals correction"
   &eExchange [&Type "Double"]      -1.5074310115149626e+02
   &eCorr [&Type "Double"]      -8.0868309811918078e+00
   &eXC [&Type "Double"]      -1.5882993213268807e+02
   &eCNL [&Type "Double"]       0.0000000000000000e+00
$End
$SCF_Timings
   &GeometryIndex 30
   &TOTAL [&Type "Double"]       3.3099024000000000e+01
   &PREP [&Type "Double"]       6.6478199999999998e-01
   &FOCK [&Type "Double"]       3.0869398000000000e+01
   &DENS [&Type "Double"]       8.8991999999993965e-02
   &ETOT [&Type "Double"]       3.5350000000004655e-02
   &POP [&Type "Double"]       1.0000000045806701e-06
   &TRAFO [&Type "Double"]       7.8423000000001686e-02
   &DIIS [&Type "Double"]       3.0843700000000229e-01
   &SOSCF [&Type "Double"]       2.9552500000000048e-01
   &XC [&Type "Double"]       3.6474099999999989e+00
   &FOCKSTART [&Type "Double"]       1.0638999999997512e-02
   &INT_PREP [&Type "Double"]       5.9999999981741325e-06
   &INT_BF [&Type "Double"]       1.1125620000000307e+00
   &INT_DENS [&Type "Double"]       8.8222299999990117e-01
   &INT_DENSIO [&Type "Double"]       8.1101136551000192e+04
   &INT_FUNC [&Type "Double"]       1.3013700000025441e-01
   &INT_POT [&Type "Double"]       7.0721599999993234e-01
   &INT_POTIO [&Type "Double"]       3.2169999999794641e-02
   &INT_SUM [&Type "Double"]       6.8300000000665051e-04
   &SPLITRIJ [&Type "Double"]       3.9404399999999988e+00
   &COSX [&Type "Double"]       2.4406556000000002e+01
$End
$Single_Point_Data
   &GeometryIndex 30
   &FinalEnergy [&Type "Double"]      -1.8995998382151774e+03  "Final single point energy"
   &Converged [&Type "Boolean"] true
$End
$SCF_Nuc_Gradient
   &GeometryIndex 30
   &NAtoms [&Type "Integer"] 41
   &gradNorm [&Type "Double"]       2.0854471119211944e-03
   &grad [&Type "ArrayOfDoubles", &Dim (123,1)] 
                                                         0

0                                     -8.5220829110499441e-06
1                                     -1.6165266237266884e-05
2                                     -8.1427045268145370e-06
3                                      3.9033919701780828e-06
4                                      4.4874089026272768e-05
5                                      4.6879918382813912e-05
6                                      7.8182025101763974e-05
7                                     -7.4261540911585433e-05
8                                     -2.2528022916604856e-04
9                                     -3.7315598547804640e-05
10                                     1.0277066282836367e-04
11                                     1.1732258002461471e-04
12                                     2.9361365891211744e-05
13                                    -1.4963673888178375e-04
14                                    -1.1732073613357485e-04
15                                    -1.2055776208497009e-04
16                                     5.2214448340000275e-04
17                                     1.4043959672915135e-04
18                                    -1.2137368577256821e-04
19                                    -2.2628957609190786e-04
20                                     7.2272923204302897e-05
21                                     3.8724461676922783e-05
22                                     5.5488002365766675e-05
23                                     5.4406115101331143e-05
24                                     4.4526371180880070e-04
25                                    -6.5971574940575789e-04
26                                    -2.0484293394670838e-05
27                                    -1.5449394491920398e-04
28                                    -1.1827622065196941e-05
29                                     7.8612801567731067e-05
30                                    -1.5838638167006702e-04
31                                    -2.1860217394549172e-04
32                                    -3.0632468149435071e-04
33                                    -8.2662867517957483e-05
34                                     7.5930056064352214e-04
35                                     9.4677720726507597e-05
36                                    -1.4187420518907423e-04
37                                    -8.2745033806799761e-05
38                                     2.9342575961974204e-04
39                                     7.8713853949160736e-05
40                                    -9.8568412278177142e-05
41                                     1.5938672265991549e-04
42                                     3.7391897775962413e-05
43                                     6.0207944065804320e-05
44                                    -5.3125182808727578e-05
45                                     8.7977160685426270e-05
46                                    -1.5369574424317634e-04
47                                    -5.4204059831513413e-05
48                                    -5.0807009739389786e-05
49                                     5.7994253232572512e-05
50                                    -3.7790345531275860e-04
51                                    -3.5021847112792076e-04
52                                     4.2006552530862717e-04
53                                     1.5250001274352831e-04
54                                     2.1788956290258454e-04
55                                    -6.8090041055973716e-04
56                                    -6.5574808254717509e-04
57                                    -1.1712305610933615e-04
58                                    -2.1569834404711052e-07
59                                     1.4935936245827341e-04
60                                     2.0415236386753244e-04
61                                    -3.5273215771902677e-05
62                                     4.6580187383074567e-04
63                                    -1.7247651945795361e-04
64                                     1.2115430564563212e-04
65                                     5.3893841198915382e-05
66                                    -1.2180692245065960e-04
67                                     2.8637614801234682e-04
68                                    -1.0571970275386096e-04
69                                    -1.8310543396064805e-05
70                                    -4.4723743490342194e-05
71                                     3.1211506640316244e-07
72                                     6.5952194426399657e-05
73                                     1.3686952076083503e-04
74                                     5.1710292686593662e-05
75                                    -1.9947770686784549e-06
76                                     7.7694463292615756e-05
77                                    -4.0386299947625659e-06
78                                    -7.6460484614571111e-06
79                                     3.6675382677944790e-05
80                                     2.2382640156068390e-05
81                                     1.5432967969844502e-04
82                                     3.3650859685652179e-05
83                                    -1.3371095840292169e-04
84                                    -9.6088729291218811e-05
85                                     5.0639786394746089e-06
86                                    -4.7722723110849019e-05
87                                    -7.0917480596552340e-05
88                                    -1.7653023167571447e-04
89                                     3.2172871540606107e-04
90                                     1.7903825158688269e-04
91                                    -3.1187879372509934e-05
92                                    -7.1065072674986185e-05
93                                    -2.8222277215210478e-05
94                                    -1.7621282447283226e-05
95                                    -4.7753400611888486e-05
96                                    -3.0116684252366743e-05
97                                    -5.9972244426713395e-05
98                                     1.4589680388199522e-05
99                                    -3.0323559877906692e-05
100                                    4.1526239972111689e-05
101                                   -4.7555585330080752e-05
102                                    1.8987697102266360e-05
103                                   -6.0365454804700569e-05
104                                   -1.3588124930366541e-05
105                                   -1.9867780458371342e-05
106                                    6.5436659415607501e-05
107                                    1.0847274264279283e-05
108                                    1.0973242269725000e-04
109                                   -4.0196021528771109e-06
110                                    3.7846412459144330e-05
111                                    1.2653240716028330e-04
112                                   -7.6107710248962679e-05
113                                    2.5819244699909483e-05
114                                    3.9122505666927543e-05
115                                   -7.3405345138610745e-05
116                                   -7.2623568354218682e-05
117                                    5.5137159871293528e-06
118                                    4.2145719193531495e-05
119                                   -4.1134434385456387e-05
120                                    2.0337635547401645e-05
121                                    8.2391885707189250e-05
122                                    3.9229835161094795e-05
   &Method [&Type "String"] "SCF"
   &Level [&Type "String"] "Relaxed density"
   &Mult [&Type "Integer"] 1
   &State [&Type "Integer"] 0
   &Irrep [&Type "Integer"] 0
$End
$Geometry
   &GeometryIndex 31
   &NAtoms [&Type "Integer"] 41
   &NCorelessECP [&Type "Integer"] 0
   &NGhostAtoms [&Type "Integer"] 0
   &CartesianCoordinates [&Type "Coordinates", &Dim(41,4), &Units "Bohr"] 
              O     -4.725475295398  -10.561152854332   -1.068905858046
              N     -3.414486851659   -9.248517757720   -2.473301443451
              C     -2.560461931672   -6.935492430006   -1.414199239582
              C     -1.049202129187   -5.415347391049   -2.967246125211
              C     -0.089087488853   -3.135263792514   -2.104417749731
              C     -0.634595801952   -2.292823250910    0.379075168882
              C     -2.232028103147   -3.819325655521    1.911241956955
              C     -3.156043427446   -6.094705083619    1.034137786278
              N      0.355853955001   -0.029238192851    1.289325618554
              C      1.755092149824    1.684258826788   -0.357015081013
              C      4.557454911221    0.959036385560   -0.564211863053
              O      5.963189650433    2.854586885516   -1.961059128999
              S      5.971694065038    2.699143585948   -5.071139736648
              O      5.664229008230    5.275829389408   -5.977043611875
              O      4.267132139863    0.671126044024   -5.869332658471
              C      9.180005850384    1.708066793773   -5.603725666543
              C      0.427846054321    0.573249749063    3.975562409719
              C     -1.422579146466    2.637979805107    4.803466052604
              O     -4.011160210930    1.874299505347    4.402009501697
              S     -5.582123776323    3.058754674263    1.969918194184
              O     -6.525644812410    0.941282909401    0.493128362824
              O     -4.056541542120    5.055778369277    0.813163117577
              C     -8.172913726309    4.460713709462    3.664128562058
              H     -0.627937408374   -6.079699120006   -4.863955090200
              H      1.092717132307   -2.029669934370   -3.359226247699
              H     -2.826443799815   -3.151199297052    3.752007702610
              H     -4.384040909239   -7.263529822391    2.188868255942
              H      0.888349519196    1.729576049028   -2.228343341232
              H      1.612857780989    3.603793068482    0.399309048237
              H      4.792277913658   -0.902092057297   -1.426514750129
              H      5.463318282127    0.943640504254    1.293744616323
              H      9.461083376990   -0.141339988177   -4.733724769946
              H      9.450599962413    1.589254277959   -7.647162301326
              H     10.445870313583    3.115535032663   -4.785481570449
              H      0.109590941730   -1.138869470235    5.079999785462
              H      2.332619736538    1.243507251953    4.476973125849
              H     -1.071978587934    4.412245791961    3.805852522441
              H     -1.231994580820    2.963726179610    6.839232161696
              H     -9.097412409086    2.991887749560    4.778240664291
              H     -7.444439271728    5.966308748417    4.870672690111
              H     -9.475191457389    5.224684792328    2.255948891517
$End
$SCF_Energy
   &GeometryIndex 31
   &Method [&Type "String"] "SCF"
   &totalEnergy [&Type "ArrayOfDoubles", &Dim (1,1)] "Total energy of each state"
                                                         0

0                                     -1.8995999766328541e+03
   &Mult [&Type "ArrayOfIntegers", &Dim (1,1)] "Multiplicity of each state"
                                                         0

0                                                        1
$End
$DFT_Energy
   &GeometryIndex 31
   &nAlphaEl [&Type "Integer"] 96
   &nBetaEl [&Type "Integer"] 96
   &nTotalEl [&Type "Integer"] 192
   &finalEn [&Type "Double"]      -1.8995999766328541e+03  "No Van der Waals correction"
   &eExchange [&Type "Double"]      -1.5074243018304097e+02
   &eCorr [&Type "Double"]      -8.0870459595764324e+00
   &eXC [&Type "Double"]      -1.5882947614261741e+02
   &eCNL [&Type "Double"]       0.0000000000000000e+00
$End
$SCF_Timings
   &GeometryIndex 31
   &TOTAL [&Type "Double"]       3.2245410000000000e+01
   &PREP [&Type "Double"]       6.3481000000000010e-01
   &FOCK [&Type "Double"]       3.0015433999999999e+01
   &DENS [&Type "Double"]       8.9631999999998158e-02
   &ETOT [&Type "Double"]       3.1095000000000539e-02
   &TRAFO [&Type "Double"]       7.7926000000000606e-02
   &DIIS [&Type "Double"]       3.1159700000000168e-01
   &SOSCF [&Type "Double"]       2.6238599999999490e-01
   &XC [&Type "Double"]       3.4774789999999962e+00
   &FOCKSTART [&Type "Double"]       1.0054999999999259e-02
   &INT_PREP [&Type "Double"]       6.0000000052795599e-06
   &INT_BF [&Type "Double"]       1.0216900000000502e+00
   &INT_DENS [&Type "Double"]       7.8713099999991254e-01
   &INT_DENSIO [&Type "Double"]       7.2330457823000135e+04
   &INT_FUNC [&Type "Double"]       1.2402699999996525e-01
   &INT_POT [&Type "Double"]       6.9370500000000046e-01
   &INT_POTIO [&Type "Double"]       3.0359999999973297e-02
   &INT_SUM [&Type "Double"]       5.7700000000515672e-04
   &SPLITRIJ [&Type "Double"]       3.7543160000000038e+00
   &COSX [&Type "Double"]       2.3953606999999995e+01
$End
$Single_Point_Data
   &GeometryIndex 31
   &FinalEnergy [&Type "Double"]      -1.8995999766328541e+03  "Final single point energy"
   &Converged [&Type "Boolean"] true
$End
$SCF_Nuc_Gradient
   &GeometryIndex 31
   &NAtoms [&Type "Integer"] 41
   &gradNorm [&Type "Double"]       2.3635911575375338e-03
   &grad [&Type "ArrayOfDoubles", &Dim (123,1)] 
                                                         0

0                                     -4.1994552340357538e-05
1                                     -6.6613081290051168e-05
2                                      1.1251994800343113e-06
3                                      1.8333872924880534e-05
4                                      4.5648537699810587e-05
5                                      4.8887262575958434e-05
6                                      9.4669115560629125e-06
7                                     -5.3699448875954570e-05
8                                     -2.8473735943952694e-06
9                                      1.6770343154493689e-04
10                                     3.6372497179595203e-04
11                                    -1.5633790803784575e-05
12                                    -5.0793616584304813e-07
13                                    -1.2235655734682549e-04
14                                    -1.7617219179584531e-04
15                                    -2.0175870380654756e-04
16                                    -1.9929702773276159e-04
17                                    -2.0860658390283587e-04
18                                    -1.4137595554516991e-04
19                                    -2.1507163784871552e-04
20                                     2.0072490925715503e-04
21                                     5.3797791682602680e-05
22                                     1.9582084046608494e-04
23                                     8.7837413464984804e-05
24                                     1.8077739161185408e-04
25                                     1.1009609458580843e-04
26                                     1.4193910648023500e-04
27                                     3.1447049608716859e-05
28                                    -3.7140145192661456e-05
29                                    -7.0932383759766265e-05
30                                    -6.6845593560795058e-04
31                                    -1.8504016973797457e-04
32                                    -4.1916207714000342e-04
33                                     2.6250100778156538e-04
34                                     5.9913075853554321e-04
35                                     3.9033342643413071e-04
36                                    -9.3511526363942998e-05
37                                    -1.9305624392257359e-05
38                                    -9.3243729123199115e-05
39                                    -2.4643580290396871e-05
40                                     4.9025265441593469e-05
41                                     2.1826474670419427e-04
42                                    -7.5226930125071867e-05
43                                     2.7824254425046213e-05
44                                    -1.1033449567759979e-04
45                                     4.7611616831703257e-05
46                                    -1.6525723524734789e-04
47                                    -2.4072323849582029e-04
48                                    -1.5007895761433299e-04
49                                    -2.9289585803590756e-04
50                                    -2.0683508906030323e-04
51                                    -1.6453410958808257e-04
52                                     1.4704754038269430e-04
53                                     4.4199579537177944e-04
54                                     5.2625843856379806e-04
55                                    -4.6647996739224151e-04
56                                    -1.0818076472040999e-03
57                                    -2.9376285718123174e-04
58                                     1.8020025443530457e-04
59                                     6.0135807650490980e-04
60                                     3.0175666222403974e-04
61                                    -2.2897187108839034e-04
62                                     2.0824719715106799e-04
63                                    -2.6145549120948353e-05
64                                     1.5112380324044938e-04
65                                    -1.1780645860942629e-04
66                                    -1.1558782457478031e-04
67                                     1.0343596892726376e-04
68                                    -1.5251552692391399e-04
69                                    -1.3288975527411123e-04
70                                    -1.9441262420651084e-04
71                                     3.6055491649034099e-05
72                                     1.7863417729002684e-04
73                                     1.6499585916816828e-04
74                                     1.6876059291318080e-04
75                                     1.8057921605198896e-04
76                                     3.5494798764469648e-04
77                                     7.9251711950500958e-06
78                                    -1.0810155357338092e-05
79                                    -1.4337413248219355e-04
80                                    -1.3406182126377009e-04
81                                     1.8444359736843885e-04
82                                    -1.7075176656312918e-05
83                                    -4.9236273455377511e-05
84                                    -7.2569962386402967e-05
85                                    -1.5191498035665996e-05
86                                     6.9235230353507926e-05
87                                     8.3710977080538734e-05
88                                    -1.8961345871595925e-04
89                                     4.1336810380623867e-04
90                                     6.4308708332933007e-05
91                                     7.6454840913262739e-05
92                                     1.0499385083601043e-05
93                                    -3.9132389164038550e-05
94                                     2.2512208896680042e-05
95                                     8.4706196944533962e-05
96                                    -1.4159196179312078e-05
97                                    -1.1568770856191721e-04
98                                    -2.1412915487128981e-05
99                                     3.1527343387072193e-06
100                                   -1.4971264691271413e-05
101                                    2.7291981245874952e-05
102                                   -1.3484305822367496e-04
103                                   -5.0206149709297598e-06
104                                    1.2678911742877719e-05
105                                    9.5099577455071138e-05
106                                    2.4901086180445509e-05
107                                   -6.1081369390952878e-05
108                                   -2.1736925289671943e-04
109                                   -3.4920378454122991e-05
110                                   -5.9872861527907051e-05
111                                    2.2565920656445609e-04
112                                    3.6771334857015059e-05
113                                    3.2317912366602863e-05
114                                   -4.7278015561647013e-06
115                                    1.0355301785947013e-05
116                                    1.2344158323629451e-05
117                                    4.8712346189444533e-05
118                                    3.8448953407321795e-05
119                                   -4.3821909727237429e-05
120                                   -3.9868795608383190e-05
121                                    7.9929629337588404e-05
122                                    5.0211335111516320e-05
   &Method [&Type "String"] "SCF"
   &Level [&Type "String"] "Relaxed density"
   &Mult [&Type "Integer"] 1
   &State [&Type "Integer"] 0
   &Irrep [&Type "Integer"] 0
$End
$Geometry
   &GeometryIndex 32
   &NAtoms [&Type "Integer"] 41
   &NCorelessECP [&Type "Integer"] 0
   &NGhostAtoms [&Type "Integer"] 0
   &CartesianCoordinates [&Type "Coordinates", &Dim(41,4), &Units "Bohr"] 
              O     -4.854799808577  -10.542957559179   -1.000336462787
              N     -3.537927757282   -9.243933090608   -2.412105881189
              C     -2.653926438733   -6.940144400845   -1.357820972203
              C     -1.136770802963   -5.435018598488   -2.920165469129
              C     -0.148684777297   -3.164895073479   -2.062459568327
              C     -0.670644158868   -2.318769838346    0.424056606808
              C     -2.273609510758   -3.829186756422    1.965695827601
              C     -3.226020687683   -6.094818944007    1.094363853547
              N      0.344908741902   -0.062855516880    1.330199597311
              C      1.773074515380    1.624117264304   -0.320311838692
              C      4.558102777734    0.839928680512   -0.547597500213
              O      6.005793631075    2.710347248472   -1.933309632795
              S      5.924362353346    2.643446364638   -5.048018576688
              O      5.360007118237    5.201557516984   -5.884365442378
              O      4.382929532667    0.490323848183   -5.852019359300
              C      9.192860429550    1.960085241996   -5.681507454560
              C      0.442034016491    0.529206702639    4.019251549956
              C     -1.358622723349    2.635819728888    4.849351262863
              O     -3.964192536476    1.959004578165    4.404157712397
              S     -5.418994941351    3.154250130912    1.903364303597
              O     -6.202812523594    1.067108038660    0.293080993408
              O     -3.891736947446    5.234358665963    0.904300411845
              C     -8.148895393651    4.405884466737    3.490199802742
              H     -0.734850750021   -6.104196287199   -4.819330604765
              H      1.036593164718   -2.070700136857   -3.323909326941
              H     -2.847888300186   -3.154838481110    3.810721020926
              H     -4.457257933008   -7.254857195714    2.254716006217
              H      0.890310228611    1.692718971076   -2.183860789497
              H      1.677622645863    3.543375960791    0.443531100840
              H      4.755583572655   -1.017362075694   -1.426409607803
              H      5.467397762520    0.795212812374    1.308257392481
              H      9.654886843201    0.117260190337   -4.877738557044
              H      9.423883118205    1.931588454341   -7.732979537634
              H     10.349919071569    3.446366202408   -4.841521991773
              H      0.082404412256   -1.176614703112    5.119532988019
              H      2.364292292085    1.149718696131    4.518737937376
              H     -0.948804842233    4.413244561298    3.880002363283
              H     -1.189527888646    2.935033863882    6.890765858174
              H     -9.071043063533    2.873069965621    4.516690540618
              H     -7.544995888902    5.903953668237    4.772212320016
              H     -9.404958477916    5.154166815496    2.032579085901
$End
$SCF_Energy
   &GeometryIndex 32
   &Method [&Type "String"] "SCF"
   &totalEnergy [&Type "ArrayOfDoubles", &Dim (1,1)] "Total energy of each state"
                                                         0

0                                     -1.8996000783607428e+03
   &Mult [&Type "ArrayOfIntegers", &Dim (1,1)] "Multiplicity of each state"
                                                         0

0                                                        1
$End
$DFT_Energy
   &GeometryIndex 32
   &nAlphaEl [&Type "Integer"] 96
   &nBetaEl [&Type "Integer"] 96
   &nTotalEl [&Type "Integer"] 192
   &finalEn [&Type "Double"]      -1.8996000783607428e+03  "No Van der Waals correction"
   &eExchange [&Type "Double"]      -1.5074170665673927e+02
   &eCorr [&Type "Double"]      -8.0871254901463061e+00
   &eXC [&Type "Double"]      -1.5882883214688559e+02
   &eCNL [&Type "Double"]       0.0000000000000000e+00
$End
$SCF_Timings
   &GeometryIndex 32
   &TOTAL [&Type "Double"]       3.3279456000000003e+01
   &PREP [&Type "Double"]       6.1894099999999996e-01
   &FOCK [&Type "Double"]       3.0833075999999995e+01
   &DENS [&Type "Double"]       8.7745000000001738e-02
   &ETOT [&Type "Double"]       3.1919999999997728e-02
   &POP [&Type "Double"]       9.9999999747524271e-07
   &TRAFO [&Type "Double"]       8.0748999999998183e-02
   &DIIS [&Type "Double"]       3.0328400000000055e-01
   &SOSCF [&Type "Double"]       2.6426600000000011e-01
   &XC [&Type "Double"]       3.4902599999999948e+00
   &FOCKSTART [&Type "Double"]       1.1170000000004565e-02
   &INT_PREP [&Type "Double"]       5.0000000011429790e-06
   &INT_BF [&Type "Double"]       1.0921390000000324e+00
   &INT_DENS [&Type "Double"]       8.3285000000005383e-01
   &INT_DENSIO [&Type "Double"]       7.3179694891000123e+04
   &INT_FUNC [&Type "Double"]       1.2760899999993836e-01
   &INT_POT [&Type "Double"]       7.2828099999999596e-01
   &INT_POTIO [&Type "Double"]       3.0850000000027578e-02
   &INT_SUM [&Type "Double"]       9.1500000000532822e-04
   &SPLITRIJ [&Type "Double"]       3.7736699999999956e+00
   &COSX [&Type "Double"]       2.4974769999999999e+01
$End
$Single_Point_Data
   &GeometryIndex 32
   &FinalEnergy [&Type "Double"]      -1.8996000783607428e+03  "Final single point energy"
   &Converged [&Type "Boolean"] true
$End
$SCF_Nuc_Gradient
   &GeometryIndex 32
   &NAtoms [&Type "Integer"] 41
   &gradNorm [&Type "Double"]       3.1125609444458786e-03
   &grad [&Type "ArrayOfDoubles", &Dim (123,1)] 
                                                         0

0                                     -3.9724236268939839e-05
1                                     -5.7788080888437898e-05
2                                      7.3673024685860788e-06
3                                      2.7655539000748242e-05
4                                      3.1257507661908851e-05
5                                      2.4388657245300038e-05
6                                     -7.9586654291224912e-05
7                                     -5.6285624598917394e-05
8                                      1.9506676299161502e-04
9                                      2.8303315552289515e-04
10                                     4.2967668936155778e-04
11                                    -1.1585792024423891e-04
12                                     2.6927253850221600e-05
13                                    -2.3976401355638166e-05
14                                    -6.5301086986685464e-05
15                                    -3.6294225781093037e-04
16                                    -8.8300350673471001e-04
17                                    -5.0866215976036466e-04
18                                    -4.6214744234530925e-05
19                                    -5.5169503985527668e-05
20                                     1.9799470411002718e-04
21                                     6.1209217812024930e-05
22                                     2.6484827427444846e-04
23                                     9.7005830406039772e-05
24                                    -8.2366606695825906e-05
25                                     8.6508234053545713e-04
26                                     2.6839613487677355e-04
27                                     1.0954628856119780e-04
28                                     1.7920417165161184e-05
29                                    -2.4773547641701241e-04
30                                    -7.8011559977027300e-04
31                                    -8.8674742241060672e-05
32                                    -5.4426899277205953e-04
33                                    -4.9653485859266211e-05
34                                     3.7522332168353489e-04
35                                     4.5960141005627064e-04
36                                     2.1449686643354449e-04
37                                     1.2631093775618274e-05
38                                    -5.0350534956045134e-04
39                                    -9.4256073420007080e-05
40                                     2.0116164817846061e-04
41                                     5.0760259763910076e-04
42                                     2.2049308063848416e-05
43                                    -7.7663632969127150e-05
44                                    -2.0700931738285022e-04
45                                    -2.0778071855929135e-04
46                                    -1.8665645103686790e-06
47                                    -5.8059513107567781e-04
48                                    -2.4218036307021434e-04
49                                    -5.1800652705741301e-04
50                                     2.0728387992219321e-04
51                                    -1.0036079094732225e-04
52                                    -2.2556962598464791e-04
53                                     6.2428696259462721e-04
54                                     6.2471987886032754e-04
55                                    -1.3630317213045307e-04
56                                    -1.0379641698820413e-03
57                                    -2.5888615438038332e-04
58                                     1.5486262737862688e-04
59                                     7.0340571226526483e-04
60                                     2.7663947998735061e-04
61                                    -3.5139137085549166e-04
62                                    -1.6258761480394957e-04
63                                     1.3747413067691228e-04
64                                     2.3002892364054617e-04
65                                    -1.5337652028576954e-04
66                                     4.1753336186004658e-05
67                                    -1.0016517978215372e-04
68                                    -1.8053696279213619e-04
69                                    -1.9682746403050511e-04
70                                    -2.6082957020213959e-04
71                                     4.7269692843243671e-05
72                                     1.7289040253076760e-04
73                                     2.4263688876906275e-04
74                                     1.9051372043149550e-04
75                                     2.9595936377734000e-04
76                                     4.6710146478780301e-04
77                                     3.9988653445732769e-05
78                                    -1.7037214872214768e-05
79                                    -2.6627611192375777e-04
80                                    -2.2671453437903000e-04
81                                     1.6285949151825796e-04
82                                    -9.9354614896560167e-05
83                                     8.4864051853039690e-05
84                                    -1.1326504357825340e-05
85                                    -6.7231671286027694e-05
86                                     2.1431319156253736e-04
87                                     2.5442448017981567e-04
88                                    -1.9844054810685963e-04
89                                     3.6851318708198966e-04
90                                    -5.1000453106977983e-05
91                                     1.6070503762486473e-04
92                                     1.1373023759003731e-04
93                                     9.1473176454859306e-05
94                                    -2.5387481681848900e-05
95                                     1.5276132419511645e-04
96                                     6.8686824913993111e-05
97                                    -1.8060152887486997e-04
98                                    -3.8706677995214989e-05
99                                     5.0489342058951392e-05
100                                   -1.0032129756148978e-04
101                                    1.2733646815618616e-04
102                                   -2.4211259723457348e-04
103                                    5.3563998547889735e-05
104                                    2.6662469713639725e-05
105                                    1.4400819309429158e-04
106                                   -2.8411144264987864e-05
107                                   -9.4141382870713275e-05
108                                   -4.3615111530420636e-04
109                                   -1.0576149275326463e-05
110                                   -1.3439919819516200e-04
111                                    2.7792979423156387e-04
112                                    1.8434127196947925e-04
113                                    1.5208981865577620e-05
114                                   -6.8624965662442139e-05
115                                    1.0028256580923989e-04
116                                    1.0566831329374138e-04
117                                    8.1222129826807876e-05
118                                    1.3709635213382532e-05
119                                    5.8410695497057574e-06
120                                   -5.8299725739771602e-05
121                                    8.2603625924521085e-06
122                                    1.6291036942200909e-05
   &Method [&Type "String"] "SCF"
   &Level [&Type "String"] "Relaxed density"
   &Mult [&Type "Integer"] 1
   &State [&Type "Integer"] 0
   &Irrep [&Type "Integer"] 0
$End
$Geometry
   &GeometryIndex 33
   &NAtoms [&Type "Integer"] 41
   &NCorelessECP [&Type "Integer"] 0
   &NGhostAtoms [&Type "Integer"] 0
   &CartesianCoordinates [&Type "Coordinates", &Dim(41,4), &Units "Bohr"] 
              O     -4.924546185376  -10.520151114043   -0.985525633784
              N     -3.600451408192   -9.232186532663   -2.400646220914
              C     -2.700431832920   -6.932832031054   -1.350493435650
              C     -1.175169097359   -5.439105284069   -2.915650383597
              C     -0.173160753389   -3.173426349989   -2.062165422196
              C     -0.686312642119   -2.318740542414    0.423671778263
              C     -2.296808741924   -3.818427402950    1.967953690663
              C     -3.264002465506   -6.079751545705    1.100794104450
              N      0.340319041761   -0.064918526708    1.323123982610
              C      1.781407389124    1.606637071063   -0.333240255411
              C      4.559866891442    0.798059812873   -0.564198767400
              O      6.016964971906    2.650663925329   -1.960955487664
              S      5.953453686687    2.542707906405   -5.075201215291
              O      5.221771221039    5.042686929454   -5.958452017478
              O      4.566554593999    0.277997276695   -5.854041106851
              C      9.266213217231    2.078044664629   -5.670822390510
              C      0.445411971776    0.532468342959    4.011769283333
              C     -1.343873807177    2.648503204559    4.843383476873
              O     -3.957588771947    1.986952215909    4.419878635530
              S     -5.415756709600    3.182660358154    1.918620285610
              O     -6.170289800076    1.108663211273    0.276801720246
              O     -3.909546814400    5.291296881958    0.947860285730
              C     -8.165963262320    4.375719086019    3.514030883657
              H     -0.776943405318   -6.111159949950   -4.814537620956
              H      1.017024164797   -2.091470245113   -3.329094519189
              H     -2.867655785456   -3.141848349230    3.813184501598
              H     -4.501037604890   -7.228950027918    2.265708888828
              H      0.892221343810    1.678741236558   -2.194567909759
              H      1.704353897610    3.528611358273    0.425730127742
              H      4.739858581907   -1.060051740896   -1.443759065549
              H      5.470679482749    0.749307218380    1.290781388845
              H      9.843306937414    0.277578511020   -4.846653578340
              H      9.518803094666    2.050864014003   -7.719647518136
              H     10.311448197517    3.645774306624   -4.832124883469
              H      0.084677314060   -1.170333197418    5.116325679762
              H      2.370919615900    1.147620537059    4.504438914844
              H     -0.929844889887    4.421416216241    3.867394470307
              H     -1.161309382705    2.955537921607    6.882417853208
              H     -9.066043996394    2.817680912762    4.522031300186
              H     -7.587627357550    5.868012255231    4.814199546510
              H     -9.430890825302    5.119147446189    2.061676595554
$End
$SCF_Energy
   &GeometryIndex 33
   &Method [&Type "String"] "SCF"
   &totalEnergy [&Type "ArrayOfDoubles", &Dim (1,1)] "Total energy of each state"
                                                         0

0                                     -1.8996001706538775e+03
   &Mult [&Type "ArrayOfIntegers", &Dim (1,1)] "Multiplicity of each state"
                                                         0

0                                                        1
$End
$DFT_Energy
   &GeometryIndex 33
   &nAlphaEl [&Type "Integer"] 96
   &nBetaEl [&Type "Integer"] 96
   &nTotalEl [&Type "Integer"] 192
   &finalEn [&Type "Double"]      -1.8996001706538775e+03  "No Van der Waals correction"
   &eExchange [&Type "Double"]      -1.5074105232143381e+02
   &eCorr [&Type "Double"]      -8.0869431015934712e+00
   &eXC [&Type "Double"]      -1.5882799542302729e+02
   &eCNL [&Type "Double"]       0.0000000000000000e+00
$End
$SCF_Timings
   &GeometryIndex 33
   &TOTAL [&Type "Double"]       3.0801749000000001e+01
   &PREP [&Type "Double"]       6.6326099999999999e-01
   &FOCK [&Type "Double"]       2.8686585000000001e+01
   &DENS [&Type "Double"]       8.0955999999993367e-02
   &ETOT [&Type "Double"]       3.2179999999989661e-02
   &TRAFO [&Type "Double"]       7.6678999999998609e-02
   &DIIS [&Type "Double"]       3.3132200000000100e-01
   &SOSCF [&Type "Double"]       2.6752400000000343e-01
   &XC [&Type "Double"]       3.4107060000000047e+00
   &FOCKSTART [&Type "Double"]       1.0459999999991698e-02
   &INT_PREP [&Type "Double"]       3.0000000021956907e-06
   &INT_BF [&Type "Double"]       1.0335079999999941e+00
   &INT_DENS [&Type "Double"]       8.1824299999988259e-01
   &INT_DENSIO [&Type "Double"]       6.9772541518000158e+04
   &INT_FUNC [&Type "Double"]       1.2086500000007572e-01
   &INT_POT [&Type "Double"]       6.6444299999994705e-01
   &INT_POTIO [&Type "Double"]       3.0350999999959605e-02
   &INT_SUM [&Type "Double"]       6.7599999999590210e-04
   &SPLITRIJ [&Type "Double"]       3.8442389999999960e+00
   &COSX [&Type "Double"]       2.2485776999999999e+01
$End
$Single_Point_Data
   &GeometryIndex 33
   &FinalEnergy [&Type "Double"]      -1.8996001706538775e+03  "Final single point energy"
   &Converged [&Type "Boolean"] true
$End
$SCF_Nuc_Gradient
   &GeometryIndex 33
   &NAtoms [&Type "Integer"] 41
   &gradNorm [&Type "Double"]       2.4530890191212990e-03
   &grad [&Type "ArrayOfDoubles", &Dim (123,1)] 
                                                         0

0                                     -3.0792804691232023e-05
1                                     -3.4626411903049270e-05
2                                      1.2384027385348162e-05
3                                      4.5491492753679807e-05
4                                      5.7265440798544287e-05
5                                      9.9815334276831535e-06
6                                     -1.4446785119126559e-04
7                                     -1.1246892593461122e-04
8                                      1.9039824471534308e-04
9                                      2.3713776476554788e-04
10                                     3.1235037009421512e-04
11                                    -9.2684263263531630e-05
12                                     4.7249232763856008e-05
13                                    -1.5317654891502941e-05
14                                    -1.1150002280337773e-04
15                                    -1.8162329957428607e-04
16                                    -8.4239808859661036e-04
17                                    -2.4892750145674020e-04
18                                     2.6551392040427557e-05
19                                     5.9631102167931327e-05
20                                     7.0526659730493768e-05
21                                     2.8990596769307153e-05
22                                     1.5708633130434579e-04
23                                     3.0058935788043750e-05
24                                    -2.1851198834481680e-04
25                                     8.1878774383359332e-04
26                                     1.7817433266072852e-04
27                                     1.9570762285689436e-04
28                                     1.9318979243933970e-04
29                                    -2.1920319803392721e-04
30                                    -2.9777318054773072e-04
31                                     3.0975770612007292e-05
32                                    -5.5528565666735502e-04
33                                    -4.0429712420984865e-04
34                                     1.3050427454264213e-04
35                                     2.3226196526528187e-04
36                                     1.2747126672751907e-04
37                                     7.9423020714508574e-05
38                                    -4.2986027838756713e-04
39                                     6.1117724917181260e-05
40                                     2.0291242677716870e-04
41                                     4.6709761696600571e-04
42                                     2.1435938740355098e-04
43                                    -1.8626582842978801e-04
44                                    -8.0693247520885469e-05
45                                    -2.2073179084118599e-04
46                                    -3.7172982678581115e-05
47                                    -5.7539218575069703e-04
48                                    -3.3149069573149004e-05
49                                    -4.2831417996810200e-04
50                                     4.6095010832540584e-04
51                                    -1.8804301615677615e-04
52                                    -2.7832201222787595e-04
53                                     4.3211239564214937e-04
54                                     2.7710851484472054e-04
55                                     8.4752979198340905e-05
56                                    -3.8219496781048690e-04
57                                    -1.2973687646820886e-04
58                                     6.6181408432952615e-06
59                                     5.0980280716939053e-04
60                                     1.7723380930312338e-05
61                                    -1.8570264061779085e-04
62                                    -4.6252985396011415e-04
63                                     1.8152019988521007e-04
64                                     1.7628344069298141e-04
65                                    -1.6888215744664814e-04
66                                     1.5325970004236716e-04
67                                    -1.8553581006789527e-04
68                                    -1.0234269288833878e-04
69                                    -1.3297413894578641e-04
70                                    -1.6999389751010119e-04
71                                     2.7725776608672481e-05
72                                     1.9885908093222882e-05
73                                     1.5687000561809272e-04
74                                     1.2451707255710376e-04
75                                     1.3913998004323747e-04
76                                     2.2221655787296735e-04
77                                    -2.0218195110305315e-05
78                                    -1.2260007896364167e-05
79                                    -2.1060164808345272e-04
80                                    -1.7509957644291918e-04
81                                    -4.2308545313396451e-05
82                                    -1.1451212304843666e-04
83                                     1.1520470664805327e-04
84                                     1.0310436227299775e-04
85                                    -7.1451515237519470e-05
86                                     1.5964575681737952e-04
87                                     2.2026994700265201e-04
88                                    -6.1462037301507344e-05
89                                     1.4037793573723478e-04
90                                    -1.4660721674267241e-04
91                                     1.0776488823167896e-04
92                                     1.6452794210564115e-04
93                                     6.6614436653317233e-05
94                                     4.4476089917283579e-05
95                                     1.4815137172027870e-04
96                                     6.4235593269745123e-05
97                                    -1.6816188954553446e-04
98                                    -2.0729088349435987e-06
99                                     9.2355773955041243e-05
100                                   -1.1728082008677365e-04
101                                    1.4832875995036965e-04
102                                   -1.1250495143927050e-04
103                                    1.0659514459560038e-04
104                                    2.9304164568144664e-05
105                                    1.0151205652603190e-04
106                                   -5.8981910606777099e-05
107                                   -1.0455083661545933e-04
108                                   -3.0483407890591341e-04
109                                    2.2417820078307615e-05
110                                   -3.7317226585176222e-05
111                                    2.2661571063193817e-04
112                                    2.8077365582501734e-04
113                                   -3.9820435965287615e-05
114                                   -8.5770720276046042e-05
115                                    1.1588102295179148e-04
116                                    1.3368225729415428e-04
117                                    6.2720176645034154e-05
118                                   -3.6347034189476712e-05
119                                    4.6062524250184422e-05
120                                   -2.3755716405393645e-05
121                                   -5.1858637415913567e-05
122                                   -2.2701816824677312e-05
   &Method [&Type "String"] "SCF"
   &Level [&Type "String"] "Relaxed density"
   &Mult [&Type "Integer"] 1
   &State [&Type "Integer"] 0
   &Irrep [&Type "Integer"] 0
$End
$Geometry
   &GeometryIndex 34
   &NAtoms [&Type "Integer"] 41
   &NCorelessECP [&Type "Integer"] 0
   &NGhostAtoms [&Type "Integer"] 0
   &CartesianCoordinates [&Type "Coordinates", &Dim(41,4), &Units "Bohr"] 
              O     -5.109377842667  -10.481226524703   -0.940463021217
              N     -3.748566738755   -9.233083611919   -2.356404257726
              C     -2.809544603153   -6.944197952781   -1.318216968800
              C     -1.241020961545   -5.494804909946   -2.881315089919
              C     -0.201604834055   -3.241618075277   -2.038890900716
              C     -0.716115966391   -2.351708876353    0.434844994864
              C     -2.369436138936   -3.808072790868    1.976373631407
              C     -3.374372312682   -6.057477048603    1.120957580848
              N      0.341227714354   -0.107809041166    1.320187497797
              C      1.818550131126    1.527836544338   -0.341603569387
              C      4.588146818819    0.679093254018   -0.555233413456
              O      6.071064943087    2.497561050021   -1.965816908037
              S      5.973281226400    2.368212638518   -5.079127984521
              O      4.863316464672    4.715478907803   -5.990461647655
              O      4.933118781812   -0.086784792372   -5.821647465475
              C      9.313997510394    2.413203481921   -5.686310259077
              C      0.456057533265    0.503225411524    4.006411043036
              C     -1.284881844961    2.661376400081    4.833566249548
              O     -3.921947960124    2.075561549587    4.433189375846
              S     -5.344130674337    3.280194307349    1.910150363374
              O     -6.012741384136    1.239401553330    0.190524283174
              O     -3.866567798271    5.446104343675    1.026033474574
              C     -8.159235895624    4.350930120397    3.476702405657
              H     -0.835621881319   -6.187836326667   -4.771065836782
              H      1.021295945836   -2.201775333498   -3.309242418644
              H     -2.946401653285   -3.110433863136    3.811902723478
              H     -4.644587356489   -7.167435322266    2.288035087947
              H      0.932861469300    1.598176134794   -2.206480105697
              H      1.764649989086    3.457666136646    0.398930903752
              H      4.744831909147   -1.183163987322   -1.428106073113
              H      5.493239895492    0.630923565259    1.301928745913
              H     10.157476281555    0.714796919477   -4.876991619844
              H      9.556782386181    2.442419208614   -7.736065636346
              H     10.113118472357    4.115465987250   -4.839254929220
              H      0.065314036225   -1.188499427277    5.117863143287
              H      2.392884554310    1.082268917908    4.497338372497
              H     -0.826306225329    4.424032743997    3.858754100876
              H     -1.089255107765    2.967234106130    6.871302235289
              H     -9.027839474215    2.740142140859    4.427761174045
              H     -7.653857111226    5.827018047010    4.824256126273
              H     -9.417802222565    5.087604394753    2.015684554355
$End
$SCF_Energy
   &GeometryIndex 34
   &Method [&Type "String"] "SCF"
   &totalEnergy [&Type "ArrayOfDoubles", &Dim (1,1)] "Total energy of each state"
                                                         0

0                                     -1.8996002655643078e+03
   &Mult [&Type "ArrayOfIntegers", &Dim (1,1)] "Multiplicity of each state"
                                                         0

0                                                        1
$End
$DFT_Energy
   &GeometryIndex 34
   &nAlphaEl [&Type "Integer"] 96
   &nBetaEl [&Type "Integer"] 96
   &nTotalEl [&Type "Integer"] 192
   &finalEn [&Type "Double"]      -1.8996002655643078e+03  "No Van der Waals correction"
   &eExchange [&Type "Double"]      -1.5074033105999570e+02
   &eCorr [&Type "Double"]      -8.0866282199277038e+00
   &eXC [&Type "Double"]      -1.5882695927992341e+02
   &eCNL [&Type "Double"]       0.0000000000000000e+00
$End
$SCF_Timings
   &GeometryIndex 34
   &TOTAL [&Type "Double"]       3.2393616999999999e+01
   &PREP [&Type "Double"]       6.2564399999999998e-01
   &FOCK [&Type "Double"]       3.0022752000000004e+01
   &DENS [&Type "Double"]       8.6048999999999154e-02
   &ETOT [&Type "Double"]       3.1991999999997134e-02
   &POP [&Type "Double"]       9.9999999747524271e-07
   &TRAFO [&Type "Double"]       7.9296999999995954e-02
   &DIIS [&Type "Double"]       3.1414499999999901e-01
   &SOSCF [&Type "Double"]       2.6089700000000526e-01
   &XC [&Type "Double"]       3.4316879999999941e+00
   &FOCKSTART [&Type "Double"]       1.0863999999999319e-02
   &INT_PREP [&Type "Double"]       6.0000000052795599e-06
   &INT_BF [&Type "Double"]       1.0776839999999863e+00
   &INT_DENS [&Type "Double"]       8.1718200000012242e-01
   &INT_DENSIO [&Type "Double"]       7.3145023411000162e+04
   &INT_FUNC [&Type "Double"]       1.3067000000006335e-01
   &INT_POT [&Type "Double"]       6.9158999999989046e-01
   &INT_POTIO [&Type "Double"]       3.1627999999999545e-02
   &INT_SUM [&Type "Double"]       7.0799999999682228e-04
   &SPLITRIJ [&Type "Double"]       3.8252010000000047e+00
   &COSX [&Type "Double"]       2.4091051000000004e+01
$End
$Single_Point_Data
   &GeometryIndex 34
   &FinalEnergy [&Type "Double"]      -1.8996002655643078e+03  "Final single point energy"
   &Converged [&Type "Boolean"] true
$End
$SCF_Nuc_Gradient
   &GeometryIndex 34
   &NAtoms [&Type "Integer"] 41
   &gradNorm [&Type "Double"]       3.0819336496619174e-03
   &grad [&Type "ArrayOfDoubles", &Dim (123,1)] 
                                                         0

0                                      2.3313073216346680e-07
1                                      4.3380336618437099e-06
2                                      1.8039714130779760e-05
3                                      5.7115424217296651e-05
4                                      9.7730736197076257e-05
5                                     -6.0733321680106478e-06
6                                     -1.6265839702196000e-04
7                                     -1.6701090250181849e-04
8                                      9.6704145370607453e-07
9                                      4.3587688160495047e-05
10                                     4.0272953208748963e-05
11                                     5.3353174143205839e-05
12                                     8.4758547032340315e-05
13                                     6.4419910995580643e-05
14                                    -2.1324937020913981e-04
15                                     2.7054202018891860e-04
16                                    -3.9803492651249717e-04
17                                     2.7617861404655858e-04
18                                     1.0747482977198353e-05
19                                     8.6612623347720463e-05
20                                    -1.3180860495413949e-04
21                                     3.2191347742127618e-05
22                                     4.2158750256621191e-05
23                                     7.8991762847868685e-05
24                                    -7.3905853912905120e-04
25                                     2.2967295029599488e-04
26                                    -1.9825125675283078e-04
27                                     5.1792217671205176e-04
28                                     4.2731839407332550e-04
29                                     5.8997716907028402e-06
30                                     8.6612621265377832e-04
31                                    -1.4828086125002679e-04
32                                    -1.8617035802071316e-04
33                                    -1.1162583931428605e-03
34                                    -2.4435703894812311e-04
35                                    -7.4928446987559960e-05
36                                    -4.0926278372444003e-04
37                                     4.6748589136712260e-04
38                                    -1.9044192058939591e-04
39                                     6.8239650630694260e-04
40                                    -1.0586628225489614e-04
41                                     3.8645906665815688e-04
42                                     4.8825941576649545e-04
43                                    -2.2654443649849920e-04
44                                     1.4568444519175161e-04
45                                    -1.5412344879711399e-04
46                                     3.1426868864325302e-05
47                                    -6.9347663834925036e-04
48                                     4.8879646651353581e-04
49                                     1.1960216468576840e-04
50                                     6.0457528841000377e-04
51                                    -1.6119412821827273e-05
52                                    -3.4128383815347496e-04
53                                    -1.5945854535866222e-04
54                                    -4.3615330654442341e-04
55                                     4.8407766813687858e-04
56                                     9.9256684281807950e-04
57                                     1.6989304432885738e-04
58                                    -3.6172342597888540e-04
59                                    -1.4093269316658996e-04
60                                    -3.0898529863236657e-04
61                                     4.0321639935603226e-04
62                                    -5.4492557181867740e-04
63                                     4.7736331302783430e-05
64                                     9.1030089968580086e-05
65                                    -2.7102377419122026e-04
66                                     1.0582935972625225e-04
67                                    -2.7139327051479284e-04
68                                    -6.3781868734458236e-05
69                                     3.6864072112952062e-06
70                                    -3.7033639775155280e-06
71                                    -1.7549286473461656e-06
72                                    -2.1773681170828008e-04
73                                    -1.3539024834684221e-04
74                                    -3.5525603455571764e-05
75                                    -1.5258406037362005e-04
76                                    -2.3394451690955664e-04
77                                    -1.0719566232228472e-04
78                                    -1.4278737882927883e-05
79                                    -5.4697528826266884e-05
80                                    -7.3147189381228550e-05
81                                    -3.1759464956121475e-04
82                                    -1.5717637044907959e-04
83                                    -3.1689209783969385e-05
84                                     1.5023164644058663e-04
85                                    -1.3883698241998199e-04
86                                     9.0262266902792210e-05
87                                    -1.2803215400442741e-04
88                                     3.4286972644637093e-04
89                                    -5.7830374115858119e-05
90                                    -2.1316702953826094e-04
91                                     8.3413896920337544e-05
92                                     1.1564041291212135e-04
93                                    -8.4930989249887290e-05
94                                     1.1100957333914918e-04
95                                     1.4177769719520006e-04
96                                     1.0773841113886906e-04
97                                    -1.0708728873272400e-04
98                                     5.1616211334093443e-05
99                                     1.0543203858313921e-04
100                                   -8.8155691659708157e-05
101                                    1.1072690245531036e-04
102                                    1.5439053538091052e-04
103                                    9.5992848315906709e-05
104                                   -4.0741164619453873e-05
105                                   -2.8501467814745496e-05
106                                   -1.2496383301870140e-04
107                                   -6.7045164402368407e-05
108                                    1.0725663135106173e-04
109                                    4.2469174194592618e-06
110                                    2.0339938577053351e-04
111                                   -5.9982243500792537e-05
112                                    2.4525630740123913e-04
113                                   -1.0125737618346675e-04
114                                   -2.5270455363907152e-05
115                                    6.7770816023882130e-05
116                                    1.0586002388815463e-04
117                                    7.3516171917573092e-05
118                                   -1.1964080888343664e-04
119                                    3.8324818853879838e-05
120                                    1.6311120178719163e-05
121                                   -1.1183191110775148e-04
122                                   -2.9614500156011081e-05
   &Method [&Type "String"] "SCF"
   &Level [&Type "String"] "Relaxed density"
   &Mult [&Type "Integer"] 1
   &State [&Type "Integer"] 0
   &Irrep [&Type "Integer"] 0
$End
$Geometry
   &GeometryIndex 35
   &NAtoms [&Type "Integer"] 41
   &NCorelessECP [&Type "Integer"] 0
   &NGhostAtoms [&Type "Integer"] 0
   &CartesianCoordinates [&Type "Coordinates", &Dim(41,4), &Units "Bohr"] 
              O     -5.269165885946  -10.422009918590   -0.923294244299
              N     -3.874405531409   -9.207461626069   -2.335228521144
              C     -2.897529300621   -6.933136013101   -1.299640455906
              C     -1.289803436756   -5.521051334745   -2.856190764725
              C     -0.213537663967   -3.284400685905   -2.015165719705
              C     -0.728222890580   -2.371748670833    0.449885327715
              C     -2.417914231897   -3.792383188629    1.985729416189
              C     -3.460517384811   -6.025392229675    1.132624979936
              N      0.364140577983   -0.145550008930    1.332162277684
              C      1.881068209081    1.456173403591   -0.326005179203
              C      4.638635193493    0.560416626471   -0.520314233891
              O      6.152127375827    2.337111488255   -1.950192698714
              S      5.985882868609    2.198139969030   -5.060617370820
              O      4.545187191430    4.364538685104   -5.961785529545
              O      5.267449068136   -0.376164977162   -5.780186199476
              C      9.276750141476    2.704977289478   -5.718221314522
              C      0.464712775800    0.478429236382    4.015229940264
              C     -1.245062899506    2.667230481645    4.826643036210
              O     -3.895580981620    2.134858337028    4.433586764982
              S     -5.280126602420    3.335984712912    1.885502905361
              O     -5.887795711898    1.310475541429    0.125260551167
              O     -3.812706619067    5.528983972441    1.054243816396
              C     -8.140530234203    4.341692334226    3.412314354053
              H     -0.880603850139   -6.227515711979   -4.740097017377
              H      1.040911778521   -2.278437900004   -3.282332363963
              H     -2.993022501520   -3.081523239317    3.817066537191
              H     -4.758521991322   -7.103913496197    2.298492291066
              H      1.005818979068    1.533990061525   -2.196027999610
              H      1.853164706211    3.391422667258    0.402257461748
              H      4.768210489473   -1.311132227742   -1.378781883796
              H      5.541455118004    0.516631435733    1.337519917611
              H     10.356753703394    1.123923383550   -4.954490320473
              H      9.470841181765    2.802298951046   -7.770952070022
              H      9.851745826276    4.487649626353   -4.855001256044
              H      0.042629146895   -1.203466565567    5.130643811287
              H      2.405762669792    1.030878149955    4.519621459470
              H     -0.751191136137    4.421238793817    3.852856138017
              H     -1.049580485609    2.972607510240    6.864430130092
              H     -8.995655295287    2.703718995115    4.328366091118
              H     -7.687074190201    5.811333443288    4.784804310263
              H     -9.384698100730    5.070582679677    1.935283587618
$End
$SCF_Energy
   &GeometryIndex 35
   &Method [&Type "String"] "SCF"
   &totalEnergy [&Type "ArrayOfDoubles", &Dim (1,1)] "Total energy of each state"
                                                         0

0                                     -1.8996003549751672e+03
   &Mult [&Type "ArrayOfIntegers", &Dim (1,1)] "Multiplicity of each state"
                                                         0

0                                                        1
$End
$DFT_Energy
   &GeometryIndex 35
   &nAlphaEl [&Type "Integer"] 96
   &nBetaEl [&Type "Integer"] 96
   &nTotalEl [&Type "Integer"] 192
   &finalEn [&Type "Double"]      -1.8996003549751672e+03  "No Van der Waals correction"
   &eExchange [&Type "Double"]      -1.5074038315168093e+02
   &eCorr [&Type "Double"]      -8.0865294740599651e+00
   &eXC [&Type "Double"]      -1.5882691262574090e+02
   &eCNL [&Type "Double"]       0.0000000000000000e+00
$End
$SCF_Timings
   &GeometryIndex 35
   &TOTAL [&Type "Double"]       3.1628729000000003e+01
   &PREP [&Type "Double"]       6.8430400000000002e-01
   &FOCK [&Type "Double"]       2.9394471999999993e+01
   &DENS [&Type "Double"]       8.4844999999997839e-02
   &ETOT [&Type "Double"]       3.3341000000000953e-02
   &TRAFO [&Type "Double"]       7.5756999999995855e-02
   &DIIS [&Type "Double"]       2.9854000000000092e-01
   &SOSCF [&Type "Double"]       2.7724000000000171e-01
   &XC [&Type "Double"]       3.3655270000000073e+00
   &FOCKSTART [&Type "Double"]       1.0152999999998857e-02
   &INT_PREP [&Type "Double"]       5.0000000024752467e-06
   &INT_BF [&Type "Double"]       9.9974200000006030e-01
   &INT_DENS [&Type "Double"]       7.7848899999992138e-01
   &INT_DENSIO [&Type "Double"]       7.0364473932000168e+04
   &INT_FUNC [&Type "Double"]       1.2058100000005867e-01
   &INT_POT [&Type "Double"]       6.6757900000009851e-01
   &INT_POTIO [&Type "Double"]       2.9257999999906303e-02
   &INT_SUM [&Type "Double"]       8.3200000000172025e-04
   &SPLITRIJ [&Type "Double"]       3.8465319999999976e+00
   &COSX [&Type "Double"]       2.3373285000000003e+01
$End
$Single_Point_Data
   &GeometryIndex 35
   &FinalEnergy [&Type "Double"]      -1.8996003549751672e+03  "Final single point energy"
   &Converged [&Type "Boolean"] true
$End
$SCF_Nuc_Gradient
   &GeometryIndex 35
   &NAtoms [&Type "Integer"] 41
   &gradNorm [&Type "Double"]       4.5847125909206704e-03
   &grad [&Type "ArrayOfDoubles", &Dim (123,1)] 
                                                         0

0                                      7.0854171241085950e-05
1                                      8.1018781879077517e-05
2                                     -8.5782159911507172e-06
3                                     -5.9496841266215572e-06
4                                      2.0260102367719579e-06
5                                     -2.8778606529611395e-05
6                                     -3.6386693692810890e-05
7                                     -1.0035620236061027e-04
8                                     -1.4936082162438080e-04
9                                     -1.6494679539622720e-04
10                                    -2.2608696616976953e-04
11                                     1.3350086394886551e-04
12                                     4.1822276282826865e-05
13                                     1.8457201535926337e-04
14                                     7.0318096114310724e-05
15                                     4.0546587989857483e-04
16                                     1.1352719556267932e-04
17                                     3.4981738831048326e-04
18                                     1.3444867757441900e-04
19                                     1.5705908663872503e-04
20                                    -3.0297168072604408e-04
21                                    -5.9041080331237450e-05
22                                    -3.3048254889284090e-05
23                                     1.3831977653831068e-04
24                                    -8.4227250633037501e-04
25                                    -2.0230780955050875e-04
26                                    -4.2604661667345473e-04
27                                     6.7403863200826697e-04
28                                     3.6899999476715239e-04
29                                     2.0732803250755535e-04
30                                     1.5143683737597960e-03
31                                    -2.0715520585014302e-04
32                                     3.7941337606106629e-04
33                                    -1.5397817483282922e-03
34                                    -5.9256151047590300e-04
35                                    -1.4652147739521726e-04
36                                    -6.1525107758519937e-04
37                                     6.7556703467670787e-04
38                                    -3.2436979692548884e-04
39                                     1.0544360705886102e-03
40                                    -3.5369438324861502e-04
41                                     3.4472009007407989e-04
42                                     4.0894595997054140e-04
43                                    -2.0208823626222117e-04
44                                     3.1908949744337278e-04
45                                    -1.7446595528183145e-04
46                                     1.4233124658927232e-04
47                                    -5.6973032493963516e-04
48                                     5.7720338291632894e-04
49                                     4.6914756845178873e-04
50                                     3.8168025255726212e-04
51                                     1.1509846876176649e-04
52                                    -4.7295171876502590e-04
53                                    -8.6088346350346803e-04
54                                    -9.0282624792020760e-04
55                                     8.6145990657433835e-04
56                                     1.9381917556202249e-03
57                                     3.8202960839586741e-04
58                                    -5.5997296952489325e-04
59                                    -5.9682642442940304e-04
60                                    -4.0570358174314702e-04
61                                     7.0837195826262134e-04
62                                    -5.7356737886987696e-04
63                                     2.5844511827854966e-05
64                                    -1.7243996035187781e-04
65                                    -2.0920902097892879e-04
66                                     4.0859438152907046e-06
67                                    -3.1319753693553193e-04
68                                     1.2765099219150255e-04
69                                     1.0724869028359146e-04
70                                     1.1943178473473870e-04
71                                    -3.1359536823760692e-05
72                                    -1.5456393062843188e-04
73                                    -1.5434808458364424e-04
74                                    -2.1490956830914898e-04
75                                    -2.4914481796486226e-04
76                                    -4.0689141058256051e-04
77                                     8.0014973396491662e-06
78                                    -4.4562547681092912e-06
79                                     6.9645730602460598e-05
80                                     4.3744668007564269e-05
81                                    -3.4726285982572547e-04
82                                    -2.8124529931948528e-04
83                                    -8.8035408053938058e-05
84                                     1.2227408285046468e-04
85                                    -8.4163419208638235e-05
86                                     1.1985587572080347e-05
87                                    -3.7571127887352403e-04
88                                     4.3916206613314746e-04
89                                    -2.9445647897735627e-04
90                                    -1.3207477299950754e-04
91                                     1.2625755657318799e-04
92                                     4.0369147917634907e-05
93                                    -1.7394682367857794e-04
94                                     2.9449154264282740e-05
95                                     9.0417178209067917e-05
96                                     8.8007030201339015e-05
97                                     2.2137979086013851e-05
98                                     5.5788158435321478e-05
99                                     1.2829135259657953e-04
100                                   -2.4318846852333653e-05
101                                    7.5266767758930264e-06
102                                    2.2017876070008074e-04
103                                   -2.3683305384214481e-05
104                                   -8.8146336928468516e-05
105                                   -1.0873547038436904e-04
106                                   -1.3070139333026809e-04
107                                    5.2932877000200218e-06
108                                    3.6451871140499165e-04
109                                    8.8686745315758042e-05
110                                    3.3857096423448030e-04
111                                   -3.1797648901138800e-04
112                                    1.1996691857820568e-04
113                                   -8.8018519562138575e-05
114                                    5.3098944631319034e-05
115                                    1.1140424165834162e-05
116                                    4.2424722190820274e-05
117                                    4.5920375918231948e-05
118                                   -1.2190734352574006e-04
119                                    1.3763081794404552e-05
120                                    7.2318127712495128e-05
121                                   -1.2683930930033893e-04
122                                   -4.6145506611222631e-05
   &Method [&Type "String"] "SCF"
   &Level [&Type "String"] "Relaxed density"
   &Mult [&Type "Integer"] 1
   &State [&Type "Integer"] 0
   &Irrep [&Type "Integer"] 0
$End
$Geometry
   &GeometryIndex 36
   &NAtoms [&Type "Integer"] 41
   &NCorelessECP [&Type "Integer"] 0
   &NGhostAtoms [&Type "Integer"] 0
   &CartesianCoordinates [&Type "Coordinates", &Dim(41,4), &Units "Bohr"] 
              O     -5.406073936402  -10.385109018327   -0.911460767433
              N     -3.969668354572   -9.211639205454   -2.316087193328
              C     -2.962907168492   -6.946096710384   -1.288890046625
              C     -1.307476741413   -5.580680430430   -2.836238577955
              C     -0.200569343489   -3.356587009158   -2.001196875796
              C     -0.732270102620   -2.408482654136    0.446180345629
              C     -2.466885203197   -3.784142297129    1.973691129261
              C     -3.540235017621   -6.005014966412    1.127839183382
              N      0.389371775916   -0.197156045625    1.322951486063
              C      1.934211141371    1.379106118459   -0.330825941675
              C      4.689157775092    0.464128694364   -0.489124677746
              O      6.224672567600    2.216853260280   -1.927523480361
              S      6.020803891540    2.050387823671   -5.033742031806
              O      4.294675844830    4.001346152150   -5.932926680141
              O      5.625893047288   -0.596469834778   -5.740192180031
              C      9.210107753266    2.987234646968   -5.713183645348
              C      0.468509160374    0.447350507151    3.999968723719
              C     -1.216023106160    2.662845477576    4.787837557631
              O     -3.874757542498    2.157820986703    4.410896568489
              S     -5.260411318495    3.366877070981    1.867988296116
              O     -5.898717893414    1.340689882689    0.119519738655
              O     -3.770146025781    5.538443744876    1.022961724220
              C     -8.103464068295    4.409211267372    3.405262272481
              H     -0.883553662636   -6.313324383902   -4.706793181210
              H      1.094789983836   -2.390095685076   -3.258130482805
              H     -3.049789331512   -3.045363297581    3.791621455325
              H     -4.873062073733   -7.046355689495    2.288068828729
              H      1.081763054730    1.452913018856   -2.211371733695
              H      1.909319982417    3.321435378341    0.379461730565
              H      4.816302234734   -1.416699744251   -1.330971624081
              H      5.581468833393    0.429239854441    1.373461771207
              H     10.496438495073    1.550736428763   -4.984756305654
              H      9.360242335632    3.136637838000   -7.766430059571
              H      9.554150236021    4.820564288968   -4.833707656617
              H      0.015884233225   -1.221243236551    5.124038016347
              H      2.410907645220    0.980476875975    4.521301893453
              H     -0.704160496367    4.402738239862    3.797937072566
              H     -1.012311621378    2.980044854791    6.823299502294
              H     -8.973371718091    2.779489079662    4.321866266616
              H     -7.629545361953    5.874658141581    4.775326869470
              H     -9.343269827853    5.153230557312    1.932072671868
$End
$SCF_Energy
   &GeometryIndex 36
   &Method [&Type "String"] "SCF"
   &totalEnergy [&Type "ArrayOfDoubles", &Dim (1,1)] "Total energy of each state"
                                                         0

0                                     -1.8996004309061507e+03
   &Mult [&Type "ArrayOfIntegers", &Dim (1,1)] "Multiplicity of each state"
                                                         0

0                                                        1
$End
$DFT_Energy
   &GeometryIndex 36
   &nAlphaEl [&Type "Integer"] 96
   &nBetaEl [&Type "Integer"] 96
   &nTotalEl [&Type "Integer"] 192
   &finalEn [&Type "Double"]      -1.8996004309061507e+03  "No Van der Waals correction"
   &eExchange [&Type "Double"]      -1.5074086072907542e+02
   &eCorr [&Type "Double"]      -8.0864526474937080e+00
   &eXC [&Type "Double"]      -1.5882731337656912e+02
   &eCNL [&Type "Double"]       0.0000000000000000e+00
$End
$SCF_Timings
   &GeometryIndex 36
   &TOTAL [&Type "Double"]       3.2442097000000004e+01
   &PREP [&Type "Double"]       6.3729000000000002e-01
   &FOCK [&Type "Double"]       3.0100214999999999e+01
   &DENS [&Type "Double"]       8.5335999999994527e-02
   &ETOT [&Type "Double"]       3.8815999999995299e-02
   &TRAFO [&Type "Double"]       7.4589000000005790e-02
   &DIIS [&Type "Double"]       3.1179100000000037e-01
   &SOSCF [&Type "Double"]       3.4831299999999743e-01
   &XC [&Type "Double"]       3.6093100000000025e+00
   &FOCKSTART [&Type "Double"]       1.0029999999998762e-02
   &INT_PREP [&Type "Double"]       4.9999999989225330e-06
   &INT_BF [&Type "Double"]       1.0941009999998910e+00
   &INT_DENS [&Type "Double"]       8.5012500000010149e-01
   &INT_DENSIO [&Type "Double"]       7.2257307121000165e+04
   &INT_FUNC [&Type "Double"]       1.3063299999996758e-01
   &INT_POT [&Type "Double"]       6.9660000000013378e-01
   &INT_POTIO [&Type "Double"]       3.2187999999918837e-02
   &INT_SUM [&Type "Double"]       6.1700000000097788e-04
   &SPLITRIJ [&Type "Double"]       3.7839360000000024e+00
   &COSX [&Type "Double"]       2.3860639000000006e+01
$End
$Single_Point_Data
   &GeometryIndex 36
   &FinalEnergy [&Type "Double"]      -1.8996004309061507e+03  "Final single point energy"
   &Converged [&Type "Boolean"] true
$End
$SCF_Nuc_Gradient
   &GeometryIndex 36
   &NAtoms [&Type "Integer"] 41
   &gradNorm [&Type "Double"]       4.7683890432453106e-03
   &grad [&Type "ArrayOfDoubles", &Dim (123,1)] 
                                                         0

0                                      1.0722585054262490e-04
1                                      1.1256336224607644e-04
2                                     -3.2981395959169602e-05
3                                     -7.1299077252173770e-05
4                                     -9.3175764155351004e-05
5                                     -1.4557561027694899e-05
6                                      1.7447545198383957e-04
7                                      4.2313013363916296e-05
8                                     -3.2697085754211652e-04
9                                     -3.1964455167987973e-04
10                                    -3.6812345455034673e-04
11                                     1.6780064179047760e-04
12                                    -5.2224664354727501e-05
13                                     1.6287117627131198e-04
14                                     2.7377167918020417e-04
15                                     6.1133579642806343e-04
16                                     7.8342657429469886e-04
17                                     2.7028092478186688e-04
18                                     6.7727875985024166e-05
19                                     3.4502970547335698e-05
20                                    -2.8355295875502617e-04
21                                    -1.3376956594229883e-04
22                                    -7.5779923601165811e-05
23                                     2.0937306232068909e-04
24                                    -6.1517621587967378e-04
25                                    -7.3162972777775920e-04
26                                    -5.3709982531408018e-04
27                                     4.2146778859927791e-04
28                                     1.3243273637512931e-04
29                                     4.5072608618365595e-04
30                                     1.6361198424180573e-03
31                                    -2.3672303442606735e-05
32                                     8.9491037706470808e-04
33                                    -1.1499689395105261e-03
34                                    -4.3240733254916452e-04
35                                    -2.8532750569894294e-04
36                                    -6.4189736119552032e-04
37                                     4.9029504542998092e-04
38                                     2.9356993522022812e-05
39                                     8.7539366598909929e-04
40                                    -4.1989343648551891e-04
41                                     3.1635902348392531e-05
42                                     1.7992094746019371e-04
43                                    -2.1699060914415202e-04
44                                     2.1112744906749692e-04
45                                     1.2106666763335439e-04
46                                     2.3998376245781480e-04
47                                     1.6866788209134176e-05
48                                     3.4313914774253274e-04
49                                     6.6886817441311197e-04
50                                    -2.2005658849423571e-04
51                                     3.6978156712080129e-04
52                                    -4.1893414864983131e-04
53                                    -1.4105413621329985e-03
54                                    -8.9810317137685447e-04
55                                     8.8856124442399098e-04
56                                     2.0614307440334351e-03
57                                     2.7596036806855351e-04
58                                    -3.3367337417354592e-04
59                                    -6.9615736774136794e-04
60                                    -3.3039242215721076e-04
61                                     6.4393530844425451e-04
62                                    -4.6414328004928951e-04
63                                     1.1080697716203680e-04
64                                    -4.8809683661854564e-04
65                                    -2.1190600662288062e-05
66                                    -2.2498670828180467e-04
67                                    -2.6687619680534902e-04
68                                     3.8294293144435637e-04
69                                     1.5758167139123813e-04
70                                     1.6554327846773909e-04
71                                    -3.7085189590502221e-05
72                                    -9.8614916670874964e-05
73                                    -2.1401916027949386e-04
74                                    -2.3411673328108118e-04
75                                    -2.0070857452184759e-04
76                                    -3.6283054390019026e-04
77                                     1.0751624405716531e-04
78                                     6.3112098229595182e-06
79                                     1.6858027360613925e-04
80                                     1.3429785260452021e-04
81                                    -2.2372453541730231e-04
82                                    -1.1005160067774702e-04
83                                    -1.5672400701061129e-04
84                                    -4.7086783621972002e-05
85                                    -1.0994718591506025e-05
86                                    -5.7180694038184987e-05
87                                    -5.2743858247689124e-04
88                                     2.1423112823168444e-04
89                                    -4.9196299654075126e-04
90                                     7.5428048205233855e-05
91                                     1.0204613771319128e-05
92                                    -1.1960703830521391e-04
93                                    -1.4926221808081452e-04
94                                    -1.1059100433852276e-04
95                                    -3.1894885865413336e-05
96                                    -9.8435427555911698e-05
97                                     1.4091002339275058e-04
98                                     8.6939024045828983e-05
99                                    -2.8144529886482694e-05
100                                    1.7962312701708116e-05
101                                   -1.1306750204684302e-04
102                                    1.9342500644507765e-04
103                                   -9.6292472632431014e-05
104                                   -6.6218908687715183e-05
105                                   -1.3065330270631281e-04
106                                   -9.8526271013199551e-06
107                                    1.4687305651975985e-04
108                                    4.4488994052119257e-04
109                                    1.6017870298434822e-04
110                                    2.7449112275487741e-04
111                                   -4.3743276934603628e-04
112                                   -1.5369223852122402e-04
113                                    1.6578995505917016e-05
114                                    1.5520436964290563e-04
115                                   -9.4062106755277153e-05
116                                   -9.3525764503443742e-05
117                                   -4.0078976108991193e-05
118                                   -7.1720426846888508e-06
119                                   -5.8868453868682336e-05
120                                    9.1780985638167945e-05
121                                   -3.8552053145485266e-05
122                                   -1.4088535541578739e-05
   &Method [&Type "String"] "SCF"
   &Level [&Type "String"] "Relaxed density"
   &Mult [&Type "Integer"] 1
   &State [&Type "Integer"] 0
   &Irrep [&Type "Integer"] 0
$End
$Geometry
   &GeometryIndex 37
   &NAtoms [&Type "Integer"] 41
   &NCorelessECP [&Type "Integer"] 0
   &NGhostAtoms [&Type "Integer"] 0
   &CartesianCoordinates [&Type "Coordinates", &Dim(41,4), &Units "Bohr"] 
              O     -5.332616648283  -10.418395377956   -0.936555883223
              N     -3.902025003060   -9.233329194916   -2.337347588783
              C     -2.913196438531   -6.961093693583   -1.306739763194
              C     -1.265210436774   -5.583323668589   -2.851414181267
              C     -0.174417094524   -3.352951413010   -2.012342817577
              C     -0.717930644809   -2.412061709741    0.434876359427
              C     -2.444976677040   -3.799705803564    1.959990287202
              C     -3.501591038268   -6.026901388745    1.110078747705
              N      0.393575578011   -0.198283452382    1.317646359556
              C      1.916377626852    1.398991759360   -0.334216873937
              C      4.682349521019    0.518154446193   -0.487147688967
              O      6.204890334616    2.292347376662   -1.918679327618
              S      5.998811713493    2.132570883135   -5.023733900172
              O      4.385213869875    4.182037755518   -5.913976823046
              O      5.447983355222   -0.484858939850   -5.733957577495
              C      9.236978221464    2.879487693254   -5.712420657490
              C      0.455117429387    0.449771375508    3.992685370936
              C     -1.256374968669    2.646762174555    4.773191828720
              O     -3.903924696027    2.091831947172    4.394694303278
              S     -5.331332487897    3.295077992408    1.877107279610
              O     -6.086113488154    1.233564177362    0.220036944156
              O     -3.797860474826    5.391864602731    0.927490848652
              C     -8.091827939211    4.489867111970    3.456795432726
              H     -0.835507374616   -6.313283610579   -4.721718056583
              H      1.117470480628   -2.372633460261   -3.262604322296
              H     -3.032787191284   -3.062023425702    3.776662329326
              H     -4.828903220442   -7.079501796770    2.266434466443
              H      1.072605703341    1.466170135451   -2.217203933647
              H      1.865836031712    3.340427508586    0.377820272596
              H      4.834981381131   -1.364470208582   -1.323804379726
              H      5.573556157008    0.490330794556    1.376158465457
              H     10.442707346898    1.376978427372   -4.978292969167
              H      9.392155159697    3.005533537168   -7.767110150054
              H      9.684867848178    4.696922919346   -4.846951817515
              H      0.014257912584   -1.221084729742    5.118506859790
              H      2.389921261655    1.004949476124    4.520555441609
              H     -0.772798937324    4.386883012966    3.770105042902
              H     -1.053480160611    2.973662409182    6.807464495821
              H     -9.004273414472    2.919804686383    4.434123764473
              H     -7.525322843178    5.968704764315    4.776885753971
              H     -9.337185679181    5.251204887797    1.996908019605
$End
$SCF_Energy
   &GeometryIndex 37
   &Method [&Type "String"] "SCF"
   &totalEnergy [&Type "ArrayOfDoubles", &Dim (1,1)] "Total energy of each state"
                                                         0

0                                     -1.8996005042610714e+03
   &Mult [&Type "ArrayOfIntegers", &Dim (1,1)] "Multiplicity of each state"
                                                         0

0                                                        1
$End
$DFT_Energy
   &GeometryIndex 37
   &nAlphaEl [&Type "Integer"] 96
   &nBetaEl [&Type "Integer"] 96
   &nTotalEl [&Type "Integer"] 192
   &finalEn [&Type "Double"]      -1.8996005042610714e+03  "No Van der Waals correction"
   &eExchange [&Type "Double"]      -1.5074162609365879e+02
   &eCorr [&Type "Double"]      -8.0866087002075773e+00
   &eXC [&Type "Double"]      -1.5882823479386639e+02
   &eCNL [&Type "Double"]       0.0000000000000000e+00
$End
$SCF_Timings
   &GeometryIndex 37
   &TOTAL [&Type "Double"]       3.4209143999999995e+01
   &PREP [&Type "Double"]       6.3670099999999996e-01
   &FOCK [&Type "Double"]       3.2002474999999990e+01
   &DENS [&Type "Double"]       9.8488999999997162e-02
   &ETOT [&Type "Double"]       4.2446000000003536e-02
   &TRAFO [&Type "Double"]       8.2928999999998254e-02
   &DIIS [&Type "Double"]       3.1284899999999993e-01
   &SOSCF [&Type "Double"]       3.1719800000000298e-01
   &XC [&Type "Double"]       3.7465539999999997e+00
   &FOCKSTART [&Type "Double"]       1.0972000000000204e-02
   &INT_PREP [&Type "Double"]       7.0000000054193379e-06
   &INT_BF [&Type "Double"]       1.0944060000001228e+00
   &INT_DENS [&Type "Double"]       8.3681199999993705e-01
   &INT_DENSIO [&Type "Double"]       8.3405461424000212e+04
   &INT_FUNC [&Type "Double"]       1.3416099999994913e-01
   &INT_POT [&Type "Double"]       6.7997099999993083e-01
   &INT_POTIO [&Type "Double"]       3.2640999999984821e-02
   &INT_SUM [&Type "Double"]       6.2399999999662725e-04
   &SPLITRIJ [&Type "Double"]       4.0767739999999968e+00
   &COSX [&Type "Double"]       2.5235609999999998e+01
$End
$Single_Point_Data
   &GeometryIndex 37
   &FinalEnergy [&Type "Double"]      -1.8996005042610714e+03  "Final single point energy"
   &Converged [&Type "Boolean"] true
$End
$SCF_Nuc_Gradient
   &GeometryIndex 37
   &NAtoms [&Type "Integer"] 41
   &gradNorm [&Type "Double"]       3.6052451670731526e-03
   &grad [&Type "ArrayOfDoubles", &Dim (123,1)] 
                                                         0

0                                      7.1120011440439779e-05
1                                      8.3820492161795768e-05
2                                     -4.1769979372829891e-05
3                                     -8.2293190152349371e-05
4                                     -1.3690752920861304e-04
5                                     -1.5245517998585534e-06
6                                      2.6518123916158265e-04
7                                      1.3749227152118348e-04
8                                     -3.1095506071566331e-04
9                                     -2.2751915786320756e-04
10                                    -2.6607501856736049e-04
11                                     1.0041932738276416e-04
12                                    -8.3899472160864352e-05
13                                    -6.2402161832980640e-05
14                                     3.2234269035683050e-04
15                                     4.9081103385577307e-04
16                                     1.1551750125224705e-03
17                                     4.8994695610260486e-05
18                                    -9.1684712068520330e-05
19                                    -1.6080367606161050e-04
20                                    -1.0057661168513810e-04
21                                    -1.1835122309339363e-04
22                                    -3.0494141285877796e-05
23                                     1.8120331741650758e-04
24                                     7.5780633399490094e-05
25                                    -8.4237795179507857e-04
26                                    -8.7020053691530541e-05
27                                    -7.1986978282324865e-04
28                                    -3.8091230764203399e-04
29                                    -1.8829653858337334e-04
30                                     7.5159971602112297e-04
31                                     1.9945082901882266e-04
32                                     4.1196819912647960e-04
33                                    -5.2545188729416492e-04
34                                     1.0930744420884903e-03
35                                    -6.1814562032723452e-04
36                                     2.7886960206738309e-04
37                                    -7.7529250641248174e-04
38                                     5.4575846110963000e-04
39                                     6.3435784844079190e-05
40                                    -6.4277867322437565e-05
41                                     9.9178206624528364e-05
42                                    -3.0001350268243909e-04
43                                     2.3910138932270453e-04
44                                     1.1009575885867484e-04
45                                     2.6127586809347042e-04
46                                     1.1312349256982490e-04
47                                     4.7422160175331074e-04
48                                    -1.0827672299582730e-04
49                                     3.1314255186007389e-04
50                                    -6.3480521377284882e-04
51                                     3.6789521306828180e-04
52                                    -8.9005938874515966e-05
53                                    -1.1343257688566089e-03
54                                    -4.1630092399949636e-04
55                                     3.4523685080087296e-04
56                                     9.2958864457512447e-04
57                                    -2.7163351376348344e-05
58                                     7.3132787727886450e-05
59                                    -3.5714119944246780e-04
60                                     1.7349772490793391e-05
61                                     1.8720786190806749e-04
62                                    -7.1892062255718425e-05
63                                     1.1763932773195540e-04
64                                    -4.7249417268130367e-04
65                                     1.5499386299897000e-04
66                                    -3.1701732468884455e-04
67                                    -6.8829299171655617e-05
68                                     4.1921687306151201e-04
69                                     7.9890195887069582e-05
70                                     8.5519473550149661e-05
71                                    -2.3489539898557954e-05
72                                    -6.3985588267256865e-06
73                                     1.3611742948380079e-05
74                                    -8.3294625698560054e-05
75                                     1.2328037396272529e-06
76                                    -7.3703897486544767e-05
77                                     1.3017902252962510e-04
78                                     1.6406054354933808e-05
79                                     1.4064645512304463e-04
80                                     1.2204207188841465e-04
81                                     3.9982194179041808e-04
82                                     1.5246664054865619e-04
83                                     1.6487400211345760e-04
84                                    -1.2838262207565121e-04
85                                     6.3058731502418919e-05
86                                    -1.6794992676094633e-05
87                                    -2.7592128331898474e-04
88                                    -5.1772578490905108e-04
89                                    -1.4050490167755170e-04
90                                     3.0060887198612996e-04
91                                    -3.1793097525621185e-04
92                                    -2.9037161805384182e-04
93                                     5.4708747917811551e-05
94                                    -1.6772447206209185e-04
95                                    -1.5528246503669629e-04
96                                    -1.3093056430204045e-04
97                                     5.0794104866606557e-05
98                                     4.3112631460145989e-05
99                                    -1.0451195701348392e-04
100                                    7.9616776285845736e-05
101                                   -1.9634267871529443e-04
102                                    2.5719692137750327e-05
103                                   -8.3532882722364699e-05
104                                    4.8814204859401467e-05
105                                   -7.3726947649538355e-05
106                                    1.1059635740268137e-04
107                                    1.8446495823865039e-04
108                                    2.5617079935872505e-04
109                                    1.4864376538900603e-04
110                                    1.1251634759003315e-04
111                                   -2.6878630681225965e-04
112                                   -3.0783447174707879e-04
113                                    9.1136128972713060e-05
114                                    1.5391101066743185e-04
115                                   -1.5071163284466338e-04
116                                   -1.5755388924874880e-04
117                                   -9.4039177522313444e-05
118                                    1.1035261128597429e-04
119                                   -1.0226753179083670e-04
120                                    5.1110171311416486e-05
121                                    7.3772017837994697e-05
122                                    1.7233807335426121e-05
   &Method [&Type "String"] "SCF"
   &Level [&Type "String"] "Relaxed density"
   &Mult [&Type "Integer"] 1
   &State [&Type "Integer"] 0
   &Irrep [&Type "Integer"] 0
$End
$Geometry
   &GeometryIndex 38
   &NAtoms [&Type "Integer"] 41
   &NCorelessECP [&Type "Integer"] 0
   &NGhostAtoms [&Type "Integer"] 0
   &CartesianCoordinates [&Type "Coordinates", &Dim(41,4), &Units "Bohr"] 
              O     -5.361070953863  -10.435645552863   -0.912745250921
              N     -3.919332495034   -9.261147328694   -2.311371957160
              C     -2.929585669447   -6.986405493211   -1.287351408004
              C     -1.269058615799   -5.621935492273   -2.831483920544
              C     -0.175522353476   -3.391240320865   -1.997667761734
              C     -0.729931683102   -2.438158077424    0.442297309901
              C     -2.470716760912   -3.810035544982    1.965252896240
              C     -3.529269749377   -6.038519908000    1.120820432302
              N      0.384860925144   -0.221664201849    1.321373097264
              C      1.915396751805    1.365086691085   -0.334292142785
              C      4.677000741257    0.470767164730   -0.475055183938
              O      6.231907006512    2.232145503761   -1.890658401438
              S      5.974059342085    2.149341727288   -4.996774205892
              O      4.294822280179    4.179991100295   -5.810344446746
              O      5.475286688607   -0.461307241323   -5.769220539584
              C      9.183237677264    2.991610122260   -5.709802943398
              C      0.459126577148    0.422574729054    3.997845531808
              C     -1.230867166471    2.635925770712    4.778063218745
              O     -3.879396861679    2.103180977838    4.382070329099
              S     -5.279140668412    3.296489007389    1.845829140727
              O     -6.045513642324    1.221053785502    0.210587644995
              O     -3.720150766515    5.368342097955    0.881204729017
              C     -8.035006973587    4.542072732775    3.393733288134
              H     -0.833233488052   -6.365351593352   -4.695020713007
              H      1.128107090697   -2.419570856877   -3.242379946613
              H     -3.066716148606   -3.054454393525    3.771634936033
              H     -4.867012923298   -7.082934591506    2.272665383245
              H      1.075202726100    1.428782980638   -2.219149557002
              H      1.872009889158    3.309187689426    0.370806602983
              H      4.830528971144   -1.412688616887   -1.307434472485
              H      5.554684471937    0.438440802509    1.394884971278
              H     10.434867422090    1.501856502416   -5.029468371025
              H      9.307219356155    3.173103934616   -7.762712156816
              H      9.598856473969    4.796838363803   -4.803308157423
              H      0.001156173677   -1.242877276796    5.124318328368
              H      2.400689828650    0.958519372016    4.522623454185
              H     -0.732560442628    4.371590505173    3.775413921267
              H     -1.030952814722    2.959941422450    6.813007855853
              H     -8.973051984686    2.996451158501    4.385882208375
              H     -7.457944500333    6.030438413642    4.698608680510
              H     -9.262983655666    5.300203915695    1.917317538390
$End
$SCF_Energy
   &GeometryIndex 38
   &Method [&Type "String"] "SCF"
   &totalEnergy [&Type "ArrayOfDoubles", &Dim (1,1)] "Total energy of each state"
                                                         0

0                                     -1.8996005609090603e+03
   &Mult [&Type "ArrayOfIntegers", &Dim (1,1)] "Multiplicity of each state"
                                                         0

0                                                        1
$End
$DFT_Energy
   &GeometryIndex 38
   &nAlphaEl [&Type "Integer"] 96
   &nBetaEl [&Type "Integer"] 96
   &nTotalEl [&Type "Integer"] 192
   &finalEn [&Type "Double"]      -1.8996005609090603e+03  "No Van der Waals correction"
   &eExchange [&Type "Double"]      -1.5073995971781343e+02
   &eCorr [&Type "Double"]      -8.0865627174242256e+00
   &eXC [&Type "Double"]      -1.5882652243523765e+02
   &eCNL [&Type "Double"]       0.0000000000000000e+00
$End
$SCF_Timings
   &GeometryIndex 38
   &TOTAL [&Type "Double"]       3.5908608999999998e+01
   &PREP [&Type "Double"]       6.9554000000000005e-01
   &FOCK [&Type "Double"]       3.3906192000000011e+01
   &DENS [&Type "Double"]       9.6158000000002630e-02
   &ETOT [&Type "Double"]       4.2497999999998370e-02
   &TRAFO [&Type "Double"]       7.6639999999995823e-02
   &DIIS [&Type "Double"]       3.1391099999999916e-01
   &SOSCF [&Type "Double"]       3.4264799999999784e-01
   &XC [&Type "Double"]       4.0759570000000096e+00
   &FOCKSTART [&Type "Double"]       1.1323999999998668e-02
   &INT_PREP [&Type "Double"]       6.0000000008386678e-06
   &INT_BF [&Type "Double"]       1.2204799999998048e+00
   &INT_DENS [&Type "Double"]       9.2994100000018065e-01
   &INT_DENSIO [&Type "Double"]       9.7770946560000215e+04
   &INT_FUNC [&Type "Double"]       1.4683000000011770e-01
   &INT_POT [&Type "Double"]       6.8977399999989419e-01
   &INT_POTIO [&Type "Double"]       3.6967000000078798e-02
   &INT_SUM [&Type "Double"]       9.3399999999999039e-04
   &SPLITRIJ [&Type "Double"]       4.6763339999999953e+00
   &COSX [&Type "Double"]       2.5949353999999996e+01
$End
$Single_Point_Data
   &GeometryIndex 38
   &FinalEnergy [&Type "Double"]      -1.8996005609090603e+03  "Final single point energy"
   &Converged [&Type "Boolean"] true
$End
$SCF_Nuc_Gradient
   &GeometryIndex 38
   &NAtoms [&Type "Integer"] 41
   &gradNorm [&Type "Double"]       2.2922788462465082e-03
   &grad [&Type "ArrayOfDoubles", &Dim (123,1)] 
                                                         0

0                                     -8.0647260549571165e-05
1                                     -8.5568200394625649e-05
2                                      2.8932218397420550e-05
3                                      3.3978398018830180e-05
4                                      3.1978572141815043e-05
5                                      2.3530852825692783e-05
6                                      1.2168383127987570e-04
7                                      8.5850781907856333e-05
8                                     -8.2192200890205541e-05
9                                     -1.7112314317672267e-05
10                                     1.0386024860385701e-05
11                                    -6.9273622420318315e-06
12                                    -7.0078555407554477e-05
13                                    -1.0956183523150309e-04
14                                     7.1965811398844171e-05
15                                     4.6370520874184501e-05
16                                     3.9139054766215708e-04
17                                    -1.6149015757414842e-04
18                                    -1.9973127074189231e-04
19                                    -2.0058885406866456e-04
20                                     1.1872794127604225e-04
21                                    -5.5805191190527736e-05
22                                    -5.6123524132312141e-05
23                                     1.1186643840421784e-07
24                                     3.3230025340520025e-04
25                                    -9.5698547447349569e-05
26                                     9.9320610786726715e-05
27                                    -7.9305418347678375e-04
28                                    -3.5878504425000679e-04
29                                    -1.8084596156504179e-05
30                                    -3.1024916654458917e-04
31                                    -8.6081207592823145e-05
32                                     2.5893025980705184e-04
33                                    -2.4256161961597189e-05
34                                     7.1556619132728816e-04
35                                    -1.7604047009160684e-04
36                                     5.9755477088249687e-04
37                                    -4.4552598888875430e-04
38                                     2.2772053040254203e-04
39                                    -3.6523185588249740e-04
40                                     2.9661608828240871e-04
41                                    -9.8111722749039121e-05
42                                    -1.6852454331080929e-04
43                                     5.8547274319198372e-05
44                                    -2.3580036998993581e-04
45                                     3.0108691196814238e-04
46                                    -1.9648297819230276e-04
47                                     3.1430920732830603e-04
48                                    -4.5228786565366941e-04
49                                    -1.4607798552408735e-04
50                                    -3.3318895668068421e-04
51                                     4.5272613084008928e-04
52                                    -3.9097183220343501e-05
53                                    -3.7158365080608088e-04
54                                     6.8048091808714517e-05
55                                     3.1613501796007304e-04
56                                     9.8504832262508168e-05
57                                    -6.4865792565114988e-05
58                                     2.4878737404774448e-04
59                                     8.8234455837610248e-05
60                                     6.7254704941677179e-05
61                                    -3.7556807390820568e-04
62                                    -1.3768640081202044e-04
63                                     1.7073762319727570e-04
64                                    -5.5210430056906734e-05
65                                     7.8493184357819601e-06
66                                    -2.0844466316910504e-04
67                                    -2.9335655639103897e-05
68                                     2.8044625054589843e-04
69                                     8.2842998250787225e-06
70                                     4.0524792077611949e-08
71                                     6.9528142661035020e-06
72                                     8.4961828482651991e-05
73                                     7.8052836908024115e-05
74                                     8.3291999553425367e-05
75                                     8.1491704610456295e-05
76                                     1.1651710873140930e-04
77                                    -1.3849462335902007e-05
78                                     1.9692549454275454e-05
79                                     3.5974521294529493e-05
80                                     3.8596659001161049e-05
81                                     5.3432078451048914e-04
82                                     1.0419567608780517e-04
83                                    -6.8516007516228328e-05
84                                    -6.9847591167689072e-05
85                                     7.9389074170849172e-05
86                                     1.7520249852576164e-05
87                                    -5.2603439852756673e-05
88                                    -1.7656596343201825e-04
89                                     2.3335261008117225e-04
90                                     2.8657966906639465e-04
91                                    -2.3619155536787687e-04
92                                    -1.8059528277425407e-04
93                                     4.0764261613701613e-05
94                                    -3.1501690061858101e-05
95                                    -1.6262696620940320e-04
96                                    -3.8668104458950553e-05
97                                     6.4239336023636656e-05
98                                    -6.5802222616206940e-05
99                                    -1.5821971112645050e-04
100                                    7.2574978045414351e-05
101                                   -8.4552038925739259e-05
102                                    4.8793389566259560e-07
103                                    5.2808470285964360e-05
104                                    1.3320960119883596e-04
105                                    2.7442360042595482e-05
106                                    2.0661480900183854e-04
107                                    1.2061856574686197e-04
108                                   -1.7736271508243112e-04
109                                   -1.4657025909969867e-05
110                                    3.6482401257892372e-05
111                                    2.7845399228225431e-05
112                                   -2.8418427420357981e-04
113                                    9.7835222098552332e-05
114                                    8.8064205205143353e-05
115                                   -1.2717015756130712e-04
116                                   -1.1077406214556051e-04
117                                   -6.0105743633881437e-05
118                                    1.0515377576197915e-04
119                                   -8.0126767439792079e-05
120                                   -2.4580244702337994e-05
121                                    7.9157131754950538e-05
122                                    1.5043015864912856e-06
   &Method [&Type "String"] "SCF"
   &Level [&Type "String"] "Relaxed density"
   &Mult [&Type "Integer"] 1
   &State [&Type "Integer"] 0
   &Irrep [&Type "Integer"] 0
$End
$Geometry
   &GeometryIndex 39
   &NAtoms [&Type "Integer"] 41
   &NCorelessECP [&Type "Integer"] 0
   &NGhostAtoms [&Type "Integer"] 0
   &CartesianCoordinates [&Type "Coordinates", &Dim(41,4), &Units "Bohr"] 
              O     -5.337734864781  -10.460938341224   -0.922045205539
              N     -3.902804119460   -9.277242025808   -2.319829729051
              C     -2.917028972481   -7.003515307467   -1.289757435247
              C     -1.263271632993   -5.629270383170   -2.832601167857
              C     -0.173896982757   -3.398778467153   -1.992836710781
              C     -0.725293584037   -2.456830307160    0.452267874173
              C     -2.459751947217   -3.837877508632    1.973479687619
              C     -3.514261529626   -6.065932679350    1.122840345373
              N      0.388435511111   -0.240553822247    1.337267573206
              C      1.919430747790    1.349139662609   -0.315902017708
              C      4.677510754006    0.446944479228   -0.461625525468
              O      6.238673873939    2.201144800689   -1.878400830302
              S      5.948915025301    2.134443613952   -4.982398768016
              O      4.220318930612    4.134184974912   -5.769431772237
              O      5.494712935238   -0.481111500237   -5.765465234030
              C      9.134045729952    3.044540378075   -5.717344384657
              C      0.451147691113    0.404029963786    4.014038958824
              C     -1.242369719312    2.619856035171    4.783129152697
              O     -3.886710569866    2.090527051525    4.356857812358
              S     -5.262360466662    3.306368335131    1.818806088745
              O     -6.069317827849    1.241443261913    0.190499544062
              O     -3.664396711992    5.345795279437    0.848643069083
              C     -7.992607198897    4.614300078856    3.359517612266
              H     -0.830582443392   -6.364985201335   -4.699907160860
              H      1.124029037126   -2.418342594724   -3.236494225609
              H     -3.054339101948   -3.089832750203    3.783399797934
              H     -4.847046191862   -7.118738938833    2.272870840401
              H      1.073181582379    1.420904135265   -2.198333972118
              H      1.882616983975    3.290847574426    0.395338722684
              H      4.826704584590   -1.436576316281   -1.293835968247
              H      5.554818029400    0.413831581901    1.408758414369
              H     10.420417342727    1.577343308353   -5.053064682092
              H      9.238059128245    3.237321286118   -7.770264266777
              H      9.521676835929    4.853188303352   -4.805073169601
              H     -0.016017817466   -1.260647272829    5.137662771980
              H      2.391269877576    0.935512574168    4.547503545569
              H     -0.732301435434    4.355132269537    3.785523192282
              H     -1.061183670437    2.943076571940    6.819822975265
              H     -8.966261392349    3.093325534548    4.355558242025
              H     -7.384590638050    6.093003237264    4.661418388300
              H     -9.201835706551    5.394969105601    1.879407579188
$End
$SCF_Energy
   &GeometryIndex 39
   &Method [&Type "String"] "SCF"
   &totalEnergy [&Type "ArrayOfDoubles", &Dim (1,1)] "Total energy of each state"
                                                         0

0                                     -1.8996005823955763e+03
   &Mult [&Type "ArrayOfIntegers", &Dim (1,1)] "Multiplicity of each state"
                                                         0

0                                                        1
$End
$DFT_Energy
   &GeometryIndex 39
   &nAlphaEl [&Type "Integer"] 96
   &nBetaEl [&Type "Integer"] 96
   &nTotalEl [&Type "Integer"] 192
   &finalEn [&Type "Double"]      -1.8996005823955763e+03  "No Van der Waals correction"
   &eExchange [&Type "Double"]      -1.5074008670924121e+02
   &eCorr [&Type "Double"]      -8.0865843663715999e+00
   &eXC [&Type "Double"]      -1.5882667107561281e+02
   &eCNL [&Type "Double"]       0.0000000000000000e+00
$End
$SCF_Timings
   &GeometryIndex 39
   &TOTAL [&Type "Double"]       3.0056757999999999e+01
   &PREP [&Type "Double"]       7.1394500000000005e-01
   &FOCK [&Type "Double"]       2.7974804999999993e+01
   &DENS [&Type "Double"]       8.9140999999997916e-02
   &ETOT [&Type "Double"]       4.2894000000001320e-02
   &POP [&Type "Double"]       1.0000000010279564e-06
   &TRAFO [&Type "Double"]       7.2838000000000847e-02
   &DIIS [&Type "Double"]       3.0712999999999901e-01
   &SOSCF [&Type "Double"]       2.8439899999999874e-01
   &XC [&Type "Double"]       3.3277869999999936e+00
   &FOCKSTART [&Type "Double"]       1.0648000000000879e-02
   &INT_PREP [&Type "Double"]       7.0000000000902673e-06
   &INT_BF [&Type "Double"]       1.0760410000001750e+00
   &INT_DENS [&Type "Double"]       8.3794999999990516e-01
   &INT_DENSIO [&Type "Double"]       6.8623258333000151e+04
   &INT_FUNC [&Type "Double"]       1.2531600000000775e-01
   &INT_POT [&Type "Double"]       6.4669299999982233e-01
   &INT_POTIO [&Type "Double"]       3.0729000000061291e-02
   &INT_SUM [&Type "Double"]       8.2900000000396545e-04
   &SPLITRIJ [&Type "Double"]       3.6577570000000028e+00
   &COSX [&Type "Double"]       2.1987313999999998e+01
$End
$Single_Point_Data
   &GeometryIndex 39
   &FinalEnergy [&Type "Double"]      -1.8996005823955763e+03  "Final single point energy"
   &Converged [&Type "Boolean"] true
$End
$SCF_Nuc_Gradient
   &GeometryIndex 39
   &NAtoms [&Type "Integer"] 41
   &gradNorm [&Type "Double"]       1.7197433641099635e-03
   &grad [&Type "ArrayOfDoubles", &Dim (123,1)] 
                                                         0

0                                     -5.4847659285872652e-05
1                                     -6.1888240351526402e-05
2                                      2.2766796312384541e-05
3                                      3.0620811621723254e-05
4                                      3.0399073915957087e-05
5                                      1.9122971154139634e-05
6                                      6.0317806657328443e-05
7                                      8.3880746714795618e-05
8                                     -3.0575938387775170e-05
9                                      1.8859293307554870e-05
10                                    -1.5431504980727151e-05
11                                    -3.9856002940236168e-05
12                                    -5.6990561626918401e-05
13                                    -3.0486846007607427e-05
14                                     5.1208485546107296e-05
15                                    -2.3846456601006941e-04
16                                    -2.3470168227861937e-04
17                                    -2.6916206635516776e-04
18                                    -7.8548229787303234e-05
19                                    -2.4813401217790854e-04
20                                     1.3250329873967792e-04
21                                     3.2157694009146698e-05
22                                    -2.8831454123579014e-06
23                                    -1.8746399358997301e-05
24                                     6.3215149976119517e-04
25                                     2.6788246925282116e-04
26                                     2.1255662993258095e-04
27                                    -3.9727052384799094e-04
28                                    -1.8087206271887035e-04
29                                     1.4753806786576423e-04
30                                    -4.8942560803010710e-04
31                                    -1.1195895802067202e-04
32                                    -1.7447842699996885e-05
33                                     5.4609672040045742e-05
34                                     3.0183167940711630e-04
35                                     5.6276810056862803e-05
36                                     3.9786382337447801e-04
37                                    -1.8488241711811862e-04
38                                     1.1134315479406631e-04
39                                    -3.7586239430126289e-04
40                                     1.5678263328022801e-04
41                                    -1.2483988961010939e-04
42                                    -9.3565310413906699e-05
43                                     7.0902397342476053e-05
44                                    -1.5351955809141116e-04
45                                     2.0628799562570979e-04
46                                    -2.2599079524802945e-04
47                                     1.9567823362220960e-04
48                                    -3.2027627665393021e-04
49                                    -1.3279959597263524e-04
50                                    -1.6592123852401247e-04
51                                     2.2327698982390828e-04
52                                    -7.0715018196935986e-05
53                                    -6.1873091569894512e-05
54                                    -4.6106579303650808e-05
55                                     3.3876699120620468e-04
56                                    -2.2561041233826185e-06
57                                     5.5207053660619176e-05
58                                     1.1746134823047150e-04
59                                     1.1191909807495293e-04
60                                    -4.3135932979387892e-05
61                                    -1.6348095853113698e-04
62                                    -1.8050095482363693e-04
63                                     1.1738020568249907e-04
64                                    -1.4037745669770452e-05
65                                     1.3249176250285100e-05
66                                    -5.1596297499310884e-05
67                                    -1.5058857814886917e-06
68                                     2.1600395710238973e-04
69                                    -2.5536932167599669e-05
70                                    -3.2422550088700985e-05
71                                     1.4391770221777733e-05
72                                     9.4176624666084119e-05
73                                     1.5122561280346558e-04
74                                     1.0265729515396282e-04
75                                     1.3090423029722686e-04
76                                     1.8020563546695956e-04
77                                    -2.6088772154875262e-05
78                                     1.2589490801656611e-05
79                                    -5.9971869723896010e-06
80                                     5.8748375781347839e-06
81                                     3.0560804079685089e-04
82                                     1.8215550152468965e-05
83                                    -2.2650258529360867e-04
84                                     5.4725119499540731e-06
85                                     6.0992845841434384e-05
86                                     8.8304160808655441e-06
87                                     2.0111880587821152e-05
88                                    -5.5027148589403829e-06
89                                     1.8794826108890772e-04
90                                     2.1677194307999359e-04
91                                    -1.2729235566551547e-04
92                                    -5.4835506240580312e-05
93                                     4.4245668538028804e-05
94                                     1.2892644183026825e-05
95                                    -1.1270596263966010e-04
96                                    -2.2699659481099227e-05
97                                     4.7917647238885502e-05
98                                    -5.8413999737660927e-05
99                                    -1.1581712032030650e-04
100                                    5.2858603295902196e-05
101                                   -1.7592875880143022e-05
102                                   -7.2523525774220721e-05
103                                    3.0058398790833163e-06
104                                    8.6070823036327182e-05
105                                    9.6053432349363366e-06
106                                    8.3459142632177907e-05
107                                    1.3102634736673890e-05
108                                   -2.7641879825333893e-04
109                                    5.8163617902229348e-05
110                                   -4.8900355838973897e-05
111                                    7.4117681179965145e-05
112                                   -1.8124501876331731e-04
113                                    3.4919246634623757e-05
114                                    3.9547044301452283e-05
115                                   -8.5531076534833828e-05
116                                   -6.2470004576431482e-05
117                                   -2.6580219837202268e-05
118                                    5.8935804758408761e-05
119                                   -4.2011616902204452e-05
120                                    3.7827041125954031e-06
121                                    2.1979479917458300e-05
122                                   -2.9741377379405298e-05
   &Method [&Type "String"] "SCF"
   &Level [&Type "String"] "Relaxed density"
   &Mult [&Type "Integer"] 1
   &State [&Type "Integer"] 0
   &Irrep [&Type "Integer"] 0
$End
$Geometry
   &GeometryIndex 40
   &NAtoms [&Type "Integer"] 41
   &NCorelessECP [&Type "Integer"] 0
   &NGhostAtoms [&Type "Integer"] 0
   &CartesianCoordinates [&Type "Coordinates", &Dim(41,4), &Units "Bohr"] 
              O     -5.325648962310  -10.457571388574   -0.932341659534
              N     -3.894851147272   -9.269117361439   -2.330161891754
              C     -2.910673946423   -6.996304841176   -1.296804329729
              C     -1.259949378543   -5.617202995244   -2.838869805634
              C     -0.172195901365   -3.387114074381   -1.996392986094
              C     -0.721820537331   -2.450064004401    0.451608585459
              C     -2.453481974224   -3.835308123617    1.971449064463
              C     -3.506459906533   -6.063176340111    1.117526811063
              N      0.388271567746   -0.232607121718    1.338574822302
              C      1.918212473290    1.359403430901   -0.314300652172
              C      4.675408505548    0.455161127404   -0.462079148385
              O      6.238771679055    2.206331896286   -1.878501271029
              S      5.951455642308    2.138761446626   -4.982590511792
              O      4.237302767519    4.149285504718   -5.771901175314
              O      5.482216001992   -0.475412368447   -5.761572764588
              C      9.142905921755    3.026088451968   -5.716770321730
              C      0.451785093483    0.409932010430    4.016221024039
              C     -1.253722019691    2.617816841208    4.783162181800
              O     -3.894144706326    2.067172958692    4.360494426076
              S     -5.285645232166    3.263584086817    1.822051720916
              O     -6.132564514382    1.182375718072    0.236009039913
              O     -3.678999347628    5.272422597780    0.803641704296
              C     -7.984271240395    4.626635641597    3.369922561884
              H     -0.828616075676   -6.348415566310   -4.708272317492
              H      1.121984245529   -2.403632338040   -3.241285950174
              H     -3.048556593114   -3.092452057967    3.783328075225
              H     -4.837386216037   -7.119272841377    2.266753646979
              H      1.065605423633    1.433293147779   -2.193735896107
              H      1.883859957473    3.299856830940    0.399695226949
              H      4.823664488165   -1.427723887076   -1.295729130362
              H      5.548996967969    0.422904568137    1.410120802611
              H     10.418529528237    1.554498313932   -5.041261020875
              H      9.253278167836    3.207112732758   -7.770230756398
              H      9.541777687079    4.836109369321   -4.812075615995
              H     -0.007780022288   -1.257392930290    5.138976145736
              H      2.390295596864    0.949210018934    4.546760943306
              H     -0.754748966227    4.351130804490    3.776373942541
              H     -1.071429211233    2.952580260117    6.817802209527
              H     -8.968065735117    3.134189996635    4.398610291757
              H     -7.344781110218    6.115540628929    4.644911099113
              H     -9.198528895393    5.401369836797    1.890882841411
$End
$SCF_Energy
   &GeometryIndex 40
   &Method [&Type "String"] "SCF"
   &totalEnergy [&Type "ArrayOfDoubles", &Dim (1,1)] "Total energy of each state"
                                                         0

0                                     -1.8996005924080737e+03
   &Mult [&Type "ArrayOfIntegers", &Dim (1,1)] "Multiplicity of each state"
                                                         0

0                                                        1
$End
$DFT_Energy
   &GeometryIndex 40
   &nAlphaEl [&Type "Integer"] 96
   &nBetaEl [&Type "Integer"] 96
   &nTotalEl [&Type "Integer"] 192
   &finalEn [&Type "Double"]      -1.8996005924080737e+03  "No Van der Waals correction"
   &eExchange [&Type "Double"]      -1.5074039381045904e+02
   &eCorr [&Type "Double"]      -8.0866609143140380e+00
   &eXC [&Type "Double"]      -1.5882705472477306e+02
   &eCNL [&Type "Double"]       0.0000000000000000e+00
$End
$SCF_Timings
   &GeometryIndex 40
   &TOTAL [&Type "Double"]       2.4489803999999999e+01
   &PREP [&Type "Double"]       6.4457100000000001e-01
   &FOCK [&Type "Double"]       2.2169840000000001e+01
   &DENS [&Type "Double"]       5.3839000000003523e-02
   &ETOT [&Type "Double"]       2.1795000000000009e-02
   &POP [&Type "Double"]       9.9999999747524271e-07
   &TRAFO [&Type "Double"]       7.4259000000001407e-02
   &DIIS [&Type "Double"]       3.1835900000000095e-01
   &SOSCF [&Type "Double"]       1.1550400000000050e-01
   &XC [&Type "Double"]       2.3766889999999989e+00
   &FOCKSTART [&Type "Double"]       8.3719999999992689e-03
   &INT_PREP [&Type "Double"]       4.9999999989225330e-06
   &INT_BF [&Type "Double"]       7.1361200000004565e-01
   &INT_DENS [&Type "Double"]       5.7320899999996655e-01
   &INT_DENSIO [&Type "Double"]       3.3350520865000057e+04
   &INT_FUNC [&Type "Double"]       8.5830000000099993e-02
   &INT_POT [&Type "Double"]       5.1727199999990958e-01
   &INT_POTIO [&Type "Double"]       2.0257000000044378e-02
   &INT_SUM [&Type "Double"]       3.4900000000437359e-04
   &SPLITRIJ [&Type "Double"]       2.6509820000000026e+00
   &COSX [&Type "Double"]       1.8669968000000001e+01
$End
$Single_Point_Data
   &GeometryIndex 40
   &FinalEnergy [&Type "Double"]      -1.8996005924080737e+03  "Final single point energy"
   &Converged [&Type "Boolean"] true
$End
$SCF_Nuc_Gradient
   &GeometryIndex 40
   &NAtoms [&Type "Integer"] 41
   &gradNorm [&Type "Double"]       1.0305706443142603e-03
   &grad [&Type "ArrayOfDoubles", &Dim (123,1)] 
                                                         0

0                                      9.2370983715284183e-06
1                                      1.1369931146920642e-05
2                                      1.8430915485478927e-06
3                                      1.0752095755822699e-05
4                                      1.5120857015066963e-05
5                                      1.0539000629972151e-05
6                                     -6.7950756102559684e-05
7                                     -2.6659701082176746e-05
8                                      1.0795302208169155e-04
9                                      8.4330287118457997e-05
10                                     4.7402684964850672e-05
11                                    -5.2993729634159825e-05
12                                    -7.3692017546617139e-06
13                                    -4.6781306656473731e-05
14                                    -8.2561845927968391e-05
15                                    -2.1684253614237189e-04
16                                    -2.7317681273975047e-04
17                                    -5.5139177631415709e-05
18                                     1.5006881288269491e-05
19                                     2.2896165921916511e-05
20                                     6.3474598070711874e-05
21                                     3.2823956069946703e-05
22                                    -1.9680899962432052e-05
23                                    -1.3421754375128603e-04
24                                     4.0801977861298910e-04
25                                     2.6356623329901185e-04
26                                     1.6995885477699701e-04
27                                    -1.1104902686877305e-04
28                                     2.1887425492313206e-05
29                                     1.4291090249865177e-04
30                                    -2.7269403022146810e-04
31                                    -4.0090480659785849e-05
32                                     8.6081343755543133e-06
33                                    -6.2382362730664664e-05
34                                    -2.5175720338971308e-05
35                                     2.8547808751416826e-05
36                                     1.8875501869666800e-04
37                                     5.7157578702695527e-05
38                                    -1.1095185898385429e-04
39                                    -1.6398770399395080e-04
40                                     5.3768249639707388e-05
41                                     2.8745150859196822e-05
42                                    -3.4980694509217924e-06
43                                    -1.3649928006342904e-05
44                                    -7.2400549624984656e-06
45                                     1.0266280851586873e-05
46                                    -1.7183285637576567e-04
47                                    -2.8320217724982222e-06
48                                    -1.4059723796860935e-04
49                                    -1.8930080110660802e-04
50                                    -5.4722998017037172e-07
51                                     2.1492524499400201e-05
52                                    -5.5056236048123264e-05
53                                     1.8721381925501657e-04
54                                    -2.9514254142631868e-05
55                                     2.1147879021485294e-04
56                                    -1.0004387390633029e-04
57                                    -1.2984524334902492e-05
58                                    -3.5006991660785358e-05
59                                     1.5383671887903017e-04
60                                    -3.5464443254806799e-05
61                                    -8.7182182565093136e-05
62                                    -1.9083226066604619e-04
63                                     4.8188648912261822e-05
64                                     4.0141469025090082e-05
65                                    -5.7441040894723461e-05
66                                     7.2752867658013726e-05
67                                    -1.2197598527913245e-05
68                                     5.5086779098486444e-05
69                                    -2.0436506382892627e-05
70                                    -1.6814494455508200e-05
71                                     6.4441040532048355e-06
72                                     2.5839287696616253e-05
73                                     7.2654308415576185e-05
74                                     5.4385216679844750e-05
75                                     6.2330937255647423e-05
76                                     1.1558156045447798e-04
77                                    -7.2230333612310904e-06
78                                     6.3865502314408573e-07
79                                    -2.7923694992645909e-05
80                                    -8.1963180425109750e-06
81                                     3.5575368248247363e-05
82                                    -4.4713892275108011e-05
83                                    -9.5335487079406533e-05
84                                     7.6455179453257388e-05
85                                     2.4634825113722947e-06
86                                    -3.6965961556771620e-05
87                                     8.3651033401601488e-05
88                                     6.8212811414308794e-05
89                                    -7.7049525732536539e-06
90                                     2.3827234503920325e-05
91                                    -5.1631018435508227e-06
92                                     6.0651145779050397e-05
93                                     6.1994851140570462e-05
94                                     4.0229397526292399e-05
95                                    -2.8912027306988997e-05
96                                     8.3822726487450816e-06
97                                     1.6191536453751681e-05
98                                    -6.0782303780149149e-06
99                                    -2.5580650696181706e-05
100                                    1.0429794653432634e-05
101                                    2.5977719665615240e-05
102                                   -6.7106214357966210e-05
103                                    1.5204326281492708e-05
104                                    1.5674663134818134e-05
105                                    2.7030686108597823e-05
106                                    2.5096726200289632e-05
107                                   -5.4165140884812613e-05
108                                   -1.9436669946723550e-04
109                                    4.8112302611480473e-05
110                                   -4.1478498967614796e-05
111                                    1.4595137845027292e-04
112                                   -2.6711905300146055e-05
113                                   -1.8948859613870939e-05
114                                   -1.0079599294859909e-05
115                                    2.8556139082258625e-06
116                                   -8.6835016663011633e-06
117                                   -1.3162360492258163e-05
118                                   -1.4167083200455899e-05
119                                    1.3379019452836038e-05
120                                    1.7637310543716644e-06
121                                   -3.0535584384122627e-05
122                                   -2.6737206099025634e-05
   &Method [&Type "String"] "SCF"
   &Level [&Type "String"] "Relaxed density"
   &Mult [&Type "Integer"] 1
   &State [&Type "Integer"] 0
   &Irrep [&Type "Integer"] 0
$End
$Geometry
   &GeometryIndex 41
   &NAtoms [&Type "Integer"] 41
   &NCorelessECP [&Type "Integer"] 0
   &NGhostAtoms [&Type "Integer"] 0
   &CartesianCoordinates [&Type "Coordinates", &Dim(41,4), &Units "Bohr"] 
              O     -5.310686597142  -10.472356520348   -0.934008065147
              N     -3.881837144799   -9.281758921307   -2.331943465269
              C     -2.902305494712   -7.006501282120   -1.299359055061
              C     -1.252855146835   -5.625694947992   -2.841116181426
              C     -0.168953391447   -3.393376323696   -1.999581292784
              C     -0.721507661866   -2.455145875592    0.447523606906
              C     -2.452591236692   -3.842051248280    1.966742510305
              C     -3.501266334999   -6.072373600557    1.113791567314
              N      0.383651177379   -0.235227143911    1.333157761631
              C      1.912108402700    1.358967911463   -0.319660265920
              C      4.671582885545    0.459896653191   -0.464262297862
              O      6.234800530852    2.214968404980   -1.875659235468
              S      5.952719305783    2.149981749087   -4.979946774865
              O      4.247061776674    4.166681805716   -5.770945294445
              O      5.477050450577   -0.462479927913   -5.760847877746
              C      9.148044406334    3.027641456243   -5.708263859208
              C      0.448386300865    0.408469255578    4.010796963828
              C     -1.261988665458    2.613071877924    4.776108361498
              O     -3.900826706494    2.051803075315    4.358090823189
              S     -5.305612763772    3.243494590230    1.825136234901
              O     -6.197147390071    1.154882303672    0.274473300533
              O     -3.685186696185    5.220457678762    0.767268575627
              C     -7.969386803911    4.661761088371    3.384119236969
              H     -0.818767588060   -6.357345712158   -4.709729336275
              H      1.124105619560   -2.409526525932   -3.245240534689
              H     -3.051032488658   -3.099887779187    3.777740938233
              H     -4.831769446071   -7.129150170791    2.262836721225
              H      1.059017113389    1.431073990318   -2.198738638926
              H      1.873081922379    3.299420984909    0.393977879567
              H      4.823764733207   -1.421884314359   -1.299980658938
              H      5.540861816660    0.427163166990    1.409687681326
              H     10.417355211855    1.553402939064   -5.026532873771
              H      9.264370697231    3.204097552163   -7.761717876937
              H      9.550467368919    4.837930672550   -4.805781405311
              H     -0.006993395679   -1.259469337294    5.134287238719
              H      2.386049585870    0.951853332115    4.539886182036
              H     -0.767336863871    4.344145653673    3.763428497030
              H     -1.078787981144    2.954067109283    6.809639494363
              H     -8.965209948356    3.195256808332    4.438254355167
              H     -7.295808706017    6.154268798296    4.637253317451
              H     -9.186620777952    5.439470754313    1.909113704436
$End
$SCF_Energy
   &GeometryIndex 41
   &Method [&Type "String"] "SCF"
   &totalEnergy [&Type "ArrayOfDoubles", &Dim (1,1)] "Total energy of each state"
                                                         0

0                                     -1.8996005956631468e+03
   &Mult [&Type "ArrayOfIntegers", &Dim (1,1)] "Multiplicity of each state"
                                                         0

0                                                        1
$End
$DFT_Energy
   &GeometryIndex 41
   &nAlphaEl [&Type "Integer"] 96
   &nBetaEl [&Type "Integer"] 96
   &nTotalEl [&Type "Integer"] 192
   &finalEn [&Type "Double"]      -1.8996005956631468e+03  "No Van der Waals correction"
   &eExchange [&Type "Double"]      -1.5074058869242694e+02
   &eCorr [&Type "Double"]      -8.0866626179698038e+00
   &eXC [&Type "Double"]      -1.5882725131039675e+02
   &eCNL [&Type "Double"]       0.0000000000000000e+00
$End
$SCF_Timings
   &GeometryIndex 41
   &TOTAL [&Type "Double"]       2.7350968000000002e+01
   &PREP [&Type "Double"]       6.1891600000000002e-01
   &FOCK [&Type "Double"]       2.5384494000000004e+01
   &DENS [&Type "Double"]       6.8505999999995737e-02
   &ETOT [&Type "Double"]       2.8614000000005468e-02
   &TRAFO [&Type "Double"]       8.1837000000001936e-02
   &DIIS [&Type "Double"]       2.5543500000000208e-01
   &SOSCF [&Type "Double"]       2.1412299999999629e-01
   &XC [&Type "Double"]       2.9241030000000032e+00
   &FOCKSTART [&Type "Double"]       1.0760999999998910e-02
   &INT_PREP [&Type "Double"]       3.9999999943418629e-06
   &INT_BF [&Type "Double"]       8.6155499999993790e-01
   &INT_DENS [&Type "Double"]       6.5956200000010057e-01
   &INT_DENSIO [&Type "Double"]       5.0349773049000127e+04
   &INT_FUNC [&Type "Double"]       1.0473299999994712e-01
   &INT_POT [&Type "Double"]       5.2486900000010817e-01
   &INT_POTIO [&Type "Double"]       2.5329999999920361e-02
   &INT_SUM [&Type "Double"]       3.9499999999836888e-04
   &SPLITRIJ [&Type "Double"]       3.1009490000000004e+00
   &COSX [&Type "Double"]       2.0429195999999997e+01
$End
$Single_Point_Data
   &GeometryIndex 41
   &FinalEnergy [&Type "Double"]      -1.8996005956631468e+03  "Final single point energy"
   &Converged [&Type "Boolean"] true
$End
$SCF_Nuc_Gradient
   &GeometryIndex 41
   &NAtoms [&Type "Integer"] 41
   &gradNorm [&Type "Double"]       4.8677506514810767e-04
   &grad [&Type "ArrayOfDoubles", &Dim (123,1)] 
                                                         0

0                                      1.4819464458637466e-05
1                                     -1.1914740147833669e-06
2                                     -1.9349386797540280e-06
3                                     -2.4028087122762720e-07
4                                      8.8536466344643627e-06
5                                      7.4332815481747971e-06
6                                     -6.1622573488691323e-05
7                                     -2.0842656614485089e-05
8                                      9.1193336139626380e-05
9                                      5.9634509950695636e-05
10                                     5.8570574641925166e-05
11                                    -2.6708949384973701e-05
12                                     2.8031751879195599e-05
13                                    -4.2229380978531239e-05
14                                    -1.0428336265703303e-04
15                                    -8.9692875120964133e-05
16                                    -8.5720877402176154e-05
17                                     6.0250630761093937e-05
18                                    -1.4089724195004427e-07
19                                     5.6795653423029335e-05
20                                     3.3979607698658709e-05
21                                     3.5408843738038431e-05
22                                    -2.3507631458724587e-05
23                                    -9.2356939742077593e-05
24                                     1.2328223783014333e-04
25                                     3.0152785252104963e-05
26                                     6.0612156049747595e-05
27                                    -4.6933574433360992e-05
28                                     4.4866056571300772e-05
29                                     3.8714752148227838e-05
30                                    -1.9402168104212802e-05
31                                     2.0188206226647715e-05
32                                     5.5335784284395347e-05
33                                     4.0284623689657018e-06
34                                    -3.9633789865323177e-06
35                                    -4.6514785393581004e-05
36                                     4.5954447605522919e-05
37                                     5.6240816711156105e-05
38                                    -5.1958626366033211e-05
39                                    -1.8742774905100568e-05
40                                     1.1019287553204471e-05
41                                     6.6530345182364004e-05
42                                     7.0187391393167209e-06
43                                    -4.2377579154873057e-05
44                                     2.1273970264065745e-05
45                                    -5.7439209195063456e-05
46                                    -6.6131595151202281e-05
47                                    -3.1689254307097625e-05
48                                    -5.3298340611240835e-06
49                                    -8.1654186308496857e-05
50                                     2.8860805628277975e-05
51                                    -7.3105717580887464e-06
52                                    -1.6286565605178049e-05
53                                     1.5137964655132299e-04
54                                    -1.2160491676432850e-05
55                                     5.2724526056563414e-05
56                                    -7.9435412686026940e-05
57                                    -1.9346982887198660e-05
58                                    -3.0683342497547783e-05
59                                     1.1859221913076978e-04
60                                    -4.0238830717603813e-05
61                                    -7.1139622704885497e-06
62                                    -7.0006358242391542e-05
63                                     5.6680531859698569e-06
64                                     1.9329245961041686e-05
65                                    -7.0442190821445871e-05
66                                     6.5925011982527482e-05
67                                    -1.2442345607155403e-06
68                                    -4.3540728144296492e-05
69                                    -6.8952057551835422e-06
70                                    -8.0866533860024514e-06
71                                     1.9666605179102792e-06
72                                    -2.0370885822421081e-05
73                                    -7.9734607432296878e-06
74                                     2.0642351399466352e-05
75                                     1.5755372658965427e-05
76                                     3.2655984156193529e-05
77                                    -1.8850877520626419e-05
78                                    -2.6858952325847785e-06
79                                    -1.6874354236473543e-05
80                                    -1.3843620396664091e-05
81                                    -5.3131429189709478e-05
82                                    -1.2717354325300634e-05
83                                     1.5181860144458659e-05
84                                     5.0301505936411681e-05
85                                     1.5324119701787264e-06
86                                    -3.1729970062378821e-05
87                                     4.6753757271712423e-05
88                                     2.4301809093352222e-05
89                                    -5.5646570995868117e-05
90                                    -5.4053947563151294e-05
91                                     1.5614746085322595e-05
92                                     2.1803937705733301e-05
93                                     3.5167754698084419e-05
94                                     2.3085684158097308e-05
95                                     3.9361364489731709e-06
96                                     1.3076342708740613e-05
97                                    -4.8834720781792962e-06
98                                     1.6197706224685415e-05
99                                     5.5102915095667226e-06
100                                   -5.1739370982017974e-06
101                                    2.1382808134823295e-05
102                                   -2.6149167026062736e-05
103                                    2.9600796631668036e-05
104                                   -2.4815396045832494e-05
105                                    1.5553143792035318e-05
106                                    6.4873742561671888e-06
107                                   -2.9525709852810944e-05
108                                   -6.4589457003633166e-05
109                                    9.5699538277815854e-06
110                                   -4.0246133388793792e-05
111                                    6.7096586066021230e-05
112                                    1.5471657549386009e-05
113                                   -2.0011863630514659e-05
114                                   -2.6557562548532032e-05
115                                    2.2286679727506753e-05
116                                    7.3968199847396221e-06
117                                    1.9714407453186311e-06
118                                   -3.0369699701160435e-05
119                                    2.0096778094919054e-05
120                                   -7.9232419033792301e-06
121                                   -3.0322097752485955e-05
122                                   -9.2200449131607520e-06
   &Method [&Type "String"] "SCF"
   &Level [&Type "String"] "Relaxed density"
   &Mult [&Type "Integer"] 1
   &State [&Type "Integer"] 0
   &Irrep [&Type "Integer"] 0
$End
$Geometry
   &GeometryIndex 42
   &NAtoms [&Type "Integer"] 41
   &NCorelessECP [&Type "Integer"] 0
   &NGhostAtoms [&Type "Integer"] 0
   &CartesianCoordinates [&Type "Coordinates", &Dim(41,4), &Units "Bohr"] 
              O     -5.315700185855  -10.470867917091   -0.930606184281
              N     -3.885649169573   -9.281985823791   -2.328781606644
              C     -2.905191299962   -7.006622542119   -1.297236291407
              C     -1.255315392689   -5.627145222913   -2.839521660394
              C     -0.170716804198   -3.394625872761   -1.999177468283
              C     -0.722886751376   -2.454824213229    0.447259340471
              C     -2.454289526596   -3.840797415050    1.967282886827
              C     -3.503783328159   -6.071123933098    1.115621847493
              N      0.382807116604   -0.235009875108    1.331670921111
              C      1.912824174827    1.357533849388   -0.321368086812
              C      4.672165561281    0.457536283353   -0.465191590221
              O      6.235391532148    2.212152945071   -1.877076374572
              S      5.954780509174    2.144970404665   -4.981458527026
              O      4.244085789208    4.156292146264   -5.775218499966
              O      5.487081627749   -0.469169194822   -5.761424179931
              C      9.147978789432    3.032001560605   -5.707915566784
              C      0.449422132304    0.408659093618    4.009369558741
              C     -1.258852015879    2.614099578672    4.776570275256
              O     -3.898426176689    2.057143274859    4.357187965963
              S     -5.299582884249    3.255601032604    1.825152709270
              O     -6.177018723707    1.172098577953    0.259663774643
              O     -3.683464605856    5.244688953207    0.783682314199
              C     -7.974714227399    4.653382839633    3.383396091737
              H     -0.821227764908   -6.359865633715   -4.707718133450
              H      1.122742641397   -2.411992314611   -3.245466242364
              H     -3.052265071744   -3.098038771516    3.778209260769
              H     -4.834498371280   -7.126780284530    2.265428714431
              H      1.060779774725    1.429338882746   -2.200884588790
              H      1.873812786955    3.298286805156    0.391582587921
              H      4.823447212343   -1.424750059008   -1.300031125931
              H      5.541943514639    0.425093673134    1.408495296988
              H     10.420857392132    1.561228372746   -5.025413793961
              H      9.264718485198    3.208635682149   -7.761353107859
              H      9.544593838276    4.843608007092   -4.805554769498
              H     -0.005899066995   -1.259355034058    5.132872720321
              H      2.387536994187    0.950914065116    4.537896246302
              H     -0.761066493810    4.346384409327    3.767592014448
              H     -1.076882793058    2.951308424377    6.810883713729
              H     -8.966202485130    3.176474072892    4.427024101940
              H     -7.311992125480    6.142878637513    4.645842464296
              H     -9.191344532397    5.432642516385    1.908712953525
$End
$SCF_Energy
   &GeometryIndex 42
   &Method [&Type "String"] "SCF"
   &totalEnergy [&Type "ArrayOfDoubles", &Dim (1,1)] "Total energy of each state"
                                                         0

0                                     -1.8996006022716251e+03
   &Mult [&Type "ArrayOfIntegers", &Dim (1,1)] "Multiplicity of each state"
                                                         0

0                                                        1
$End
$DFT_Energy
   &GeometryIndex 42
   &nAlphaEl [&Type "Integer"] 96
   &nBetaEl [&Type "Integer"] 96
   &nTotalEl [&Type "Integer"] 192
   &finalEn [&Type "Double"]      -1.8996006022716251e+03  "No Van der Waals correction"
   &eExchange [&Type "Double"]      -1.5074060597916923e+02
   &eCorr [&Type "Double"]      -8.0866462231773610e+00
   &eXC [&Type "Double"]      -1.5882725220234659e+02
   &eCNL [&Type "Double"]       0.0000000000000000e+00
$End
$SCF_Timings
   &GeometryIndex 42
   &TOTAL [&Type "Double"]       2.2821352000000001e+01
   &PREP [&Type "Double"]       6.8613199999999996e-01
   &FOCK [&Type "Double"]       2.1120538000000000e+01
   &DENS [&Type "Double"]       4.4129000000003415e-02
   &ETOT [&Type "Double"]       1.8326000000003617e-02
   &POP [&Type "Double"]       9.9999999747524271e-07
   &TRAFO [&Type "Double"]       3.7716999999997114e-02
   &DIIS [&Type "Double"]       4.8027000000000264e-02
   &SOSCF [&Type "Double"]       2.1666699999999928e-01
   &XC [&Type "Double"]       1.9728989999999968e+00
   &FOCKSTART [&Type "Double"]       7.6359999999974226e-03
   &INT_PREP [&Type "Double"]       4.0000000014472903e-06
   &INT_BF [&Type "Double"]       5.8553099999997382e-01
   &INT_DENS [&Type "Double"]       4.7235500000000830e-01
   &INT_DENSIO [&Type "Double"]       3.1868257876000054e+04
   &INT_FUNC [&Type "Double"]       7.0828999999932307e-02
   &INT_POT [&Type "Double"]       3.9821800000002927e-01
   &INT_POTIO [&Type "Double"]       1.6692000000083418e-02
   &INT_SUM [&Type "Double"]       4.1700000000055581e-04
   &SPLITRIJ [&Type "Double"]       2.1700029999999977e+00
   &COSX [&Type "Double"]       1.8100997000000000e+01
$End
$Single_Point_Data
   &GeometryIndex 42
   &FinalEnergy [&Type "Double"]      -1.8996006022716251e+03  "Final single point energy"
   &Converged [&Type "Boolean"] true
$End
$SCF_Nuc_Gradient
   &GeometryIndex 42
   &NAtoms [&Type "Integer"] 41
   &gradNorm [&Type "Double"]       2.0615928534742264e-04
   &grad [&Type "ArrayOfDoubles", &Dim (123,1)] 
                                                         0

0                                      9.5192516585962395e-06
1                                     -6.3435752761797914e-08
2                                     -2.6100324958533427e-06
3                                     -3.0436125348365373e-06
4                                     -5.2121808701982575e-06
5                                      2.4063581846034410e-06
6                                     -1.5001624039175099e-05
7                                      2.7321359487297858e-08
8                                      3.8605439907940520e-05
9                                      2.0109749953707567e-05
10                                     2.5058034800504170e-05
11                                    -2.8042063327099465e-06
12                                     2.1925121415633519e-05
13                                    -1.7862946634861210e-05
14                                    -4.8408682256868840e-05
15                                    -3.0342924723366499e-05
16                                     4.4418265581908090e-06
17                                     4.1148784773584191e-05
18                                    -1.4595591877539227e-05
19                                     7.5783377800273111e-06
20                                     1.7948646154924974e-05
21                                     1.9017071399479724e-05
22                                    -8.1450541905836449e-06
23                                    -2.9334629971185244e-05
24                                     4.0211778480854499e-05
25                                    -6.6012440144369577e-05
26                                    -5.8149019036349281e-07
27                                    -3.3626815714310476e-05
28                                     2.5632486437707214e-05
29                                     4.1430217087648491e-06
30                                     2.5339386746321690e-05
31                                     1.3200542791427794e-06
32                                     3.9278186493865719e-05
33                                     1.8667609923625483e-05
34                                     1.6669464888763308e-05
35                                    -3.0199204019365489e-05
36                                    -3.3058431823274059e-05
37                                     3.6469962306481807e-05
38                                    -2.0063621944954591e-06
39                                     3.1250618405753716e-05
40                                    -1.1635275347643415e-05
41                                     3.0458137957461995e-05
42                                     2.0324870719318211e-05
43                                    -2.6840427170049530e-05
44                                     5.8281480947997011e-06
45                                    -2.5936111930455197e-05
46                                    -2.2275493393446311e-05
47                                    -5.6495075365717295e-06
48                                     1.1831453602777209e-05
49                                     6.3257834169577754e-06
50                                    -4.6727418066203064e-06
51                                     2.5904857718306307e-05
52                                     5.3167672213194628e-06
53                                     1.7827807908718865e-05
54                                    -2.5318672222787719e-05
55                                     1.8458917372690675e-05
56                                     7.8602996821108828e-07
57                                    -1.2475677048914835e-05
58                                    -2.1800962914080707e-05
59                                     4.1876041133481756e-05
60                                    -7.0432227824435145e-06
61                                     3.5616471156130203e-05
62                                    -1.3970715459166172e-05
63                                     3.7103328953680403e-06
64                                    -8.5077706901692807e-06
65                                    -3.1909528541401722e-05
66                                     1.5314436079605365e-05
67                                    -7.4599180754572614e-07
68                                    -2.4391726302558370e-05
69                                    -1.2428558873595064e-06
70                                    -5.5292301169018732e-06
71                                     1.3181517464211367e-06
72                                    -1.0118455228649847e-05
73                                    -4.8957104452490574e-06
74                                     7.3582986248738047e-06
75                                     5.4966793485780596e-06
76                                     4.8572259602613910e-06
77                                    -1.5174892071145862e-05
78                                    -1.5586183349791671e-06
79                                    -7.0028302734392867e-06
80                                    -7.5499760502917290e-06
81                                    -2.5336030012063082e-05
82                                     3.7702003011230723e-07
83                                     2.2578178464516263e-05
84                                     1.3197099637736812e-05
85                                     1.2167697075182726e-06
86                                    -1.8441018585425850e-05
87                                     1.0341809921194864e-05
88                                     2.5472753146793536e-06
89                                    -2.5102880249955328e-05
90                                    -2.4181680379403714e-05
91                                     1.2104427392647076e-05
92                                    -2.8909938519228184e-06
93                                     8.2329637787897925e-06
94                                     6.8739622464675243e-06
95                                     2.0737912215795795e-06
96                                     4.7825516894632603e-06
97                                     2.3344861272214801e-06
98                                     9.2230800543824376e-06
99                                     1.6311252622885908e-07
100                                   -9.1379166727856287e-07
101                                    7.2215756698051914e-06
102                                   -1.0144055431066112e-05
103                                    1.3706150992026656e-05
104                                   -1.1858053604096863e-05
105                                   -1.9200598415092252e-06
106                                    9.4066625580258023e-06
107                                    8.0595661659799145e-07
108                                   -1.2500138021703799e-05
109                                   -1.0842689320278431e-06
110                                   -1.1198638033116382e-05
111                                    3.1665292522728428e-06
112                                   -3.5407820947845614e-06
113                                   -1.9853929900115475e-06
114                                   -1.1970206935635330e-05
115                                    4.8176524459764281e-06
116                                   -3.4361191683651704e-07
117                                   -3.2403892595567196e-07
118                                   -1.5708921444090862e-05
119                                    3.8855234111151438e-06
120                                   -8.7685377358759364e-06
121                                   -1.3379545316619113e-05
122                                   -3.6870478007100527e-06
   &Method [&Type "String"] "SCF"
   &Level [&Type "String"] "Relaxed density"
   &Mult [&Type "Integer"] 1
   &State [&Type "Integer"] 0
   &Irrep [&Type "Integer"] 0
$End
$Geometry
   &GeometryIndex 43
   &NAtoms [&Type "Integer"] 41
   &NCorelessECP [&Type "Integer"] 0
   &NGhostAtoms [&Type "Integer"] 0
   &CartesianCoordinates [&Type "Coordinates", &Dim(41,4), &Units "Bohr"] 
              O     -5.315865833146  -10.469696572463   -0.929350339383
              N     -3.886398164826   -9.280551986746   -2.327914124149
              C     -2.905781544812   -7.005201927991   -1.296468387000
              C     -1.257034860866   -5.625130709053   -2.839361901103
              C     -0.172464435769   -3.392470176334   -1.999207252909
              C     -0.723395436374   -2.453283989056    0.447626553258
              C     -2.453465588540   -3.840073022052    1.968472064466
              C     -3.503137037023   -6.070357703735    1.117018406278
              N      0.382296779375   -0.233428612891    1.331965464125
              C      1.913456597959    1.358195922945   -0.320894391352
              C      4.671976438711    0.456019670667   -0.465480759368
              O      6.236095886113    2.209773730148   -1.877390996631
              S      5.954624208632    2.144091447656   -4.981794889637
              O      4.244055285339    4.156013007630   -5.774454375140
              O      5.486189445873   -0.469571742614   -5.762821719646
              C      9.147826120629    3.031005362424   -5.708723363992
              C      0.449785532676    0.409299678039    4.009882937597
              C     -1.258572859208    2.614265271226    4.778190468603
              O     -3.897962300295    2.058008736854    4.357029057889
              S     -5.296822774114    3.257937614189    1.824376356956
              O     -6.168384000421    1.175510660374    0.254108021192
              O     -3.682029650001    5.251198738163    0.788862990917
              C     -7.976629314828    4.648939856163    3.380742057339
              H     -0.823798583285   -6.357411922069   -4.707925101598
              H      1.120155386086   -2.409308372699   -3.246019253754
              H     -3.050278661696   -3.097997679174    3.780095340638
              H     -4.832783234126   -7.126594558498    2.267522526381
              H      1.061532150482    1.431111518906   -2.200448953524
              H      1.875890834453    3.298788443274    0.392648121752
              H      4.821467359856   -1.426312180534   -1.300487556439
              H      5.542420462466    0.422596338059    1.407929451960
              H     10.420561628638    1.559723025362   -5.027072116235
              H      9.263980231650    3.208296659328   -7.762160646821
              H      9.544965643104    4.842276710100   -4.805927683532
              H     -0.004902789179   -1.259180577371    5.133015788558
              H      2.387987826631    0.951568606017    4.538031899195
              H     -0.760035374932    4.347461966527    3.771153089468
              H     -1.077805853300    2.949626589762    6.812921351066
              H     -8.966847747250    3.168830362425    4.421021331598
              H     -7.318342276160    6.138066589903    4.645959317099
              H     -9.192529422935    5.427965208242    1.905331178081
$End
$SCF_Mulliken_Population_Analysis
   &GeometryIndex 43
   &NAtoms [&Type "Integer"] 41
   &ATNO [&Type "ArrayOfIntegers", &Dim (41,1)] 
                                                         0

0                                                        8
1                                                        7
2                                                        6
3                                                        6
4                                                        6
5                                                        6
6                                                        6
7                                                        6
8                                                        7
9                                                        6
10                                                       6
11                                                       8
12                                                      16
13                                                       8
14                                                       8
15                                                       6
16                                                       6
17                                                       6
18                                                       8
19                                                      16
20                                                       8
21                                                       8
22                                                       6
23                                                       1
24                                                       1
25                                                       1
26                                                       1
27                                                       1
28                                                       1
29                                                       1
30                                                       1
31                                                       1
32                                                       1
33                                                       1
34                                                       1
35                                                       1
36                                                       1
37                                                       1
38                                                       1
39                                                       1
40                                                       1
   &AtomicCharges [&Type "ArrayOfDoubles", &Dim (41,1)] 
                                                         0

0                                     -3.2093698116262104e-01
1                                     -4.2949457890907539e-02
2                                      1.8735139142706991e-01
3                                     -1.3541081547272604e-01
4                                     -2.1280718317158076e-01
5                                      3.4967822640989610e-01
6                                     -1.8274361549790452e-01
7                                     -1.3490887678606356e-01
8                                     -4.5046415621631741e-01
9                                     -1.9367959976243299e-01
10                                    -6.1619362540009881e-02
11                                    -5.5636393209708324e-01
12                                     1.2453213953680038e+00
13                                    -4.9493101354961588e-01
14                                    -5.2456023347550840e-01
15                                    -6.4038394471035254e-01
16                                    -1.6386995563010043e-01
17                                    -6.2577101301846128e-02
18                                    -5.5754809197860844e-01
19                                     1.2567345229737690e+00
20                                    -4.8138730134170160e-01
21                                    -5.2958263516913640e-01
22                                    -6.3671033707535418e-01
23                                     1.5138879513169301e-01
24                                     1.6062618438996445e-01
25                                     1.4335300286685904e-01
26                                     1.5384057262250139e-01
27                                     2.1036842937690059e-01
28                                     1.7718622127034545e-01
29                                     1.9511154150865484e-01
30                                     1.6228825240629496e-01
31                                     2.1655758943618486e-01
32                                     2.2210270227240181e-01
33                                     2.2120236474328969e-01
34                                     1.7669519987004922e-01
35                                     1.4930931533948921e-01
36                                     1.9211539916312270e-01
37                                     1.6076852410335452e-01
38                                     2.2107974871740699e-01
39                                     2.0899868393102128e-01
40                                     2.2135653150187973e-01
   &Method [&Type "String"] "SCF"
   &Level [&Type "String"] "Relaxed density"
   &Mult [&Type "Integer"] 1
   &State [&Type "Integer"] -1
   &Irrep [&Type "Integer"] 0
$End
$SCF_Loewdin_Population_Analysis
   &GeometryIndex 43
   &NAtoms [&Type "Integer"] 41
   &ATNO [&Type "ArrayOfIntegers", &Dim (41,1)] 
                                                         0

0                                                        8
1                                                        7
2                                                        6
3                                                        6
4                                                        6
5                                                        6
6                                                        6
7                                                        6
8                                                        7
9                                                        6
10                                                       6
11                                                       8
12                                                      16
13                                                       8
14                                                       8
15                                                       6
16                                                       6
17                                                       6
18                                                       8
19                                                      16
20                                                       8
21                                                       8
22                                                       6
23                                                       1
24                                                       1
25                                                       1
26                                                       1
27                                                       1
28                                                       1
29                                                       1
30                                                       1
31                                                       1
32                                                       1
33                                                       1
34                                                       1
35                                                       1
36                                                       1
37                                                       1
38                                                       1
39                                                       1
40                                                       1
   &AtomicCharges [&Type "ArrayOfDoubles", &Dim (41,1)] 
                                                         0

0                                     -1.9471787822902265e-01
1                                      2.4838504423443375e-02
2                                     -7.2944769882106186e-02
3                                     -8.4089290031793773e-02
4                                     -1.7954764737617701e-01
5                                      6.3872631797570634e-02
6                                     -1.5975185506042866e-01
7                                     -9.2117092285380231e-02
8                                     -7.7398321196652908e-02
9                                     -1.7531713633255297e-01
10                                    -1.1018409279814811e-01
11                                    -3.8500583379224018e-01
12                                     1.2763339166667684e+00
13                                    -5.4087943847513209e-01
14                                    -5.5864882437608721e-01
15                                    -4.9588215106429967e-01
16                                    -1.6738228339929151e-01
17                                    -1.1097118489846558e-01
18                                    -3.8802119854389971e-01
19                                     1.2808330383380149e+00
20                                    -5.2721036277662492e-01
21                                    -5.5746245681153717e-01
22                                    -4.9722202797593251e-01
23                                     1.4707005205685131e-01
24                                     1.4489901835973162e-01
25                                     1.3644307724490612e-01
26                                     1.4740757318669773e-01
27                                     1.5464980798176975e-01
28                                     1.4074749584269841e-01
29                                     1.4275117749539468e-01
30                                     1.3314891133584827e-01
31                                     1.7111909697936789e-01
32                                     1.7449461523505705e-01
33                                     1.7404626323862460e-01
34                                     1.4316497673882433e-01
35                                     1.2799963934049308e-01
36                                     1.4279917508404094e-01
37                                     1.3390076392201700e-01
38                                     1.7354268110551663e-01
39                                     1.6689675666996528e-01
40                                     1.7379467226254208e-01
   &Method [&Type "String"] "SCF"
   &Level [&Type "String"] "Relaxed density"
   &Mult [&Type "Integer"] 1
   &State [&Type "Integer"] -1
   &Irrep [&Type "Integer"] 0
$End
$SCF_Mayer_Population_Analysis
   &GeometryIndex 43
   &NAtoms [&Type "Integer"] 41 "Total number of atoms"
   &NBondOrdersPrint [&Type "Integer"] 41 "The number of bond orders larger than threshold"
   &bondThresh [&Type "Double"]       1.0000000000000001e-01  "The threshold for printing"
   &components [&Type "ArrayOfIntegers", &Dim (41,4)] "The indices and atomic numbers of the bonding atoms"
                                                         0                           1                           2                           3

0                                                        0                           8                           1                           7
1                                                        1                           7                           2                           6
2                                                        2                           6                           3                           6
3                                                        2                           6                           7                           6
4                                                        3                           6                           4                           6
5                                                        3                           6                          23                           1
6                                                        4                           6                           5                           6
7                                                        4                           6                          24                           1
8                                                        5                           6                           6                           6
9                                                        5                           6                           8                           7
10                                                       6                           6                           7                           6
11                                                       6                           6                          25                           1
12                                                       7                           6                          26                           1
13                                                       8                           7                           9                           6
14                                                       8                           7                          16                           6
15                                                       9                           6                          10                           6
16                                                       9                           6                          27                           1
17                                                       9                           6                          28                           1
18                                                      10                           6                          11                           8
19                                                      10                           6                          29                           1
20                                                      10                           6                          30                           1
21                                                      11                           8                          12                          16
22                                                      12                          16                          13                           8
23                                                      12                          16                          14                           8
24                                                      12                          16                          15                           6
25                                                      15                           6                          31                           1
26                                                      15                           6                          32                           1
27                                                      15                           6                          33                           1
28                                                      16                           6                          17                           6
29                                                      16                           6                          34                           1
30                                                      16                           6                          35                           1
31                                                      17                           6                          18                           8
32                                                      17                           6                          36                           1
33                                                      17                           6                          37                           1
34                                                      18                           8                          19                          16
35                                                      19                          16                          20                           8
36                                                      19                          16                          21                           8
37                                                      19                          16                          22                           6
38                                                      22                           6                          38                           1
39                                                      22                           6                          39                           1
40                                                      22                           6                          40                           1
   &BondOrders [&Type "ArrayOfDoubles", &Dim (41,1)] "The bond orders"
                                                         0

0                                      1.6648809189925633e+00
1                                      1.0625010540352839e+00
2                                      1.3523749808238170e+00
3                                      1.3207068399194291e+00
4                                      1.4771951553961653e+00
5                                      9.1123214832877086e-01
6                                      1.3439989573326652e+00
7                                      8.9882724426227734e-01
8                                      1.3136982329791258e+00
9                                      1.0201423617705725e+00
10                                     1.5049330990336713e+00
11                                     9.0858624321552139e-01
12                                     9.0184696230829819e-01
13                                     9.5077709977040215e-01
14                                     9.8117958595449228e-01
15                                     9.6053790174151676e-01
16                                     9.0825927734211065e-01
17                                     9.2320252321935614e-01
18                                     8.5156568364819973e-01
19                                     9.0791196451058420e-01
20                                     9.3046012889950025e-01
21                                     8.5083143707781883e-01
22                                     1.7418651260752385e+00
23                                     1.6654494925974055e+00
24                                     8.7182072749672579e-01
25                                     9.1489494534925497e-01
26                                     9.1857534569249866e-01
27                                     9.1383609654385589e-01
28                                     9.7450692777651915e-01
29                                     9.1855069776283338e-01
30                                     9.1834109604548086e-01
31                                     8.8296797605674171e-01
32                                     9.0276686692575348e-01
33                                     9.2547043847336830e-01
34                                     8.2199895381027743e-01
35                                     1.7550965709135626e+00
36                                     1.6597726931682260e+00
37                                     8.7465595845801702e-01
38                                     9.1390526746570866e-01
39                                     9.1668742259537805e-01
40                                     9.1804526031966516e-01
   &ATNO [&Type "ArrayOfIntegers", &Dim (41,1)] "Atomic number of the elements"
                                                         0

0                                                        8
1                                                        7
2                                                        6
3                                                        6
4                                                        6
5                                                        6
6                                                        6
7                                                        6
8                                                        7
9                                                        6
10                                                       6
11                                                       8
12                                                      16
13                                                       8
14                                                       8
15                                                       6
16                                                       6
17                                                       6
18                                                       8
19                                                      16
20                                                       8
21                                                       8
22                                                       6
23                                                       1
24                                                       1
25                                                       1
26                                                       1
27                                                       1
28                                                       1
29                                                       1
30                                                       1
31                                                       1
32                                                       1
33                                                       1
34                                                       1
35                                                       1
36                                                       1
37                                                       1
38                                                       1
39                                                       1
40                                                       1
   &NA [&Type "ArrayOfDoubles", &Dim (41,1)] "Mulliken gross atomic population"
                                                         0

0                                      8.3209369811626228e+00
1                                      7.0429494578909067e+00
2                                      5.8126486085729372e+00
3                                      6.1354108154727243e+00
4                                      6.2128071831715799e+00
5                                      5.6503217735900986e+00
6                                      6.1827436154979081e+00
7                                      6.1349088767860636e+00
8                                      7.4504641562163192e+00
9                                      6.1936795997624303e+00
10                                     6.0616193625400063e+00
11                                     8.5563639320970886e+00
12                                     1.4754678604631996e+01
13                                     8.4949310135496106e+00
14                                     8.5245602334755102e+00
15                                     6.6403839447103561e+00
16                                     6.1638699556301013e+00
17                                     6.0625771013018444e+00
18                                     8.5575480919786102e+00
19                                     1.4743265477026235e+01
20                                     8.4813873013417052e+00
21                                     8.5295826351691346e+00
22                                     6.6367103370753524e+00
23                                     8.4861120486830732e-01
24                                     8.3937381561003543e-01
25                                     8.5664699713314096e-01
26                                     8.4615942737749839e-01
27                                     7.8963157062309941e-01
28                                     8.2281377872965467e-01
29                                     8.0488845849134505e-01
30                                     8.3771174759370515e-01
31                                     7.8344241056381525e-01
32                                     7.7789729772759819e-01
33                                     7.7879763525671031e-01
34                                     8.2330480012995078e-01
35                                     8.5069068466051068e-01
36                                     8.0788460083687719e-01
37                                     8.3923147589664548e-01
38                                     7.7892025128259301e-01
39                                     7.9100131606897872e-01
40                                     7.7864346849812038e-01
   &ZA [&Type "ArrayOfDoubles", &Dim (41,1)] "Total nuclear charge"
                                                         0

0                                      8.0000000000000000e+00
1                                      7.0000000000000000e+00
2                                      6.0000000000000000e+00
3                                      6.0000000000000000e+00
4                                      6.0000000000000000e+00
5                                      6.0000000000000000e+00
6                                      6.0000000000000000e+00
7                                      6.0000000000000000e+00
8                                      7.0000000000000000e+00
9                                      6.0000000000000000e+00
10                                     6.0000000000000000e+00
11                                     8.0000000000000000e+00
12                                     1.6000000000000000e+01
13                                     8.0000000000000000e+00
14                                     8.0000000000000000e+00
15                                     6.0000000000000000e+00
16                                     6.0000000000000000e+00
17                                     6.0000000000000000e+00
18                                     8.0000000000000000e+00
19                                     1.6000000000000000e+01
20                                     8.0000000000000000e+00
21                                     8.0000000000000000e+00
22                                     6.0000000000000000e+00
23                                     1.0000000000000000e+00
24                                     1.0000000000000000e+00
25                                     1.0000000000000000e+00
26                                     1.0000000000000000e+00
27                                     1.0000000000000000e+00
28                                     1.0000000000000000e+00
29                                     1.0000000000000000e+00
30                                     1.0000000000000000e+00
31                                     1.0000000000000000e+00
32                                     1.0000000000000000e+00
33                                     1.0000000000000000e+00
34                                     1.0000000000000000e+00
35                                     1.0000000000000000e+00
36                                     1.0000000000000000e+00
37                                     1.0000000000000000e+00
38                                     1.0000000000000000e+00
39                                     1.0000000000000000e+00
40                                     1.0000000000000000e+00
   &QA [&Type "ArrayOfDoubles", &Dim (41,1)] "Mulliken gross atomic charge"
                                                         0

0                                     -3.2093698116262281e-01
1                                     -4.2949457890906650e-02
2                                      1.8735139142706281e-01
3                                     -1.3541081547272427e-01
4                                     -2.1280718317157987e-01
5                                      3.4967822640990143e-01
6                                     -1.8274361549790807e-01
7                                     -1.3490887678606356e-01
8                                     -4.5046415621631919e-01
9                                     -1.9367959976243032e-01
10                                    -6.1619362540006328e-02
11                                    -5.5636393209708856e-01
12                                     1.2453213953680038e+00
13                                    -4.9493101354961055e-01
14                                    -5.2456023347551017e-01
15                                    -6.4038394471035609e-01
16                                    -1.6386995563010132e-01
17                                    -6.2577101301844351e-02
18                                    -5.5754809197861022e-01
19                                     1.2567345229737654e+00
20                                    -4.8138730134170515e-01
21                                    -5.2958263516913462e-01
22                                    -6.3671033707535241e-01
23                                     1.5138879513169268e-01
24                                     1.6062618438996457e-01
25                                     1.4335300286685904e-01
26                                     1.5384057262250161e-01
27                                     2.1036842937690059e-01
28                                     1.7718622127034533e-01
29                                     1.9511154150865495e-01
30                                     1.6228825240629485e-01
31                                     2.1655758943618475e-01
32                                     2.2210270227240181e-01
33                                     2.2120236474328969e-01
34                                     1.7669519987004922e-01
35                                     1.4930931533948932e-01
36                                     1.9211539916312281e-01
37                                     1.6076852410335452e-01
38                                     2.2107974871740699e-01
39                                     2.0899868393102128e-01
40                                     2.2135653150187962e-01
   &VA [&Type "ArrayOfDoubles", &Dim (41,1)] "Mayer's total valence"
                                                         0

0                                      1.9289367595407558e+00
1                                      2.8222729124607646e+00
2                                      3.9218022040100493e+00
3                                      3.9083999740337028e+00
4                                      3.8866482689424844e+00
5                                      3.8637293074258201e+00
6                                      3.8939984109867756e+00
7                                      3.8842767048984945e+00
8                                      3.0866449093232560e+00
9                                      3.8073894834227850e+00
10                                     3.7131844681148136e+00
11                                     1.8656633907049125e+00
12                                     5.2009794672647924e+00
13                                     1.9522389305623769e+00
14                                     1.9202629642618136e+00
15                                     3.7535585468397521e+00
16                                     3.8287744780678494e+00
17                                     3.7347464607512624e+00
18                                     1.8678384592420811e+00
19                                     5.1823613865586102e+00
20                                     1.9665174111148116e+00
21                                     1.9159656012182671e+00
22                                     3.7621807544532837e+00
23                                     9.4254926181227461e-01
24                                     9.4611243532254952e-01
25                                     9.4461053600506451e-01
26                                     9.5313957450245135e-01
27                                     9.2713367312550077e-01
28                                     9.3110905743910077e-01
29                                     9.3091156480905490e-01
30                                     9.3274396552040872e-01
31                                     9.2093087006956731e-01
32                                     9.1867425500192756e-01
33                                     9.1926634787691963e-01
34                                     9.3660999405648804e-01
35                                     9.2977959336319671e-01
36                                     9.3470313180120346e-01
37                                     9.2829359099350128e-01
38                                     9.1896206150271809e-01
39                                     9.2268600146584523e-01
40                                     9.1867318154358613e-01
   &BVA [&Type "ArrayOfDoubles", &Dim (41,1)] "Mayer's bonded valence"
                                                         0

0                                      1.9289367595407718e+00
1                                      2.8222729124607637e+00
2                                      3.9218022040099951e+00
3                                      3.9083999740336286e+00
4                                      3.8866482689423867e+00
5                                      3.8637293074257801e+00
6                                      3.8939984109867307e+00
7                                      3.8842767048984719e+00
8                                      3.0866449093232635e+00
9                                      3.8073894834227890e+00
10                                     3.7131844681148283e+00
11                                     1.8656633907049027e+00
12                                     5.2009794672648404e+00
13                                     1.9522389305623786e+00
14                                     1.9202629642617843e+00
15                                     3.7535585468397166e+00
16                                     3.8287744780678654e+00
17                                     3.7347464607512713e+00
18                                     1.8678384592420354e+00
19                                     5.1823613865585649e+00
20                                     1.9665174111147810e+00
21                                     1.9159656012182396e+00
22                                     3.7621807544532380e+00
23                                     9.4254926181225973e-01
24                                     9.4611243532254119e-01
25                                     9.4461053600506995e-01
26                                     9.5313957450244247e-01
27                                     9.2713367312550254e-01
28                                     9.3110905743909966e-01
29                                     9.3091156480904691e-01
30                                     9.3274396552040884e-01
31                                     9.2093087006956786e-01
32                                     9.1867425500192623e-01
33                                     9.1926634787691652e-01
34                                     9.3660999405649048e-01
35                                     9.2977959336319282e-01
36                                     9.3470313180120423e-01
37                                     9.2829359099349762e-01
38                                     9.1896206150271287e-01
39                                     9.2268600146585456e-01
40                                     9.1867318154357092e-01
   &FA [&Type "ArrayOfDoubles", &Dim (41,1)] "Mayer's free valence"
                                                         0

0                                      0.0000000000000000e+00
1                                      0.0000000000000000e+00
2                                      0.0000000000000000e+00
3                                      0.0000000000000000e+00
4                                      0.0000000000000000e+00
5                                      0.0000000000000000e+00
6                                      0.0000000000000000e+00
7                                      0.0000000000000000e+00
8                                      0.0000000000000000e+00
9                                      0.0000000000000000e+00
10                                     0.0000000000000000e+00
11                                     0.0000000000000000e+00
12                                     0.0000000000000000e+00
13                                     0.0000000000000000e+00
14                                     0.0000000000000000e+00
15                                     0.0000000000000000e+00
16                                     0.0000000000000000e+00
17                                     0.0000000000000000e+00
18                                     0.0000000000000000e+00
19                                     0.0000000000000000e+00
20                                     0.0000000000000000e+00
21                                     0.0000000000000000e+00
22                                     0.0000000000000000e+00
23                                     0.0000000000000000e+00
24                                     0.0000000000000000e+00
25                                     0.0000000000000000e+00
26                                     0.0000000000000000e+00
27                                     0.0000000000000000e+00
28                                     0.0000000000000000e+00
29                                     0.0000000000000000e+00
30                                     0.0000000000000000e+00
31                                     0.0000000000000000e+00
32                                     0.0000000000000000e+00
33                                     0.0000000000000000e+00
34                                     0.0000000000000000e+00
35                                     0.0000000000000000e+00
36                                     0.0000000000000000e+00
37                                     0.0000000000000000e+00
38                                     0.0000000000000000e+00
39                                     0.0000000000000000e+00
40                                     0.0000000000000000e+00
   &Method [&Type "String"] "SCF"
   &Level [&Type "String"] "Relaxed density"
   &Mult [&Type "Integer"] 1
   &State [&Type "Integer"] -1
   &Irrep [&Type "Integer"] 0
$End
$SCF_Energy
   &GeometryIndex 43
   &Method [&Type "String"] "SCF"
   &totalEnergy [&Type "ArrayOfDoubles", &Dim (1,1)] "Total energy of each state"
                                                         0

0                                     -1.8996006010408423e+03
   &Mult [&Type "ArrayOfIntegers", &Dim (1,1)] "Multiplicity of each state"
                                                         0

0                                                        1
$End
$DFT_Energy
   &GeometryIndex 43
   &nAlphaEl [&Type "Integer"] 96
   &nBetaEl [&Type "Integer"] 96
   &nTotalEl [&Type "Integer"] 192
   &finalEn [&Type "Double"]      -1.8996006010408423e+03  "No Van der Waals correction"
   &eExchange [&Type "Double"]      -1.5074058646860493e+02
   &eCorr [&Type "Double"]      -8.0866481696521291e+00
   &eXC [&Type "Double"]      -1.5882723463825707e+02
   &eCNL [&Type "Double"]       0.0000000000000000e+00
$End
$SCF_Timings
   &GeometryIndex 43
   &TOTAL [&Type "Double"]       2.2619927000000001e+01
   &PREP [&Type "Double"]       6.5203099999999992e-01
   &FOCK [&Type "Double"]       2.0958403999999998e+01
   &DENS [&Type "Double"]       4.3530999999997988e-02
   &ETOT [&Type "Double"]       1.8608000000000402e-02
   &POP [&Type "Double"]       1.4910599999999974e-01
   &TRAFO [&Type "Double"]       3.4849999999998715e-02
   &DIIS [&Type "Double"]       4.9986999999999782e-02
   &SOSCF [&Type "Double"]       2.2502599999999884e-01
   &XC [&Type "Double"]       1.9649989999999997e+00
   &FOCKSTART [&Type "Double"]       7.7040000000000441e-03
   &INT_PREP [&Type "Double"]       2.9999999986429771e-06
   &INT_BF [&Type "Double"]       5.9738599999998865e-01
   &INT_DENS [&Type "Double"]       4.7547099999997045e-01
   &INT_DENSIO [&Type "Double"]       3.1842653794000027e+04
   &INT_FUNC [&Type "Double"]       7.0797000000006882e-02
   &INT_POT [&Type "Double"]       3.9933500000006994e-01
   &INT_POTIO [&Type "Double"]       1.6378999999929533e-02
   &INT_SUM [&Type "Double"]       5.0800000000084111e-04
   &SPLITRIJ [&Type "Double"]       2.1765049999999997e+00
   &COSX [&Type "Double"]       1.7883432000000006e+01
$End
$Single_Point_Data
   &GeometryIndex 43
   &FinalEnergy [&Type "Double"]      -1.8996006010408423e+03  "Final single point energy"
   &Converged [&Type "Boolean"] true
$End
$SCF_Dipole_Moment
   &GeometryIndex 43
   &dipoleMagnitude [&Type "Double", &Units "a.u."]       4.1330952277480950e+00
   &dipoleElecContrib [&Type "ArrayOfDoubles", &Dim (3,1)] "Electronic contribution"
                                                         0

0                                     -5.8419754579700847e+00
1                                     -6.8980048393507047e+00
2                                     -7.7266594786186698e+00
   &dipoleNucContrib [&Type "ArrayOfDoubles", &Dim (3,1)] "Nuclear contribution"
                                                         0

0                                      7.7722988631059611e+00
1                                      9.6574802736752119e+00
2                                      1.0122827886844245e+01
   &dipoleTotal [&Type "ArrayOfDoubles", &Dim (3,1)] "Total"
                                                         0

0                                      1.9303234051358764e+00
1                                      2.7594754343245071e+00
2                                      2.3961684082255754e+00
   &doAtomicDipole [&Type "Boolean"] false
   &Method [&Type "String"] "SCF"
   &Level [&Type "String"] "Relaxed density"
   &Mult [&Type "Integer"] 1
   &State [&Type "Integer"] -1
   &Irrep [&Type "Integer"] 0
$End
$Calculation_Info
   &GeometryIndex 43
   &Mult [&Type "Integer"] 1
   &Charge [&Type "Integer"] 0
   &NumOfAtoms [&Type "Integer"] 41
   &NumOfElectrons [&Type "Integer"] 192
   &NumOfBasisFuncts [&Type "Integer"] 366
   &NumOfAuxCBasisFuncts [&Type "Integer"] 0
   &NumOfAuxJBasisFuncts [&Type "Integer"] 1329
   &NumOfAuxJKBasisFuncts [&Type "Integer"] 0
   &NumOfCABSBasisFuncts [&Type "Integer"] 0
$End
$Calculation_Timings
   &GeometryIndex 43
   &GTOINT [&Type "Double"]       1.7690151499999880e+02
   &SCF [&Type "Double"]       1.6860283499999994e+03
   &SCFGRAD [&Type "Double"]       7.2676534099999969e+02
   &GSTEP [&Type "Double"]       4.7601600000108546e-01
   &PROP [&Type "Double"]       1.7290599999996630e+00
   &SUM [&Type "Double"]       2.5919002819999987e+03
$End
