*************************************************
******************* ORCA 6.1.1 ******************
*************************************************
$Calculation_Status
   &GeometryIndex 21
   &version [&Type "String"] "6.1.1"
   &progName [&Type "String"] "LeanSCF"
   &Status [&Type "String"] "NORMAL TERMINATION"
$End
$Geometry
   &GeometryIndex 1
   &NAtoms [&Type "Integer"] 38
   &NCorelessECP [&Type "Integer"] 0
   &NGhostAtoms [&Type "Integer"] 0
   &CartesianCoordinates [&Type "Coordinates", &Dim(38,4), &Units "Bohr"] 
              C     10.371906865816   -3.827104811460    2.208111766102
              C      9.056864515002   -5.252487931083    0.078112245485
              O      6.380613123621   -4.997119223058    0.272786068137
              C      5.071877998340   -2.799521364042   -0.401710743898
              O      6.243412656818   -0.938976664540   -1.315264847169
              C      2.317560451894   -2.703708261730   -0.001050196402
              N      1.055262077129   -4.582113348739    1.175203353897
              C     -1.363891865862   -3.783365172570    1.260523033754
              N     -1.673613670636   -1.481831412428    0.209946608163
              C      0.620038268568   -0.800357032308   -0.634183813544
              C      1.084872781737    1.683125777207   -1.892344254993
              N      0.657470474055    3.685832136017   -0.038044854699
              C      2.782091512840    5.230611516494    0.845265636887
              C     -1.838949362778    4.144713936275    0.969953489964
              O     -2.163330340091    5.978568861958    2.460931120189
              C     -4.083611663741    2.588360625735    0.267788214945
              C     -3.996487956830   -0.082765034686   -0.026607136096
              C     -6.240087097871   -1.404251578384   -0.550756732204
              C     -8.535552909602   -0.135017757529   -0.791913376894
              C     -8.641829633387    2.495961993985   -0.500781601784
              C     -6.426111058192    3.829971431519    0.035363560082
              N    -10.969608325816    3.865207529574   -0.730992461377
              N    -12.992777206123    2.812395236713   -1.198645425486
              N    -15.014270447369    1.764111653635   -1.665481347602
              H     12.443955081049   -4.135051237429    2.088665049560
              H      9.686376698775   -4.523770510998    4.065224496178
              H      9.987664542430   -1.770449492732    2.060369140808
              H      9.545842396024   -7.287470793364    0.227658841141
              H      9.725862431857   -4.557339322582   -1.788206285452
              H     -2.871590567707   -4.866011649051    2.119742899743
              H      2.993279141951    1.798583244085   -2.733637026143
              H     -0.258561419226    1.913383029577   -3.489854969251
              H      4.597261828066    4.622636220215   -0.014005894214
              H      2.452239230349    7.240956450694    0.342549787022
              H      2.962847105673    5.058168791129    2.928950180941
              H     -6.207397953802   -3.433906395624   -0.804229874841
              H    -10.223696098667   -1.212538068412   -1.207613593286
              H     -6.535931547602    5.862568609042    0.264226855970
$End
$SCF_Mulliken_Population_Analysis
   &GeometryIndex 1
   &NAtoms [&Type "Integer"] 38
   &ATNO [&Type "ArrayOfIntegers", &Dim (38,1)] 
                                                         0

0                                                        6
1                                                        6
2                                                        8
3                                                        6
4                                                        8
5                                                        6
6                                                        7
7                                                        6
8                                                        7
9                                                        6
10                                                       6
11                                                       7
12                                                       6
13                                                       6
14                                                       8
15                                                       6
16                                                       6
17                                                       6
18                                                       6
19                                                       6
20                                                       6
21                                                       7
22                                                       7
23                                                       7
24                                                       1
25                                                       1
26                                                       1
27                                                       1
28                                                       1
29                                                       1
30                                                       1
31                                                       1
32                                                       1
33                                                       1
34                                                       1
35                                                       1
36                                                       1
37                                                       1
   &AtomicCharges [&Type "ArrayOfDoubles", &Dim (38,1)] 
                                                         0

0                                     -4.5998741514246433e-01
1                                     -1.6077964550481383e-02
2                                     -4.6487692965496130e-01
3                                      5.5032598759069007e-01
4                                     -4.8945488247579405e-01
5                                      9.8705496034914297e-02
6                                     -3.9519891543836838e-01
7                                      1.2995312857166219e-01
8                                     -4.5246239763414220e-01
9                                      2.7949070813492494e-01
10                                    -2.5907512847177649e-01
11                                    -4.0006839460355259e-01
12                                    -3.0696188581032224e-01
13                                     4.7775026816150401e-01
14                                    -4.7254429095030304e-01
15                                     6.4662723604437033e-02
16                                     2.4103876019160175e-01
17                                    -1.6782473882582050e-01
18                                    -1.5791753925420782e-01
19                                     2.7949233125220729e-01
20                                    -1.9053327141721788e-01
21                                    -3.8173181043440430e-01
22                                     3.0247603345636609e-01
23                                    -1.7660761076915499e-01
24                                     1.4112848751186413e-01
25                                     1.5586995635447165e-01
26                                     1.7300495648826641e-01
27                                     1.5345714172144143e-01
28                                     1.5166776341686594e-01
29                                     1.6843844072080461e-01
30                                     2.1960060882754906e-01
31                                     1.6086676299111979e-01
32                                     1.7768540459278848e-01
33                                     1.7254706182262214e-01
34                                     1.7564750302107068e-01
35                                     1.6621072100042733e-01
36                                     1.6200094711965596e-01
37                                     1.8930198284573718e-01
   &Method [&Type "String"] "SCF"
   &Level [&Type "String"] "Relaxed density"
   &Mult [&Type "Integer"] 1
   &State [&Type "Integer"] -1
   &Irrep [&Type "Integer"] 0
$End
$SCF_Loewdin_Population_Analysis
   &GeometryIndex 1
   &NAtoms [&Type "Integer"] 38
   &ATNO [&Type "ArrayOfIntegers", &Dim (38,1)] 
                                                         0

0                                                        6
1                                                        6
2                                                        8
3                                                        6
4                                                        8
5                                                        6
6                                                        7
7                                                        6
8                                                        7
9                                                        6
10                                                       6
11                                                       7
12                                                       6
13                                                       6
14                                                       8
15                                                       6
16                                                       6
17                                                       6
18                                                       6
19                                                       6
20                                                       6
21                                                       7
22                                                       7
23                                                       7
24                                                       1
25                                                       1
26                                                       1
27                                                       1
28                                                       1
29                                                       1
30                                                       1
31                                                       1
32                                                       1
33                                                       1
34                                                       1
35                                                       1
36                                                       1
37                                                       1
   &AtomicCharges [&Type "ArrayOfDoubles", &Dim (38,1)] 
                                                         0

0                                     -3.7468288881506506e-01
1                                     -8.9879105949828286e-02
2                                     -1.6105812742645398e-01
3                                      1.8881531807456575e-01
4                                     -2.8799659710881009e-01
5                                     -7.2413416179635703e-02
6                                     -1.3292673868743154e-01
7                                     -7.6880264166989676e-02
8                                      6.3267679513706376e-02
9                                     -9.9302515211796560e-04
10                                    -1.6499893412443978e-01
11                                    -9.4874382997239159e-02
12                                    -2.6655928432357001e-01
13                                     1.3830304478509969e-01
14                                    -2.7867797074902789e-01
15                                    -3.6630377157795380e-02
16                                     3.2628464987252137e-02
17                                    -1.2287973590697021e-01
18                                    -1.2802906590677132e-01
19                                     2.3584959534320049e-02
20                                    -8.6014921685485746e-02
21                                    -1.2529578396642105e-01
22                                     1.9094479093153449e-01
23                                    -1.1172957921796289e-01
24                                     1.2834900242662517e-01
25                                     1.2991669621887381e-01
26                                     1.3750732475665917e-01
27                                     1.2865753215311904e-01
28                                     1.2283972466639970e-01
29                                     1.4432558295659614e-01
30                                     1.6923033855440017e-01
31                                     1.3088670924409185e-01
32                                     1.4242252927224475e-01
33                                     1.3527265638412822e-01
34                                     1.3806057053598386e-01
35                                     1.5008758933047373e-01
36                                     1.4879287225313353e-01
37                                     1.6862681294281034e-01
   &Method [&Type "String"] "SCF"
   &Level [&Type "String"] "Relaxed density"
   &Mult [&Type "Integer"] 1
   &State [&Type "Integer"] -1
   &Irrep [&Type "Integer"] 0
$End
$SCF_Mayer_Population_Analysis
   &GeometryIndex 1
   &NAtoms [&Type "Integer"] 38 "Total number of atoms"
   &NBondOrdersPrint [&Type "Integer"] 42 "The number of bond orders larger than threshold"
   &bondThresh [&Type "Double"]       1.0000000000000001e-01  "The threshold for printing"
   &components [&Type "ArrayOfIntegers", &Dim (42,4)] "The indices and atomic numbers of the bonding atoms"
                                                         0                           1                           2                           3

0                                                        0                           6                           1                           6
1                                                        0                           6                          24                           1
2                                                        0                           6                          25                           1
3                                                        0                           6                          26                           1
4                                                        1                           6                           2                           8
5                                                        1                           6                          27                           1
6                                                        1                           6                          28                           1
7                                                        2                           8                           3                           6
8                                                        3                           6                           4                           8
9                                                        3                           6                           5                           6
10                                                       5                           6                           6                           7
11                                                       5                           6                           9                           6
12                                                       6                           7                           7                           6
13                                                       7                           6                           8                           7
14                                                       7                           6                          29                           1
15                                                       8                           7                           9                           6
16                                                       8                           7                          16                           6
17                                                       9                           6                          10                           6
18                                                      10                           6                          11                           7
19                                                      10                           6                          30                           1
20                                                      10                           6                          31                           1
21                                                      11                           7                          12                           6
22                                                      11                           7                          13                           6
23                                                      11                           7                          14                           8
24                                                      12                           6                          32                           1
25                                                      12                           6                          33                           1
26                                                      12                           6                          34                           1
27                                                      13                           6                          14                           8
28                                                      13                           6                          15                           6
29                                                      15                           6                          16                           6
30                                                      15                           6                          20                           6
31                                                      16                           6                          17                           6
32                                                      17                           6                          18                           6
33                                                      17                           6                          35                           1
34                                                      18                           6                          19                           6
35                                                      18                           6                          36                           1
36                                                      19                           6                          20                           6
37                                                      19                           6                          21                           7
38                                                      20                           6                          37                           1
39                                                      21                           7                          22                           7
40                                                      21                           7                          23                           7
41                                                      22                           7                          23                           7
   &BondOrders [&Type "ArrayOfDoubles", &Dim (42,1)] "The bond orders"
                                                         0

0                                      1.0112735248901263e+00
1                                      9.4266940576538771e-01
2                                      9.4745118310928556e-01
3                                      9.4156157417831565e-01
4                                      8.7005575706980154e-01
5                                      9.3954817254075218e-01
6                                      9.2581365674096472e-01
7                                      1.0267568903523496e+00
8                                      1.7579634972335723e+00
9                                      1.0241610063315476e+00
10                                     1.2704620895583805e+00
11                                     1.4432270830527891e+00
12                                     1.5681389208383874e+00
13                                     1.1451716970937289e+00
14                                     9.2735582472356237e-01
15                                     1.1523971451172055e+00
16                                     8.5680219686857073e-01
17                                     9.7257299129810104e-01
18                                     9.4236122685523005e-01
19                                     8.9627734570006634e-01
20                                     9.1495983256786406e-01
21                                     9.3523332400638237e-01
22                                     1.0788977111334190e+00
23                                     1.0011740260232033e-01
24                                     9.3328750724970688e-01
25                                     9.3494016845200312e-01
26                                     9.3575859761847857e-01
27                                     1.7925222751391163e+00
28                                     9.4610602261281285e-01
29                                     1.3623418555566451e+00
30                                     1.4012594144828667e+00
31                                     1.3860292206829135e+00
32                                     1.4523432600726891e+00
33                                     9.1246175452726641e-01
34                                     1.3624241840956179e+00
35                                     9.1086719514574399e-01
36                                     1.3723050179182152e+00
37                                     9.3874200374979966e-01
38                                     9.0159802603490280e-01
39                                     1.4468811702787343e+00
40                                     4.4001663647557687e-01
41                                     2.1853860285805808e+00
   &ATNO [&Type "ArrayOfIntegers", &Dim (38,1)] "Atomic number of the elements"
                                                         0

0                                                        6
1                                                        6
2                                                        8
3                                                        6
4                                                        8
5                                                        6
6                                                        7
7                                                        6
8                                                        7
9                                                        6
10                                                       6
11                                                       7
12                                                       6
13                                                       6
14                                                       8
15                                                       6
16                                                       6
17                                                       6
18                                                       6
19                                                       6
20                                                       6
21                                                       7
22                                                       7
23                                                       7
24                                                       1
25                                                       1
26                                                       1
27                                                       1
28                                                       1
29                                                       1
30                                                       1
31                                                       1
32                                                       1
33                                                       1
34                                                       1
35                                                       1
36                                                       1
37                                                       1
   &NA [&Type "ArrayOfDoubles", &Dim (38,1)] "Mulliken gross atomic population"
                                                         0

0                                      6.4599874151424643e+00
1                                      6.0160779645504787e+00
2                                      8.4648769296549560e+00
3                                      5.4496740124093108e+00
4                                      8.4894548824757976e+00
5                                      5.9012945039650857e+00
6                                      7.3951989154383675e+00
7                                      5.8700468714283369e+00
8                                      7.4524623976341360e+00
9                                      5.7205092918650760e+00
10                                     6.2590751284717792e+00
11                                     7.4000683946035526e+00
12                                     6.3069618858103249e+00
13                                     5.5222497318384987e+00
14                                     8.4725442909503084e+00
15                                     5.9353372763955665e+00
16                                     5.7589612398084009e+00
17                                     6.1678247388258214e+00
18                                     6.1579175392542069e+00
19                                     5.7205076687477927e+00
20                                     6.1905332714172179e+00
21                                     7.3817318104344043e+00
22                                     6.6975239665436357e+00
23                                     7.1766076107691550e+00
24                                     8.5887151248813609e-01
25                                     8.4413004364552835e-01
26                                     8.2699504351173359e-01
27                                     8.4654285827855857e-01
28                                     8.4833223658313373e-01
29                                     8.3156155927919539e-01
30                                     7.8039939117245127e-01
31                                     8.3913323700888021e-01
32                                     8.2231459540721152e-01
33                                     8.2745293817737831e-01
34                                     8.2435249697892932e-01
35                                     8.3378927899957267e-01
36                                     8.3799905288034426e-01
37                                     8.1069801715426282e-01
   &ZA [&Type "ArrayOfDoubles", &Dim (38,1)] "Total nuclear charge"
                                                         0

0                                      6.0000000000000000e+00
1                                      6.0000000000000000e+00
2                                      8.0000000000000000e+00
3                                      6.0000000000000000e+00
4                                      8.0000000000000000e+00
5                                      6.0000000000000000e+00
6                                      7.0000000000000000e+00
7                                      6.0000000000000000e+00
8                                      7.0000000000000000e+00
9                                      6.0000000000000000e+00
10                                     6.0000000000000000e+00
11                                     7.0000000000000000e+00
12                                     6.0000000000000000e+00
13                                     6.0000000000000000e+00
14                                     8.0000000000000000e+00
15                                     6.0000000000000000e+00
16                                     6.0000000000000000e+00
17                                     6.0000000000000000e+00
18                                     6.0000000000000000e+00
19                                     6.0000000000000000e+00
20                                     6.0000000000000000e+00
21                                     7.0000000000000000e+00
22                                     7.0000000000000000e+00
23                                     7.0000000000000000e+00
24                                     1.0000000000000000e+00
25                                     1.0000000000000000e+00
26                                     1.0000000000000000e+00
27                                     1.0000000000000000e+00
28                                     1.0000000000000000e+00
29                                     1.0000000000000000e+00
30                                     1.0000000000000000e+00
31                                     1.0000000000000000e+00
32                                     1.0000000000000000e+00
33                                     1.0000000000000000e+00
34                                     1.0000000000000000e+00
35                                     1.0000000000000000e+00
36                                     1.0000000000000000e+00
37                                     1.0000000000000000e+00
   &QA [&Type "ArrayOfDoubles", &Dim (38,1)] "Mulliken gross atomic charge"
                                                         0

0                                     -4.5998741514246433e-01
1                                     -1.6077964550478718e-02
2                                     -4.6487692965495597e-01
3                                      5.5032598759068918e-01
4                                     -4.8945488247579760e-01
5                                      9.8705496034914297e-02
6                                     -3.9519891543836749e-01
7                                      1.2995312857166308e-01
8                                     -4.5246239763413598e-01
9                                      2.7949070813492405e-01
10                                    -2.5907512847177916e-01
11                                    -4.0006839460355259e-01
12                                    -3.0696188581032491e-01
13                                     4.7775026816150135e-01
14                                    -4.7254429095030837e-01
15                                     6.4662723604433481e-02
16                                     2.4103876019159909e-01
17                                    -1.6782473882582138e-01
18                                    -1.5791753925420693e-01
19                                     2.7949233125220729e-01
20                                    -1.9053327141721788e-01
21                                    -3.8173181043440430e-01
22                                     3.0247603345636431e-01
23                                    -1.7660761076915499e-01
24                                     1.4112848751186391e-01
25                                     1.5586995635447165e-01
26                                     1.7300495648826641e-01
27                                     1.5345714172144143e-01
28                                     1.5166776341686627e-01
29                                     1.6843844072080461e-01
30                                     2.1960060882754873e-01
31                                     1.6086676299111979e-01
32                                     1.7768540459278848e-01
33                                     1.7254706182262169e-01
34                                     1.7564750302107068e-01
35                                     1.6621072100042733e-01
36                                     1.6200094711965574e-01
37                                     1.8930198284573718e-01
   &VA [&Type "ArrayOfDoubles", &Dim (38,1)] "Mayer's total valence"
                                                         0

0                                      3.8312501040094014e+00
1                                      3.7936278479251571e+00
2                                      2.0138793400654356e+00
3                                      3.8798299387213868e+00
4                                      2.0310370777085289e+00
5                                      3.8756089721239637e+00
6                                      2.9792742158963552e+00
7                                      3.8165781985928935e+00
8                                      3.3043521667324556e+00
9                                      3.7500774052339283e+00
10                                     3.7890778519494850e+00
11                                     3.0645068120481413e+00
12                                     3.7981764529309086e+00
13                                     3.8967493077933857e+00
14                                     2.0545888750367087e+00
15                                     3.8427651743295339e+00
16                                     3.8334070964621785e+00
17                                     3.9082639626566982e+00
18                                     3.8827818879039602e+00
19                                     3.8632399609878436e+00
20                                     3.9007361271703114e+00
21                                     2.8598413161842533e+00
22                                     3.6837748415453562e+00
23                                     2.7734790219089218e+00
24                                     9.3789014670688942e-01
25                                     9.3554083201399618e-01
26                                     9.4080765293026092e-01
27                                     9.3029750311592352e-01
28                                     9.3526957077663953e-01
29                                     9.3914043813570924e-01
30                                     9.4516185949707432e-01
31                                     9.2443303951246625e-01
32                                     9.3459020194300602e-01
33                                     9.2790934779419643e-01
34                                     9.2947744588288927e-01
35                                     9.3429242403799151e-01
36                                     9.3584758033994997e-01
37                                     9.3909546283116818e-01
   &BVA [&Type "ArrayOfDoubles", &Dim (38,1)] "Mayer's bonded valence"
                                                         0

0                                      3.8312501040093849e+00
1                                      3.7936278479251513e+00
2                                      2.0138793400654755e+00
3                                      3.8798299387213921e+00
4                                      2.0310370777085502e+00
5                                      3.8756089721239788e+00
6                                      2.9792742158963268e+00
7                                      3.8165781985928482e+00
8                                      3.3043521667324312e+00
9                                      3.7500774052338706e+00
10                                     3.7890778519493917e+00
11                                     3.0645068120481804e+00
12                                     3.7981764529309174e+00
13                                     3.8967493077933839e+00
14                                     2.0545888750367478e+00
15                                     3.8427651743296272e+00
16                                     3.8334070964622131e+00
17                                     3.9082639626566569e+00
18                                     3.8827818879039238e+00
19                                     3.8632399609878472e+00
20                                     3.9007361271703602e+00
21                                     2.8598413161842302e+00
22                                     3.6837748415453597e+00
23                                     2.7734790219089298e+00
24                                     9.3789014670689941e-01
25                                     9.3554083201399307e-01
26                                     9.4080765293026025e-01
27                                     9.3029750311592596e-01
28                                     9.3526957077663431e-01
29                                     9.3914043813570081e-01
30                                     9.4516185949707276e-01
31                                     9.2443303951244982e-01
32                                     9.3459020194301390e-01
33                                     9.2790934779420242e-01
34                                     9.2947744588289560e-01
35                                     9.3429242403800350e-01
36                                     9.3584758033994420e-01
37                                     9.3909546283116463e-01
   &FA [&Type "ArrayOfDoubles", &Dim (38,1)] "Mayer's free valence"
                                                         0

0                                      0.0000000000000000e+00
1                                      0.0000000000000000e+00
2                                      0.0000000000000000e+00
3                                      0.0000000000000000e+00
4                                      0.0000000000000000e+00
5                                      0.0000000000000000e+00
6                                      0.0000000000000000e+00
7                                      0.0000000000000000e+00
8                                      0.0000000000000000e+00
9                                      0.0000000000000000e+00
10                                     0.0000000000000000e+00
11                                     0.0000000000000000e+00
12                                     0.0000000000000000e+00
13                                     0.0000000000000000e+00
14                                     0.0000000000000000e+00
15                                     0.0000000000000000e+00
16                                     0.0000000000000000e+00
17                                     0.0000000000000000e+00
18                                     0.0000000000000000e+00
19                                     0.0000000000000000e+00
20                                     0.0000000000000000e+00
21                                     0.0000000000000000e+00
22                                     0.0000000000000000e+00
23                                     0.0000000000000000e+00
24                                     0.0000000000000000e+00
25                                     0.0000000000000000e+00
26                                     0.0000000000000000e+00
27                                     0.0000000000000000e+00
28                                     0.0000000000000000e+00
29                                     0.0000000000000000e+00
30                                     0.0000000000000000e+00
31                                     0.0000000000000000e+00
32                                     0.0000000000000000e+00
33                                     0.0000000000000000e+00
34                                     0.0000000000000000e+00
35                                     0.0000000000000000e+00
36                                     0.0000000000000000e+00
37                                     0.0000000000000000e+00
   &Method [&Type "String"] "SCF"
   &Level [&Type "String"] "Relaxed density"
   &Mult [&Type "Integer"] 1
   &State [&Type "Integer"] -1
   &Irrep [&Type "Integer"] 0
$End
$SCF_Energy
   &GeometryIndex 1
   &Method [&Type "String"] "SCF"
   &totalEnergy [&Type "ArrayOfDoubles", &Dim (1,1)] "Total energy of each state"
                                                         0

0                                     -1.1334754938840758e+03
   &Mult [&Type "ArrayOfIntegers", &Dim (1,1)] "Multiplicity of each state"
                                                         0

0                                                        1
$End
$DFT_Energy
   &GeometryIndex 1
   &nAlphaEl [&Type "Integer"] 85
   &nBetaEl [&Type "Integer"] 85
   &nTotalEl [&Type "Integer"] 170
   &finalEn [&Type "Double"]      -1.1334754938840758e+03  "No Van der Waals correction"
   &eExchange [&Type "Double"]      -1.1679610900717505e+02
   &eCorr [&Type "Double"]      -6.9076362486338718e+00
   &eXC [&Type "Double"]      -1.2370374525580893e+02
   &eCNL [&Type "Double"]       0.0000000000000000e+00
$End
$SCF_Timings
   &GeometryIndex 1
   &TOTAL [&Type "Double"]       4.9489469000000007e+01
   &PREP [&Type "Double"]       6.5804299999999993e-01
   &FOCK [&Type "Double"]       4.6732695000000000e+01
   &DENS [&Type "Double"]       1.3092400000000737e-01
   &ETOT [&Type "Double"]       5.2336000000003935e-02
   &POP [&Type "Double"]       4.7893999999999437e-02
   &TRAFO [&Type "Double"]       8.1303999999994936e-02
   &DIIS [&Type "Double"]       4.3317200000000167e-01
   &SOSCF [&Type "Double"]       3.9406800000000342e-01
   &XC [&Type "Double"]       5.7595789999999925e+00
   &FOCKSTART [&Type "Double"]       1.4547000000006083e-02
   &INT_PREP [&Type "Double"]       6.0000000026150246e-06
   &INT_BF [&Type "Double"]       1.6226369999999184e+00
   &INT_DENS [&Type "Double"]       1.3195379999998602e+00
   &INT_DENSIO [&Type "Double"]       1.5079739081400027e+05
   &INT_FUNC [&Type "Double"]       1.9250300000005094e-01
   &INT_POT [&Type "Double"]       1.2856780000000514e+00
   &INT_POTIO [&Type "Double"]       4.7172999999915532e-02
   &INT_SUM [&Type "Double"]       1.2780000000036651e-03
   &SPLITRIJ [&Type "Double"]       6.2474120000000024e+00
   &COSX [&Type "Double"]       3.5981466000000005e+01
$End
$Single_Point_Data
   &GeometryIndex 1
   &FinalEnergy [&Type "Double"]      -1.1334754938840758e+03  "Final single point energy"
   &Converged [&Type "Boolean"] true
$End
$SCF_Nuc_Gradient
   &GeometryIndex 1
   &NAtoms [&Type "Integer"] 38
   &gradNorm [&Type "Double"]       2.6321775058917929e-01
   &grad [&Type "ArrayOfDoubles", &Dim (114,1)] 
                                                         0

0                                     -3.8658928493880418e-03
1                                     -5.8623675546380302e-03
2                                     -5.7336666783700599e-03
3                                     -1.4998845181035791e-02
4                                     -1.2999322897575896e-02
5                                      8.6301239030130289e-03
6                                      4.9089689187249250e-02
7                                     -1.0328668131258323e-02
8                                      1.1409079591022803e-03
9                                     -6.4328522276165839e-02
10                                    -2.8673527487444506e-02
11                                     2.1898604434226282e-02
12                                     2.4312582339033439e-02
13                                     3.7786911446874905e-02
14                                    -1.7491881731413667e-02
15                                    -3.8658241906120994e-03
16                                     6.7267046010781872e-03
17                                    -5.9482631419786880e-04
18                                     4.8198807277246625e-02
19                                     8.2616929728782651e-03
20                                    -1.2666194137090303e-02
21                                    -2.9198006314449243e-02
22                                     4.7281632377764532e-02
23                                    -1.8993033582447624e-02
24                                     2.6140663799051445e-02
25                                    -1.1071799728170323e-02
26                                     3.2822772087604916e-03
27                                    -5.2248369658409580e-02
28                                    -2.4822071474248530e-02
29                                     2.4699683815160398e-02
30                                     1.3779472427625679e-02
31                                    -3.1116996567340759e-04
32                                     1.0550314370890403e-02
33                                     3.9276679756332221e-02
34                                    -5.2178524422125585e-03
35                                    -8.2894047027019108e-03
36                                    -1.4776567065988115e-04
37                                    -7.9697381564243462e-03
38                                    -7.5829279101047899e-03
39                                    -4.4253313649612130e-02
40                                    -4.8858775175966873e-02
41                                    -2.1035933808856322e-02
42                                    -7.1060690667115733e-03
43                                     3.5363742168918355e-02
44                                     2.8800935753928447e-02
45                                    -2.8771612961167869e-03
46                                     1.6711803885293988e-02
47                                     8.9778368275795772e-03
48                                     1.2844761320947862e-03
49                                    -3.0515325632312559e-03
50                                     2.8829140909669235e-03
51                                    -4.1023718182640195e-04
52                                    -4.3889528589169252e-03
53                                    -8.9184714036837347e-04
54                                    -6.0613407952173071e-03
55                                     3.2202890020004704e-03
56                                    -1.9931487175742571e-03
57                                     9.9136955692274986e-03
58                                     6.5075582944816163e-03
59                                     2.0735936071217195e-03
60                                     4.3043726694526330e-04
61                                    -1.9393335084344487e-03
62                                     3.1869692734616192e-04
63                                     1.1276930164080268e-03
64                                    -5.7487791421295675e-03
65                                    -7.8646991743563932e-05
66                                     1.0099052051134014e-01
67                                     7.3463950835476688e-02
68                                     2.5888126156956175e-02
69                                    -1.2133206875331171e-01
70                                    -6.9935825150726216e-02
71                                    -2.8903558385091427e-02
72                                     8.3425515793561222e-03
73                                    -1.6352856634861621e-03
74                                    -1.7097033120181057e-03
75                                    -4.0587955750881130e-03
76                                    -3.9035898600090352e-03
77                                     7.8800987965009228e-03
78                                    -2.4629878236651151e-03
79                                     1.0171998809130833e-02
80                                    -1.3937490905445576e-03
81                                     1.2548567883935338e-02
82                                    -7.8598441018710719e-03
83                                     2.5904632659578264e-03
84                                     4.9941758847758810e-03
85                                     2.4280415088603832e-03
86                                    -7.7769143598246104e-03
87                                     8.4351799291668139e-04
88                                    -3.4695753725508538e-03
89                                     2.0015462332508005e-04
90                                     8.1064684761777972e-03
91                                     2.7554950249050157e-03
92                                    -1.1499725840045466e-02
93                                    -3.0924033543998225e-03
94                                    -3.1154205651591840e-04
95                                    -4.5188386676898173e-03
96                                     1.4125710167343430e-02
97                                     1.8622126878231199e-03
98                                    -1.9518967694235057e-03
99                                    -1.9464958688261147e-03
100                                    7.8289102603659178e-03
101                                   -5.3784695925012949e-03
102                                    9.5555675880990357e-04
103                                   -4.3575879772057673e-03
104                                    9.3305865456746462e-03
105                                   -1.7005197048357429e-03
106                                    1.8708235062174783e-03
107                                    4.3395532171493917e-04
108                                    2.5977365872530966e-03
109                                    4.8420755712252905e-04
110                                    6.6358905403370722e-04
111                                   -3.1043834130404721e-03
112                                   -8.8335567473285526e-06
113                                   -1.7584948658822194e-03
   &Method [&Type "String"] "SCF"
   &Level [&Type "String"] "Relaxed density"
   &Mult [&Type "Integer"] 1
   &State [&Type "Integer"] 0
   &Irrep [&Type "Integer"] 0
$End
$Geometry
   &GeometryIndex 2
   &NAtoms [&Type "Integer"] 38
   &NCorelessECP [&Type "Integer"] 0
   &NGhostAtoms [&Type "Integer"] 0
   &CartesianCoordinates [&Type "Coordinates", &Dim(38,4), &Units "Bohr"] 
              C     10.249470464118   -3.774268322821    2.177494045319
              C      8.897036733581   -5.187302161218    0.056152852726
              O      6.221777999278   -4.993588915302    0.280780350359
              C      5.055153097979   -2.814318612016   -0.402124094028
              O      6.233898092181   -1.018915235825   -1.310706500280
              C      2.319228399882   -2.740956370187    0.013887279074
              N      1.027508819290   -4.646228901761    1.214284316561
              C     -1.347660819828   -3.866669790258    1.307414695003
              N     -1.639060103044   -1.533407431833    0.218508667444
              C      0.670360673789   -0.811002657959   -0.637218686044
              C      1.069463726441    1.692957096315   -1.871397435778
              N      0.621106745595    3.713793662197   -0.029511515138
              C      2.692893788504    5.298891306379    0.866331282052
              C     -1.774520265592    4.154914810044    0.953758876919
              O     -2.110562319187    5.961561226151    2.399965838725
              C     -3.989597053747    2.538602693172    0.245173222768
              C     -3.927459267708   -0.127841232127   -0.034504430413
              C     -6.161439796820   -1.451866736839   -0.552130993967
              C     -8.446917630819   -0.182769340167   -0.795779689447
              C     -8.525879055223    2.450058131404   -0.513501942205
              C     -6.313785615435    3.780155563418    0.012833286976
              N    -10.798537115835    3.857448905582   -0.736985184970
              N    -12.801841504309    2.799776070911   -1.194595988232
              N    -14.718061652743    1.854361259036   -1.624748627721
              H     12.300605729455   -4.067729862991    2.023847970618
              H      9.613665129991   -4.477958494233    4.023824387238
              H      9.862890884810   -1.741672906581    2.060640658946
              H      9.353672700456   -7.206368843413    0.158493718481
              H      9.507139135624   -4.474880854707   -1.798797452544
              H     -2.864895198247   -4.925299250484    2.172954963201
              H      2.963148381186    1.828767665918   -2.671082241403
              H     -0.258078940006    1.905872479442   -3.467694713726
              H      4.477518261714    4.686938260901    0.018305754266
              H      2.351817681333    7.283876317526    0.360626719219
              H      2.864481093958    5.158705398899    2.929863581609
              H     -6.121511456226   -3.486963916133   -0.795168263929
              H    -10.149089944880   -1.250124491774   -1.207952991553
              H     -6.403939742827    5.813453462437    0.244806197508
$End
$SCF_Energy
   &GeometryIndex 2
   &Method [&Type "String"] "SCF"
   &totalEnergy [&Type "ArrayOfDoubles", &Dim (1,1)] "Total energy of each state"
                                                         0

0                                     -1.1335137923521397e+03
   &Mult [&Type "ArrayOfIntegers", &Dim (1,1)] "Multiplicity of each state"
                                                         0

0                                                        1
$End
$DFT_Energy
   &GeometryIndex 2
   &nAlphaEl [&Type "Integer"] 85
   &nBetaEl [&Type "Integer"] 85
   &nTotalEl [&Type "Integer"] 170
   &finalEn [&Type "Double"]      -1.1335137923521397e+03  "No Van der Waals correction"
   &eExchange [&Type "Double"]      -1.1697378001742219e+02
   &eCorr [&Type "Double"]      -6.9205371595643506e+00
   &eXC [&Type "Double"]      -1.2389431717698653e+02
   &eCNL [&Type "Double"]       0.0000000000000000e+00
$End
$SCF_Timings
   &GeometryIndex 2
   &TOTAL [&Type "Double"]       4.1234578000000006e+01
   &PREP [&Type "Double"]       6.6719499999999998e-01
   &FOCK [&Type "Double"]       3.8810692000000003e+01
   &DENS [&Type "Double"]       1.2022699999999986e-01
   &ETOT [&Type "Double"]       4.6785999999996442e-02
   &POP [&Type "Double"]       9.9999999747524271e-07
   &TRAFO [&Type "Double"]       8.0224000000006512e-02
   &DIIS [&Type "Double"]       3.4745200000000054e-01
   &SOSCF [&Type "Double"]       3.6150200000000154e-01
   &XC [&Type "Double"]       4.1995769999999988e+00
   &FOCKSTART [&Type "Double"]       1.2976999999995686e-02
   &INT_PREP [&Type "Double"]       8.0000000046709374e-06
   &INT_BF [&Type "Double"]       1.2726709999998977e+00
   &INT_DENS [&Type "Double"]       1.0643800000000425e+00
   &INT_DENSIO [&Type "Double"]       1.0171946392600019e+05
   &INT_FUNC [&Type "Double"]       1.4879099999986689e-01
   &INT_POT [&Type "Double"]       9.6839600000009529e-01
   &INT_POTIO [&Type "Double"]       3.7930000000089947e-02
   &INT_SUM [&Type "Double"]       9.7799999999814702e-04
   &SPLITRIJ [&Type "Double"]       4.7615140000000036e+00
   &COSX [&Type "Double"]       3.0985745999999988e+01
$End
$Single_Point_Data
   &GeometryIndex 2
   &FinalEnergy [&Type "Double"]      -1.1335137923521397e+03  "Final single point energy"
   &Converged [&Type "Boolean"] true
$End
$SCF_Nuc_Gradient
   &GeometryIndex 2
   &NAtoms [&Type "Integer"] 38
   &gradNorm [&Type "Double"]       9.3930912207623618e-02
   &grad [&Type "ArrayOfDoubles", &Dim (114,1)] 
                                                         0

0                                      7.5440360863932021e-05
1                                     -9.8621773712333737e-04
2                                     -8.6642694228285244e-04
3                                     -1.4217419744619653e-02
4                                     -7.0414989919205286e-03
5                                      3.6830381968834709e-03
6                                      2.4982313729866423e-02
7                                      6.7522767878866463e-04
8                                     -3.1289269084953525e-03
9                                     -2.8131579667403622e-02
10                                    -1.1264167769070216e-02
11                                     1.0508015498743264e-02
12                                     8.0995651434035976e-03
13                                     8.3446272426497270e-03
14                                    -3.8310994619895622e-03
15                                     3.0793076281955128e-03
16                                     8.0342935197937025e-03
17                                    -3.2142833895229192e-03
18                                     1.8689473396411971e-02
19                                    -2.1966610969509359e-04
20                                    -3.2318212886958686e-03
21                                    -1.8809782717311652e-02
22                                     1.7887140147943875e-02
23                                    -5.4563481832812719e-03
24                                     1.8409127789648372e-02
25                                    -5.2940570441151816e-03
26                                     3.2105274621521684e-04
27                                    -2.7828876815001142e-02
28                                    -5.8453605630876537e-03
29                                     8.0956458487586314e-03
30                                     1.1558962783153999e-02
31                                    -1.5259710058244946e-04
32                                     4.1054848535180405e-03
33                                     1.6121429783219204e-02
34                                     3.1191608250973508e-03
35                                     1.1460878750925302e-03
36                                    -1.4758125644495582e-03
37                                    -3.5999833766439462e-03
38                                    -2.7631581960540358e-03
39                                    -2.1468509102519226e-02
40                                    -2.0841598688873697e-02
41                                    -7.5496791365005089e-03
42                                     1.0539448649521665e-03
43                                     7.7661648329828692e-03
44                                     5.3083879387785249e-03
45                                    -9.9803211915848455e-04
46                                     1.2316315556526194e-02
47                                     5.9173757108602759e-03
48                                     1.6756251588001536e-04
49                                    -2.2515960159850551e-03
50                                     1.1791254615848568e-03
51                                     1.0889154681413549e-03
52                                    -1.5177477430090430e-03
53                                    -2.8424718543954355e-04
54                                    -2.0807237146775320e-03
55                                     1.6980675545743423e-03
56                                    -1.3113881139843464e-03
57                                     7.1248556574184801e-03
58                                     5.1570760571979790e-03
59                                     1.6011926026161041e-03
60                                     5.6390560471607926e-04
61                                    -2.0374976665209765e-03
62                                     5.5727068571180885e-04
63                                    -1.1586957574301782e-02
64                                    -1.6199623264815055e-02
65                                    -3.4018854220330963e-03
66                                     2.3198478488847152e-02
67                                     2.8372749916794893e-02
68                                     7.1230130619246018e-03
69                                    -1.8388639966842035e-02
70                                    -1.5731315842722693e-02
71                                    -4.9094048200337692e-03
72                                     1.9990896643196643e-03
73                                    -2.0864325187873456e-04
74                                    -5.3732041559557270e-04
75                                    -1.2495998711554920e-03
76                                    -9.7006995731790252e-04
77                                     1.3541023332420132e-03
78                                    -8.5127023083064052e-04
79                                     2.2019242688230967e-03
80                                    -3.3100695649234887e-04
81                                     6.0481574389044529e-03
82                                    -9.9888805031400629e-04
83                                     7.2884054233756518e-04
84                                     2.2890678705544537e-03
85                                     5.6731734524521904e-05
86                                    -2.3430720342185740e-03
87                                     2.2202192704289803e-03
88                                    -3.2316030953732644e-03
89                                     1.7865787210114004e-04
90                                    -5.4303986196224674e-04
91                                     1.3133100964049758e-03
92                                    -5.8280209713886810e-03
93                                    -8.7472157210578827e-04
94                                    -3.1497346974040941e-04
95                                    -2.2858441517861205e-03
96                                     3.5586891305948165e-03
97                                     2.1880041472327472e-03
98                                     6.5590090513799326e-04
99                                    -3.4263511846651176e-04
100                                    1.6637313413009336e-03
101                                   -2.3580482904935751e-03
102                                    7.8357376693836966e-04
103                                   -2.2499166192159401e-03
104                                    2.0556100212832940e-03
105                                   -1.5171828112079191e-03
106                                    2.5270954172629256e-04
107                                    3.1132061889323215e-04
108                                    8.4357323348530078e-04
109                                   -3.2345147019864628e-04
110                                    2.1763325742171769e-04
111                                   -1.5908701848863296e-03
112                                    2.3323947429237935e-04
113                                   -1.4157741361265630e-03
   &Method [&Type "String"] "SCF"
   &Level [&Type "String"] "Relaxed density"
   &Mult [&Type "Integer"] 1
   &State [&Type "Integer"] 0
   &Irrep [&Type "Integer"] 0
$End
$Geometry
   &GeometryIndex 3
   &NAtoms [&Type "Integer"] 38
   &NCorelessECP [&Type "Integer"] 0
   &NGhostAtoms [&Type "Integer"] 0
   &CartesianCoordinates [&Type "Coordinates", &Dim(38,4), &Units "Bohr"] 
              C     10.251665959183   -3.821825740296    2.159562912188
              C      8.837582458914   -5.155890580283    0.026172499904
              O      6.151174624975   -4.974083546044    0.302071090968
              C      5.070602364854   -2.799762335503   -0.403390185827
              O      6.232298322319   -1.047484627234   -1.367470434200
              C      2.336639017178   -2.746348111368    0.056096375930
              N      1.029157193581   -4.646748714178    1.288044443934
              C     -1.319112288048   -3.877491596054    1.373721795883
              N     -1.622584175724   -1.544653878822    0.236135177756
              C      0.712251425817   -0.806738943333   -0.608805700938
              C      1.057945726385    1.703704975492   -1.835054938160
              N      0.578663337531    3.748170553552   -0.022806307161
              C      2.633427957363    5.351014445892    0.881677281052
              C     -1.768863149970    4.199535579405    0.933352344492
              O     -2.147662274409    5.995117034643    2.358623989678
              C     -3.956808678396    2.519073349534    0.201332604605
              C     -3.898339268959   -0.142872085185   -0.052372667061
              C     -6.127783609579   -1.475015264872   -0.561713121136
              C     -8.418442939605   -0.217777198339   -0.806426806786
              C     -8.495238146304    2.418000928288   -0.543323092292
              C     -6.281052489644    3.750978965672   -0.031081925769
              N    -10.735755331024    3.856033506740   -0.764657974304
              N    -12.747135954681    2.774587066921   -1.209249994105
              N    -14.657955131525    1.900056633486   -1.615681020094
              H     12.287114898246   -4.143169300151    1.959934628026
              H      9.648952078638   -4.559901078858    3.995892659217
              H      9.902485697797   -1.788340011997    2.106574709275
              H      9.233245931883   -7.181619948026    0.052692429470
              H      9.396761822296   -4.396341648570   -1.814514584482
              H     -2.849842697057   -4.900777775939    2.257146106450
              H      2.970423967160    1.853404708902   -2.568736486438
              H     -0.238401387629    1.893599686966   -3.448546547008
              H      4.406646220398    4.695168939374    0.061256932404
              H      2.312046814704    7.322687899485    0.345020645405
              H      2.772621226865    5.262503139809    2.942292199813
              H     -6.069097752767   -3.511661392029   -0.796508800511
              H    -10.123353861032   -1.286734078236   -1.212670930276
              H     -6.364277853043    5.781600422260    0.221458603731
$End
$SCF_Energy
   &GeometryIndex 3
   &Method [&Type "String"] "SCF"
   &totalEnergy [&Type "ArrayOfDoubles", &Dim (1,1)] "Total energy of each state"
                                                         0

0                                     -1.1335193730720671e+03
   &Mult [&Type "ArrayOfIntegers", &Dim (1,1)] "Multiplicity of each state"
                                                         0

0                                                        1
$End
$DFT_Energy
   &GeometryIndex 3
   &nAlphaEl [&Type "Integer"] 85
   &nBetaEl [&Type "Integer"] 85
   &nTotalEl [&Type "Integer"] 170
   &finalEn [&Type "Double"]      -1.1335193730720671e+03  "No Van der Waals correction"
   &eExchange [&Type "Double"]      -1.1702629980608134e+02
   &eCorr [&Type "Double"]      -6.9242168665875781e+00
   &eXC [&Type "Double"]      -1.2395051667266893e+02
   &eCNL [&Type "Double"]       0.0000000000000000e+00
$End
$SCF_Timings
   &GeometryIndex 3
   &TOTAL [&Type "Double"]       3.7480468999999999e+01
   &PREP [&Type "Double"]       6.4982299999999993e-01
   &FOCK [&Type "Double"]       3.5193388999999996e+01
   &DENS [&Type "Double"]       9.7058999999994455e-02
   &ETOT [&Type "Double"]       4.5197000000001708e-02
   &TRAFO [&Type "Double"]       8.7352000000003649e-02
   &DIIS [&Type "Double"]       3.2624600000000026e-01
   &SOSCF [&Type "Double"]       3.6232999999999826e-01
   &XC [&Type "Double"]       4.1476689999999934e+00
   &FOCKSTART [&Type "Double"]       1.2187000000003168e-02
   &INT_PREP [&Type "Double"]       5.9999999999504894e-06
   &INT_BF [&Type "Double"]       1.2245119999999639e+00
   &INT_DENS [&Type "Double"]       1.0080779999998279e+00
   &INT_DENSIO [&Type "Double"]       9.4851594515000193e+04
   &INT_FUNC [&Type "Double"]       1.4772299999996807e-01
   &INT_POT [&Type "Double"]       8.7183199999998173e-01
   &INT_POTIO [&Type "Double"]       3.7557000000072893e-02
   &INT_SUM [&Type "Double"]       5.3500000000727965e-04
   &SPLITRIJ [&Type "Double"]       4.3477849999999965e+00
   &COSX [&Type "Double"]       2.7745052999999999e+01
$End
$Single_Point_Data
   &GeometryIndex 3
   &FinalEnergy [&Type "Double"]      -1.1335193730720671e+03  "Final single point energy"
   &Converged [&Type "Boolean"] true
$End
$SCF_Nuc_Gradient
   &GeometryIndex 3
   &NAtoms [&Type "Integer"] 38
   &gradNorm [&Type "Double"]       3.9667220202109027e-02
   &grad [&Type "ArrayOfDoubles", &Dim (114,1)] 
                                                         0

0                                      2.5049051118473664e-03
1                                      1.0719022247222404e-03
2                                      6.9193368857627113e-04
3                                     -1.0102612104812784e-02
4                                     -3.2017518290513441e-04
5                                      1.2727178531053984e-03
6                                      4.7056603176344747e-03
7                                      4.1012565293919723e-03
8                                     -4.9345384842958140e-03
9                                     -2.4510373911231509e-03
10                                    -3.7508647184215649e-03
11                                     5.3125651184339900e-03
12                                    -9.2681463048305268e-05
13                                    -2.4225993394431655e-03
14                                     3.1384882908458422e-04
15                                     3.8135726193158082e-03
16                                     2.6528720130982210e-03
17                                    -2.7960551996958904e-03
18                                     1.1470026451260162e-03
19                                    -1.0750991289385503e-03
20                                     6.0029594270161191e-04
21                                    -5.6616335574943277e-03
22                                     3.8520215302948954e-03
23                                     1.2032677610316483e-04
24                                     8.7727013478558213e-03
25                                    -2.4784393479073685e-03
26                                    -1.2446570678193002e-03
27                                    -9.7224787632714110e-03
28                                     1.6326094745146014e-03
29                                     1.0023552422329246e-03
30                                     4.8637062968279535e-03
31                                    -6.8139930218351699e-04
32                                     2.0279328043029989e-03
33                                    -7.1596523910906484e-04
34                                     3.7840947751089961e-03
35                                     3.9790384484045815e-03
36                                    -2.6650849100169141e-03
37                                    -6.9482116673903749e-04
38                                    -1.7328083011355216e-05
39                                    -1.4892998423423655e-03
40                                    -4.5913293666410282e-03
41                                    -3.5463827908614742e-03
42                                     2.2178643739946546e-03
43                                    -1.7794271493833946e-03
44                                    -1.4674367151247258e-03
45                                     3.8281159495573425e-04
46                                     4.8263784582742997e-03
47                                     1.9117421389722930e-03
48                                    -6.5085785193792767e-04
49                                    -6.2532770973276752e-04
50                                    -4.8994119053987276e-05
51                                     1.5204176762661954e-03
52                                    -5.8733643492098198e-04
53                                    -2.3456552250746693e-06
54                                    -1.0928851774427567e-03
55                                     6.4528585266449695e-04
56                                    -4.7711621728914119e-04
57                                     3.0397545677364329e-03
58                                     3.3764170856038223e-03
59                                     8.9705848327560622e-04
60                                     6.3706187022332522e-04
61                                    -6.6416477379989403e-04
62                                     4.2835904498195188e-04
63                                    -3.6172460520079719e-03
64                                    -1.0806633512153829e-02
65                                    -1.5087821146985980e-03
66                                    -1.7122377282405010e-02
67                                     2.9376253522573337e-03
68                                    -2.6007217867184962e-03
69                                     2.0239871096696338e-02
70                                     4.7667928358380851e-03
71                                     3.8459590773347319e-03
72                                    -3.6346617187235641e-04
73                                     2.2566888895882153e-04
74                                     1.7694345971536532e-04
75                                    -2.1713691287499060e-04
76                                    -4.9723780242483251e-05
77                                    -5.3854357759935967e-04
78                                    -8.5861813718616370e-05
79                                    -8.3207655775180411e-04
80                                    -8.9324715407852751e-06
81                                     1.6055404224131486e-03
82                                     9.2746167369747723e-04
83                                     8.1983155572602426e-05
84                                     9.6957953496620841e-04
85                                    -7.1447071015107166e-04
86                                    -1.9794483079749181e-04
87                                     2.0408105447060065e-03
88                                    -2.0989890466883987e-03
89                                     2.3735249523933188e-04
90                                    -1.7558907710986393e-03
91                                     2.2867659956183478e-04
92                                    -2.1052183167366845e-03
93                                     1.3495722143526401e-04
94                                    -2.3058367244261496e-04
95                                    -5.2169390201642352e-04
96                                    -1.2354613602399978e-04
97                                     8.0866380396815707e-04
98                                     4.4336294139239729e-04
99                                     2.3142623501203746e-04
100                                   -4.8392505072675229e-04
101                                   -3.2865306224380553e-04
102                                    6.2248444001320596e-04
103                                   -6.3007774435162520e-04
104                                   -4.5802800093064366e-04
105                                   -9.6172866473768354e-04
106                                   -3.9897618718726102e-05
107                                    8.7640325524870888e-05
108                                    1.0616954978248661e-04
109                                   -3.2039977464687341e-04
110                                   -1.0192743661874282e-06
111                                   -6.6450741516746806e-04
112                                    4.0034129387189754e-05
113                                   -6.2702412455481471e-04
   &Method [&Type "String"] "SCF"
   &Level [&Type "String"] "Relaxed density"
   &Mult [&Type "Integer"] 1
   &State [&Type "Integer"] 0
   &Irrep [&Type "Integer"] 0
$End
$Geometry
   &GeometryIndex 4
   &NAtoms [&Type "Integer"] 38
   &NCorelessECP [&Type "Integer"] 0
   &NGhostAtoms [&Type "Integer"] 0
   &CartesianCoordinates [&Type "Coordinates", &Dim(38,4), &Units "Bohr"] 
              C     10.273399682702   -3.833951037025    2.167979481913
              C      8.852787186794   -5.148785482853    0.031637033464
              O      6.154428613638   -4.964678492077    0.325926754793
              C      5.075577460528   -2.804787496915   -0.437121918004
              O      6.230309199456   -1.043340775942   -1.389789637274
              C      2.338162083974   -2.756591784361    0.053072652184
              N      1.023482209940   -4.657423568092    1.283425083898
              C     -1.318329548325   -3.885611172110    1.369791300396
              N     -1.626688274082   -1.546391567383    0.233042362233
              C      0.722286743755   -0.810995871853   -0.609239023767
              C      1.051900961177    1.704179258969   -1.830170424147
              N      0.567478007007    3.755704822423   -0.026549683884
              C      2.632317638935    5.353620295617    0.878580960571
              C     -1.776180474686    4.216898531012    0.934789507264
              O     -2.176972922551    6.022615105030    2.341075283122
              C     -3.958326478369    2.514360353180    0.190033177946
              C     -3.899434024948   -0.144250882597   -0.060803282824
              C     -6.129607551417   -1.476721024794   -0.569233910889
              C     -8.424043235198   -0.224749954090   -0.808035739404
              C     -8.503650923666    2.411682141714   -0.546409068507
              C     -6.285606936647    3.743025451977   -0.036742559241
              N    -10.734265643497    3.867046038474   -0.761218102896
              N    -12.749864778354    2.771292064586   -1.196545032841
              N    -14.693288559392    1.927313297218   -1.594929771678
              H     12.305691835327   -4.170218087032    1.964188054925
              H      9.671077428909   -4.572466422936    4.003779817289
              H      9.941714435853   -1.796713144586    2.122674560674
              H      9.223061219214   -7.179415540407    0.041083132261
              H      9.393366774400   -4.374357037734   -1.805529644365
              H     -2.861058751503   -4.889290295931    2.256978171944
              H      2.978647833221    1.856315850065   -2.527372751863
              H     -0.228083302531    1.892492924660   -3.453856366568
              H      4.401563481769    4.660501144618    0.081458206480
              H      2.336575568202    7.321536265602    0.315703450054
              H      2.746142431333    5.297983703599    2.941302175741
              H     -6.060336256908   -3.512528264286   -0.810798766725
              H    -10.128898754658   -1.294163423822   -1.214332062429
              H     -6.365334322709    5.770864059184    0.238204493790
$End
$SCF_Energy
   &GeometryIndex 4
   &Method [&Type "String"] "SCF"
   &totalEnergy [&Type "ArrayOfDoubles", &Dim (1,1)] "Total energy of each state"
                                                         0

0                                     -1.1335203888275737e+03
   &Mult [&Type "ArrayOfIntegers", &Dim (1,1)] "Multiplicity of each state"
                                                         0

0                                                        1
$End
$DFT_Energy
   &GeometryIndex 4
   &nAlphaEl [&Type "Integer"] 85
   &nBetaEl [&Type "Integer"] 85
   &nTotalEl [&Type "Integer"] 170
   &finalEn [&Type "Double"]      -1.1335203888275737e+03  "No Van der Waals correction"
   &eExchange [&Type "Double"]      -1.1700865188094014e+02
   &eCorr [&Type "Double"]      -6.9229381212855134e+00
   &eXC [&Type "Double"]      -1.2393159000222565e+02
   &eCNL [&Type "Double"]       0.0000000000000000e+00
$End
$SCF_Timings
   &GeometryIndex 4
   &TOTAL [&Type "Double"]       3.6031518000000005e+01
   &PREP [&Type "Double"]       6.5885600000000000e-01
   &FOCK [&Type "Double"]       3.3758713000000014e+01
   &DENS [&Type "Double"]       9.9276999999997173e-02
   &ETOT [&Type "Double"]       4.3146999999998492e-02
   &TRAFO [&Type "Double"]       8.3982000000004220e-02
   &DIIS [&Type "Double"]       3.7105700000000308e-01
   &SOSCF [&Type "Double"]       3.4384599999999566e-01
   &XC [&Type "Double"]       4.2299139999999928e+00
   &FOCKSTART [&Type "Double"]       1.2465000000012050e-02
   &INT_PREP [&Type "Double"]       9.0000000048107154e-06
   &INT_BF [&Type "Double"]       1.2694929999998452e+00
   &INT_DENS [&Type "Double"]       1.0513920000000505e+00
   &INT_DENSIO [&Type "Double"]       9.2898517220000198e+04
   &INT_FUNC [&Type "Double"]       1.4812399999998149e-01
   &INT_POT [&Type "Double"]       8.7584200000000845e-01
   &INT_POTIO [&Type "Double"]       3.7905999999997775e-02
   &INT_SUM [&Type "Double"]       7.0000000000103313e-04
   &SPLITRIJ [&Type "Double"]       4.5134530000000002e+00
   &COSX [&Type "Double"]       2.6022511999999999e+01
$End
$Single_Point_Data
   &GeometryIndex 4
   &FinalEnergy [&Type "Double"]      -1.1335203888275737e+03  "Final single point energy"
   &Converged [&Type "Boolean"] true
$End
$SCF_Nuc_Gradient
   &GeometryIndex 4
   &NAtoms [&Type "Integer"] 38
   &gradNorm [&Type "Double"]       1.4077674488382605e-02
   &grad [&Type "ArrayOfDoubles", &Dim (114,1)] 
                                                         0

0                                      2.0036568191950273e-03
1                                      7.6081749982116059e-04
2                                      5.9078055934295298e-04
3                                     -5.1999194541100108e-03
4                                      9.5563918762479189e-04
5                                      3.3694413589457906e-04
6                                      7.3738518695553451e-04
7                                      1.5957435428584910e-03
8                                     -1.2660026763237076e-03
9                                      8.5965936377724317e-04
10                                    -2.6254756982431182e-03
11                                    -2.7048807777795697e-03
12                                    -4.4835322197822602e-04
13                                    -6.0295573336566211e-04
14                                     2.0651999972444712e-03
15                                     2.5300129877681710e-03
16                                     1.4063609297927104e-03
17                                    -7.7563094425997514e-05
18                                    -1.9205847777528373e-03
19                                    -9.3805903979105043e-04
20                                     1.2470632010264382e-03
21                                    -1.5206117579287803e-03
22                                     3.7071018656299748e-04
23                                     8.3226245556287937e-04
24                                     3.1360670781568900e-03
25                                    -8.6483172889738336e-04
26                                    -1.1038685332793799e-03
27                                    -2.5496038314889030e-03
28                                     1.9227857351942212e-03
29                                    -5.2929669368219356e-04
30                                     1.4618199084405724e-03
31                                    -7.8148710557080642e-04
32                                     9.0622507197964108e-04
33                                    -1.3267254935321882e-03
34                                     1.8495434301479749e-03
35                                     9.7475971648251780e-04
36                                    -1.4398665122140331e-03
37                                    -2.6961354583354691e-06
38                                     4.7355400886725518e-04
39                                     1.6057703440878202e-03
40                                    -1.5428030207758070e-03
41                                    -4.8161433632418205e-04
42                                     2.4999743920842143e-04
43                                    -4.7687568942744729e-04
44                                    -8.4360023787904970e-04
45                                     2.6308599592711479e-04
46                                     1.2819976112434239e-03
47                                    -1.1262089764727673e-04
48                                    -9.4394025393711167e-04
49                                     2.1244190325487439e-04
50                                    -1.7914723319440579e-04
51                                     1.2965596627157808e-03
52                                    -2.3187514320183178e-04
53                                     1.1755441604998848e-04
54                                    -6.4563788883871542e-04
55                                     1.8221517996025449e-04
56                                     4.7102327088849316e-06
57                                     3.6051086299752899e-04
58                                     1.7037905004726739e-03
59                                     2.7232116950198434e-04
60                                     6.0516493248943815e-04
61                                     4.1947516687762532e-05
62                                     1.1416069412250457e-04
63                                     7.6202853808343685e-04
64                                    -5.0257864130182073e-03
65                                    -2.9585049460925661e-04
66                                    -1.1930169705605675e-03
67                                     5.5989453103723885e-03
68                                     2.7596016262745882e-04
69                                     1.4860141843653363e-03
70                                    -2.2105052520853818e-03
71                                     4.7373184589694084e-05
72                                    -5.9716164077139311e-04
73                                     1.5103547191305453e-04
74                                     1.5877689801812450e-04
75                                    -2.2608742805893534e-06
76                                     6.6785206107283779e-05
77                                    -5.0184766861369190e-04
78                                     5.8997798549308145e-05
79                                    -6.6214387234780903e-04
80                                     3.5215556124524802e-05
81                                     3.2071508712498004e-04
82                                     6.0815164890234974e-04
83                                     1.1893114950321457e-04
84                                     4.4631944688146297e-04
85                                    -6.6436132846053875e-04
86                                     2.6884158761081300e-04
87                                     1.1757115691574116e-03
88                                    -1.2695617391694225e-03
89                                     2.2820482205349046e-04
90                                    -9.7660776766406165e-04
91                                    -3.4497129064951088e-05
92                                    -5.2412956573549829e-04
93                                     2.3800255675052173e-04
94                                    -2.8991647719751878e-05
95                                    -3.9226192107888469e-05
96                                    -5.3588280555416645e-04
97                                     1.8319540843753090e-04
98                                     1.9947761196251190e-05
99                                     1.3558039779387049e-04
100                                   -5.5765398172677449e-04
101                                    3.0302324774753031e-04
102                                    4.5841862253567789e-04
103                                   -4.7212958948726451e-05
104                                   -5.4525290421841843e-04
105                                   -4.9159022110036770e-04
106                                   -9.5774551729821411e-05
107                                   -4.2829484146491431e-05
108                                   -3.0267782235693375e-05
109                                   -1.9151960676337676e-04
110                                   -5.1974582063456232e-05
111                                   -3.6944760400962548e-04
112                                   -3.7038363219360493e-05
113                                   -9.2104620639833767e-05
   &Method [&Type "String"] "SCF"
   &Level [&Type "String"] "Relaxed density"
   &Mult [&Type "Integer"] 1
   &State [&Type "Integer"] 0
   &Irrep [&Type "Integer"] 0
$End
$Geometry
   &GeometryIndex 5
   &NAtoms [&Type "Integer"] 38
   &NCorelessECP [&Type "Integer"] 0
   &NGhostAtoms [&Type "Integer"] 0
   &CartesianCoordinates [&Type "Coordinates", &Dim(38,4), &Units "Bohr"] 
              C     10.424565186072   -4.008298093547    2.063168683525
              C      8.850664519648   -5.182469219956   -0.040008864651
              O      6.167648394663   -4.921595409675    0.433865211595
              C      5.101614085156   -2.723762679504   -0.265323965633
              O      6.219189694786   -1.021223427085   -1.360325732422
              C      2.351184425475   -2.697815742207    0.206339729242
              N      1.027311346077   -4.593391172724    1.433018607116
              C     -1.317641500159   -3.832294971533    1.476772903397
              N     -1.631025599518   -1.502839267905    0.315318579468
              C      0.736871008430   -0.770969387640   -0.506258962920
              C      1.053895629250    1.730993069019   -1.759801667522
              N      0.528043444289    3.811255786593   -0.002170104845
              C      2.583862693254    5.429529793416    0.906438115322
              C     -1.835698195482    4.289432999155    0.919195589649
              O     -2.274242854085    6.106184183210    2.300747501188
              C     -3.993366970734    2.536447347024    0.176343274500
              C     -3.907992093037   -0.122296810185   -0.031355036593
              C     -6.122650918684   -1.479611828118   -0.549852588661
              C     -8.426561338746   -0.255164180508   -0.836590204806
              C     -8.535574666568    2.384330909976   -0.616912808549
              C     -6.331273461769    3.739116363252   -0.097500400455
              N    -10.769250460938    3.835205721778   -0.881186386410
              N    -12.773535813803    2.703614403606   -1.318293251581
              N    -14.734960516276    1.884280635567   -1.722332258729
              H     12.430555548259   -4.407516156316    1.733358912469
              H      9.898122873594   -4.798274759089    3.902088994414
              H     10.168687134641   -1.957892193683    2.114683115587
              H      9.133357563741   -7.226251914368   -0.139845002307
              H      9.295326552418   -4.336241822867   -1.870579521631
              H     -2.880836708825   -4.813628199190    2.355551014802
              H      3.002894584073    1.887616016134   -2.399750899808
              H     -0.191368927378    1.884155392055   -3.412369324090
              H      4.369244345568    4.687914624288    0.189829565995
              H      2.321336867934    7.379248205826    0.263224210990
              H      2.626745167484    5.455580538422    2.973582177993
              H     -6.023163587535   -3.517099954668   -0.764908355485
              H    -10.116221148785   -1.345230428436   -1.250221920159
              H     -6.425756245801    5.768961610987    0.158108983641
$End
$SCF_Energy
   &GeometryIndex 5
   &Method [&Type "String"] "SCF"
   &totalEnergy [&Type "ArrayOfDoubles", &Dim (1,1)] "Total energy of each state"
                                                         0

0                                     -1.1335201531303389e+03
   &Mult [&Type "ArrayOfIntegers", &Dim (1,1)] "Multiplicity of each state"
                                                         0

0                                                        1
$End
$DFT_Energy
   &GeometryIndex 5
   &nAlphaEl [&Type "Integer"] 85
   &nBetaEl [&Type "Integer"] 85
   &nTotalEl [&Type "Integer"] 170
   &finalEn [&Type "Double"]      -1.1335201531303389e+03  "No Van der Waals correction"
   &eExchange [&Type "Double"]      -1.1698778802501488e+02
   &eCorr [&Type "Double"]      -6.9213041308156527e+00
   &eXC [&Type "Double"]      -1.2390909215583054e+02
   &eCNL [&Type "Double"]       0.0000000000000000e+00
$End
$SCF_Timings
   &GeometryIndex 5
   &TOTAL [&Type "Double"]       3.7970825999999995e+01
   &PREP [&Type "Double"]       6.5920199999999995e-01
   &FOCK [&Type "Double"]       3.5471986000000001e+01
   &DENS [&Type "Double"]       1.0733499999999552e-01
   &ETOT [&Type "Double"]       4.3743000000003640e-02
   &POP [&Type "Double"]       9.9999999747524271e-07
   &TRAFO [&Type "Double"]       7.8349999999996811e-02
   &DIIS [&Type "Double"]       3.0755700000000097e-01
   &SOSCF [&Type "Double"]       3.9518500000000145e-01
   &XC [&Type "Double"]       4.2482230000000047e+00
   &FOCKSTART [&Type "Double"]       1.2144999999997408e-02
   &INT_PREP [&Type "Double"]       5.0000000006988898e-06
   &INT_BF [&Type "Double"]       1.2421599999998514e+00
   &INT_DENS [&Type "Double"]       9.9282000000003112e-01
   &INT_DENSIO [&Type "Double"]       9.4106205786000195e+04
   &INT_FUNC [&Type "Double"]       1.4919899999998654e-01
   &INT_POT [&Type "Double"]       8.5476500000008659e-01
   &INT_POTIO [&Type "Double"]       3.8004999999950329e-02
   &INT_SUM [&Type "Double"]       5.1899999999704960e-04
   &SPLITRIJ [&Type "Double"]       4.5719819999999967e+00
   &COSX [&Type "Double"]       2.7865536000000006e+01
$End
$Single_Point_Data
   &GeometryIndex 5
   &FinalEnergy [&Type "Double"]      -1.1335201531303389e+03  "Final single point energy"
   &Converged [&Type "Boolean"] true
$End
$SCF_Nuc_Gradient
   &GeometryIndex 5
   &NAtoms [&Type "Integer"] 38
   &gradNorm [&Type "Double"]       2.2366932719546467e-02
   &grad [&Type "ArrayOfDoubles", &Dim (114,1)] 
                                                         0

0                                      3.7726316571906615e-04
1                                      3.9418898010848066e-04
2                                      8.9533638476016128e-05
3                                      6.4105764412417110e-04
4                                      1.0495957711803179e-03
5                                     -4.0901585952014471e-04
6                                     -2.7865811309942048e-03
7                                     -3.3807742193849022e-03
8                                     -3.0880715524823910e-03
9                                      5.1247230937970512e-03
10                                     7.3408561724311872e-03
11                                     1.0906316670401262e-02
12                                    -1.6024126264417293e-03
13                                    -1.7817247986171569e-03
14                                    -4.8840487406428823e-03
15                                    -4.3425989467595072e-04
16                                    -1.7667361013935512e-03
17                                    -2.3049487558786247e-03
18                                    -2.3662815443952767e-03
19                                    -9.9744466286000311e-04
20                                    -4.8307234743444338e-05
21                                     1.6373051311411868e-03
22                                    -1.2987688123336644e-03
23                                     6.7274825453417578e-04
24                                    -2.4326400732004316e-03
25                                     1.0477113340542216e-03
26                                    -7.6314922353784564e-05
27                                     2.9893929314130929e-03
28                                    -6.3369883382513592e-05
29                                    -1.9183120193707465e-03
30                                    -1.7261750333313446e-03
31                                    -8.7024505357657933e-04
32                                    -2.2247608959337362e-05
33                                     4.1210257715162957e-04
34                                    -1.1620747887178540e-03
35                                    -1.7290192383427189e-03
36                                     3.9328010823948961e-04
37                                     2.9451100844098826e-04
38                                     3.2713264765082267e-04
39                                     1.0411951948774492e-03
40                                     2.8620064588493199e-03
41                                    -5.9624367191166150e-04
42                                    -1.0751941495419359e-03
43                                     4.4745435407650413e-04
44                                     1.4519643772186175e-03
45                                     8.8030104908987106e-05
46                                    -2.3985282918783032e-03
47                                    -5.0150422802069244e-04
48                                    -8.2333855143501555e-04
49                                     9.1162444635305845e-04
50                                     6.2640570205163559e-05
51                                     6.2899850455694351e-04
52                                    -4.3321416589608974e-05
53                                     1.2520446258562374e-04
54                                    -1.4975363502983674e-04
55                                    -2.4661396563224747e-04
56                                     2.2949074424330473e-04
57                                    -1.3207798099670182e-03
58                                    -6.0011371300362770e-04
59                                    -3.6942533436382097e-04
60                                     3.0917097653258147e-04
61                                     6.2605912779206685e-04
62                                    -9.1263833992293042e-05
63                                     2.2399126559498328e-03
64                                     7.4227919575187151e-04
65                                     4.2852327390983241e-04
66                                     6.9955995145390970e-03
67                                     4.1599987715504605e-03
68                                     1.4627751392606789e-03
69                                    -8.3150987927710363e-03
70                                    -4.4460118888332012e-03
71                                    -1.7500567108631182e-03
72                                    -2.2962571861961933e-04
73                                    -2.0654157465475886e-04
74                                    -8.4974687837632151e-05
75                                     4.2390386507107358e-05
76                                    -5.1279367575818302e-05
77                                     7.0503002733701692e-06
78                                     9.3411069548084147e-05
79                                    -8.9381370686869577e-05
80                                     5.6942767417291970e-05
81                                    -3.0680349088460512e-04
82                                    -1.7856754820530507e-04
83                                     9.4376869985781514e-05
84                                     2.2910678647750093e-04
85                                    -2.3956035563008071e-04
86                                     1.7315770893841509e-04
87                                     4.9450795280514548e-05
88                                    -9.7121749515607925e-05
89                                     2.2958610034007343e-04
90                                     4.2440673668109330e-04
91                                    -3.3515619848538403e-05
92                                     8.9912164405194644e-04
93                                     5.8876526297116372e-05
94                                     2.2893357993179070e-04
95                                     2.7485732873208657e-04
96                                    -2.3793661400650645e-04
97                                    -3.7008629613122235e-04
98                                    -3.3621685155302283e-04
99                                    -2.4492297913863287e-04
100                                   -3.7031293779854479e-05
101                                    5.6891834977390587e-04
102                                    2.8528614510323243e-04
103                                    3.4906601387275481e-04
104                                   -1.2455793991783537e-06
105                                    4.1125102266089189e-05
106                                   -5.3585948550760598e-05
107                                   -9.0700823330493174e-05
108                                   -3.7851134781829998e-05
109                                    5.3941592085327006e-05
110                                   -2.2662981770574242e-05
111                                   -1.2430011139315938e-05
112                                   -9.5827955236937878e-05
113                                    2.6423978416937124e-04
   &Method [&Type "String"] "SCF"
   &Level [&Type "String"] "Relaxed density"
   &Mult [&Type "Integer"] 1
   &State [&Type "Integer"] 0
   &Irrep [&Type "Integer"] 0
$End
$Geometry
   &GeometryIndex 6
   &NAtoms [&Type "Integer"] 38
   &NCorelessECP [&Type "Integer"] 0
   &NGhostAtoms [&Type "Integer"] 0
   &CartesianCoordinates [&Type "Coordinates", &Dim(38,4), &Units "Bohr"] 
              C     10.351524882897   -3.915559840910    2.139621630956
              C      8.878876478326   -5.153052696713    0.000706467434
              O      6.177431115501   -4.942118328675    0.383017010315
              C      5.084792907697   -2.780312554065   -0.386302743324
              O      6.221431137163   -1.031349799514   -1.385248797370
              C      2.340017175555   -2.742738485344    0.110133869248
              N      1.021121284343   -4.641553628569    1.332124988801
              C     -1.322066872950   -3.870462326780    1.402162759446
              N     -1.633579092688   -1.528357979857    0.271130255973
              C      0.728184467905   -0.800332590855   -0.564514680028
              C      1.047732795173    1.710450327465   -1.801239096182
              N      0.548620354552    3.775528558994   -0.018915134606
              C      2.618266871061    5.381329900246    0.879565842645
              C     -1.805980920667    4.254771034054    0.927403238305
              O     -2.219104204523    6.065707990340    2.323397404160
              C     -3.980316463728    2.522641876024    0.192055996569
              C     -3.907797868932   -0.135101572988   -0.041952648185
              C     -6.133213721185   -1.476796661052   -0.557276623528
              C     -8.432495175935   -0.238490135442   -0.818189005357
              C     -8.528314336940    2.399001271076   -0.572732830286
              C     -6.314501771567    3.738776871648   -0.055957738584
              N    -10.760306072059    3.860295088773   -0.809596794185
              N    -12.772413141926    2.743806364002   -1.243196503064
              N    -14.735328792581    1.946643044903   -1.639770409907
              H     12.377685460800   -4.269144592294    1.883643412868
              H      9.780868516537   -4.694860962086    3.970448773284
              H     10.044322473421   -1.870976518789    2.154631942201
              H      9.212258806044   -7.190979485912   -0.062546390601
              H      9.365256183942   -4.318160557834   -1.825597275080
              H     -2.883186430980   -4.853842027477    2.282038390703
              H      2.989065049364    1.863616198438   -2.466269402313
              H     -0.217045087821    1.882869151613   -3.437945676113
              H      4.398368661364    4.633905161352    0.154474694054
              H      2.362070219476    7.333633090336    0.238649742805
              H      2.670089076463    5.403078681039    2.947125106648
              H     -6.045611128310   -3.512595242306   -0.790795115728
              H    -10.129876476606   -1.317000923066   -1.229704745410
              H     -6.396846301493    5.767732281326    0.211467997066
$End
$SCF_Energy
   &GeometryIndex 6
   &Method [&Type "String"] "SCF"
   &totalEnergy [&Type "ArrayOfDoubles", &Dim (1,1)] "Total energy of each state"
                                                         0

0                                     -1.1335207787489296e+03
   &Mult [&Type "ArrayOfIntegers", &Dim (1,1)] "Multiplicity of each state"
                                                         0

0                                                        1
$End
$DFT_Energy
   &GeometryIndex 6
   &nAlphaEl [&Type "Integer"] 85
   &nBetaEl [&Type "Integer"] 85
   &nTotalEl [&Type "Integer"] 170
   &finalEn [&Type "Double"]      -1.1335207787489296e+03  "No Van der Waals correction"
   &eExchange [&Type "Double"]      -1.1699152395675054e+02
   &eCorr [&Type "Double"]      -6.9215386515167880e+00
   &eXC [&Type "Double"]      -1.2391306260826732e+02
   &eCNL [&Type "Double"]       0.0000000000000000e+00
$End
$SCF_Timings
   &GeometryIndex 6
   &TOTAL [&Type "Double"]       3.3249157000000004e+01
   &PREP [&Type "Double"]       6.5122400000000003e-01
   &FOCK [&Type "Double"]       3.0812397999999995e+01
   &DENS [&Type "Double"]       1.0106299999999990e-01
   &ETOT [&Type "Double"]       3.6358000000000779e-02
   &POP [&Type "Double"]       1.0000000045806701e-06
   &TRAFO [&Type "Double"]       9.5564999999999678e-02
   &DIIS [&Type "Double"]       3.3987199999999973e-01
   &SOSCF [&Type "Double"]       2.8018999999999217e-01
   &XC [&Type "Double"]       3.6356339999999978e+00
   &FOCKSTART [&Type "Double"]       1.3330999999994320e-02
   &INT_PREP [&Type "Double"]       5.0000000042516035e-06
   &INT_BF [&Type "Double"]       1.1032049999999183e+00
   &INT_DENS [&Type "Double"]       9.1682699999994632e-01
   &INT_DENSIO [&Type "Double"]       7.0423242146000135e+04
   &INT_FUNC [&Type "Double"]       1.2498199999994863e-01
   &INT_POT [&Type "Double"]       8.1706900000012617e-01
   &INT_POTIO [&Type "Double"]       3.2840999999921294e-02
   &INT_SUM [&Type "Double"]       6.5899999999619041e-04
   &SPLITRIJ [&Type "Double"]       3.9786320000000059e+00
   &COSX [&Type "Double"]       2.4481505000000006e+01
$End
$Single_Point_Data
   &GeometryIndex 6
   &FinalEnergy [&Type "Double"]      -1.1335207787489296e+03  "Final single point energy"
   &Converged [&Type "Boolean"] true
$End
$SCF_Nuc_Gradient
   &GeometryIndex 6
   &NAtoms [&Type "Integer"] 38
   &gradNorm [&Type "Double"]       5.9603095372166666e-03
   &grad [&Type "ArrayOfDoubles", &Dim (114,1)] 
                                                         0

0                                     -5.6767596324469941e-05
1                                      5.1843891348532511e-05
2                                     -1.6035282167999217e-04
3                                      6.1878105668877748e-04
4                                      4.8074481671592922e-04
5                                      1.8269194995398919e-04
6                                     -3.6876983387301721e-04
7                                     -1.6149094444857792e-03
8                                      4.9407516302399368e-04
9                                      8.2804312607004382e-04
10                                     1.1927658400759933e-03
11                                    -1.3282125919820975e-03
12                                    -5.1619029188709753e-05
13                                     5.8379231127864140e-04
14                                     4.2221758970256706e-05
15                                    -3.9921749877272483e-04
16                                    -1.0139392690540483e-04
17                                     6.2533973113900257e-04
18                                    -6.7858645495860737e-04
19                                    -1.8480695706285521e-04
20                                     4.8720842649427332e-04
21                                     7.5655048173853268e-04
22                                    -4.3827740885883995e-04
23                                    -2.0970526084006236e-04
24                                    -1.8138313885061874e-03
25                                     7.3839572072376125e-04
26                                     3.3533600792057250e-05
27                                     1.8494286882029705e-03
28                                    -4.9748429614995815e-04
29                                    -6.1756069250500090e-04
30                                    -1.1882391458828637e-03
31                                    -5.6508257768481812e-04
32                                     2.2114147259861411e-04
33                                     4.5237620462661166e-04
34                                    -6.7173473014646434e-04
35                                    -1.3545055559243263e-03
36                                     3.9045139071004591e-04
37                                    -2.7577410082649245e-05
38                                     1.2489880304601859e-04
39                                     2.3165821961999150e-04
40                                     2.0252417921104993e-03
41                                    -3.6584385042665035e-04
42                                    -4.8181523131349269e-04
43                                     7.7088562050298126e-05
44                                     8.5386556099475985e-04
45                                    -4.2730520298822627e-05
46                                    -1.5433258128538102e-03
47                                    -8.9420649642454192e-05
48                                    -3.9370902969927679e-04
49                                     5.1116567563179796e-04
50                                     1.0098497810068219e-04
51                                     2.4510215551706155e-04
52                                    -7.2819532357826233e-05
53                                     6.2236505301771147e-05
54                                    -1.2396708695459890e-04
55                                    -1.8781662021060547e-04
56                                     5.1720971291017992e-05
57                                    -4.6314411363047869e-04
58                                    -6.6910798562477836e-04
59                                    -2.2253785036637636e-04
60                                     1.7168229182121936e-04
61                                     3.8247447301711923e-04
62                                    -3.6796907391067196e-05
63                                     2.8938565368324953e-04
64                                     1.4218196703280617e-04
65                                     6.5413426373436834e-05
66                                    -1.0485817841338063e-03
67                                     8.9149739912081083e-04
68                                    -1.6013457024654371e-04
69                                     7.1049109910403807e-04
70                                    -4.9184986107270179e-04
71                                     1.0855246510557692e-04
72                                     7.5343024908636202e-05
73                                    -1.8405784125078567e-04
74                                    -1.4001938947989789e-04
75                                    -2.7414665572898789e-05
76                                    -7.8609053107719928e-05
77                                     1.6688059539754496e-04
78                                     4.1249996147046941e-05
79                                     2.3961277757128530e-04
80                                     4.9780845002914131e-05
81                                    -9.0817004265240919e-05
82                                    -2.9533690153199510e-04
83                                     1.4396357260866403e-04
84                                     9.8041505647059046e-05
85                                    -2.0371813350447687e-05
86                                    -1.2945082560250620e-04
87                                    -3.8111437519638969e-05
88                                    -8.5033990115959690e-05
89                                     2.6957463628810019e-05
90                                     4.9529325890401710e-04
91                                    -4.6134064373485467e-05
92                                     4.5647646852911561e-04
93                                    -4.4420876235587436e-05
94                                     1.9540347765811816e-04
95                                     1.3124027995103926e-04
96                                     6.9474690970988684e-05
97                                    -1.4756893092371381e-04
98                                    -2.9320592852578875e-04
99                                    -2.9160677439442340e-04
100                                    1.5809022095197856e-04
101                                    3.2990886650532958e-04
102                                    2.4381330284051032e-04
103                                    1.8299719885167022e-04
104                                    2.6805874225960258e-04
105                                    3.7548479806596459e-05
106                                    2.1308696834143603e-05
107                                   -3.4334830715236631e-05
108                                    1.8294135745389184e-05
109                                    9.1791683451220019e-05
110                                    1.4394448475105182e-05
111                                   -1.9659358693784740e-05
112                                   -4.3097194560637320e-05
113                                    1.0053565347587987e-04
   &Method [&Type "String"] "SCF"
   &Level [&Type "String"] "Relaxed density"
   &Mult [&Type "Integer"] 1
   &State [&Type "Integer"] 0
   &Irrep [&Type "Integer"] 0
$End
$Geometry
   &GeometryIndex 7
   &NAtoms [&Type "Integer"] 38
   &NCorelessECP [&Type "Integer"] 0
   &NGhostAtoms [&Type "Integer"] 0
   &CartesianCoordinates [&Type "Coordinates", &Dim(38,4), &Units "Bohr"] 
              C     10.340499043058   -3.923938606679    2.148827162293
              C      8.877644058088   -5.147447224813   -0.005206242353
              O      6.177164123282   -4.943720725060    0.372664501542
              C      5.082964093869   -2.783641625259   -0.390203159215
              O      6.221117871878   -1.035117510877   -1.387739761832
              C      2.340922048370   -2.744366864691    0.104402399174
              N      1.025135590895   -4.644484135159    1.325576111410
              C     -1.317916988556   -3.871631884515    1.403918203615
              N     -1.629127367780   -1.530773004697    0.273480056908
              C      0.728652381055   -0.799795893164   -0.563095067823
              C      1.047942784796    1.711342705167   -1.799989000947
              N      0.550131788440    3.773310687682   -0.013716271230
              C      2.614847302365    5.388556792062    0.874327513364
              C     -1.801798373464    4.244269578230    0.937867555781
              O     -2.219149395436    6.076931609264    2.302992349753
              C     -3.976389385687    2.520139546105    0.197885529420
              C     -3.903963366300   -0.138222527982   -0.037831863320
              C     -6.129633764119   -1.478672740774   -0.554980781373
              C     -8.427439417631   -0.238499591576   -0.816479166095
              C     -8.522338896021    2.398668884900   -0.568833908343
              C     -6.309185682885    3.737754699890   -0.051494943280
              N    -10.755443361943    3.856907105091   -0.805900915091
              N    -12.767318193954    2.741642253347   -1.240875146699
              N    -14.732401199072    1.948602947647   -1.638741679506
              H     12.369041426663   -4.263707047189    1.895578452060
              H      9.768694349752   -4.722984911179    3.970219969759
              H     10.022262005008   -1.881919995093    2.182210241587
              H      9.218162073794   -7.182812005918   -0.085981756775
              H      9.366629737806   -4.295034952708   -1.822457106246
              H     -2.877310856852   -4.856024952416    2.285109483023
              H      2.984076847618    1.866419536654   -2.476784506575
              H     -0.223718254596    1.882365656664   -3.431946848234
              H      4.398791363301    4.635173399477    0.166623731564
              H      2.362174163132    7.333242178509    0.209878772198
              H      2.656292979293    5.431210261788    2.941041342021
              H     -6.044006547959   -3.514568578863   -0.788541170212
              H    -10.125184252857   -1.316340510066   -1.229038103554
              H     -6.390820670662    5.767167427304    0.213281936869
$End
$SCF_Energy
   &GeometryIndex 7
   &Method [&Type "String"] "SCF"
   &totalEnergy [&Type "ArrayOfDoubles", &Dim (1,1)] "Total energy of each state"
                                                         0

0                                     -1.1335208218246428e+03
   &Mult [&Type "ArrayOfIntegers", &Dim (1,1)] "Multiplicity of each state"
                                                         0

0                                                        1
$End
$DFT_Energy
   &GeometryIndex 7
   &nAlphaEl [&Type "Integer"] 85
   &nBetaEl [&Type "Integer"] 85
   &nTotalEl [&Type "Integer"] 170
   &finalEn [&Type "Double"]      -1.1335208218246428e+03  "No Van der Waals correction"
   &eExchange [&Type "Double"]      -1.1699648965183556e+02
   &eCorr [&Type "Double"]      -6.9219552081003570e+00
   &eXC [&Type "Double"]      -1.2391844485993592e+02
   &eCNL [&Type "Double"]       0.0000000000000000e+00
$End
$SCF_Timings
   &GeometryIndex 7
   &TOTAL [&Type "Double"]       3.8794356999999998e+01
   &PREP [&Type "Double"]       6.5835699999999997e-01
   &FOCK [&Type "Double"]       3.6092907000000004e+01
   &DENS [&Type "Double"]       9.3112999999998891e-02
   &ETOT [&Type "Double"]       4.1472999999997207e-02
   &POP [&Type "Double"]       9.9999999747524271e-07
   &TRAFO [&Type "Double"]       8.4183999999994263e-02
   &DIIS [&Type "Double"]       2.9609099999999877e-01
   &SOSCF [&Type "Double"]       3.5078899999999980e-01
   &XC [&Type "Double"]       4.1438649999999955e+00
   &FOCKSTART [&Type "Double"]       1.4717999999993014e-02
   &INT_PREP [&Type "Double"]       8.9999999977052880e-06
   &INT_BF [&Type "Double"]       1.2280029999999433e+00
   &INT_DENS [&Type "Double"]       9.7045200000007359e-01
   &INT_DENSIO [&Type "Double"]       8.7711616608000215e+04
   &INT_FUNC [&Type "Double"]       1.4306500000001776e-01
   &INT_POT [&Type "Double"]       7.7128699999985706e-01
   &INT_POTIO [&Type "Double"]       3.5909999999995001e-02
   &INT_SUM [&Type "Double"]       1.0229999999991080e-03
   &SPLITRIJ [&Type "Double"]       4.4026739999999940e+00
   &COSX [&Type "Double"]       2.9041868999999998e+01
$End
$Single_Point_Data
   &GeometryIndex 7
   &FinalEnergy [&Type "Double"]      -1.1335208218246428e+03  "Final single point energy"
   &Converged [&Type "Boolean"] true
$End
$SCF_Nuc_Gradient
   &GeometryIndex 7
   &NAtoms [&Type "Integer"] 38
   &gradNorm [&Type "Double"]       3.9502861141727085e-03
   &grad [&Type "ArrayOfDoubles", &Dim (114,1)] 
                                                         0

0                                     -7.8476497743298901e-06
1                                      1.7119444643690432e-04
2                                     -3.8217505371529459e-05
3                                      5.1842227534494578e-06
4                                      2.2478483657412465e-04
5                                      2.5350737636344392e-04
6                                     -1.1070209569790518e-04
7                                     -3.6661168880908201e-04
8                                     -1.5312698099091693e-04
9                                      2.7449243908933552e-04
10                                     4.4574368386171570e-04
11                                    -4.9635486099426640e-04
12                                    -5.6516306470744126e-05
13                                    -2.2149780807767527e-04
14                                     2.3294673180351833e-04
15                                    -1.1356616600669001e-04
16                                     6.8737177294504737e-05
17                                     2.7118412792644098e-04
18                                    -1.8442054113612660e-04
19                                    -1.4144359486345515e-04
20                                     2.7312521976130544e-05
21                                     2.0641580635799572e-04
22                                     2.2869083378809080e-04
23                                     7.7835787000928025e-05
24                                    -4.8357383666805531e-04
25                                     4.7966303099743202e-05
26                                    -2.6016875687345786e-04
27                                     5.4642809052599106e-04
28                                    -2.9291719093071933e-04
29                                     9.4494433192093830e-06
30                                    -2.9599626436398272e-04
31                                    -2.1080506542229399e-04
32                                     1.2835890312662759e-04
33                                    -4.5227972697906016e-04
34                                     6.8237655170433863e-04
35                                    -1.2188356263073130e-03
36                                     2.0102512355133981e-04
37                                    -2.1380310245729811e-04
38                                     2.0917264161292998e-04
39                                     1.0111495533752513e-03
40                                    -8.0068046259795800e-04
41                                     2.3376528077813097e-03
42                                    -2.8671165977478541e-04
43                                     2.5800882329513053e-04
44                                    -1.0933158140336574e-03
45                                    -1.2968926463252650e-04
46                                     1.4126455248314462e-05
47                                    -6.9060010883828862e-04
48                                    -5.3579347866206106e-05
49                                     1.6945130336330771e-04
50                                     8.5557150838218646e-05
51                                     4.8545118070821014e-05
52                                     3.0575296720583567e-05
53                                     5.6016857330906666e-05
54                                    -5.6375002665434715e-05
55                                    -1.4475652148744633e-05
56                                    -2.7544926640268863e-05
57                                    -8.6580831684487936e-05
58                                    -2.4658847885183216e-04
59                                     1.2511052731067548e-05
60                                     1.2068142602900123e-04
61                                     4.7116376293454554e-05
62                                    -4.9252177185439561e-05
63                                     1.4537757474722413e-04
64                                    -2.6959972823176193e-04
65                                     2.1795556209423805e-05
66                                    -1.7969623831015635e-04
67                                     1.1419406402537746e-03
68                                     1.5092825413703936e-05
69                                    -1.7313905277926978e-05
70                                    -6.7811788163957276e-04
71                                    -3.4569493862546263e-05
72                                     5.0507934585275471e-06
73                                    -1.1174224354522366e-04
74                                    -7.9176237026797741e-05
75                                    -9.2453773185147137e-07
76                                    -1.8429035812339567e-05
77                                     8.0788020594968479e-06
78                                     4.4981936157810487e-05
79                                    -1.7401723988369477e-05
80                                     4.0935539238437513e-05
81                                    -8.0911364355035209e-07
82                                    -4.1033345182794889e-07
83                                     8.0560154399679160e-05
84                                     3.4241052409497708e-05
85                                    -2.4007116146487761e-05
86                                    -9.7233829660703375e-05
87                                     6.1280879513458952e-05
88                                    -9.8682405447192423e-05
89                                     1.3307455382000066e-05
90                                     6.4055551633024344e-05
91                                    -2.6001709542582130e-05
92                                     1.0089010931295384e-04
93                                    -3.7513395659161120e-05
94                                     6.5801446002496100e-05
95                                     7.1701672420709794e-05
96                                    -7.0199775683010834e-05
97                                     9.7452424410726657e-05
98                                    -1.5186653106984832e-04
99                                    -2.5334418447180498e-04
100                                   -1.1483842059928362e-05
101                                    2.3981734129448207e-04
102                                    1.9690859616071366e-04
103                                    4.6177054006590543e-06
104                                    1.0106356508304826e-04
105                                   -3.6481538884178266e-06
106                                    1.9300795146393046e-05
107                                    3.7305384722706447e-06
108                                   -1.5604149498360531e-06
109                                    2.3347944478266380e-05
110                                    2.0297335318747445e-06
111                                   -8.2969827845606747e-05
112                                    2.3466177159592316e-05
113                                   -1.0245819865889461e-05
   &Method [&Type "String"] "SCF"
   &Level [&Type "String"] "Relaxed density"
   &Mult [&Type "Integer"] 1
   &State [&Type "Integer"] 0
   &Irrep [&Type "Integer"] 0
$End
$Geometry
   &GeometryIndex 8
   &NAtoms [&Type "Integer"] 38
   &NCorelessECP [&Type "Integer"] 0
   &NGhostAtoms [&Type "Integer"] 0
   &CartesianCoordinates [&Type "Coordinates", &Dim(38,4), &Units "Bohr"] 
              C     10.331459319162   -3.939193409174    2.163427946246
              C      8.877749706107   -5.141594746557   -0.008495001552
              O      6.177636507417   -4.940932700078    0.367887880867
              C      5.082299169818   -2.784350973919   -0.396308171889
              O      6.222403141177   -1.036645020272   -1.393307185079
              C      2.342139848593   -2.742759379100    0.094608799094
              N      1.027598096118   -4.642340508838    1.315511216546
              C     -1.314923271037   -3.866967210522    1.398595872962
              N     -1.623679026203   -1.526325464499    0.269613988204
              C      0.731490950574   -0.795157776358   -0.568271165351
              C      1.053653522284    1.715703991557   -1.805443942602
              N      0.552732565782    3.774468446601   -0.016720426293
              C      2.613481480277    5.393108576612    0.870619663351
              C     -1.802351962718    4.250324173091    0.922157187680
              O     -2.212548378679    6.072265154195    2.303462663066
              C     -3.975316356808    2.524028742516    0.192064909785
              C     -3.899081684324   -0.135387916181   -0.042159153687
              C     -6.124242991908   -1.478467826902   -0.555092207673
              C     -8.423512943793   -0.241098922015   -0.812029991299
              C     -8.521974663825    2.395604929827   -0.563010519416
              C     -6.310320483567    3.737930412460   -0.051491658412
              N    -10.758910337009    3.847691290060   -0.794775553515
              N    -12.770193130580    2.728999316146   -1.224504557591
              N    -14.740925902729    1.944681420791   -1.617168965841
              H     12.362261605273   -4.265579667762    1.912845451144
              H      9.757911382260   -4.761414915745    3.973447584239
              H     10.003573557735   -1.899577697261    2.219699349206
              H      9.220862271166   -7.174873749387   -0.112234843673
              H      9.368455568922   -4.267063117625   -1.814191927095
              H     -2.875291440482   -4.848887702958    2.280407705206
              H      2.987719410851    1.871413775713   -2.485763828425
              H     -0.218949126354    1.885337660748   -3.437182483212
              H      4.404383416756    4.611617194461    0.213763855384
              H      2.390104032612    7.324326345282    0.157905636235
              H      2.615415349071    5.479596296257    2.935480186257
              H     -6.037046562794   -3.514580738498   -0.786694378785
              H    -10.120716248072   -1.321654525677   -1.220491641100
              H     -6.393346334380    5.767756224113    0.209885620650
$End
$SCF_Energy
   &GeometryIndex 8
   &Method [&Type "String"] "SCF"
   &totalEnergy [&Type "ArrayOfDoubles", &Dim (1,1)] "Total energy of each state"
                                                         0

0                                     -1.1335208853147710e+03
   &Mult [&Type "ArrayOfIntegers", &Dim (1,1)] "Multiplicity of each state"
                                                         0

0                                                        1
$End
$DFT_Energy
   &GeometryIndex 8
   &nAlphaEl [&Type "Integer"] 85
   &nBetaEl [&Type "Integer"] 85
   &nTotalEl [&Type "Integer"] 170
   &finalEn [&Type "Double"]      -1.1335208853147710e+03  "No Van der Waals correction"
   &eExchange [&Type "Double"]      -1.1699974471702910e+02
   &eCorr [&Type "Double"]      -6.9222327275846585e+00
   &eXC [&Type "Double"]      -1.2392197744461376e+02
   &eCNL [&Type "Double"]       0.0000000000000000e+00
$End
$SCF_Timings
   &GeometryIndex 8
   &TOTAL [&Type "Double"]       3.2542484000000002e+01
   &PREP [&Type "Double"]       6.5791400000000000e-01
   &FOCK [&Type "Double"]       3.0157458999999996e+01
   &DENS [&Type "Double"]       9.2388999999997168e-02
   &ETOT [&Type "Double"]       3.6580999999998198e-02
   &POP [&Type "Double"]       9.9999999747524271e-07
   &TRAFO [&Type "Double"]       8.0376000000000225e-02
   &DIIS [&Type "Double"]       2.5997599999999998e-01
   &SOSCF [&Type "Double"]       3.2646800000000642e-01
   &XC [&Type "Double"]       3.7278720000000032e+00
   &FOCKSTART [&Type "Double"]       1.2998999999992211e-02
   &INT_PREP [&Type "Double"]       7.0000000018666242e-06
   &INT_BF [&Type "Double"]       1.1434400000000275e+00
   &INT_DENS [&Type "Double"]       9.2116999999997251e-01
   &INT_DENSIO [&Type "Double"]       6.9315380179000145e+04
   &INT_FUNC [&Type "Double"]       1.3326500000003705e-01
   &INT_POT [&Type "Double"]       7.2705099999996481e-01
   &INT_POTIO [&Type "Double"]       3.4632000000043739e-02
   &INT_SUM [&Type "Double"]       1.1409999999987264e-03
   &SPLITRIJ [&Type "Double"]       3.7577610000000004e+00
   &COSX [&Type "Double"]       2.3935887999999998e+01
$End
$Single_Point_Data
   &GeometryIndex 8
   &FinalEnergy [&Type "Double"]      -1.1335208853147710e+03  "Final single point energy"
   &Converged [&Type "Boolean"] true
$End
$SCF_Nuc_Gradient
   &GeometryIndex 8
   &NAtoms [&Type "Integer"] 38
   &gradNorm [&Type "Double"]       3.2336106468081847e-03
   &grad [&Type "ArrayOfDoubles", &Dim (114,1)] 
                                                         0

0                                     -7.6228262246905848e-05
1                                      1.9767088055517440e-04
2                                      4.9028457269801456e-05
3                                     -1.3823438652671612e-04
4                                     -5.8353366776189852e-05
5                                      1.5258867636281509e-04
6                                      1.7600303814882534e-05
7                                      6.7933062169939218e-04
8                                     -4.0638901247344594e-04
9                                     -3.2016337741819223e-04
10                                    -3.1317488204482546e-04
11                                    -2.7607312153718477e-05
12                                    -2.1195229347792388e-05
13                                    -6.7219689613223776e-04
14                                     3.9047965747401880e-04
15                                    -1.0176486340468527e-05
16                                     8.7492757274966471e-05
17                                     4.2915757444354774e-05
18                                     3.0032769859678066e-04
19                                     4.8977720310483530e-05
20                                    -2.9639159342981225e-04
21                                    -1.3005872846821864e-04
22                                     5.8146238668866680e-04
23                                     1.6256850716497157e-04
24                                     4.2962933331235076e-04
25                                    -5.3400838993986760e-04
26                                    -1.7743929215136012e-04
27                                    -3.9062900048929261e-04
28                                    -5.4553094521903045e-05
29                                     3.6471386217751256e-04
30                                     5.0277844708503105e-04
31                                    -9.9947995285535815e-05
32                                     2.6586378230814001e-04
33                                    -4.2322611571084245e-04
34                                     7.4409640486020230e-04
35                                    -4.7916042063417263e-05
36                                     3.3256736312780449e-05
37                                    -1.9649994676285490e-04
38                                     1.1482968019869977e-04
39                                    -2.9179607630162169e-05
40                                     1.5627747191115926e-04
41                                    -1.5799606680080847e-04
42                                     5.3479109983751993e-04
43                                    -6.9162734467986819e-04
44                                    -4.4629905890858357e-04
45                                    -4.3901483670810704e-05
46                                     4.3270620483594480e-04
47                                     2.3892988890165251e-05
48                                     1.8560919797187825e-04
49                                    -2.4913264693302017e-04
50                                    -1.5272394736653289e-05
51                                    -1.1407654558389518e-04
52                                     7.0059923907461741e-05
53                                    -5.8089110046899428e-05
54                                     7.8493894108994100e-05
55                                     1.4663315333929283e-04
56                                    -5.3522306066935976e-05
57                                     2.5536788852961734e-04
58                                     8.4427924960939205e-07
59                                     1.0081352036110311e-04
60                                    -1.5999632996442636e-05
61                                    -1.6238703828426460e-04
62                                     6.9864805689328832e-05
63                                     6.6971383201830381e-05
64                                    -2.0288081847780193e-04
65                                     1.5856929308180612e-05
66                                     1.1634140852445629e-03
67                                     9.2592602138115432e-04
68                                     2.2176623604369672e-04
69                                    -1.2345516665648315e-03
70                                    -7.6716375892627031e-04
71                                    -2.4289164153623588e-04
72                                    -5.6190412558693170e-05
73                                    -3.2412915901433581e-05
74                                    -1.3665040774143988e-05
75                                     3.4851645266648079e-05
76                                     4.1611966204585515e-05
77                                    -1.0993067075659724e-04
78                                     4.7550790694298600e-05
79                                    -1.9584567298019939e-04
80                                     2.3287908440480266e-05
81                                     2.3593703261839960e-05
82                                     2.2142757167503690e-04
83                                     1.3773146969417449e-05
84                                    -9.0413184484369746e-05
85                                    -1.2617490910277196e-05
86                                    -7.0153475601464343e-06
87                                     3.1776547821632528e-05
88                                    -1.2241915562788419e-05
89                                    -3.3037568072546986e-05
90                                    -2.5808548294475875e-04
91                                    -3.0013098540143668e-05
92                                    -7.9158378698443443e-05
93                                    -5.2288046926265985e-05
94                                    -3.0156726194129069e-05
95                                     3.6330889393892951e-05
96                                    -1.5589858958547920e-04
97                                     2.8685283733970168e-04
98                                     1.1554028958776774e-05
99                                    -2.8553708110637746e-04
100                                   -1.6417318464176378e-04
101                                    1.5521625065081923e-04
102                                    2.1295837126047296e-04
103                                   -1.1254167147495622e-04
104                                   -2.0342124011085705e-05
105                                   -5.5147774042432762e-06
106                                   -1.7694643683119349e-05
107                                    4.2784024310814350e-05
108                                   -2.5896738806652220e-05
109                                   -4.3063394542422473e-05
110                                    1.0828408265488310e-05
111                                   -4.1526359626557763e-05
112                                    3.1316860046648465e-05
113                                   -7.5994525610391384e-05
   &Method [&Type "String"] "SCF"
   &Level [&Type "String"] "Relaxed density"
   &Mult [&Type "Integer"] 1
   &State [&Type "Integer"] 0
   &Irrep [&Type "Integer"] 0
$End
$Geometry
   &GeometryIndex 9
   &NAtoms [&Type "Integer"] 38
   &NCorelessECP [&Type "Integer"] 0
   &NGhostAtoms [&Type "Integer"] 0
   &CartesianCoordinates [&Type "Coordinates", &Dim(38,4), &Units "Bohr"] 
              C     10.342002868775   -3.969858814488    2.167451628683
              C      8.882711296565   -5.139299420879   -0.017864318016
              O      6.183296449905   -4.931787986092    0.373924800037
              C      5.085414550645   -2.776915443765   -0.393419355740
              O      6.222725716453   -1.028354314832   -1.394036231750
              C      2.344693928143   -2.737842971011    0.095372105308
              N      1.031043907510   -4.638103234708    1.315061821485
              C     -1.312206255271   -3.864528882466    1.397024133287
              N     -1.620355361918   -1.520179264272    0.275302363452
              C      0.734218238656   -0.788774771758   -0.564585888295
              C      1.054697591375    1.722391706972   -1.801358266913
              N      0.549318657917    3.778398621928   -0.011110219544
              C      2.608820021835    5.402971218470    0.868295057198
              C     -1.810458820631    4.261062059385    0.916128735472
              O     -2.224976295796    6.088793921813    2.289821000646
              C     -3.979427736335    2.527438757493    0.192916504433
              C     -3.897348422684   -0.132370118134   -0.037974166327
              C     -6.120512466119   -1.479522110228   -0.550663049568
              C     -8.421985719515   -0.247049817930   -0.809038781506
              C     -8.526316174160    2.389776535805   -0.562686146388
              C     -6.316978113875    3.736299853712   -0.052675096372
              N    -10.765695384271    3.837867704193   -0.795973137221
              N    -12.776241938718    2.714438738916   -1.222999946974
              N    -14.753972693016    1.949661846562   -1.612658796762
              H     12.372927065610   -4.290073035199    1.909161513479
              H      9.772415858254   -4.816932678661    3.967331429206
              H     10.012890626796   -1.930870160565    2.252762632000
              H      9.216871443321   -7.172539234845   -0.152043213882
              H      9.367693076868   -4.238882092932   -1.811765762980
              H     -2.875275119462   -4.843215977423    2.277737131308
              H      2.989634049745    1.880795535762   -2.479446641626
              H     -0.216220832789    1.889651388433   -3.434768164698
              H      4.405751107374    4.569643034236    0.295043492926
              H      2.438431695862    7.308483592340    0.073919935649
              H      2.549371664359    5.569944785488    2.926622560973
              H     -6.028253539408   -3.515479816673   -0.781716456794
              H    -10.116772835253   -1.331333735101   -1.217699660225
              H     -6.401932050058    5.766294561554    0.206654369674
$End
$SCF_Energy
   &GeometryIndex 9
   &Method [&Type "String"] "SCF"
   &totalEnergy [&Type "ArrayOfDoubles", &Dim (1,1)] "Total energy of each state"
                                                         0

0                                     -1.1335209504465188e+03
   &Mult [&Type "ArrayOfIntegers", &Dim (1,1)] "Multiplicity of each state"
                                                         0

0                                                        1
$End
$DFT_Energy
   &GeometryIndex 9
   &nAlphaEl [&Type "Integer"] 85
   &nBetaEl [&Type "Integer"] 85
   &nTotalEl [&Type "Integer"] 170
   &finalEn [&Type "Double"]      -1.1335209504465188e+03  "No Van der Waals correction"
   &eExchange [&Type "Double"]      -1.1699855987405910e+02
   &eCorr [&Type "Double"]      -6.9221447313724616e+00
   &eXC [&Type "Double"]      -1.2392070460543155e+02
   &eCNL [&Type "Double"]       0.0000000000000000e+00
$End
$SCF_Timings
   &GeometryIndex 9
   &TOTAL [&Type "Double"]       3.2475407999999995e+01
   &PREP [&Type "Double"]       6.1108299999999993e-01
   &FOCK [&Type "Double"]       3.0258113000000002e+01
   &DENS [&Type "Double"]       1.0323200000000199e-01
   &ETOT [&Type "Double"]       4.0095000000000880e-02
   &TRAFO [&Type "Double"]       8.6311000000002913e-02
   &DIIS [&Type "Double"]       3.2893400000000028e-01
   &SOSCF [&Type "Double"]       3.2513000000000236e-01
   &XC [&Type "Double"]       3.9156180000000012e+00
   &FOCKSTART [&Type "Double"]       1.2671999999996797e-02
   &INT_PREP [&Type "Double"]       5.9999999990623110e-06
   &INT_BF [&Type "Double"]       1.2268139999999779e+00
   &INT_DENS [&Type "Double"]       9.6671299999993643e-01
   &INT_DENSIO [&Type "Double"]       7.5269997579000163e+04
   &INT_FUNC [&Type "Double"]       1.4443100000000975e-01
   &INT_POT [&Type "Double"]       7.1483200000002434e-01
   &INT_POTIO [&Type "Double"]       3.7008000000020580e-02
   &INT_SUM [&Type "Double"]       7.2099999999242215e-04
   &SPLITRIJ [&Type "Double"]       3.9793370000000037e+00
   &COSX [&Type "Double"]       2.3356504000000001e+01
$End
$Single_Point_Data
   &GeometryIndex 9
   &FinalEnergy [&Type "Double"]      -1.1335209504465188e+03  "Final single point energy"
   &Converged [&Type "Boolean"] true
$End
$SCF_Nuc_Gradient
   &GeometryIndex 9
   &NAtoms [&Type "Integer"] 38
   &gradNorm [&Type "Double"]       2.7518441510744288e-03
   &grad [&Type "ArrayOfDoubles", &Dim (114,1)] 
                                                         0

0                                     -2.9624716487712532e-04
1                                     -3.4093295298021076e-08
2                                     -4.2304622809956338e-06
3                                      5.8548210301648251e-04
4                                     -2.6525860351730990e-04
5                                     -1.7923410305490176e-04
6                                     -8.1616471857490214e-05
7                                      6.1494652146015794e-04
8                                      4.1328644853455554e-05
9                                     -6.3715917996337579e-04
10                                    -4.9360068304651894e-04
11                                     2.9321135954872568e-04
12                                     1.3525290674765156e-04
13                                    -1.2402902600916477e-04
14                                     2.0229812803168601e-05
15                                    -2.1932300990758213e-04
16                                    -1.9374667384438465e-04
17                                    -1.0602461298240412e-04
18                                     5.9356469730509342e-04
19                                     3.7188966017498437e-04
20                                    -1.8424099852037967e-04
21                                    -1.2227205031789534e-04
22                                     1.0169137898705105e-04
23                                    -1.7050575757279751e-04
24                                     3.8515274274636413e-04
25                                    -4.3022306627123197e-04
26                                     2.6497774292454090e-04
27                                    -3.1880927404954323e-04
28                                     7.1899886522064360e-05
29                                     2.0194797907024942e-04
30                                     5.0821111300244914e-04
31                                    -4.7669599786557409e-05
32                                     2.6441805716519509e-04
33                                     5.0582138982943614e-05
34                                     3.4882545073387089e-04
35                                    -2.0904810045108135e-04
36                                     2.7331945293335158e-05
37                                    -1.3665754600142993e-04
38                                     1.7152936279997075e-04
39                                    -5.7789592578391495e-04
40                                     1.4398732063697350e-04
41                                    -8.4076820300760247e-04
42                                     4.6866394427236280e-04
43                                    -3.0671821556182977e-04
44                                     1.7073161630720701e-04
45                                    -1.0382406910031117e-04
46                                     4.5227354104122180e-04
47                                     2.1672187380069458e-04
48                                     3.4600042848041690e-04
49                                    -3.3892420345456309e-04
50                                     6.6667342898472925e-05
51                                    -3.1483485484341822e-04
52                                     9.0216841394111236e-05
53                                    -9.6086299862107802e-05
54                                     1.6077547579346207e-04
55                                     1.2217539508418973e-04
56                                    -6.7261159786453917e-06
57                                     2.6937661744153019e-04
58                                    -7.5340435171822318e-05
59                                     5.5316990661989640e-05
60                                    -1.0483370320925334e-04
61                                    -1.7751518689142209e-04
62                                     2.2677487824014284e-05
63                                    -2.0764429779493443e-04
64                                     5.4730492266841235e-04
65                                     3.3143149932080007e-05
66                                     3.6580073087688625e-04
67                                    -8.7098086821768561e-04
68                                    -5.7873797867424859e-05
69                                    -2.1798711759779543e-04
70                                     3.8199474500577590e-04
71                                     2.3082267718438354e-05
72                                    -1.5569097890438810e-05
73                                     2.3754046482769853e-05
74                                     2.7281538448796494e-05
75                                     4.5098118267264398e-05
76                                     3.7633487575572389e-05
77                                    -4.3609283183698722e-05
78                                     2.1654749056219252e-05
79                                    -7.0746973024671256e-05
80                                    -6.3866424079850326e-08
81                                    -3.7393098382659806e-05
82                                     1.0918766205111896e-04
83                                    -3.7122218762491305e-05
84                                    -2.0545795470081757e-04
85                                     3.3476046695124495e-05
86                                     9.6524879353798720e-05
87                                    -1.7585398679481612e-04
88                                     2.1786010407318090e-04
89                                    -9.3359175468182842e-05
90                                    -1.6918887904535107e-04
91                                    -4.1349312315672876e-05
92                                    -9.3034555910476158e-05
93                                    -7.3271924082282669e-05
94                                    -1.0179840008853538e-04
95                                     2.5045389012101626e-05
96                                    -5.4728276471738280e-05
97                                     2.4833470515771283e-04
98                                    -4.1247952630711626e-05
99                                    -3.2338670153367680e-04
100                                   -9.1027078877731205e-05
101                                    1.4404165977971450e-04
102                                    1.9460644466698634e-04
103                                   -1.1928607881380587e-04
104                                    2.5777868139287285e-05
105                                    8.2218358342000392e-05
106                                   -2.3357885962277392e-05
107                                    3.7460222696402562e-05
108                                   -1.4399011503407610e-05
109                                   -3.1061293680550994e-05
110                                    4.1292226176520286e-06
111                                    3.1923484496848564e-05
112                                    2.1873657963689119e-05
113                                   -4.3068936414210335e-05
   &Method [&Type "String"] "SCF"
   &Level [&Type "String"] "Relaxed density"
   &Mult [&Type "Integer"] 1
   &State [&Type "Integer"] 0
   &Irrep [&Type "Integer"] 0
$End
$Geometry
   &GeometryIndex 10
   &NAtoms [&Type "Integer"] 38
   &NCorelessECP [&Type "Integer"] 0
   &NGhostAtoms [&Type "Integer"] 0
   &CartesianCoordinates [&Type "Coordinates", &Dim(38,4), &Units "Bohr"] 
              C     10.354107071326   -4.028815943866    2.177492625621
              C      8.891295304828   -5.133182927456   -0.038771298453
              O      6.193237280075   -4.917029227519    0.368741852274
              C      5.092950666459   -2.761637352939   -0.395159937961
              O      6.226598013744   -1.008325007550   -1.394087109854
              C      2.351519672682   -2.726607290155    0.091835907173
              N      1.039617053495   -4.631149568335    1.306444207414
              C     -1.303502434610   -3.857946880218    1.396254351129
              N     -1.613127030408   -1.509021585280    0.282825794666
              C      0.739205999045   -0.775423725646   -0.560433154218
              C      1.056235231868    1.737801784342   -1.792438864840
              N      0.543163959408    3.784707221522    0.005107897319
              C      2.601606214952    5.419987113264    0.865165512679
              C     -1.825626783188    4.279886825995    0.906836780521
              O     -2.253039611018    6.124513867438    2.255786076008
              C     -3.986266264168    2.533258025424    0.193806911681
              C     -3.893807836412   -0.127172782125   -0.031924577544
              C     -6.113216159494   -1.482405098119   -0.541879523873
              C     -8.419150547927   -0.258975520570   -0.801245766502
              C     -8.533984476710    2.378165913019   -0.559889450192
              C     -6.328737804893    3.732791507551   -0.054089448366
              N    -10.778106443658    3.817294308475   -0.794455245547
              N    -12.788162948470    2.687932038455   -1.216144279817
              N    -14.776891032488    1.952460848460   -1.600282373231
              H     12.386111319537   -4.336019606020    1.911485000918
              H      9.785572809206   -4.925561980260    3.953614567717
              H     10.021208187849   -1.992778469697    2.319580967330
              H      9.212038888103   -7.164398917756   -0.230266728524
              H      9.376465778221   -4.184229803535   -1.807003131889
              H     -2.867296364223   -4.833792204692    2.278737759250
              H      2.992199785323    1.903163263299   -2.467375583875
              H     -0.211435091553    1.904431193279   -3.428734548971
              H      4.398904931178    4.475440841310    0.498210183998
              H      2.567109436729    7.248638605534   -0.111317130215
              H      2.403945784859    5.779412301920    2.888162221938
              H     -6.012990142467   -3.518051577117   -0.771832386088
              H    -10.109709478800   -1.350285996205   -1.208770996933
              H     -6.418042881706    5.762925786876    0.202060832890
$End
$SCF_Energy
   &GeometryIndex 10
   &Method [&Type "String"] "SCF"
   &totalEnergy [&Type "ArrayOfDoubles", &Dim (1,1)] "Total energy of each state"
                                                         0

0                                     -1.1335210568833515e+03
   &Mult [&Type "ArrayOfIntegers", &Dim (1,1)] "Multiplicity of each state"
                                                         0

0                                                        1
$End
$DFT_Energy
   &GeometryIndex 10
   &nAlphaEl [&Type "Integer"] 85
   &nBetaEl [&Type "Integer"] 85
   &nTotalEl [&Type "Integer"] 170
   &finalEn [&Type "Double"]      -1.1335210568833515e+03  "No Van der Waals correction"
   &eExchange [&Type "Double"]      -1.1699689378926490e+02
   &eCorr [&Type "Double"]      -6.9220464621638103e+00
   &eXC [&Type "Double"]      -1.2391894025142871e+02
   &eCNL [&Type "Double"]       0.0000000000000000e+00
$End
$SCF_Timings
   &GeometryIndex 10
   &TOTAL [&Type "Double"]       3.5934055000000001e+01
   &PREP [&Type "Double"]       6.2501699999999993e-01
   &FOCK [&Type "Double"]       3.3368451000000000e+01
   &DENS [&Type "Double"]       1.0804500000000061e-01
   &ETOT [&Type "Double"]       4.0058000000003702e-02
   &POP [&Type "Double"]       1.0000000045806701e-06
   &TRAFO [&Type "Double"]       9.6951999999996374e-02
   &DIIS [&Type "Double"]       3.4659599999999902e-01
   &SOSCF [&Type "Double"]       3.1786800000000337e-01
   &XC [&Type "Double"]       4.1766000000000041e+00
   &FOCKSTART [&Type "Double"]       1.4954000000000245e-02
   &INT_PREP [&Type "Double"]       7.0000000036429810e-06
   &INT_BF [&Type "Double"]       1.2362130000000935e+00
   &INT_DENS [&Type "Double"]       1.0010730000000363e+00
   &INT_DENSIO [&Type "Double"]       8.3927465499000144e+04
   &INT_FUNC [&Type "Double"]       1.4084400000014874e-01
   &INT_POT [&Type "Double"]       7.9864599999989583e-01
   &INT_POTIO [&Type "Double"]       3.6731000000038705e-02
   &INT_SUM [&Type "Double"]       8.7100000001072431e-04
   &SPLITRIJ [&Type "Double"]       4.1669609999999961e+00
   &COSX [&Type "Double"]       2.6340185000000005e+01
$End
$Single_Point_Data
   &GeometryIndex 10
   &FinalEnergy [&Type "Double"]      -1.1335210568833515e+03  "Final single point energy"
   &Converged [&Type "Boolean"] true
$End
$SCF_Nuc_Gradient
   &GeometryIndex 10
   &NAtoms [&Type "Integer"] 38
   &gradNorm [&Type "Double"]       5.6551417921952779e-03
   &grad [&Type "ArrayOfDoubles", &Dim (114,1)] 
                                                         0

0                                     -3.5309183275329670e-04
1                                     -3.0304990016676719e-04
2                                     -4.6865612962892350e-05
3                                      1.0623913133736979e-03
4                                     -4.9637904744444239e-04
5                                     -5.1983040743501172e-04
6                                     -1.1766587981183740e-04
7                                      6.2332214197138858e-04
8                                      5.4841336029776144e-04
9                                     -8.5858525499060701e-04
10                                    -9.2391805915650882e-04
11                                     7.6063894083602812e-04
12                                     2.8388472259238684e-04
13                                     6.0602907328410893e-04
14                                    -4.8192165986962743e-04
15                                    -1.4031068431077931e-04
16                                    -3.4529714711111631e-04
17                                    -1.1155443562725631e-04
18                                     7.1528091556727347e-04
19                                     4.0385169496820472e-04
20                                    -5.3257453151261958e-04
21                                    -1.7431800643244455e-04
22                                    -3.9514184729126656e-04
23                                     3.5810464861035785e-05
24                                     5.7567496141941454e-04
25                                    -3.2149576249627249e-04
26                                     4.6017326639389167e-04
27                                    -6.2370568948795502e-04
28                                     5.2579501330790590e-04
29                                     3.0985366410524184e-05
30                                     4.9398282892650774e-04
31                                    -1.6308872175241351e-05
32                                     3.6578414357294961e-04
33                                     6.4867827908807185e-04
34                                    -3.1229315054656995e-04
35                                    -4.4528223560576924e-04
36                                    -2.2432542899866736e-04
37                                     1.2765131478021524e-04
38                                     2.5726219715711818e-04
39                                    -1.1450887310570715e-03
40                                    -5.1034533463512055e-04
41                                    -1.4512692829922458e-03
42                                     4.7140385242071259e-04
43                                     3.9665695622081998e-04
44                                     7.2112559601633652e-04
45                                    -7.5995155188746111e-05
46                                     6.6291758369242670e-04
47                                     3.7753141773275503e-04
48                                     4.4955241322695849e-04
49                                    -4.2326328630910154e-04
50                                     3.0305052354349590e-05
51                                    -4.9701597590148805e-04
52                                     6.2723337022826953e-05
53                                    -8.9058801422431388e-05
54                                     1.9202161172973686e-04
55                                     6.1953966042901931e-05
56                                     5.7819293516545023e-05
57                                     2.3787952688850145e-04
58                                     7.8377812252429513e-05
59                                     2.0026394481051368e-05
60                                    -1.9495466828850505e-04
61                                    -1.6781969247331441e-04
62                                    -4.3467161357373801e-05
63                                    -4.8271604800262380e-04
64                                     1.3286262473444221e-03
65                                     5.0234617431130224e-05
66                                    -3.3889024913419385e-04
67                                    -3.1315192959171234e-03
68                                    -3.4671254722680456e-04
69                                     7.1353899542014876e-04
70                                     1.8003746928093034e-03
71                                     2.8910284199784586e-04
72                                     6.0803694260869179e-05
73                                     1.5371966580419311e-04
74                                     1.4529822728600109e-04
75                                     3.6769077977449882e-05
76                                     1.7741678279212247e-05
77                                     3.2204505894112279e-05
78                                    -5.3745158682429184e-05
79                                     7.7276151661115344e-05
80                                    -6.8580214349085733e-05
81                                    -1.0633931686171091e-04
82                                    -3.4321199923914580e-05
83                                    -1.2033098048099683e-04
84                                    -2.4449194799824880e-04
85                                     1.0442737491392351e-04
86                                     1.6049211508831207e-04
87                                    -3.4488579335623104e-04
88                                     4.7764244449535753e-04
89                                    -9.6836113483059205e-05
90                                    -1.1054209261995851e-04
91                                    -5.9913739458818810e-05
92                                    -2.0277954986643032e-04
93                                    -7.6461384320741788e-05
94                                    -2.1257737358000919e-04
95                                    -4.5356177031441458e-05
96                                     2.4073400385904442e-06
97                                     1.1996370226965980e-04
98                                    -5.1968346875264082e-05
99                                    -2.3436662854649931e-04
100                                    1.3034447367274438e-04
101                                    2.0448332148012560e-04
102                                    1.7600658792253643e-04
103                                   -7.4951844775017484e-05
104                                    9.8010992891528481e-05
105                                    1.4478818387641569e-04
106                                   -8.9470984555861666e-06
107                                    1.0287413391249500e-05
108                                    1.2230265196838674e-05
109                                   -2.3677446696512838e-05
110                                   -1.3013236428355279e-05
111                                    1.2020129364429671e-04
112                                    1.8249316450225095e-06
113                                    1.1411796222656617e-05
   &Method [&Type "String"] "SCF"
   &Level [&Type "String"] "Relaxed density"
   &Mult [&Type "Integer"] 1
   &State [&Type "Integer"] 0
   &Irrep [&Type "Integer"] 0
$End
$Geometry
   &GeometryIndex 11
   &NAtoms [&Type "Integer"] 38
   &NCorelessECP [&Type "Integer"] 0
   &NGhostAtoms [&Type "Integer"] 0
   &CartesianCoordinates [&Type "Coordinates", &Dim(38,4), &Units "Bohr"] 
              C     10.360171046299   -4.086221867603    2.186478507671
              C      8.898709611821   -5.124313246155   -0.062914636087
              O      6.201803082707   -4.903648177707    0.349352321774
              C      5.101659910524   -2.742797028956   -0.400403884029
              O      6.232714614755   -0.981184388815   -1.388454104333
              C      2.359194777179   -2.713446175382    0.085839158823
              N      1.050724017981   -4.622110900508    1.299358613931
              C     -1.293628768945   -3.854195248495    1.391742741849
              N     -1.606787690360   -1.499159004899    0.289163497472
              C      0.742819392176   -0.761653388907   -0.557115592662
              C      1.054618095128    1.756195890259   -1.779071337565
              N      0.536309489478    3.789634272957    0.031239443119
              C      2.599650153876    5.433142173249    0.858715379026
              C     -1.841516564788    4.298384777125    0.906197226886
              O     -2.287713366252    6.161746729196    2.224355984735
              C     -3.993163522904    2.537730672473    0.200354721427
              C     -3.891245307933   -0.122724296175   -0.024075038115
              C     -6.106271982665   -1.485809923312   -0.533038945008
              C     -8.416796532374   -0.271125785327   -0.792738202851
              C     -8.541637394781    2.366120583207   -0.553762897999
              C     -6.340524575380    3.728274607733   -0.049528476663
              N    -10.789645208587    3.796543673202   -0.789659864988
              N    -12.799074692855    2.664116400244   -1.210258680263
              N    -14.794396155720    1.947289990187   -1.593001039514
              H     12.393258182501   -4.382860464637    1.917515313308
              H      9.787269743440   -5.031894350238    3.935730185857
              H     10.025021576195   -2.054602017968    2.384895280118
              H      9.209304220459   -7.151543468487   -0.309739167992
              H      9.392643629197   -4.129338577495   -1.803167876440
              H     -2.854868189390   -4.833116314880    2.275251551723
              H      2.991793065306    1.930948740846   -2.450234804684
              H     -0.209488218743    1.927879195023   -3.417716457068
              H      4.369460381798    4.373118575388    0.767150211196
              H      2.751926849678    7.128179290263   -0.328976567664
              H      2.244828688897    6.043961001471    2.795697435170
              H     -5.999072921558   -3.520901262222   -0.764079776396
              H    -10.103138472629   -1.368822832852   -1.200569033167
              H     -6.434910906839    5.758202129300    0.205516723035
$End
$SCF_Energy
   &GeometryIndex 11
   &Method [&Type "String"] "SCF"
   &totalEnergy [&Type "ArrayOfDoubles", &Dim (1,1)] "Total energy of each state"
                                                         0

0                                     -1.1335211935068396e+03
   &Mult [&Type "ArrayOfIntegers", &Dim (1,1)] "Multiplicity of each state"
                                                         0

0                                                        1
$End
$DFT_Energy
   &GeometryIndex 11
   &nAlphaEl [&Type "Integer"] 85
   &nBetaEl [&Type "Integer"] 85
   &nTotalEl [&Type "Integer"] 170
   &finalEn [&Type "Double"]      -1.1335211935068396e+03  "No Van der Waals correction"
   &eExchange [&Type "Double"]      -1.1699548034106736e+02
   &eCorr [&Type "Double"]      -6.9219864831217359e+00
   &eXC [&Type "Double"]      -1.2391746682418911e+02
   &eCNL [&Type "Double"]       0.0000000000000000e+00
$End
$SCF_Timings
   &GeometryIndex 11
   &TOTAL [&Type "Double"]       3.8726278999999998e+01
   &PREP [&Type "Double"]       6.5289500000000000e-01
   &FOCK [&Type "Double"]       3.6510680000000001e+01
   &DENS [&Type "Double"]       1.2367799999998752e-01
   &ETOT [&Type "Double"]       5.6290000000005058e-02
   &POP [&Type "Double"]       9.9999999747524271e-07
   &TRAFO [&Type "Double"]       8.4359000000000073e-02
   &DIIS [&Type "Double"]       3.1612999999999936e-01
   &SOSCF [&Type "Double"]       4.7219200000000416e-01
   &XC [&Type "Double"]       4.6488350000000018e+00
   &FOCKSTART [&Type "Double"]       1.4901999999990090e-02
   &INT_PREP [&Type "Double"]       7.0000000018666242e-06
   &INT_BF [&Type "Double"]       1.4725250000000072e+00
   &INT_DENS [&Type "Double"]       1.1896620000000739e+00
   &INT_DENSIO [&Type "Double"]       1.1337786963900027e+05
   &INT_FUNC [&Type "Double"]       1.6937900000012007e-01
   &INT_POT [&Type "Double"]       8.8978699999982069e-01
   &INT_POTIO [&Type "Double"]       4.4780000000154807e-02
   &INT_SUM [&Type "Double"]       1.1130000000107998e-03
   &SPLITRIJ [&Type "Double"]       4.9073000000000029e+00
   &COSX [&Type "Double"]       2.7708558000000004e+01
$End
$Single_Point_Data
   &GeometryIndex 11
   &FinalEnergy [&Type "Double"]      -1.1335211935068396e+03  "Final single point energy"
   &Converged [&Type "Boolean"] true
$End
$SCF_Nuc_Gradient
   &GeometryIndex 11
   &NAtoms [&Type "Integer"] 38
   &gradNorm [&Type "Double"]       7.5855282860848418e-03
   &grad [&Type "ArrayOfDoubles", &Dim (114,1)] 
                                                         0

0                                     -1.4212691773710096e-04
1                                     -5.4191785474749093e-04
2                                     -6.2974470387860970e-05
3                                      8.9903449434667118e-04
4                                     -5.0926593887669000e-04
5                                     -6.6133570006579254e-04
6                                     -7.6556030626666327e-05
7                                      5.0920235873186392e-04
8                                      8.1405777456688977e-04
9                                     -6.2074410510251643e-04
10                                    -1.1144984729126728e-03
11                                     9.3976258684286273e-04
12                                     2.7890537705665963e-04
13                                     1.0770507798594231e-03
14                                    -7.5459764553964526e-04
15                                     7.3432284153573946e-05
16                                    -4.8543210958880423e-04
17                                    -4.9915761934402059e-04
18                                     5.4097305853503808e-04
19                                     5.3085775228567389e-04
20                                    -5.8083267989131326e-05
21                                    -2.5789647241869496e-04
22                                    -1.1174161211563900e-03
23                                    -2.0787596347222881e-04
24                                     7.4786898121867451e-04
25                                     1.6669771184694288e-04
26                                     6.4632708464907110e-04
27                                    -9.3272929592352893e-04
28                                     8.7011899087194311e-04
29                                    -1.0212215877694608e-04
30                                     2.5112669043016525e-04
31                                     1.0664119553891599e-06
32                                     4.5538309302971952e-04
33                                     1.2363726300216038e-03
34                                    -1.2569418829926158e-03
35                                    -4.0650638899759894e-04
36                                    -6.6390157633370792e-04
37                                     4.2786440724359304e-04
38                                     2.0075808131062717e-04
39                                    -1.3346205760032537e-03
40                                    -1.2199023792230923e-03
41                                    -1.5768806882240916e-03
42                                     4.0721035997175192e-04
43                                     1.1041962891694124e-03
44                                     9.1457604692601890e-04
45                                     3.4516339100509885e-06
46                                     7.0920132154201482e-04
47                                     4.4392682491010624e-04
48                                     3.4032885875774632e-04
49                                    -3.0712797549942855e-04
50                                     2.0287658413428722e-06
51                                    -3.9320243279473283e-04
52                                    -2.8471298493745745e-05
53                                    -3.9374894158427862e-05
54                                     1.3772591429105085e-04
55                                    -3.2008522668602879e-05
56                                     9.0939133372970604e-05
57                                     1.9954436598218495e-05
58                                     3.7172513688699116e-04
59                                    -5.6552992223346532e-06
60                                    -2.0350007044660223e-04
61                                    -8.2650325825939230e-05
62                                    -1.0089817963063359e-04
63                                    -4.8754937202027948e-04
64                                     1.5472545527871473e-03
65                                     5.6162041184686096e-05
66                                    -6.7150812648630875e-04
67                                    -4.3499855864049114e-03
68                                    -4.9205949015877770e-04
69                                     1.1261658117969198e-03
70                                     2.5938737053725069e-03
71                                     4.1627725045306763e-04
72                                     9.4577158895464697e-05
73                                     2.6305694379320788e-04
74                                     2.5456890071569316e-04
75                                     6.7529425404541654e-06
76                                    -8.1247587068455918e-06
77                                     7.8689586593017058e-05
78                                    -1.3791677874771049e-04
79                                     1.8767994581889158e-04
80                                    -1.3167773683497169e-04
81                                    -1.4919095195526505e-04
82                                    -1.4228852386788393e-04
83                                    -1.8379310152808609e-04
84                                    -1.3375225859185713e-04
85                                     1.2746626131426853e-04
86                                     1.6923030052873322e-04
87                                    -3.5831605982444836e-04
88                                     5.1252179026720079e-04
89                                    -7.9734090275854208e-05
90                                    -7.0167685955857539e-05
91                                    -5.2199713925865643e-05
92                                    -3.4003045902197826e-04
93                                    -1.3126469993601786e-05
94                                    -2.4321695024059724e-04
95                                    -1.1699829115571769e-04
96                                    -8.2229033301683963e-05
97                                    -1.1517835514451846e-04
98                                    -8.2124887661121082e-05
99                                     6.3605700427887130e-05
100                                    5.4893488646934330e-04
101                                    3.5847198949461034e-04
102                                    1.6495251039474676e-04
103                                    8.1167066621097572e-05
104                                    4.9783139977277457e-05
105                                    1.2686739583487976e-04
106                                    5.6975831793371068e-06
107                                   -2.4369067273787015e-05
108                                    3.2983513268969311e-05
109                                   -1.4424084932573855e-05
110                                   -2.7887737790784073e-05
111                                    1.7674436964539367e-04
112                                   -1.4582872994578500e-05
113                                    6.3194574191863251e-05
   &Method [&Type "String"] "SCF"
   &Level [&Type "String"] "Relaxed density"
   &Mult [&Type "Integer"] 1
   &State [&Type "Integer"] 0
   &Irrep [&Type "Integer"] 0
$End
$Geometry
   &GeometryIndex 12
   &NAtoms [&Type "Integer"] 38
   &NCorelessECP [&Type "Integer"] 0
   &NGhostAtoms [&Type "Integer"] 0
   &CartesianCoordinates [&Type "Coordinates", &Dim(38,4), &Units "Bohr"] 
              C     10.360651588921   -4.134275276405    2.188414532194
              C      8.903035069790   -5.114611730535   -0.090312186098
              O      6.206982099711   -4.893561516366    0.315134757221
              C      5.111027048044   -2.719659748508   -0.405531952249
              O      6.242186343192   -0.945112706267   -1.368650049491
              C      2.367003581044   -2.696853291652    0.081860580663
              N      1.060680282659   -4.614375653507    1.287473675173
              C     -1.283758991337   -3.850346063061    1.387075740399
              N     -1.603327246064   -1.490633500230    0.292211625020
              C      0.744721552001   -0.747077405191   -0.553169450668
              C      1.050583067480    1.778670744528   -1.758533993603
              N      0.527869523675    3.795196315184    0.068852004346
              C      2.607179723556    5.436336139966    0.851004896675
              C     -1.859295474669    4.317148959135    0.917581517755
              O     -2.333502226064    6.195251280090    2.204814299605
              C     -4.000605911773    2.540978240414    0.210585305767
              C     -3.891019809775   -0.118577420149   -0.017731001354
              C     -6.101222521926   -1.488826542468   -0.527869574098
              C     -8.416442121218   -0.282367422578   -0.786714218891
              C     -8.550127875773    2.354584553473   -0.546412375530
              C     -6.352919291837    3.723101839136   -0.040174799703
              N    -10.801154584824    3.777770319894   -0.781867370192
              N    -12.809309682393    2.644841320918   -1.205282442533
              N    -14.803536963274    1.926074923935   -1.590523045648
              H     12.393922251191   -4.428515559300    1.919309739828
              H      9.778614281263   -5.119215466465    3.912988932191
              H     10.028729220466   -2.106787273941    2.433789936683
              H      9.208268382724   -7.137251297176   -0.381634060649
              H      9.412695379524   -4.083810320360   -1.805476093748
              H     -2.838791843076   -4.838855235038    2.270901376962
              H      2.991401906802    1.965148631902   -2.419318935900
              H     -0.205796741716    1.962708777764   -3.401625806709
              H      4.299675276422    4.279880225229    1.122394550161
              H      3.010265696761    6.905276289061   -0.560853028760
              H      2.086302392688    6.364027410031    2.613771853327
              H     -5.988475685718   -3.523130243511   -0.762240149198
              H    -10.098925209560   -1.385340224875   -1.195979970303
              H     -6.453582430227    5.752187908026    0.217783094990
$End
$SCF_Energy
   &GeometryIndex 12
   &Method [&Type "String"] "SCF"
   &totalEnergy [&Type "ArrayOfDoubles", &Dim (1,1)] "Total energy of each state"
                                                         0

0                                     -1.1335213585528252e+03
   &Mult [&Type "ArrayOfIntegers", &Dim (1,1)] "Multiplicity of each state"
                                                         0

0                                                        1
$End
$DFT_Energy
   &GeometryIndex 12
   &nAlphaEl [&Type "Integer"] 85
   &nBetaEl [&Type "Integer"] 85
   &nTotalEl [&Type "Integer"] 170
   &finalEn [&Type "Double"]      -1.1335213585528252e+03  "No Van der Waals correction"
   &eExchange [&Type "Double"]      -1.1699391524621383e+02
   &eCorr [&Type "Double"]      -6.9219212202423606e+00
   &eXC [&Type "Double"]      -1.2391583646645620e+02
   &eCNL [&Type "Double"]       0.0000000000000000e+00
$End
$SCF_Timings
   &GeometryIndex 12
   &TOTAL [&Type "Double"]       3.7784029000000004e+01
   &PREP [&Type "Double"]       6.5479299999999996e-01
   &FOCK [&Type "Double"]       3.5240381000000014e+01
   &DENS [&Type "Double"]       1.1556900000000070e-01
   &ETOT [&Type "Double"]       4.3831999999993876e-02
   &POP [&Type "Double"]       1.0000000045806701e-06
   &TRAFO [&Type "Double"]       8.6485000000005030e-02
   &DIIS [&Type "Double"]       3.2695600000000091e-01
   &SOSCF [&Type "Double"]       3.6827399999999511e-01
   &XC [&Type "Double"]       4.2782920000000049e+00
   &FOCKSTART [&Type "Double"]       1.2936000000003944e-02
   &INT_PREP [&Type "Double"]       8.0000000055591158e-06
   &INT_BF [&Type "Double"]       1.2276620000000280e+00
   &INT_DENS [&Type "Double"]       1.0056010000000812e+00
   &INT_DENSIO [&Type "Double"]       9.3492135951000164e+04
   &INT_FUNC [&Type "Double"]       1.4636000000003158e-01
   &INT_POT [&Type "Double"]       8.2139799999995589e-01
   &INT_POTIO [&Type "Double"]       3.8408000000026199e-02
   &INT_SUM [&Type "Double"]       9.3899999999891293e-04
   &SPLITRIJ [&Type "Double"]       4.7161269999999984e+00
   &COSX [&Type "Double"]       2.7487500999999988e+01
$End
$Single_Point_Data
   &GeometryIndex 12
   &FinalEnergy [&Type "Double"]      -1.1335213585528252e+03  "Final single point energy"
   &Converged [&Type "Boolean"] true
$End
$SCF_Nuc_Gradient
   &GeometryIndex 12
   &NAtoms [&Type "Integer"] 38
   &gradNorm [&Type "Double"]       7.7064913720631357e-03
   &grad [&Type "ArrayOfDoubles", &Dim (114,1)] 
                                                         0

0                                      2.7751084538381668e-04
1                                     -6.7922793225574235e-04
2                                     -5.3604978588910057e-05
3                                      1.2756529732366531e-04
4                                     -2.6421449725621236e-04
5                                     -5.2947102954611913e-04
6                                      9.0859759691627739e-05
7                                      6.5648328208378626e-05
8                                      8.4140693940790157e-04
9                                      9.6220954165365802e-05
10                                    -7.8549840478150945e-04
11                                     6.2968667122456634e-04
12                                     1.0416373357741149e-04
13                                     1.2649791698055024e-03
14                                    -7.2803211639069221e-04
15                                     4.5341715013028083e-04
16                                    -1.5698819706923273e-04
17                                    -3.7268429500457445e-04
18                                    -2.5631532193634565e-04
19                                     6.6991958381057426e-05
20                                    -8.4245399424587308e-07
21                                    -3.7444873674685741e-05
22                                    -1.3881244266509551e-03
23                                     1.1593721305700605e-04
24                                     4.9314543918467513e-04
25                                     8.4781725675844161e-04
26                                     3.1849498840241883e-04
27                                    -9.3723951650794349e-04
28                                     8.2524808547054795e-04
29                                    -1.9384322052444503e-04
30                                    -3.1538232843730807e-04
31                                     1.5796860649212180e-04
32                                     2.8947826154798045e-04
33                                     1.7520316356542803e-03
34                                    -2.3926629431856791e-03
35                                     5.7541298843276356e-04
36                                    -7.9528850553553521e-04
37                                     6.5911382661192411e-04
38                                    -3.5426217545285812e-04
39                                    -1.1916980643074601e-03
40                                    -1.4204822604401146e-03
41                                    -1.0842285646283645e-03
42                                    -1.8704396656005207e-04
43                                     1.6494603325287183e-03
44                                     7.3176331724361665e-04
45                                     2.0944990441185141e-04
46                                     3.0584545271152702e-04
47                                     3.9614611197643507e-04
48                                    -4.2779956953092890e-05
49                                     2.3497917323658801e-05
50                                    -1.5317354026123629e-04
51                                     1.8594337201423283e-05
52                                    -1.5413442193680515e-04
53                                     6.8697402308371888e-05
54                                     6.1062168613124079e-06
55                                    -1.6532708674473623e-04
56                                     9.8485112249267759e-05
57                                    -4.1885420616123714e-04
58                                     6.5349953305286063e-04
59                                    -7.0902665229521933e-05
60                                    -1.1225955928862580e-04
61                                     1.0117323362995867e-04
62                                    -1.0011605036687118e-04
63                                    -1.9165752806568626e-04
64                                     1.0872678465885244e-03
65                                     6.1673867495878887e-05
66                                    -8.0307024756154366e-04
67                                    -4.0854348446564270e-03
68                                    -4.8751593119254755e-04
69                                     1.1236727079007025e-03
70                                     2.5387094627302154e-03
71                                     4.0834738366385404e-04
72                                     9.5661468043017894e-05
73                                     3.0183369732950105e-04
74                                     2.8408928095858405e-04
75                                    -5.2782807429707645e-05
76                                    -3.6783039703114362e-05
77                                     1.1562614307253360e-04
78                                    -2.0211419195197144e-04
79                                     2.7677176583992824e-04
80                                    -1.4377406001809395e-04
81                                    -1.2775194136330215e-04
82                                    -2.5262934924621949e-04
83                                    -2.1186982408130314e-04
84                                     1.2946672431444345e-04
85                                     1.0011673754181660e-04
86                                     1.0400628770498854e-04
87                                    -1.6188808726522175e-04
88                                     2.9512125992156579e-04
89                                     4.7234373736035340e-05
90                                     7.3490668544506921e-05
91                                     2.6417043036967153e-05
92                                    -4.2514584128582056e-04
93                                     1.4788369941903801e-04
94                                    -1.0553987541121745e-04
95                                    -1.9957662774591767e-04
96                                    -2.2042800096058746e-04
97                                    -6.2430745220562467e-04
98                                    -1.4666436299486801e-04
99                                     6.3585276339842012e-04
100                                    1.0899062790885039e-03
101                                    5.2341276685338722e-04
102                                   -2.3058667638103936e-05
103                                    1.6474320602097303e-04
104                                   -3.7364799616837474e-04
105                                    3.2149252899207198e-06
106                                    2.4558912536276623e-05
107                                   -6.6925574141847577e-05
108                                    4.3442960051542912e-05
109                                    1.5628815460619339e-05
110                                   -3.0588210535816007e-05
111                                    1.9530649224945226e-04
112                                   -3.0963808736406140e-05
113                                    1.1697046863233182e-04
   &Method [&Type "String"] "SCF"
   &Level [&Type "String"] "Relaxed density"
   &Mult [&Type "Integer"] 1
   &State [&Type "Integer"] 0
   &Irrep [&Type "Integer"] 0
$End
$Geometry
   &GeometryIndex 13
   &NAtoms [&Type "Integer"] 38
   &NCorelessECP [&Type "Integer"] 0
   &NGhostAtoms [&Type "Integer"] 0
   &CartesianCoordinates [&Type "Coordinates", &Dim(38,4), &Units "Bohr"] 
              C     10.353098450938   -4.094100519161    2.171019371340
              C      8.894444560187   -5.120544320901   -0.087622440693
              O      6.198517180421   -4.904978389108    0.302235775274
              C      5.107958255759   -2.723998722906   -0.406857226417
              O      6.242829632442   -0.949238871497   -1.361630700291
              C      2.364030100377   -2.699203864105    0.085607957442
              N      1.056943886325   -4.617058546027    1.292522140390
              C     -1.288302019652   -3.855947564252    1.385250646487
              N     -1.609718341762   -1.497695993224    0.287430559629
              C      0.740668360645   -0.751919944876   -0.551243634710
              C      1.046327330014    1.777807018954   -1.748849229050
              N      0.526747985335    3.794329569920    0.081078891807
              C      2.619746812287    5.420596806712    0.853199942306
              C     -1.856099217123    4.308106579551    0.944883509326
              O     -2.336136556105    6.173327557096    2.246074209876
              C     -3.999078441849    2.536485752526    0.220270688397
              C     -3.895342206269   -0.121560321362   -0.019540237753
              C     -6.106067120101   -1.487165643565   -0.537346815388
              C     -8.419426126108   -0.276152802626   -0.795541426347
              C     -8.547808082443    2.360018620046   -0.545791556799
              C     -6.349341651065    3.723333472773   -0.029396243135
              N    -10.795690742301    3.788775319713   -0.780367706863
              N    -12.802522813253    2.661899334348   -1.215283413048
              N    -14.782497082601    1.907569761624   -1.611751094622
              H     12.384260904460   -4.404382980948    1.904488427696
              H      9.768631881155   -5.042603067814    3.915128949127
              H     10.029991934432   -2.061250329817    2.375883622433
              H      9.209489399261   -7.147304907409   -0.336419824421
              H      9.408775871421   -4.126083034350   -1.823539342681
              H     -2.839113126414   -4.854170139553    2.265735463106
              H      2.989632227775    1.965593164803   -2.402633621252
              H     -0.206380765910    1.970078516481   -3.393418025662
              H      4.295189334292    4.250186074350    1.172064198529
              H      3.057708261041    6.842195341488   -0.594311314255
              H      2.089799132152    6.399238666001    2.586254439874
              H     -5.997766870516   -3.520982217231   -0.777759417826
              H    -10.103476260924   -1.374516347541   -1.210395789458
              H     -6.450024019635    5.751316952994    0.236618181265
$End
$SCF_Energy
   &GeometryIndex 13
   &Method [&Type "String"] "SCF"
   &totalEnergy [&Type "ArrayOfDoubles", &Dim (1,1)] "Total energy of each state"
                                                         0

0                                     -1.1335215073569243e+03
   &Mult [&Type "ArrayOfIntegers", &Dim (1,1)] "Multiplicity of each state"
                                                         0

0                                                        1
$End
$DFT_Energy
   &GeometryIndex 13
   &nAlphaEl [&Type "Integer"] 85
   &nBetaEl [&Type "Integer"] 85
   &nTotalEl [&Type "Integer"] 170
   &finalEn [&Type "Double"]      -1.1335215073569243e+03  "No Van der Waals correction"
   &eExchange [&Type "Double"]      -1.1699425418535591e+02
   &eCorr [&Type "Double"]      -6.9219483560077695e+00
   &eXC [&Type "Double"]      -1.2391620254136369e+02
   &eCNL [&Type "Double"]       0.0000000000000000e+00
$End
$SCF_Timings
   &GeometryIndex 13
   &TOTAL [&Type "Double"]       3.1596551999999999e+01
   &PREP [&Type "Double"]       6.5767399999999998e-01
   &FOCK [&Type "Double"]       2.9300682999999996e+01
   &DENS [&Type "Double"]       9.4616000000002032e-02
   &ETOT [&Type "Double"]       3.6758000000000735e-02
   &POP [&Type "Double"]       1.0000000045806701e-06
   &TRAFO [&Type "Double"]       8.3956999999998061e-02
   &DIIS [&Type "Double"]       3.3199700000000121e-01
   &SOSCF [&Type "Double"]       2.8643100000000921e-01
   &XC [&Type "Double"]       3.5214880000000033e+00
   &FOCKSTART [&Type "Double"]       1.4515000000002498e-02
   &INT_PREP [&Type "Double"]       5.9999999955095973e-06
   &INT_BF [&Type "Double"]       1.0747899999999548e+00
   &INT_DENS [&Type "Double"]       8.7216600000001598e-01
   &INT_DENSIO [&Type "Double"]       6.7311133709000118e+04
   &INT_FUNC [&Type "Double"]       1.2393299999986862e-01
   &INT_POT [&Type "Double"]       6.9804500000001379e-01
   &INT_POTIO [&Type "Double"]       3.1691000000164671e-02
   &INT_SUM [&Type "Double"]       8.0799999999570105e-04
   &SPLITRIJ [&Type "Double"]       3.6937130000000060e+00
   &COSX [&Type "Double"]       2.3232689000000004e+01
$End
$Single_Point_Data
   &GeometryIndex 13
   &FinalEnergy [&Type "Double"]      -1.1335215073569243e+03  "Final single point energy"
   &Converged [&Type "Boolean"] true
$End
$SCF_Nuc_Gradient
   &GeometryIndex 13
   &NAtoms [&Type "Integer"] 38
   &gradNorm [&Type "Double"]       4.4928276743709406e-03
   &grad [&Type "ArrayOfDoubles", &Dim (114,1)] 
                                                         0

0                                      5.4160994325677669e-04
1                                     -4.4144493175257704e-04
2                                      2.9431920610709095e-05
3                                     -8.6183256932263058e-04
4                                      9.3781836829020387e-05
5                                     -1.0415941849536980e-04
6                                      3.1359580270712284e-04
7                                     -3.6426956171373148e-04
8                                      4.1772842012477440e-04
9                                      8.3210795655591641e-04
10                                     1.1479809654790785e-04
11                                    -1.4008310820440295e-04
12                                    -2.5499953524726893e-04
13                                     5.0966380549100077e-04
14                                    -2.8195966373392722e-04
15                                     5.1457255611866981e-04
16                                     1.1713284993548900e-04
17                                    -4.8856804248282107e-04
18                                    -7.7421574193059506e-04
19                                    -1.5594340897218117e-04
20                                     6.7498871613452804e-04
21                                     7.1340780329998132e-05
22                                    -1.0428195610625458e-03
23                                    -5.2614498428388279e-05
24                                     2.6512830995736869e-05
25                                     1.1206630153853606e-03
26                                    -1.0982614937372903e-04
27                                    -3.3746545314067289e-04
28                                     1.8720891497553405e-04
29                                    -1.0041904628826925e-04
30                                    -6.1008801981303484e-04
31                                    -8.9095227244801942e-05
32                                     3.3266818681628244e-04
33                                     1.3442660441925769e-03
34                                    -1.2762722804005727e-03
35                                     5.4429827423819327e-04
36                                    -3.8836116687682512e-04
37                                     2.5849216875086650e-04
38                                    -7.7805348626314164e-04
39                                    -4.5855475443080246e-04
40                                    -5.2853235592920100e-04
41                                    -4.5245658074843931e-05
42                                    -7.2863395902478256e-04
43                                     9.5263692255775911e-04
44                                     1.8771454728006010e-04
45                                     2.9924853999224732e-04
46                                    -1.2555398390866335e-04
47                                     1.0893295185947227e-04
48                                    -3.4819146478481944e-04
49                                     3.2571601445396947e-04
50                                    -2.0946054868235808e-04
51                                     4.1958709606590081e-04
52                                    -1.9152679006155526e-04
53                                     1.4484826421537998e-04
54                                    -1.1126212382980838e-04
55                                    -2.1436269590536378e-04
56                                     4.3977381751561517e-05
57                                    -6.1442193258894051e-04
58                                     6.2664128934807051e-04
59                                    -7.2482857104190154e-05
60                                    -3.9382957307224076e-05
61                                     2.0644401763847409e-04
62                                    -3.4452308210086713e-05
63                                     2.3243500484365631e-04
64                                    -4.9639053967598379e-05
65                                     3.0111934367166304e-05
66                                    -2.6473606898425039e-04
67                                    -1.4032335105894217e-03
68                                    -1.8319934770806567e-04
69                                     2.6818686560625693e-04
70                                     9.6759354144049237e-04
71                                     1.3750079616572930e-04
72                                     3.9480234644173606e-05
73                                     1.7751050286239980e-04
74                                     1.3307910067502857e-04
75                                    -8.7776185846002996e-05
76                                    -2.7891135749191776e-05
77                                     8.1344187109366750e-05
78                                    -1.4425212970123683e-04
79                                     1.8533956570357391e-04
80                                    -6.3434657324962923e-05
81                                    -2.3116385975546772e-07
82                                    -2.0913323550653118e-04
83                                    -1.2583384283577220e-04
84                                     3.2445117295940712e-04
85                                     2.2629354680267499e-05
86                                    -1.8155519321216840e-05
87                                     1.4378290755501233e-04
88                                    -1.2978115728677631e-04
89                                     1.1829658659887055e-04
90                                     1.9787526901821062e-04
91                                     1.0197106448858045e-04
92                                    -1.5732869715252840e-04
93                                     1.7639155027632247e-04
94                                     8.8634808931314923e-05
95                                    -1.4761197784790570e-04
96                                     1.6991511671837767e-06
97                                    -5.9284817186781857e-04
98                                    -2.4337768307571353e-04
99                                     3.2499444836318198e-04
100                                    5.0277640713990157e-04
101                                    4.8769802569301191e-04
102                                   -4.3826587089117186e-05
103                                    2.4871198824649721e-04
104                                   -1.1095743727412843e-04
105                                   -1.3523734077143176e-04
106                                    3.8436264166052947e-05
107                                   -7.2715544256370113e-05
108                                    2.3173415618527038e-05
109                                    3.3203694936034811e-05
110                                   -1.8029167959732195e-05
111                                    1.0815749156846757e-04
112                                   -3.7638877239898338e-05
113                                    8.5349415855862087e-05
   &Method [&Type "String"] "SCF"
   &Level [&Type "String"] "Relaxed density"
   &Mult [&Type "Integer"] 1
   &State [&Type "Integer"] 0
   &Irrep [&Type "Integer"] 0
$End
$Geometry
   &GeometryIndex 14
   &NAtoms [&Type "Integer"] 38
   &NCorelessECP [&Type "Integer"] 0
   &NGhostAtoms [&Type "Integer"] 0
   &CartesianCoordinates [&Type "Coordinates", &Dim(38,4), &Units "Bohr"] 
              C     10.341127940891   -4.036194689551    2.151657181428
              C      8.885407731476   -5.122908241154   -0.080275497696
              O      6.189004527753   -4.917916180371    0.300713252719
              C      5.100163144457   -2.735204768882   -0.402640345124
              O      6.241472823652   -0.959098477580   -1.345163732588
              C      2.357045787738   -2.709032777917    0.085889941886
              N      1.047306536673   -4.630699252335    1.282257593730
              C     -1.297142656024   -3.865899287628    1.376097364126
              N     -1.616140257732   -1.509105705877    0.278822947026
              C      0.736000645083   -0.762061016963   -0.553326206831
              C      1.044761151884    1.769981575669   -1.747204243362
              N      0.528821543405    3.787759174948    0.084395607386
              C      2.631710691013    5.398948700649    0.858746576584
              C     -1.845400108458    4.290684732946    0.968463525119
              O     -2.317358734518    6.135483791307    2.298514204971
              C     -3.994075025039    2.529936480600    0.229262860103
              C     -3.898263488427   -0.127014305561   -0.023547226804
              C     -6.111660958391   -1.484454759570   -0.550088045237
              C     -8.421167941528   -0.265757704913   -0.805303686803
              C     -8.541348411371    2.369030193747   -0.542469386430
              C     -6.340577044799    3.724272892188   -0.016623600514
              N    -10.786356601127    3.805165033579   -0.772776127775
              N    -12.791463165358    2.682366800659   -1.217287017381
              N    -14.759420772421    1.899281836258   -1.622909600309
              H     12.371502982752   -4.354915948679    1.889210427336
              H      9.759291491292   -4.942702272475    3.918544388173
              H     10.018747451838   -1.999724857749    2.307286547536
              H      9.216043127882   -7.151867551003   -0.281158087935
              H      9.393754304620   -4.166821923707   -1.839372671368
              H     -2.848138839113   -4.869479509062    2.250159105118
              H      2.988284722598    1.956228760630   -2.398844578198
              H     -0.207881219963    1.966646511420   -3.391116677555
              H      4.286616548164    4.219453916509    1.241825932197
              H      3.114624514959    6.768649013710   -0.623559482779
              H      2.080796218548    6.430734277469    2.553819535463
              H     -6.009279031456   -3.517873246980   -0.797218960850
              H    -10.108313637379   -1.357351422284   -1.225583203510
              H     -6.438495936881    5.751460189059    0.256849301780
$End
$SCF_Energy
   &GeometryIndex 14
   &Method [&Type "String"] "SCF"
   &totalEnergy [&Type "ArrayOfDoubles", &Dim (1,1)] "Total energy of each state"
                                                         0

0                                     -1.1335215810424145e+03
   &Mult [&Type "ArrayOfIntegers", &Dim (1,1)] "Multiplicity of each state"
                                                         0

0                                                        1
$End
$DFT_Energy
   &GeometryIndex 14
   &nAlphaEl [&Type "Integer"] 85
   &nBetaEl [&Type "Integer"] 85
   &nTotalEl [&Type "Integer"] 170
   &finalEn [&Type "Double"]      -1.1335215810424145e+03  "No Van der Waals correction"
   &eExchange [&Type "Double"]      -1.1699767267653155e+02
   &eCorr [&Type "Double"]      -6.9222583861243461e+00
   &eXC [&Type "Double"]      -1.2391993106265589e+02
   &eCNL [&Type "Double"]       0.0000000000000000e+00
$End
$SCF_Timings
   &GeometryIndex 14
   &TOTAL [&Type "Double"]       2.5834340000000001e+01
   &PREP [&Type "Double"]       6.8879999999999997e-01
   &FOCK [&Type "Double"]       2.3253668000000001e+01
   &DENS [&Type "Double"]       6.4357000000001108e-02
   &ETOT [&Type "Double"]       2.4634000000002487e-02
   &POP [&Type "Double"]       1.0000000010279564e-06
   &TRAFO [&Type "Double"]       7.9127999999999865e-02
   &DIIS [&Type "Double"]       3.4021000000000079e-01
   &SOSCF [&Type "Double"]       1.2226000000000248e-01
   &XC [&Type "Double"]       2.5761339999999997e+00
   &FOCKSTART [&Type "Double"]       1.2404000000002302e-02
   &INT_PREP [&Type "Double"]       6.0000000008386678e-06
   &INT_BF [&Type "Double"]       6.9122999999996182e-01
   &INT_DENS [&Type "Double"]       5.8537899999999965e-01
   &INT_DENSIO [&Type "Double"]       3.4207509363000063e+04
   &INT_FUNC [&Type "Double"]       8.2733999999918595e-02
   &INT_POT [&Type "Double"]       5.7054600000000377e-01
   &INT_POTIO [&Type "Double"]       2.1132000000060103e-02
   &INT_SUM [&Type "Double"]       5.4799999999755045e-04
   &SPLITRIJ [&Type "Double"]       2.7270450000000004e+00
   &COSX [&Type "Double"]       1.9655939999999994e+01
$End
$Single_Point_Data
   &GeometryIndex 14
   &FinalEnergy [&Type "Double"]      -1.1335215810424145e+03  "Final single point energy"
   &Converged [&Type "Boolean"] true
$End
$SCF_Nuc_Gradient
   &GeometryIndex 14
   &NAtoms [&Type "Integer"] 38
   &gradNorm [&Type "Double"]       3.2094101126718681e-03
   &grad [&Type "ArrayOfDoubles", &Dim (114,1)] 
                                                         0

0                                      2.8667715453508519e-04
1                                     -1.5256009026842939e-04
2                                      7.7881013567752955e-05
3                                     -1.1992139947232458e-03
4                                      2.0278939456851164e-05
5                                     -3.2868587360429524e-05
6                                      5.6671769500195313e-04
7                                      2.0172834953008367e-05
8                                      1.4323508942626351e-04
9                                      5.4933898315967511e-04
10                                     3.6212204722121943e-04
11                                    -5.5412304735279194e-04
12                                    -2.6406275071660934e-04
13                                    -3.1990182280100532e-04
14                                     2.8659115777068811e-04
15                                     4.1967805358356092e-04
16                                     5.6039529230131856e-04
17                                     4.3109366465825943e-05
18                                    -6.6785809980846045e-04
19                                    -4.2079779944759199e-04
20                                     1.0449951670944702e-04
21                                     4.9861998964728649e-05
22                                     1.5055501643455871e-05
23                                     1.5312681235430531e-04
24                                     3.8612823672304342e-05
25                                     6.4093643198918221e-04
26                                    -3.0853048291173621e-04
27                                    -1.2955814073202510e-04
28                                    -5.7365584090687816e-04
29                                    -1.6258849059050395e-05
30                                    -3.3800156350520701e-04
31                                    -1.8916199611717158e-04
32                                    -1.2704039407143014e-05
33                                    -6.2302668898284175e-05
34                                    -5.0344088793091712e-05
35                                     1.1215022683010584e-03
36                                    -1.4690831505032725e-04
37                                    -2.2977122753917861e-04
38                                    -4.5218081353813264e-04
39                                     2.9361064540100318e-04
40                                     4.0922369088008947e-04
41                                    -7.0290201051592671e-06
42                                     1.6707705376151072e-06
43                                    -2.1413714586110411e-04
44                                    -4.2489177827542690e-04
45                                     2.4956356917260614e-04
46                                    -2.2935282368599652e-04
47                                     6.7476687293038795e-05
48                                    -2.7728761283063452e-04
49                                     2.2985057156263422e-04
50                                    -1.8747744595175656e-04
51                                     4.0989195015519314e-04
52                                    -8.7444752881138399e-05
53                                     8.8648000601383725e-05
54                                    -3.8626127293384105e-05
55                                    -1.1718648633698980e-04
56                                    -2.4822088647891843e-05
57                                    -3.4875917017229696e-04
58                                     4.5652563724908612e-04
59                                    -1.2430942769592335e-07
60                                    -8.1428937351205044e-05
61                                     2.9276328719060607e-05
62                                     1.9517408930302960e-05
63                                     1.6310291867138726e-04
64                                    -7.8699707386714612e-04
65                                    -5.1995627990214510e-05
66                                     5.5201628906464961e-04
67                                     7.0644468959249473e-04
68                                     1.5287434900997099e-04
69                                    -5.0856346334204883e-04
70                                    -3.0224801590283956e-04
71                                    -1.1068845013006978e-04
72                                    -4.6793430293790017e-05
73                                     5.4343405369989412e-05
74                                    -3.1067917730279865e-05
75                                    -6.5823010429656714e-05
76                                     4.3967045847886910e-05
77                                    -1.3671489853539498e-05
78                                    -5.4831998865342846e-05
79                                     4.8346564058499020e-05
80                                     2.8462372892033155e-05
81                                     1.4422436036493069e-04
82                                     1.6180773515783731e-06
83                                    -6.5064203783736507e-05
84                                     2.3984581930181631e-04
85                                    -2.7522166562432560e-05
86                                     2.4105309481325943e-05
87                                     2.8123360094683969e-04
88                                    -3.1012810035038751e-04
89                                     1.3874766403165761e-04
90                                    -3.2660883607926738e-06
91                                     8.3647615093020850e-05
92                                    -2.0269741380682382e-05
93                                     1.6916794561243342e-04
94                                     1.1890444255073518e-04
95                                    -1.2421141163299065e-04
96                                    -9.1656570257447889e-05
97                                    -1.4080412923193897e-04
98                                    -2.0333774116781944e-04
99                                     6.4935281433101122e-05
100                                    1.5970998341383047e-04
101                                    1.9952986838978060e-04
102                                    2.5217735137861297e-06
103                                    1.9143333576193688e-04
104                                    2.3129734269822233e-05
105                                   -1.7893509061827143e-04
106                                    4.9550083494054320e-06
107                                   -2.7694440613051236e-05
108                                   -1.2632042008353661e-05
109                                    1.8051059390788993e-05
110                                    5.4092413837580899e-06
111                                    3.3837366926685319e-05
112                                   -2.3244770596952957e-05
113                                   -8.8343494894921326e-06
   &Method [&Type "String"] "SCF"
   &Level [&Type "String"] "Relaxed density"
   &Mult [&Type "Integer"] 1
   &State [&Type "Integer"] 0
   &Irrep [&Type "Integer"] 0
$End
$Geometry
   &GeometryIndex 15
   &NAtoms [&Type "Integer"] 38
   &NCorelessECP [&Type "Integer"] 0
   &NGhostAtoms [&Type "Integer"] 0
   &CartesianCoordinates [&Type "Coordinates", &Dim(38,4), &Units "Bohr"] 
              C     10.337727774164   -3.999091593164    2.139004231712
              C      8.883002863681   -5.123451244418   -0.074364059118
              O      6.184765876787   -4.923991461905    0.304663619767
              C      5.094348851348   -2.743636964458   -0.402855603696
              O      6.236926123113   -0.969751471693   -1.348504297982
              C      2.351737230122   -2.716414037634    0.083955227260
              N      1.041802364046   -4.636963133192    1.279736784215
              C     -1.303560299287   -3.872572641114    1.368454053881
              N     -1.620241414724   -1.515952200876    0.273532962618
              C      0.733413194812   -0.766925684970   -0.553462901996
              C      1.043335276271    1.765832257913   -1.746799337427
              N      0.529527152909    3.784602208827    0.084594012993
              C      2.640209721063    5.384112111039    0.862598374994
              C     -1.840193819575    4.278079394573    0.986449215369
              O     -2.307804115286    6.107374581205    2.339010861304
              C     -3.992136358817    2.525263689163    0.236429137488
              C     -3.900345379056   -0.130716874705   -0.026688196455
              C     -6.115360289052   -1.482452426943   -0.561293309835
              C     -8.422471261057   -0.258996635190   -0.813827426045
              C     -8.538294583660    2.374495895875   -0.539126929671
              C     -6.336359177217    3.724245960862   -0.005241850570
              N    -10.782046454885    3.815772303152   -0.764927124089
              N    -12.785576624551    2.693505915661   -1.216980705113
              N    -14.748268515060    1.900702920476   -1.629039767272
              H     12.367966062212   -4.322407212794    1.879667431010
              H      9.758409120872   -4.878322427961    3.920387743737
              H     10.015466856653   -1.960935600353    2.262604057454
              H      9.220629917796   -7.153640354134   -0.245595952253
              H      9.384100958800   -4.191124452037   -1.848208114605
              H     -2.857315157739   -4.876226515009    2.237546622137
              H      2.986806891365    1.950986804822   -2.398444027127
              H     -0.211154138640    1.962903051752   -3.389110172441
              H      4.268048808439    4.195631635365    1.326833288626
              H      3.181116431047    6.693418197059   -0.653880648279
              H      2.060324202185    6.477414358430    2.507754858128
              H     -6.015051954108   -3.515141897522   -0.815575197801
              H    -10.111073421998   -1.346092547036   -1.239960943228
              H     -6.432412656278    5.750466072035    0.276711995943
$End
$SCF_Energy
   &GeometryIndex 15
   &Method [&Type "String"] "SCF"
   &totalEnergy [&Type "ArrayOfDoubles", &Dim (1,1)] "Total energy of each state"
                                                         0

0                                     -1.1335216106578287e+03
   &Mult [&Type "ArrayOfIntegers", &Dim (1,1)] "Multiplicity of each state"
                                                         0

0                                                        1
$End
$DFT_Energy
   &GeometryIndex 15
   &nAlphaEl [&Type "Integer"] 85
   &nBetaEl [&Type "Integer"] 85
   &nTotalEl [&Type "Integer"] 170
   &finalEn [&Type "Double"]      -1.1335216106578287e+03  "No Van der Waals correction"
   &eExchange [&Type "Double"]      -1.1699828086788389e+02
   &eCorr [&Type "Double"]      -6.9223289005251694e+00
   &eXC [&Type "Double"]      -1.2392060976840907e+02
   &eCNL [&Type "Double"]       0.0000000000000000e+00
$End
$SCF_Timings
   &GeometryIndex 15
   &TOTAL [&Type "Double"]       2.9364087000000001e+01
   &PREP [&Type "Double"]       6.4904200000000001e-01
   &FOCK [&Type "Double"]       2.7070669999999996e+01
   &DENS [&Type "Double"]       8.1595000000000084e-02
   &ETOT [&Type "Double"]       3.6086999999995761e-02
   &TRAFO [&Type "Double"]       7.7740000000001253e-02
   &DIIS [&Type "Double"]       3.2959799999999984e-01
   &SOSCF [&Type "Double"]       2.4797200000000164e-01
   &XC [&Type "Double"]       3.1652890000000022e+00
   &FOCKSTART [&Type "Double"]       1.1248999999999398e-02
   &INT_PREP [&Type "Double"]       1.0000000001397780e-06
   &INT_BF [&Type "Double"]       9.5533300000003063e-01
   &INT_DENS [&Type "Double"]       7.9024199999997968e-01
   &INT_DENSIO [&Type "Double"]       5.5519325361000127e+04
   &INT_FUNC [&Type "Double"]       1.1542400000002395e-01
   &INT_POT [&Type "Double"]       6.6642299999989874e-01
   &INT_POTIO [&Type "Double"]       2.9369000000118550e-02
   &INT_SUM [&Type "Double"]       5.1400000000345614e-04
   &SPLITRIJ [&Type "Double"]       3.6025210000000030e+00
   &COSX [&Type "Double"]       2.1527892000000001e+01
$End
$Single_Point_Data
   &GeometryIndex 15
   &FinalEnergy [&Type "Double"]      -1.1335216106578287e+03  "Final single point energy"
   &Converged [&Type "Boolean"] true
$End
$SCF_Nuc_Gradient
   &GeometryIndex 15
   &NAtoms [&Type "Integer"] 38
   &gradNorm [&Type "Double"]       2.6893761448386400e-03
   &grad [&Type "ArrayOfDoubles", &Dim (114,1)] 
                                                         0

0                                      5.0386396241700396e-05
1                                      4.0170633132635691e-05
2                                      6.4159648242766154e-05
3                                     -7.6057540281392749e-04
4                                     -9.0485818495699560e-05
5                                      1.6901640340565016e-05
6                                      4.1624503448748490e-04
7                                      1.1400745626144460e-04
8                                     -1.6853748098399901e-05
9                                      1.0939105049956321e-05
10                                     2.7424937906034286e-04
11                                    -4.1316041497156675e-04
12                                    -4.8094636017570469e-05
13                                    -3.8153544543806373e-04
14                                     3.1923292839980411e-04
15                                     1.0077535761549017e-04
16                                     2.9157976081061604e-04
17                                    -1.9115784792844009e-04
18                                    -1.7844353602344820e-04
19                                    -1.2578708832022834e-04
20                                     3.1453228194196214e-04
21                                    -6.9853782805523457e-05
22                                     3.4745193823213644e-04
23                                    -1.5537128846924986e-04
24                                    -3.4997042216378116e-05
25                                     1.7936818364205909e-04
26                                    -1.7527795284935296e-04
27                                     9.6890127353730510e-05
28                                    -5.4406325975206449e-04
29                                     2.6462544074509764e-04
30                                    -1.2554452259862930e-04
31                                    -8.2947944973651294e-05
32                                    -2.4675478320819455e-04
33                                    -3.1596384291399104e-04
34                                     1.8728033119575632e-05
35                                     1.0820722118681653e-03
36                                     5.0272654201703737e-05
37                                    -2.1605213324107919e-04
38                                    -6.3937369679328837e-05
39                                     2.6010914095223048e-04
40                                     6.0916864163795825e-04
41                                    -9.5427113256552065e-05
42                                     1.3975098345386794e-04
43                                    -3.2920118481377658e-04
44                                    -3.1630561266798862e-04
45                                     9.5776043737727523e-05
46                                    -2.3573301911117284e-04
47                                     1.6080710871051174e-06
48                                    -1.1412218586004386e-04
49                                     9.7305933378800252e-05
50                                    -1.2869657366749131e-04
51                                     2.0522206647581240e-04
52                                     2.0035560260867058e-06
53                                     2.4278033319398429e-05
54                                     2.4553099690932667e-05
55                                    -5.6620822475782207e-05
56                                    -4.6641975842282024e-05
57                                    -7.3362714686109332e-05
58                                     1.7727922999933449e-04
59                                     3.6153065182644578e-05
60                                    -6.2217513532469848e-05
61                                    -1.0276729392030837e-04
62                                     5.2295073377044837e-05
63                                     5.5257348796911021e-06
64                                    -6.7203516781516592e-04
65                                    -6.0193322592293208e-05
66                                     4.6750624101121740e-04
67                                     1.1147273582792910e-03
68                                     1.8486157692269856e-04
69                                    -4.1104544743597593e-04
70                                    -5.9126425159483631e-04
71                                    -1.3202262740769077e-04
72                                    -2.7859461735169067e-05
73                                    -1.3003248431637388e-05
74                                    -7.6379279410745959e-05
75                                    -3.1284968015563019e-05
76                                     6.2499298439877560e-05
77                                    -2.9792516728049945e-05
78                                     2.8955988126272425e-06
79                                    -4.2223747729608352e-05
80                                     4.4338406742165659e-05
81                                     1.5200447137515838e-04
82                                     7.7934379486443994e-05
83                                    -2.7783424595039657e-05
84                                     1.1617912529295060e-04
85                                    -1.3126235117122409e-05
86                                     2.0266849167061007e-05
87                                     2.1285620340799616e-04
88                                    -2.5947327730183045e-04
89                                     6.7053868635980063e-05
90                                    -5.7671857132346460e-05
91                                     5.8979495437316842e-05
92                                     3.5907082175927474e-05
93                                     1.1855545961957092e-04
94                                     8.3724538430880041e-05
95                                    -5.5331571090277976e-05
96                                    -1.1751155179143269e-04
97                                     3.5339123650585114e-06
98                                    -1.8022540239831519e-04
99                                     4.6329898116308221e-05
100                                    1.2250229441235216e-04
101                                    2.3371985578723997e-05
102                                    2.3535961954229689e-06
103                                    5.3521795130712091e-05
104                                   -1.2339548841769354e-04
105                                   -1.2474889561588098e-04
106                                    2.6091804496419790e-06
107                                   -5.1153218418101276e-06
108                                   -3.3304438924186552e-05
109                                    1.2004208604643463e-05
110                                    9.4002947143359550e-06
111                                    1.1475378402981198e-05
112                                    1.2970897555947269e-05
113                                   -2.1234791244641171e-05
   &Method [&Type "String"] "SCF"
   &Level [&Type "String"] "Relaxed density"
   &Mult [&Type "Integer"] 1
   &State [&Type "Integer"] 0
   &Irrep [&Type "Integer"] 0
$End
$Geometry
   &GeometryIndex 16
   &NAtoms [&Type "Integer"] 38
   &NCorelessECP [&Type "Integer"] 0
   &NGhostAtoms [&Type "Integer"] 0
   &CartesianCoordinates [&Type "Coordinates", &Dim(38,4), &Units "Bohr"] 
              C     10.339816996416   -3.978100114719    2.133899051113
              C      8.884858295859   -5.121057609616   -0.069086706519
              O      6.184207065331   -4.924474057207    0.311450330426
              C      5.090894818334   -2.747927087570   -0.403404043471
              O      6.231553699034   -0.976607410932   -1.357449538728
              C      2.348373064662   -2.720630515138    0.082985138595
              N      1.037854029148   -4.642693378519    1.273658351244
              C     -1.307381197188   -3.876805692750    1.363848729908
              N     -1.622633377659   -1.519797669033    0.271494788639
              C      0.731707930188   -0.769156794754   -0.554061932400
              C      1.040957865036    1.762479385223   -1.750848979685
              N      0.528448063183    3.785219772470    0.075986948215
              C      2.643857208320    5.374328728252    0.864286486413
              C     -1.837002288775    4.268171646595    0.997269428210
              O     -2.299737879197    6.084749945009    2.369023520025
              C     -3.991551780970    2.522052531447    0.241107166778
              C     -3.901998300469   -0.133319265630   -0.026962181665
              C     -6.118302582984   -1.481332037856   -0.566313513046
              C     -8.423715076959   -0.254651471017   -0.818053502210
              C     -8.536605450139    2.378296264888   -0.537899473840
              C     -6.333822237480    3.724548899008    0.000813337090
              N    -10.779152820356    3.823856751690   -0.762074588565
              N    -12.782445353831    2.700684357284   -1.216595866553
              N    -14.745079069151    1.909825411020   -1.630419526439
              H     12.370093989085   -4.303464576202    1.876126562066
              H      9.762773313214   -4.843754628297    3.922738880129
              H     10.017588339475   -1.939186541514    2.241181626042
              H      9.223668760546   -7.152118110779   -0.225634205932
              H      9.378950106305   -4.200392603378   -1.850848230389
              H     -2.864781280410   -4.877735961947    2.229634596296
              H      2.983967001795    1.946015665144   -2.404536460287
              H     -0.216690809830    1.955495694339   -3.391210084113
              H      4.253088161228    4.180135098407    1.378526519612
              H      3.222442055167    6.648916317502   -0.667210558534
              H      2.045183352079    6.500760867049    2.480024708440
              H     -6.018253720985   -3.513560752656   -0.824852412253
              H    -10.113038446500   -1.338968372243   -1.248225240301
              H     -6.428092384832    5.750197297534    0.287678789325
$End
$SCF_Energy
   &GeometryIndex 16
   &Method [&Type "String"] "SCF"
   &totalEnergy [&Type "ArrayOfDoubles", &Dim (1,1)] "Total energy of each state"
                                                         0

0                                     -1.1335216306573845e+03
   &Mult [&Type "ArrayOfIntegers", &Dim (1,1)] "Multiplicity of each state"
                                                         0

0                                                        1
$End
$DFT_Energy
   &GeometryIndex 16
   &nAlphaEl [&Type "Integer"] 85
   &nBetaEl [&Type "Integer"] 85
   &nTotalEl [&Type "Integer"] 170
   &finalEn [&Type "Double"]      -1.1335216306573845e+03  "No Van der Waals correction"
   &eExchange [&Type "Double"]      -1.1699761387987330e+02
   &eCorr [&Type "Double"]      -6.9222834103878199e+00
   &eXC [&Type "Double"]      -1.2391989729026112e+02
   &eCNL [&Type "Double"]       0.0000000000000000e+00
$End
$SCF_Timings
   &GeometryIndex 16
   &TOTAL [&Type "Double"]       2.7764481000000000e+01
   &PREP [&Type "Double"]       6.4688500000000004e-01
   &FOCK [&Type "Double"]       2.5550411000000000e+01
   &DENS [&Type "Double"]       7.0313999999999766e-02
   &ETOT [&Type "Double"]       2.8760000000002783e-02
   &TRAFO [&Type "Double"]       7.8516999999998838e-02
   &DIIS [&Type "Double"]       2.5647000000000020e-01
   &SOSCF [&Type "Double"]       2.3059299999999805e-01
   &XC [&Type "Double"]       2.9089360000000006e+00
   &FOCKSTART [&Type "Double"]       9.5430000000000792e-03
   &INT_PREP [&Type "Double"]       5.0000000015870683e-06
   &INT_BF [&Type "Double"]       8.8974899999999213e-01
   &INT_DENS [&Type "Double"]       7.3665500000004780e-01
   &INT_DENSIO [&Type "Double"]       4.8443007989000078e+04
   &INT_FUNC [&Type "Double"]       1.0587999999995112e-01
   &INT_POT [&Type "Double"]       6.1625299999988670e-01
   &INT_POTIO [&Type "Double"]       2.6249000000031053e-02
   &INT_SUM [&Type "Double"]       6.2399999999929179e-04
   &SPLITRIJ [&Type "Double"]       2.9748810000000048e+00
   &COSX [&Type "Double"]       2.0952688000000002e+01
$End
$Single_Point_Data
   &GeometryIndex 16
   &FinalEnergy [&Type "Double"]      -1.1335216306573845e+03  "Final single point energy"
   &Converged [&Type "Boolean"] true
$End
$SCF_Nuc_Gradient
   &GeometryIndex 16
   &NAtoms [&Type "Integer"] 38
   &gradNorm [&Type "Double"]       1.4787737053026651e-03
   &grad [&Type "ArrayOfDoubles", &Dim (114,1)] 
                                                         0

0                                     -1.0228256656260454e-04
1                                      1.1178821825154339e-04
2                                      8.3449050892331345e-06
3                                      4.8508287974820263e-05
4                                     -8.8853763393792473e-05
5                                      5.2745192473922092e-05
6                                      2.1308189589910875e-05
7                                      1.1396801921081945e-05
8                                     -8.5309108559611380e-05
9                                     -3.4809668157601004e-04
10                                     1.3838548071509749e-04
11                                    -5.2895581360803967e-05
12                                     1.2196418506338347e-04
13                                    -1.4478415226037988e-04
14                                     8.3232267746174982e-05
15                                    -1.1494495349795297e-04
16                                     7.8043316099087739e-05
17                                     9.1434844500283552e-05
18                                     1.2679667655041138e-04
19                                    -6.9647928774341228e-05
20                                    -1.0133233150848298e-04
21                                    -3.3054507885044160e-05
22                                     4.4216796501170275e-04
23                                    -2.3869010817398340e-05
24                                    -1.4915646517728309e-04
25                                    -2.3228947462264338e-04
26                                    -2.2961219288021931e-05
27                                     2.7101168765237063e-04
28                                    -2.5016869598845637e-04
29                                     1.3335870182620835e-04
30                                    -6.1329958565906062e-06
31                                     1.8402232777055272e-05
32                                    -3.5001398564874983e-04
33                                    -1.8952615711824439e-04
34                                    -1.6071845733127074e-04
35                                     5.1906536788573487e-04
36                                     1.3599479322294605e-04
37                                    -6.2646332738940103e-05
38                                     1.1907644772562315e-04
39                                     2.5728532568403475e-05
40                                     4.9048479434588010e-04
41                                    -1.1268938813563389e-04
42                                     1.4848741622135175e-04
43                                    -1.5049377656722873e-04
44                                    -9.2402211190500960e-05
45                                    -3.4379976508763788e-05
46                                    -1.6955741665192897e-04
47                                     8.3107236816155894e-06
48                                     7.0435844824578986e-05
49                                    -3.0755067823205751e-05
50                                    -3.0325006436978871e-05
51                                    -4.2359706299968658e-05
52                                     7.1284691831444147e-05
53                                    -2.0648622638698259e-05
54                                     4.5987152431301026e-05
55                                    -1.4671699700548324e-05
56                                    -1.6890146341284884e-05
57                                     1.2797913049475418e-04
58                                    -1.0748453379702538e-04
59                                     9.3278822711154868e-06
60                                    -4.9807291948797405e-05
61                                    -1.2413197857229219e-04
62                                     2.8961502978090692e-05
63                                    -7.8767152750292002e-05
64                                    -1.1627608171310699e-04
65                                    -1.4848026182970320e-05
66                                     5.3950965135440843e-05
67                                     5.9712932370066529e-04
68                                     7.0529955934942046e-05
69                                    -4.9871607098350701e-05
70                                    -3.6020900558270119e-04
71                                    -4.9343952070957098e-05
72                                     6.4941041500732322e-06
73                                    -4.5479067387978189e-05
74                                    -5.1046682264615367e-05
75                                     9.8579640431112336e-06
76                                     2.9302791697868869e-05
77                                    -5.2514072665654776e-06
78                                     3.5826737945429676e-05
79                                    -6.3000474483543289e-05
80                                     2.6918654074392645e-05
81                                     5.1765067561521105e-05
82                                     6.4970382602058674e-05
83                                     4.0451630825659446e-06
84                                    -2.9915249171161284e-05
85                                     1.7134640900084985e-05
86                                     4.1926687664450846e-06
87                                     3.7710494706244546e-05
88                                    -5.8697815936648023e-05
89                                     5.2686352271652526e-06
90                                    -2.5183197846612160e-05
91                                     9.4538871499919019e-06
92                                     6.9192732192149831e-05
93                                     3.3282706174614374e-05
94                                     2.6784249362556828e-05
95                                     1.1389391848526387e-06
96                                    -4.1690196619870168e-05
97                                     5.1385383508184557e-05
98                                    -1.0630543204369347e-04
99                                    -4.0720378375248834e-05
100                                    4.4062700379307596e-05
101                                   -2.4642145635023205e-05
102                                   -2.3932746566618368e-05
103                                    2.1107890463764600e-05
104                                   -7.3374728674829859e-05
105                                   -7.0417274269565094e-06
106                                   -5.3474211769988234e-06
107                                    5.8352781285853084e-06
108                                   -2.3987934004127132e-05
109                                    1.0385737017878927e-05
110                                    2.4902040910365630e-06
111                                    1.7761455734757042e-05
112                                    2.1542810680563740e-05
113                                   -9.3210521669162549e-06
   &Method [&Type "String"] "SCF"
   &Level [&Type "String"] "Relaxed density"
   &Mult [&Type "Integer"] 1
   &State [&Type "Integer"] 0
   &Irrep [&Type "Integer"] 0
$End
$Geometry
   &GeometryIndex 17
   &NAtoms [&Type "Integer"] 38
   &NCorelessECP [&Type "Integer"] 0
   &NGhostAtoms [&Type "Integer"] 0
   &CartesianCoordinates [&Type "Coordinates", &Dim(38,4), &Units "Bohr"] 
              C     10.345486761931   -3.968990579217    2.126578789913
              C      8.886403533732   -5.118172727594   -0.069974571731
              O      6.185216015105   -4.920548626042    0.316689711323
              C      5.089591233867   -2.747428397485   -0.404281912934
              O      6.227005011707   -0.978338249852   -1.367066667972
              C      2.347096052811   -2.720144808024    0.083456050512
              N      1.037500607407   -4.642633826157    1.273472254011
              C     -1.308447913131   -3.878379413060    1.362785398363
              N     -1.623517961695   -1.520080864195    0.273617068902
              C      0.730411152054   -0.767126969494   -0.551668467963
              C      1.037549405357    1.763633472569   -1.751055429646
              N      0.524777530889    3.789609567853    0.071151122093
              C      2.646462010974    5.365711140879    0.867978820524
              C     -1.837795170606    4.262247844967    1.007771093422
              O     -2.300093409262    6.068257743295    2.394025371061
              C     -3.992705488146    2.520691922620    0.245648292497
              C     -3.903312937997   -0.134307560648   -0.024569247650
              C     -6.119505912257   -1.481193822136   -0.567552418534
              C     -8.424160557172   -0.253381989508   -0.820682751024
              C     -8.536465182302    2.379407889639   -0.538520656415
              C     -6.334008758294    3.724665721760    0.004173482887
              N    -10.778247622605    3.826537813386   -0.764259997283
              N    -12.781651390819    2.702841234535   -1.220766131824
              N    -14.746522878724    1.919130387753   -1.636115250096
              H     12.375445813150   -4.294562853121    1.866594567801
              H      9.772310750228   -4.829997203879    3.918960187756
              H     10.023067818898   -1.929709451944    2.228397096886
              H      9.222630581392   -7.150120545961   -0.221125470366
              H      9.374459053072   -4.202614574137   -1.855883581712
              H     -2.868078924612   -4.877590798307    2.226533724577
              H      2.980052843685    1.947274005078   -2.406789195014
              H     -0.222339684175    1.952210151396   -3.390306698307
              H      4.217512213732    4.164180158891    1.478048941883
              H      3.297069790132    6.568973076946   -0.691644454515
              H      2.016421442365    6.560049744288    2.421436378311
              H     -6.018445548062   -3.513120716530   -0.828263750727
              H    -10.113066849263   -1.336887379982   -1.254301446935
              H     -6.428103376671    5.749909462521    0.293557661559
$End
$SCF_Energy
   &GeometryIndex 17
   &Method [&Type "String"] "SCF"
   &totalEnergy [&Type "ArrayOfDoubles", &Dim (1,1)] "Total energy of each state"
                                                         0

0                                     -1.1335216428127251e+03
   &Mult [&Type "ArrayOfIntegers", &Dim (1,1)] "Multiplicity of each state"
                                                         0

0                                                        1
$End
$DFT_Energy
   &GeometryIndex 17
   &nAlphaEl [&Type "Integer"] 85
   &nBetaEl [&Type "Integer"] 85
   &nTotalEl [&Type "Integer"] 170
   &finalEn [&Type "Double"]      -1.1335216428127251e+03  "No Van der Waals correction"
   &eExchange [&Type "Double"]      -1.1699706317206069e+02
   &eCorr [&Type "Double"]      -6.9222408626161407e+00
   &eXC [&Type "Double"]      -1.2391930403467683e+02
   &eCNL [&Type "Double"]       0.0000000000000000e+00
$End
$SCF_Timings
   &GeometryIndex 17
   &TOTAL [&Type "Double"]       2.6981518999999999e+01
   &PREP [&Type "Double"]       6.5000599999999997e-01
   &FOCK [&Type "Double"]       2.4858096000000000e+01
   &DENS [&Type "Double"]       6.7146000000001038e-02
   &ETOT [&Type "Double"]       2.5994999999999990e-02
   &TRAFO [&Type "Double"]       8.3461999999999925e-02
   &DIIS [&Type "Double"]       3.1540999999999997e-01
   &SOSCF [&Type "Double"]       1.8775000000000208e-01
   &XC [&Type "Double"]       2.8764030000000007e+00
   &FOCKSTART [&Type "Double"]       9.8889999999984823e-03
   &INT_PREP [&Type "Double"]       4.0000000014472903e-06
   &INT_BF [&Type "Double"]       8.3957900000005825e-01
   &INT_DENS [&Type "Double"]       6.8541899999992850e-01
   &INT_DENSIO [&Type "Double"]       4.6485135490000066e+04
   &INT_FUNC [&Type "Double"]       9.8808999999980607e-02
   &INT_POT [&Type "Double"]       5.8797699999996045e-01
   &INT_POTIO [&Type "Double"]       2.3808000000067331e-02
   &INT_SUM [&Type "Double"]       4.4500000000446960e-04
   &SPLITRIJ [&Type "Double"]       3.0384219999999984e+00
   &COSX [&Type "Double"]       2.0128742000000003e+01
$End
$Single_Point_Data
   &GeometryIndex 17
   &FinalEnergy [&Type "Double"]      -1.1335216428127251e+03  "Final single point energy"
   &Converged [&Type "Boolean"] true
$End
$SCF_Nuc_Gradient
   &GeometryIndex 17
   &NAtoms [&Type "Integer"] 38
   &gradNorm [&Type "Double"]       1.4518853770111948e-03
   &grad [&Type "ArrayOfDoubles", &Dim (114,1)] 
                                                         0

0                                     -1.4604348607531042e-04
1                                      6.5161623359261123e-05
2                                     -3.2629161829989678e-05
3                                      5.5307561158979279e-04
4                                     -1.6967667248915519e-05
5                                      2.1654466251720683e-05
6                                     -2.4985005816613448e-04
7                                     -3.9419895917491843e-06
8                                     -9.1612277082889215e-05
9                                     -3.5848048447256753e-04
10                                    -1.0209158398852280e-04
11                                     2.3769677272028611e-04
12                                     1.4961598289420230e-04
13                                     9.7055439050475201e-05
14                                    -9.7603441844562600e-05
15                                    -1.9731779446338638e-04
16                                    -2.1831921816187205e-04
17                                     2.3779480594003644e-05
18                                     3.0993097806858438e-04
19                                     1.2823073688267295e-04
20                                    -5.2822806505203879e-05
21                                    -5.5146997808064313e-05
22                                     1.5201046981650618e-04
23                                    -8.7469900718936677e-05
24                                    -6.5627321805289407e-05
25                                    -3.7159621027947620e-04
26                                     1.2623552589219322e-04
27                                     1.7465001840920313e-04
28                                     2.0736269545834629e-04
29                                     2.1545546134260629e-05
30                                     9.2395847532757841e-05
31                                     1.9432305520146118e-04
32                                    -2.8354946775743101e-04
33                                    -5.1775080635585446e-05
34                                    -3.6155897369211792e-04
35                                     3.5225899855717557e-04
36                                     1.8557039018692045e-04
37                                     7.9507096468964256e-05
38                                     1.0280008429361734e-04
39                                    -1.5453774383688765e-04
40                                     1.6562795152280652e-04
41                                    -1.1188936920863979e-04
42                                    -1.0682024096847487e-05
43                                     2.2367842303028240e-05
44                                     4.0523962042460226e-05
45                                    -4.4204698580685431e-05
46                                    -7.0646452223765976e-06
47                                     6.9904104181128107e-05
48                                     1.5991341451770946e-04
49                                    -9.5900783566860159e-05
50                                     4.8927389652316314e-05
51                                    -1.8655561928069414e-04
52                                     8.2740886533566593e-05
53                                    -4.1415126950074960e-05
54                                     1.0291372997572878e-05
55                                     2.5532722902815719e-05
56                                     6.3748966827419096e-06
57                                     1.9720935348527258e-04
58                                    -2.4261490380941136e-04
59                                     8.6020190576130418e-07
60                                    -4.8908470874083065e-05
61                                    -4.4179745497280321e-05
62                                    -1.1794090274824809e-06
63                                    -3.6841067055509713e-05
64                                     3.2695577137453746e-04
65                                     3.1038035447128465e-05
66                                    -2.0600534675419002e-04
67                                    -4.4539043275143575e-05
68                                    -3.4120102556274567e-05
69                                     1.3263214966896530e-04
70                                    -5.4886545596044556e-05
71                                     1.2501686098148612e-05
72                                     6.2854015576152555e-06
73                                    -3.9515997478770104e-05
74                                    -8.3930276824351058e-07
75                                     3.6009086468863361e-05
76                                    -7.1340744893094721e-06
77                                     8.4113746080527463e-06
78                                     3.4543030223245508e-05
79                                    -2.1496406979265581e-05
80                                     1.8070237981279019e-06
81                                    -5.3883502709378694e-05
82                                     1.5283102665353265e-05
83                                     2.4460580230003387e-05
84                                    -1.1459155784072916e-04
85                                     1.8923232969730863e-05
86                                     9.6597281729060569e-07
87                                    -9.8896882146204401e-05
88                                     1.0051328790097735e-04
89                                    -5.7949330242737518e-05
90                                     1.3292642750434291e-05
91                                    -1.9339532073558985e-06
92                                     3.9509190805864236e-05
93                                    -1.3603805529199819e-05
94                                    -3.3155184821113265e-05
95                                     1.8598477300568739e-05
96                                    -3.0403003701495734e-05
97                                    -5.6682920894460254e-05
98                                    -1.0556243678966348e-04
99                                     7.2351273140529304e-05
100                                    9.6230029782568005e-05
101                                   -3.4462937995333176e-05
102                                   -1.2151732671381033e-04
103                                   -5.1678420242673440e-05
104                                   -1.6275388779651845e-04
105                                    8.0929749742417872e-05
106                                   -7.2492704490945137e-06
107                                    9.1729746175724103e-06
108                                    6.7801625894814421e-06
109                                    2.3417295431787943e-06
110                                   -5.6539818678175147e-06
111                                    2.9395705993071064e-05
112                                    2.3400170980902857e-06
113                                    2.4862309844636554e-06
   &Method [&Type "String"] "SCF"
   &Level [&Type "String"] "Relaxed density"
   &Mult [&Type "Integer"] 1
   &State [&Type "Integer"] 0
   &Irrep [&Type "Integer"] 0
$End
$Geometry
   &GeometryIndex 18
   &NAtoms [&Type "Integer"] 38
   &NCorelessECP [&Type "Integer"] 0
   &NGhostAtoms [&Type "Integer"] 0
   &CartesianCoordinates [&Type "Coordinates", &Dim(38,4), &Units "Bohr"] 
              C     10.349390534836   -3.965694117346    2.120897952700
              C      8.885626902945   -5.119176430833   -0.070342788937
              O      6.185502973035   -4.918677450597    0.320808664977
              C      5.089588496784   -2.747008292487   -0.403900187189
              O      6.225548914679   -0.979831626073   -1.371764843866
              C      2.347195954601   -2.718602354603    0.086341548282
              N      1.037837047608   -4.640527604636    1.277865524393
              C     -1.308172362968   -3.876756698290    1.367326519970
              N     -1.623800739898   -1.518958270573    0.276445864445
              C      0.729815273309   -0.766047843239   -0.549489572752
              C      1.036231284972    1.763426432524   -1.751612650902
              N      0.523008581102    3.793244394612    0.066022008806
              C      2.645818140540    5.362642451773    0.872886405559
              C     -1.838022361902    4.260359921723    1.009296073500
              O     -2.299233657022    6.061733908099    2.402106896851
              C     -3.993255366085    2.521046136942    0.244479406234
              C     -3.904038465531   -0.134040213941   -0.023632134612
              C     -6.119958584023   -1.481377897090   -0.566335473624
              C     -8.424328273992   -0.253325163291   -0.821609834429
              C     -8.536502954080    2.379810700624   -0.541794363379
              C     -6.334187389044    3.725435620941    0.001230387894
              N    -10.777760180286    3.826784717906   -0.770025607038
              N    -12.781713166039    2.703961285368   -1.226486402641
              N    -14.747867067054    1.923631376181   -1.641955773216
              H     12.378867360884   -4.291749663999    1.857978974248
              H      9.779358545749   -4.822974010689    3.916095618730
              H     10.027084249226   -1.926118504514    2.218969624388
              H      9.219902548525   -7.151879243161   -0.216890640866
              H      9.371499820900   -4.208717220223   -1.859489406468
              H     -2.867561302617   -4.875430372969    2.232115123292
              H      2.978381679701    1.946328182465   -2.408662883238
              H     -0.224143817831    1.948963629454   -3.390908727448
              H      4.210814181253    4.157615503834    1.492333556339
              H      3.306961197363    6.561723843246   -0.684892183927
              H      2.012855881414    6.559969819641    2.423367160523
              H     -6.019035125598   -3.513513803230   -0.825320342507
              H    -10.113118958815   -1.337057601257   -1.255118654965
              H     -6.428589739953    5.750786438811    0.289713074508
$End
$SCF_Energy
   &GeometryIndex 18
   &Method [&Type "String"] "SCF"
   &totalEnergy [&Type "ArrayOfDoubles", &Dim (1,1)] "Total energy of each state"
                                                         0

0                                     -1.1335216433835474e+03
   &Mult [&Type "ArrayOfIntegers", &Dim (1,1)] "Multiplicity of each state"
                                                         0

0                                                        1
$End
$DFT_Energy
   &GeometryIndex 18
   &nAlphaEl [&Type "Integer"] 85
   &nBetaEl [&Type "Integer"] 85
   &nTotalEl [&Type "Integer"] 170
   &finalEn [&Type "Double"]      -1.1335216433835474e+03  "No Van der Waals correction"
   &eExchange [&Type "Double"]      -1.1699690860327547e+02
   &eCorr [&Type "Double"]      -6.9222209078615977e+00
   &eXC [&Type "Double"]      -1.2391912951113707e+02
   &eCNL [&Type "Double"]       0.0000000000000000e+00
$End
$SCF_Timings
   &GeometryIndex 18
   &TOTAL [&Type "Double"]       2.8785806999999998e+01
   &PREP [&Type "Double"]       6.6225299999999998e-01
   &FOCK [&Type "Double"]       2.6869205999999998e+01
   &DENS [&Type "Double"]       7.1298999999999779e-02
   &ETOT [&Type "Double"]       3.0446000000001305e-02
   &POP [&Type "Double"]       9.9999999747524271e-07
   &TRAFO [&Type "Double"]       6.8070999999999771e-02
   &DIIS [&Type "Double"]       5.8611999999999220e-02
   &SOSCF [&Type "Double"]       3.6159399999999930e-01
   &XC [&Type "Double"]       2.9838400000000007e+00
   &FOCKSTART [&Type "Double"]       1.3060999999997214e-02
   &INT_PREP [&Type "Double"]       8.0000000020064022e-06
   &INT_BF [&Type "Double"]       8.9534099999986871e-01
   &INT_DENS [&Type "Double"]       7.3948300000002032e-01
   &INT_DENSIO [&Type "Double"]       5.6238091486000107e+04
   &INT_FUNC [&Type "Double"]       1.0548000000008617e-01
   &INT_POT [&Type "Double"]       6.3396700000005612e-01
   &INT_POTIO [&Type "Double"]       2.5038999999935641e-02
   &INT_SUM [&Type "Double"]       5.2199999999835711e-04
   &SPLITRIJ [&Type "Double"]       3.1566279999999991e+00
   &COSX [&Type "Double"]       2.1756796000000001e+01
$End
$Single_Point_Data
   &GeometryIndex 18
   &FinalEnergy [&Type "Double"]      -1.1335216433835474e+03  "Final single point energy"
   &Converged [&Type "Boolean"] true
$End
$SCF_Nuc_Gradient
   &GeometryIndex 18
   &NAtoms [&Type "Integer"] 38
   &gradNorm [&Type "Double"]       1.0953601746355175e-03
   &grad [&Type "ArrayOfDoubles", &Dim (114,1)] 
                                                         0

0                                     -1.0934275340254533e-04
1                                      2.7794822130583485e-05
2                                     -3.9114975971601962e-05
3                                      4.7569183069535309e-04
4                                      3.0960687332149545e-05
5                                      5.3082084194265577e-06
6                                     -2.2168750814426097e-04
7                                     -2.2266695102385325e-05
8                                     -5.3378677326063051e-05
9                                     -1.5694598910201418e-04
10                                    -1.4193533501852262e-04
11                                     2.0404798001992519e-04
12                                     7.5019129244346949e-05
13                                     1.3853748419873080e-04
14                                    -1.0462901905322619e-04
15                                    -1.2934888770403663e-04
16                                    -2.1597248334920098e-04
17                                     1.2174772949253426e-05
18                                     2.2482423486464009e-04
19                                     1.1949736255401078e-04
20                                    -5.1254845435430574e-05
21                                    -4.0753924535563701e-05
22                                     4.0763673018508195e-07
23                                    -2.2921381404653052e-06
24                                     1.1796224841098546e-06
25                                    -2.7353092493689890e-04
26                                     5.8821203354566393e-05
27                                     5.4933556400710293e-05
28                                     2.7629098170839361e-04
29                                    -3.3190455133030872e-05
30                                     6.3679636296429254e-05
31                                     9.9159251336605747e-05
32                                    -1.0325260395804836e-04
33                                     1.8052695863579604e-05
34                                    -1.9584929255989612e-04
35                                     4.6377368451235024e-05
36                                     8.4843255947559398e-05
37                                     9.9037539880804729e-05
38                                     1.7489331843117961e-05
39                                    -1.2394748910470044e-04
40                                    -4.0641143150110803e-05
41                                    -1.1109610550902316e-04
42                                     2.6218855773474381e-05
43                                     8.2522448319688468e-05
44                                     7.2345285927255532e-05
45                                     8.1475917912965379e-06
46                                     4.2718567406570263e-05
47                                     4.2856233693308599e-05
48                                     1.0581631529071878e-04
49                                    -6.4459738872788691e-05
50                                     4.0932062148925363e-05
51                                    -1.5930577840167839e-04
52                                     5.1334318298706938e-05
53                                    -2.8135870791043752e-05
54                                    -2.1666269855794007e-05
55                                     3.1735719296668852e-05
56                                     5.5682122633814168e-06
57                                     1.4251866059408758e-04
58                                    -1.9481595066711543e-04
59                                     1.2154381066244863e-06
60                                    -5.0091047603020855e-05
61                                     1.4102650108371861e-05
62                                    -4.0226468045485159e-06
63                                    -4.4804442673185285e-06
64                                     2.9955848495383242e-04
65                                     3.0389800819034807e-05
66                                    -2.2660102654781245e-04
67                                    -1.5741436394844932e-04
68                                    -5.0872006976010464e-05
69                                     1.5474140802096414e-04
70                                     2.8693043018002129e-05
71                                     2.6162116591094131e-05
72                                     7.7250675951379133e-06
73                                    -2.6180027029511221e-05
74                                     1.4080561522800128e-05
75                                     2.7776337022764053e-05
76                                    -2.0719745330521899e-05
77                                     9.4963644464152175e-06
78                                     2.0057871421060719e-05
79                                     6.9843060594432238e-06
80                                    -4.8624596166949724e-06
81                                    -6.7165649182906323e-05
82                                    -1.5812678936466540e-05
83                                     2.8991946775039357e-05
84                                    -9.1893416832661279e-05
85                                     5.0250113314276312e-06
86                                    -6.5131614061519905e-06
87                                    -9.9078038045236072e-05
88                                     1.1009225143460144e-04
89                                    -5.4720828891671736e-05
90                                     4.3828874616569369e-06
91                                    -2.5716724299892912e-05
92                                     2.5989534597238573e-05
93                                    -2.8916814397067503e-05
94                                    -4.9654852366937119e-05
95                                     5.5778789501692572e-06
96                                     7.6584070355378842e-06
97                                    -2.3077012824251897e-05
98                                    -2.7309171455366932e-05
99                                    -1.5815745641911683e-05
100                                   -4.1253588605183467e-06
101                                    7.9922963195921959e-06
102                                   -6.9950179804476043e-05
103                                    1.9130376171114238e-05
104                                    1.0259461611039633e-05
105                                    7.8678139949639112e-05
106                                    5.8597308727481590e-07
107                                    6.7768988623734261e-06
108                                    1.4383501146825184e-05
109                                   -9.4250868924589115e-06
110                                   -6.3201260153480932e-06
111                                    2.0661870241734520e-05
112                                   -2.5713477500854953e-06
113                                    8.1121690457680584e-06
   &Method [&Type "String"] "SCF"
   &Level [&Type "String"] "Relaxed density"
   &Mult [&Type "Integer"] 1
   &State [&Type "Integer"] 0
   &Irrep [&Type "Integer"] 0
$End
$Geometry
   &GeometryIndex 19
   &NAtoms [&Type "Integer"] 38
   &NCorelessECP [&Type "Integer"] 0
   &NGhostAtoms [&Type "Integer"] 0
   &CartesianCoordinates [&Type "Coordinates", &Dim(38,4), &Units "Bohr"] 
              C     10.351874729430   -3.966806585222    2.117254183194
              C      8.884839422505   -5.117797697418   -0.073415417495
              O      6.186172153781   -4.915186016503    0.320626014903
              C      5.090281708775   -2.743860386743   -0.405085895359
              O      6.225069445463   -0.977527135131   -1.375223912035
              C      2.348117603145   -2.714940146286    0.088477504193
              N      1.039512811659   -4.637421907888    1.280785448476
              C     -1.306370042879   -3.874289577031    1.372341380826
              N     -1.623741228631   -1.516727396156    0.280179116022
              C      0.728977537218   -0.763927280932   -0.547748584760
              C      1.033790145601    1.764832418271   -1.751686586297
              N      0.520641136020    3.797344195942    0.062808253322
              C      2.646671545740    5.358044616362    0.876848897620
              C     -1.839342029530    4.260308486234    1.011025554899
              O     -2.301154284407    6.057787148607    2.408625461492
              C     -3.994367417830    2.521870749017    0.243873257953
              C     -3.904798313649   -0.133310164205   -0.021454242886
              C     -6.120000121693   -1.482020439309   -0.563122840450
              C     -8.424409975616   -0.254401410356   -0.820960268269
              C     -8.537149370347    2.379218164353   -0.544788802225
              C     -6.335262184739    3.725901656983   -0.001857795973
              N    -10.778008552335    3.825076731902   -0.776276412861
              N    -12.782649368169    2.703833166829   -1.232593460541
              N    -14.750254490084    1.927021423516   -1.648256326848
              H     12.381110270429   -4.291563817144    1.851325025479
              H      9.784043740138   -4.826276696115    3.912100188005
              H     10.028724573752   -1.927447533148    2.218151967363
              H      9.217927371147   -7.150657985960   -0.221512963298
              H      9.370980271487   -4.207024776688   -1.862428473310
              H     -2.863972123067   -4.873891775945    2.239275193149
              H      2.975569873257    1.947987725722   -2.410075593847
              H     -0.226888341017    1.948692359496   -3.390943728710
              H      4.196494804239    4.148556921081    1.526032137337
              H      3.333569837995    6.535073297234   -0.686338118040
              H      2.006750585465    6.575389943499    2.408679898907
              H     -6.019282120105   -3.514467047747   -0.819584169302
              H    -10.112944467615   -1.338880759328   -1.253671804610
              H     -6.430525078843    5.751487511310    0.284663827610
$End
$SCF_Energy
   &GeometryIndex 19
   &Method [&Type "String"] "SCF"
   &totalEnergy [&Type "ArrayOfDoubles", &Dim (1,1)] "Total energy of each state"
                                                         0

0                                     -1.1335216488218814e+03
   &Mult [&Type "ArrayOfIntegers", &Dim (1,1)] "Multiplicity of each state"
                                                         0

0                                                        1
$End
$DFT_Energy
   &GeometryIndex 19
   &nAlphaEl [&Type "Integer"] 85
   &nBetaEl [&Type "Integer"] 85
   &nTotalEl [&Type "Integer"] 170
   &finalEn [&Type "Double"]      -1.1335216488218814e+03  "No Van der Waals correction"
   &eExchange [&Type "Double"]      -1.1699698373198692e+02
   &eCorr [&Type "Double"]      -6.9222139901179149e+00
   &eXC [&Type "Double"]      -1.2391919772210483e+02
   &eCNL [&Type "Double"]       0.0000000000000000e+00
$End
$SCF_Timings
   &GeometryIndex 19
   &TOTAL [&Type "Double"]       2.8637920999999999e+01
   &PREP [&Type "Double"]       6.3533099999999998e-01
   &FOCK [&Type "Double"]       2.6481365999999991e+01
   &DENS [&Type "Double"]       7.1103000000000804e-02
   &ETOT [&Type "Double"]       3.0621999999998373e-02
   &POP [&Type "Double"]       9.9999999747524271e-07
   &TRAFO [&Type "Double"]       8.1458000000000474e-02
   &DIIS [&Type "Double"]       1.5494599999999981e-01
   &SOSCF [&Type "Double"]       3.1698599999999733e-01
   &XC [&Type "Double"]       2.8500560000000008e+00
   &FOCKSTART [&Type "Double"]       1.0544999999996030e-02
   &INT_PREP [&Type "Double"]       5.9999999990623110e-06
   &INT_BF [&Type "Double"]       8.4418099999999274e-01
   &INT_DENS [&Type "Double"]       6.9505899999993037e-01
   &INT_DENSIO [&Type "Double"]       5.2198555461000091e+04
   &INT_FUNC [&Type "Double"]       9.8854999999955062e-02
   &INT_POT [&Type "Double"]       5.7430900000000928e-01
   &INT_POTIO [&Type "Double"]       2.4999000000103244e-02
   &INT_SUM [&Type "Double"]       5.5199999999899774e-04
   &SPLITRIJ [&Type "Double"]       3.0140199999999990e+00
   &COSX [&Type "Double"]       2.1877234000000001e+01
$End
$Single_Point_Data
   &GeometryIndex 19
   &FinalEnergy [&Type "Double"]      -1.1335216488218814e+03  "Final single point energy"
   &Converged [&Type "Boolean"] true
$End
$SCF_Nuc_Gradient
   &GeometryIndex 19
   &NAtoms [&Type "Integer"] 38
   &gradNorm [&Type "Double"]       5.7488978639571382e-04
   &grad [&Type "ArrayOfDoubles", &Dim (114,1)] 
                                                         0

0                                     -1.4203182272893786e-05
1                                      1.9411272255548395e-06
2                                     -2.3253844594853246e-05
3                                      1.5738227841338021e-04
4                                      6.8225202521011996e-05
5                                      1.3794775178883889e-05
6                                     -1.0478613347630894e-04
7                                     -1.1750667306131835e-05
8                                     -2.3492340648689769e-05
9                                      1.1271959920700070e-04
10                                    -1.1655952042377571e-04
11                                     6.6130953453327757e-05
12                                    -2.5751673622176341e-05
13                                     8.0949851322176247e-05
14                                    -3.8060750112700603e-05
15                                     5.5177174333315149e-06
16                                    -4.9653199557582461e-05
17                                     9.5433755625928818e-05
18                                     1.9028687139321931e-06
19                                     2.0649823457175032e-05
20                                    -1.2278689237928131e-04
21                                     2.5347479834569864e-05
22                                    -1.1882173601488605e-04
23                                     1.1934007783101497e-04
24                                     5.1044232308145032e-05
25                                    -2.4529203925850729e-05
26                                    -4.9851538057386902e-05
27                                    -8.3887929602070171e-05
28                                     1.4374876339084963e-04
29                                    -7.9259141195969773e-05
30                                    -9.3318338305822812e-06
31                                     3.8998785794802648e-05
32                                     4.8131161507133924e-05
33                                     7.8635251080122481e-05
34                                    -5.3678058767801101e-05
35                                    -2.0776429307013677e-05
36                                     3.9615952722726888e-06
37                                     6.8821005523661549e-05
38                                    -3.9694861354633293e-05
39                                    -6.8722913221838655e-05
40                                    -1.4365585473935516e-04
41                                    -7.7733485340847341e-05
42                                    -4.2662137614030149e-05
43                                     9.0145071903302565e-05
44                                     6.7566710230781979e-05
45                                     6.0094782170255767e-05
46                                     3.8281153204131058e-05
47                                     4.2964106586645262e-05
48                                     4.3933815520313946e-07
49                                     7.5733862450882983e-06
50                                     1.7255085372190962e-05
51                                    -4.8544501799450274e-05
52                                     1.0628374680771158e-06
53                                    -2.7016276357323676e-06
54                                    -4.2522775886094655e-05
55                                     2.6949473407728020e-05
56                                     6.0384726974227476e-07
57                                     3.1545894345091918e-05
58                                    -6.2540824975695214e-05
59                                    -5.4235842108993348e-06
60                                    -4.1140728929495163e-05
61                                     5.1182804459370956e-05
62                                    -4.4992396585202821e-06
63                                     2.8656290821549302e-05
64                                     1.0791492401979186e-04
65                                     1.4105398829705740e-05
66                                    -1.0942767658206343e-04
67                                    -1.2329170677706502e-04
68                                    -2.8502413576665664e-05
69                                     7.2793851687902311e-05
70                                     5.5983981723017884e-05
71                                     1.5556148510093015e-05
72                                     5.5029087204783167e-06
73                                    -3.6542302838081520e-06
74                                     1.9770060283547802e-05
75                                     5.5207761975803460e-06
76                                    -2.3088686333286312e-05
77                                    -4.5008220950215616e-07
78                                     1.9047617425688168e-07
79                                     7.6932842594801265e-06
80                                    -7.4369716109544404e-06
81                                    -4.7295658000007929e-05
82                                    -2.2715305794063223e-05
83                                     2.0102364952961221e-05
84                                    -2.4791930834072717e-05
85                                    -9.7391292605830682e-06
86                                    -1.7238731562119192e-05
87                                    -4.7462600722469883e-05
88                                     6.0851535841621729e-05
89                                    -1.9147209431455425e-05
90                                     1.2876484044632708e-05
91                                    -1.5075146082774160e-05
92                                     1.5822986517977089e-06
93                                    -5.5268742369385393e-06
94                                    -2.5843686051980203e-05
95                                    -1.7420546336188725e-05
96                                     3.4321647059964988e-06
97                                    -2.8086263878387974e-05
98                                     9.8658281004193604e-06
99                                     6.9716068268055320e-06
100                                   -1.6445583196050828e-05
101                                    1.2455534948413449e-05
102                                   -1.3617533255266823e-05
103                                    4.0463908007604132e-07
104                                    1.1177264227307804e-05
105                                    3.7323988655794949e-05
106                                    2.4345658361235589e-06
107                                   -1.4324683617061851e-06
108                                    1.6695641946395945e-05
109                                   -1.7295804453171248e-05
110                                   -4.2719787845119095e-06
111                                    1.1120763643606563e-05
112                                   -7.3874704650533918e-06
113                                    7.5987973701396871e-06
   &Method [&Type "String"] "SCF"
   &Level [&Type "String"] "Relaxed density"
   &Mult [&Type "Integer"] 1
   &State [&Type "Integer"] 0
   &Irrep [&Type "Integer"] 0
$End
$Geometry
   &GeometryIndex 20
   &NAtoms [&Type "Integer"] 38
   &NCorelessECP [&Type "Integer"] 0
   &NGhostAtoms [&Type "Integer"] 0
   &CartesianCoordinates [&Type "Coordinates", &Dim(38,4), &Units "Bohr"] 
              C     10.351443925021   -3.969360213621    2.117960344414
              C      8.884314570729   -5.117470089580   -0.074333824039
              O      6.186154958356   -4.914654327843    0.319728537535
              C      5.090382597924   -2.743069599797   -0.405634645932
              O      6.225345273711   -0.977069794534   -1.375895618174
              C      2.348507776208   -2.713995988089    0.088969762707
              N      1.040557398604   -4.635613104455    1.283706725064
              C     -1.305474464545   -3.873060319982    1.374681258161
              N     -1.623497367037   -1.515965090087    0.281533700636
              C      0.728932618719   -0.763705300859   -0.547466872062
              C      1.033439848896    1.764831173601   -1.752052494209
              N      0.520669520399    3.797557045800    0.062409049257
              C      2.646379259427    5.358205616579    0.877273883061
              C     -1.839387866367    4.261295841036    1.009498710136
              O     -2.301044928260    6.059621322164    2.405850530617
              C     -3.994417227355    2.522306959761    0.242901613748
              C     -3.904712601766   -0.133028762954   -0.020836048111
              C     -6.119746737425   -1.482330783024   -0.561503159943
              C     -8.424195992040   -0.254945196418   -0.820154649926
              C     -8.537154618024    2.378886809779   -0.545856887161
              C     -6.335327904685    3.726016420600   -0.003756136194
              N    -10.778007160603    3.824144831655   -0.778484881569
              N    -12.782772847005    2.703342450464   -1.234403079737
              N    -14.750533193566    1.926513245900   -1.649894125669
              H     12.380684611239   -4.293328125495    1.851316717959
              H      9.783690826774   -4.831196030103    3.911672670784
              H     10.027905543643   -1.930212843323    2.221707593926
              H      9.217796147575   -7.150047110043   -0.225178892016
              H      9.371400673191   -4.204425468969   -1.861947107520
              H     -2.862053240416   -4.873169753567    2.242873279504
              H      2.974950144418    1.948047256653   -2.411136331241
              H     -0.227552859739    1.948856216160   -3.390992231857
              H      4.201255244163    4.148128563278    1.512654044519
              H      3.324293698205    6.546735007702   -0.681227607196
              H      2.010787118645    6.565008581005    2.419209385322
              H     -6.019421097395   -3.514981356175   -0.816459416812
              H    -10.112809149656   -1.339693714952   -1.251942274947
              H     -6.430782443270    5.751825612837    0.281256390597
$End
$SCF_Energy
   &GeometryIndex 20
   &Method [&Type "String"] "SCF"
   &totalEnergy [&Type "ArrayOfDoubles", &Dim (1,1)] "Total energy of each state"
                                                         0

0                                     -1.1335216476035657e+03
   &Mult [&Type "ArrayOfIntegers", &Dim (1,1)] "Multiplicity of each state"
                                                         0

0                                                        1
$End
$DFT_Energy
   &GeometryIndex 20
   &nAlphaEl [&Type "Integer"] 85
   &nBetaEl [&Type "Integer"] 85
   &nTotalEl [&Type "Integer"] 170
   &finalEn [&Type "Double"]      -1.1335216476035657e+03  "No Van der Waals correction"
   &eExchange [&Type "Double"]      -1.1699722800974364e+02
   &eCorr [&Type "Double"]      -6.9222292642532182e+00
   &eXC [&Type "Double"]      -1.2391945727399685e+02
   &eCNL [&Type "Double"]       0.0000000000000000e+00
$End
$SCF_Timings
   &GeometryIndex 20
   &TOTAL [&Type "Double"]       2.8845637000000000e+01
   &PREP [&Type "Double"]       7.0202299999999995e-01
   &FOCK [&Type "Double"]       2.6900401000000002e+01
   &DENS [&Type "Double"]       6.0911999999998301e-02
   &ETOT [&Type "Double"]       2.8629000000002236e-02
   &TRAFO [&Type "Double"]       3.9474999999999483e-02
   &DIIS [&Type "Double"]       5.2613000000000021e-02
   &SOSCF [&Type "Double"]       2.9806099999999525e-01
   &XC [&Type "Double"]       2.6840650000000092e+00
   &FOCKSTART [&Type "Double"]       1.0580000000006806e-02
   &INT_PREP [&Type "Double"]       3.0000000021956907e-06
   &INT_BF [&Type "Double"]       7.9585000000009831e-01
   &INT_DENS [&Type "Double"]       6.4065399999990102e-01
   &INT_DENSIO [&Type "Double"]       4.5470981224000076e+04
   &INT_FUNC [&Type "Double"]       9.5235000000023717e-02
   &INT_POT [&Type "Double"]       5.1192799999987848e-01
   &INT_POTIO [&Type "Double"]       2.2835000000035244e-02
   &INT_SUM [&Type "Double"]       8.5600000000063403e-04
   &SPLITRIJ [&Type "Double"]       2.6704419999999951e+00
   &COSX [&Type "Double"]       2.2729042000000000e+01
$End
$Single_Point_Data
   &GeometryIndex 20
   &FinalEnergy [&Type "Double"]      -1.1335216476035657e+03  "Final single point energy"
   &Converged [&Type "Boolean"] true
$End
$SCF_Nuc_Gradient
   &GeometryIndex 20
   &NAtoms [&Type "Integer"] 38
   &gradNorm [&Type "Double"]       2.7990228719507182e-04
   &grad [&Type "ArrayOfDoubles", &Dim (114,1)] 
                                                         0

0                                      1.8561896656402177e-05
1                                      5.3369938418229568e-06
2                                     -6.1053719755468916e-06
3                                     -1.1977225396489488e-05
4                                      3.7243178038603997e-05
5                                      1.6258076606517902e-05
6                                     -1.9108320665414680e-05
7                                      7.0849031788000616e-06
8                                     -2.1085863474115674e-05
9                                      1.0424175331247287e-04
10                                    -4.3065832659727743e-05
11                                    -6.1861602848600761e-07
12                                    -3.4571854596321394e-05
13                                    -5.3525277343702271e-07
14                                     4.9805983359241246e-06
15                                     1.9020268423097786e-05
16                                    -8.8047356917864139e-07
17                                    -7.3211022427778494e-06
18                                    -3.0276503908965857e-05
19                                     3.7686657344271346e-05
20                                     1.0440325857036248e-05
21                                     1.8135401447127997e-05
22                                    -1.0921204591599412e-04
23                                     2.4332790627842882e-05
24                                     4.6726893481036091e-05
25                                     6.3985774875298385e-05
26                                    -4.9905261151506064e-05
27                                    -7.6768632578331358e-05
28                                     9.6116471191565189e-06
29                                    -3.6520678245166582e-06
30                                    -2.9739836877300946e-05
31                                    -3.0681151522160555e-06
32                                     5.8753843408983208e-05
33                                     4.5087010123484594e-05
34                                     2.1559386613481668e-05
35                                    -3.3026757908609372e-05
36                                    -4.0569947998086997e-05
37                                     2.8005631978876566e-05
38                                    -4.6357890701557991e-06
39                                    -1.5497619255590983e-05
40                                    -8.0167319933543979e-05
41                                    -3.5406930382952950e-05
42                                     1.1644865675730642e-05
43                                     2.6451461742849069e-05
44                                     8.1717709125017635e-06
45                                     4.2599676215115956e-05
46                                     1.7443200013129989e-05
47                                     2.5596078887246687e-05
48                                    -2.0281663405632977e-05
49                                     2.0866918878162388e-05
50                                     4.2404938230544698e-06
51                                     1.2019885797659446e-06
52                                    -1.0362053758303236e-05
53                                     1.5749763986119825e-06
54                                    -2.4273439602012781e-05
55                                     1.3514181398027736e-05
56                                    -3.2983748606447982e-06
57                                    -3.5447156119666756e-06
58                                     7.9725901593399873e-06
59                                    -5.6267571322404786e-07
60                                    -2.6388864282064772e-05
61                                     1.9337123069312900e-05
62                                    -2.9699027815008328e-06
63                                     1.6468449912460104e-05
64                                    -1.2451611940911267e-05
65                                     1.3779608734609816e-07
66                                     2.7428263714157630e-05
67                                    -3.8230509400022372e-06
68                                     5.6370506397313003e-06
69                                    -3.0448368010582705e-05
70                                     3.0641803657749378e-06
71                                    -7.5007389252479406e-06
72                                     6.8987291157451835e-08
73                                     2.1907324254943905e-06
74                                     9.6903287734144417e-06
75                                    -3.9679463693514938e-06
76                                    -1.2164463422864591e-05
77                                    -5.5995941568021124e-06
78                                    -3.8377616845414186e-06
79                                    -3.8893980809362461e-06
80                                    -3.0124431753247166e-06
81                                    -1.3875176749073709e-05
82                                    -3.9880786605606122e-06
83                                     7.2835957789039313e-06
84                                     2.4237464362961147e-06
85                                    -9.3914937125266773e-06
86                                    -1.1224178533275619e-05
87                                    -9.3091335860995272e-06
88                                     1.3051408848455126e-05
89                                    -7.8324235060905911e-06
90                                     5.5358274531069895e-07
91                                    -1.1110784436250271e-05
92                                    -2.9935440534201163e-06
93                                     6.4839793000592838e-06
94                                    -6.7534052901156716e-06
95                                    -1.3104840875077794e-05
96                                    -1.6307336467291655e-06
97                                     4.8871695327995512e-06
98                                     1.9505753365137157e-05
99                                    -1.1723816725095482e-05
100                                   -1.1145101237952648e-05
101                                    3.6714889678768348e-06
102                                    2.5654695789453785e-05
103                                   -3.3192260940895224e-06
104                                    2.2881120709389302e-05
105                                    6.3351253508647787e-06
106                                    1.5902613033635937e-06
107                                   -3.0736632259734109e-06
108                                    8.7447614815494568e-06
109                                   -1.2677782712910979e-05
110                                   -2.0761427057744419e-06
111                                    6.4101180162253607e-06
112                                   -2.8777631615184429e-06
113                                    1.8502315265803149e-06
   &Method [&Type "String"] "SCF"
   &Level [&Type "String"] "Relaxed density"
   &Mult [&Type "Integer"] 1
   &State [&Type "Integer"] 0
   &Irrep [&Type "Integer"] 0
$End
$Geometry
   &GeometryIndex 21
   &NAtoms [&Type "Integer"] 38
   &NCorelessECP [&Type "Integer"] 0
   &NGhostAtoms [&Type "Integer"] 0
   &CartesianCoordinates [&Type "Coordinates", &Dim(38,4), &Units "Bohr"] 
              C     10.351473650162   -3.970307632285    2.118081575346
              C      8.884296601573   -5.117142490966   -0.074855505761
              O      6.186160194727   -4.914377190838    0.319393155802
              C      5.090343020157   -2.742542197075   -0.405470749115
              O      6.225463676162   -0.976404857575   -1.375314984655
              C      2.348557309618   -2.713632340127    0.089160063471
              N      1.040780065508   -4.635262846892    1.284055334837
              C     -1.305244740778   -3.872622771177    1.375255123372
              N     -1.623477490470   -1.515772139610    0.281867412607
              C      0.728950535796   -0.763483844545   -0.547319182670
              C      1.033200672497    1.765058284787   -1.752067806968
              N      0.520483730788    3.797635457846    0.062617050747
              C      2.646531467976    5.358007222169    0.877086334161
              C     -1.839556883111    4.261513721253    1.009696464371
              O     -2.301371717182    6.059638126345    2.406179017932
              C     -3.994521405109    2.522365062905    0.242845964648
              C     -3.904722787588   -0.132991057206   -0.020716482686
              C     -6.119719952904   -1.482362690129   -0.561360875634
              C     -8.424163664431   -0.255015467541   -0.820159424387
              C     -8.537207042378    2.378823551664   -0.546024013885
              C     -6.335420714108    3.725994008976   -0.003922587977
              N    -10.778129868400    3.824008253407   -0.778789883148
              N    -12.782769513392    2.703026462687   -1.234732051716
              N    -14.750345489205    1.925786087872   -1.650272341999
              H     12.380667936433   -4.294369412812    1.851167719468
              H      9.783676213661   -4.832924162022    3.911401846812
              H     10.028195337588   -1.931163311313    2.222878881863
              H      9.217874429112   -7.149602991269   -0.227010232044
              H      9.371379634679   -4.202910459501   -1.861845249854
              H     -2.861637319741   -4.872856124667    2.243655435221
              H      2.974648238764    1.948513760508   -2.411266630793
              H     -0.228033069153    1.949145171087   -3.390784295878
              H      4.200423739032    4.147863621315    1.514765947186
              H      3.326116646721    6.544443573492   -0.682318003929
              H      2.010323418622    6.566880005295    2.417137683118
              H     -6.019448582895   -3.515044871720   -0.816090275639
              H    -10.112814118647   -1.339735386124   -1.251877153594
              H     -6.430962103393    5.751821854891    0.281000635002
$End
$SCF_Mulliken_Population_Analysis
   &GeometryIndex 21
   &NAtoms [&Type "Integer"] 38
   &ATNO [&Type "ArrayOfIntegers", &Dim (38,1)] 
                                                         0

0                                                        6
1                                                        6
2                                                        8
3                                                        6
4                                                        8
5                                                        6
6                                                        7
7                                                        6
8                                                        7
9                                                        6
10                                                       6
11                                                       7
12                                                       6
13                                                       6
14                                                       8
15                                                       6
16                                                       6
17                                                       6
18                                                       6
19                                                       6
20                                                       6
21                                                       7
22                                                       7
23                                                       7
24                                                       1
25                                                       1
26                                                       1
27                                                       1
28                                                       1
29                                                       1
30                                                       1
31                                                       1
32                                                       1
33                                                       1
34                                                       1
35                                                       1
36                                                       1
37                                                       1
   &AtomicCharges [&Type "ArrayOfDoubles", &Dim (38,1)] 
                                                         0

0                                     -4.6273203535972662e-01
1                                     -3.2865053227921770e-02
2                                     -4.3748055085230497e-01
3                                      5.3878777687585888e-01
4                                     -4.7673461289999786e-01
5                                      5.5856893599222524e-02
6                                     -3.9125415464358326e-01
7                                      1.6255630801640830e-01
8                                     -4.9101157135441476e-01
9                                      3.0214083245287693e-01
10                                    -2.6888207427874100e-01
11                                    -3.7908927608541632e-01
12                                    -3.3001300956874946e-01
13                                     4.8325504955595733e-01
14                                    -4.6490299452731776e-01
15                                     4.1444070737979288e-02
16                                     2.4352514668008851e-01
17                                    -1.7537148429155103e-01
18                                    -1.6209878533067279e-01
19                                     2.7590614344793885e-01
20                                    -2.0702538424459682e-01
21                                    -3.9941373541463410e-01
22                                     3.8075137463911712e-01
23                                    -2.0688757457009377e-01
24                                     1.4855442095806004e-01
25                                     1.6194588534160492e-01
26                                     1.7168158836422287e-01
27                                     1.5355027873533522e-01
28                                     1.6593572224354536e-01
29                                     1.6868879116637825e-01
30                                     2.1990346404636985e-01
31                                     1.7502176710562689e-01
32                                     1.7495194989001106e-01
33                                     1.6201961281104649e-01
34                                     2.0356092984424612e-01
35                                     1.5908023581078723e-01
36                                     1.5154374565676731e-01
37                                     1.8510030867012262e-01
   &Method [&Type "String"] "SCF"
   &Level [&Type "String"] "Relaxed density"
   &Mult [&Type "Integer"] 1
   &State [&Type "Integer"] -1
   &Irrep [&Type "Integer"] 0
$End
$SCF_Loewdin_Population_Analysis
   &GeometryIndex 21
   &NAtoms [&Type "Integer"] 38
   &ATNO [&Type "ArrayOfIntegers", &Dim (38,1)] 
                                                         0

0                                                        6
1                                                        6
2                                                        8
3                                                        6
4                                                        8
5                                                        6
6                                                        7
7                                                        6
8                                                        7
9                                                        6
10                                                       6
11                                                       7
12                                                       6
13                                                       6
14                                                       8
15                                                       6
16                                                       6
17                                                       6
18                                                       6
19                                                       6
20                                                       6
21                                                       7
22                                                       7
23                                                       7
24                                                       1
25                                                       1
26                                                       1
27                                                       1
28                                                       1
29                                                       1
30                                                       1
31                                                       1
32                                                       1
33                                                       1
34                                                       1
35                                                       1
36                                                       1
37                                                       1
   &AtomicCharges [&Type "ArrayOfDoubles", &Dim (38,1)] 
                                                         0

0                                     -3.7611224554674916e-01
1                                     -9.1611262377761626e-02
2                                     -1.3100650200532016e-01
3                                      1.4064219033237713e-01
4                                     -2.6494160136037692e-01
5                                     -6.8588941215168120e-02
6                                     -1.3076279746079322e-01
7                                     -6.5392208361990889e-02
8                                      3.9573675396937347e-02
9                                      9.0875200670881284e-03
10                                    -1.6349574528085586e-01
11                                    -7.2149265160376785e-02
12                                    -2.7644707919967626e-01
13                                     1.0781401686927783e-01
14                                    -2.6904372524369435e-01
15                                    -4.4522850965383221e-02
16                                     1.9185216379255188e-02
17                                    -1.2714869978221621e-01
18                                    -1.3970556975079607e-01
19                                     1.6141262131395884e-02
20                                    -9.4165848970432897e-02
21                                    -1.4647682693910191e-01
22                                     1.9713670464004718e-01
23                                    -6.5890806162681059e-02
24                                     1.3296206641374719e-01
25                                     1.3348734876435098e-01
26                                     1.3791615815226776e-01
27                                     1.2843144893997227e-01
28                                     1.3168233503956328e-01
29                                     1.4387635400863696e-01
30                                     1.7047048204307691e-01
31                                     1.4110423062902533e-01
32                                     1.3663314365458934e-01
33                                     1.2876819838794828e-01
34                                     1.5708711821727062e-01
35                                     1.4651413940811242e-01
36                                     1.4313674421066247e-01
37                                     1.6581162209759781e-01
   &Method [&Type "String"] "SCF"
   &Level [&Type "String"] "Relaxed density"
   &Mult [&Type "Integer"] 1
   &State [&Type "Integer"] -1
   &Irrep [&Type "Integer"] 0
$End
$SCF_Mayer_Population_Analysis
   &GeometryIndex 21
   &NAtoms [&Type "Integer"] 38 "Total number of atoms"
   &NBondOrdersPrint [&Type "Integer"] 42 "The number of bond orders larger than threshold"
   &bondThresh [&Type "Double"]       1.0000000000000001e-01  "The threshold for printing"
   &components [&Type "ArrayOfIntegers", &Dim (42,4)] "The indices and atomic numbers of the bonding atoms"
                                                         0                           1                           2                           3

0                                                        0                           6                           1                           6
1                                                        0                           6                          24                           1
2                                                        0                           6                          25                           1
3                                                        0                           6                          26                           1
4                                                        1                           6                           2                           8
5                                                        1                           6                          27                           1
6                                                        1                           6                          28                           1
7                                                        2                           8                           3                           6
8                                                        3                           6                           4                           8
9                                                        3                           6                           5                           6
10                                                       5                           6                           6                           7
11                                                       5                           6                           9                           6
12                                                       6                           7                           7                           6
13                                                       7                           6                           8                           7
14                                                       7                           6                          29                           1
15                                                       8                           7                           9                           6
16                                                       8                           7                          16                           6
17                                                       9                           6                          10                           6
18                                                      10                           6                          11                           7
19                                                      10                           6                          30                           1
20                                                      10                           6                          31                           1
21                                                      11                           7                          12                           6
22                                                      11                           7                          13                           6
23                                                      11                           7                          14                           8
24                                                      12                           6                          32                           1
25                                                      12                           6                          33                           1
26                                                      12                           6                          34                           1
27                                                      13                           6                          14                           8
28                                                      13                           6                          15                           6
29                                                      15                           6                          16                           6
30                                                      15                           6                          20                           6
31                                                      16                           6                          17                           6
32                                                      17                           6                          18                           6
33                                                      17                           6                          35                           1
34                                                      18                           6                          19                           6
35                                                      18                           6                          36                           1
36                                                      19                           6                          20                           6
37                                                      19                           6                          21                           7
38                                                      20                           6                          37                           1
39                                                      21                           7                          22                           7
40                                                      21                           7                          23                           7
41                                                      22                           7                          23                           7
   &BondOrders [&Type "ArrayOfDoubles", &Dim (42,1)] "The bond orders"
                                                         0

0                                      1.0194329230656209e+00
1                                      9.4268178915148482e-01
2                                      9.4776564847899314e-01
3                                      9.4379557696779548e-01
4                                      8.5925067707568492e-01
5                                      9.4218793424202296e-01
6                                      9.2159664291391397e-01
7                                      1.0861546742168295e+00
8                                      1.7960655925861930e+00
9                                      1.0152468657421903e+00
10                                     1.2416009402823400e+00
11                                     1.4581349371770851e+00
12                                     1.6129928079888280e+00
13                                     1.1110280347805066e+00
14                                     9.2349765719749000e-01
15                                     1.1174170686430906e+00
16                                     8.7559178562788997e-01
17                                     9.7815680329987176e-01
18                                     9.3673005203171167e-01
19                                     8.9571734933114111e-01
20                                     9.1165619700452072e-01
21                                     9.4214230272057442e-01
22                                     1.1189649865033027e+00
23                                     1.0067311042164087e-01
24                                     9.3453942433728898e-01
25                                     9.4010342322720097e-01
26                                     9.2001593272912863e-01
27                                     1.8210614052202918e+00
28                                     9.1960373504091186e-01
29                                     1.3603348056402986e+00
30                                     1.4116024404743721e+00
31                                     1.3840865863212071e+00
32                                     1.4517010047687646e+00
33                                     9.1352919174139269e-01
34                                     1.3598175641508008e+00
35                                     9.1469859078014149e-01
36                                     1.3676945819777468e+00
37                                     9.5543615311520336e-01
38                                     8.9965915394701979e-01
39                                     1.3890194368966173e+00
40                                     3.8534022523003408e-01
41                                     2.2887888546366022e+00
   &ATNO [&Type "ArrayOfIntegers", &Dim (38,1)] "Atomic number of the elements"
                                                         0

0                                                        6
1                                                        6
2                                                        8
3                                                        6
4                                                        8
5                                                        6
6                                                        7
7                                                        6
8                                                        7
9                                                        6
10                                                       6
11                                                       7
12                                                       6
13                                                       6
14                                                       8
15                                                       6
16                                                       6
17                                                       6
18                                                       6
19                                                       6
20                                                       6
21                                                       7
22                                                       7
23                                                       7
24                                                       1
25                                                       1
26                                                       1
27                                                       1
28                                                       1
29                                                       1
30                                                       1
31                                                       1
32                                                       1
33                                                       1
34                                                       1
35                                                       1
36                                                       1
37                                                       1
   &NA [&Type "ArrayOfDoubles", &Dim (38,1)] "Mulliken gross atomic population"
                                                         0

0                                      6.4627320353597275e+00
1                                      6.0328650532279218e+00
2                                      8.4374805508523032e+00
3                                      5.4612122231241402e+00
4                                      8.4767346129000014e+00
5                                      5.9441431064007757e+00
6                                      7.3912541546435833e+00
7                                      5.8374436919835970e+00
8                                      7.4910115713544112e+00
9                                      5.6978591675471240e+00
10                                     6.2688820742787366e+00
11                                     7.3790892760854145e+00
12                                     6.3300130095687512e+00
13                                     5.5167449504440462e+00
14                                     8.4649029945273142e+00
15                                     5.9585559292620260e+00
16                                     5.7564748533199124e+00
17                                     6.1753714842915493e+00
18                                     6.1620987853306719e+00
19                                     5.7240938565520603e+00
20                                     6.2070253842445942e+00
21                                     7.3994137354146332e+00
22                                     6.6192486253608820e+00
23                                     7.2068875745700964e+00
24                                     8.5144557904193974e-01
25                                     8.3805411465839552e-01
26                                     8.2831841163577713e-01
27                                     8.4644972126466500e-01
28                                     8.3406427775645464e-01
29                                     8.3131120883362175e-01
30                                     7.8009653595363004e-01
31                                     8.2497823289437300e-01
32                                     8.2504805010998883e-01
33                                     8.3798038718895340e-01
34                                     7.9643907015575366e-01
35                                     8.4091976418921288e-01
36                                     8.4845625434323280e-01
37                                     8.1489969132987738e-01
   &ZA [&Type "ArrayOfDoubles", &Dim (38,1)] "Total nuclear charge"
                                                         0

0                                      6.0000000000000000e+00
1                                      6.0000000000000000e+00
2                                      8.0000000000000000e+00
3                                      6.0000000000000000e+00
4                                      8.0000000000000000e+00
5                                      6.0000000000000000e+00
6                                      7.0000000000000000e+00
7                                      6.0000000000000000e+00
8                                      7.0000000000000000e+00
9                                      6.0000000000000000e+00
10                                     6.0000000000000000e+00
11                                     7.0000000000000000e+00
12                                     6.0000000000000000e+00
13                                     6.0000000000000000e+00
14                                     8.0000000000000000e+00
15                                     6.0000000000000000e+00
16                                     6.0000000000000000e+00
17                                     6.0000000000000000e+00
18                                     6.0000000000000000e+00
19                                     6.0000000000000000e+00
20                                     6.0000000000000000e+00
21                                     7.0000000000000000e+00
22                                     7.0000000000000000e+00
23                                     7.0000000000000000e+00
24                                     1.0000000000000000e+00
25                                     1.0000000000000000e+00
26                                     1.0000000000000000e+00
27                                     1.0000000000000000e+00
28                                     1.0000000000000000e+00
29                                     1.0000000000000000e+00
30                                     1.0000000000000000e+00
31                                     1.0000000000000000e+00
32                                     1.0000000000000000e+00
33                                     1.0000000000000000e+00
34                                     1.0000000000000000e+00
35                                     1.0000000000000000e+00
36                                     1.0000000000000000e+00
37                                     1.0000000000000000e+00
   &QA [&Type "ArrayOfDoubles", &Dim (38,1)] "Mulliken gross atomic charge"
                                                         0

0                                     -4.6273203535972751e-01
1                                     -3.2865053227921770e-02
2                                     -4.3748055085230320e-01
3                                      5.3878777687585977e-01
4                                     -4.7673461290000141e-01
5                                      5.5856893599224300e-02
6                                     -3.9125415464358326e-01
7                                      1.6255630801640297e-01
8                                     -4.9101157135441120e-01
9                                      3.0214083245287604e-01
10                                    -2.6888207427873656e-01
11                                    -3.7908927608541454e-01
12                                    -3.3001300956875124e-01
13                                     4.8325504955595378e-01
14                                    -4.6490299452731421e-01
15                                     4.1444070737973959e-02
16                                     2.4352514668008762e-01
17                                    -1.7537148429154925e-01
18                                    -1.6209878533067190e-01
19                                     2.7590614344793973e-01
20                                    -2.0702538424459416e-01
21                                    -3.9941373541463321e-01
22                                     3.8075137463911801e-01
23                                    -2.0688757457009643e-01
24                                     1.4855442095806026e-01
25                                     1.6194588534160448e-01
26                                     1.7168158836422287e-01
27                                     1.5355027873533500e-01
28                                     1.6593572224354536e-01
29                                     1.6868879116637825e-01
30                                     2.1990346404636996e-01
31                                     1.7502176710562700e-01
32                                     1.7495194989001117e-01
33                                     1.6201961281104660e-01
34                                     2.0356092984424634e-01
35                                     1.5908023581078712e-01
36                                     1.5154374565676720e-01
37                                     1.8510030867012262e-01
   &VA [&Type "ArrayOfDoubles", &Dim (38,1)] "Mayer's total valence"
                                                         0

0                                      3.8411870965794899e+00
1                                      3.7860540209821387e+00
2                                      2.0537083306907919e+00
3                                      3.9588073056578459e+00
4                                      2.0631593778297628e+00
5                                      3.8538085622379303e+00
6                                      2.9985975757248315e+00
7                                      3.8098093288294006e+00
8                                      3.2756403003419532e+00
9                                      3.7251008477027510e+00
10                                     3.7806956131929033e+00
11                                     3.0915308995462243e+00
12                                     3.7835156239083232e+00
13                                     3.9394348299371895e+00
14                                     2.0864017769666776e+00
15                                     3.8347737023730013e+00
16                                     3.8460779091613793e+00
17                                     3.9141027518107627e+00
18                                     3.8778564429657387e+00
19                                     3.8671062890614718e+00
20                                     3.9125954450289235e+00
21                                     2.7672027617361241e+00
22                                     3.7334586603065256e+00
23                                     2.8027777893533177e+00
24                                     9.3492313924205084e-01
25                                     9.3243699741699659e-01
26                                     9.3694557073566598e-01
27                                     9.3072052541057637e-01
28                                     9.3739837433362627e-01
29                                     9.3799268127449009e-01
30                                     9.4465411207246552e-01
31                                     9.2344595979802058e-01
32                                     9.2852932374026320e-01
33                                     9.2620293382200636e-01
34                                     9.4327315543687562e-01
35                                     9.3629016445916768e-01
36                                     9.3678811453745314e-01
37                                     9.4256119779864000e-01
   &BVA [&Type "ArrayOfDoubles", &Dim (38,1)] "Mayer's bonded valence"
                                                         0

0                                      3.8411870965794952e+00
1                                      3.7860540209821023e+00
2                                      2.0537083306907498e+00
3                                      3.9588073056578432e+00
4                                      2.0631593778298090e+00
5                                      3.8538085622379565e+00
6                                      2.9985975757248911e+00
7                                      3.8098093288293744e+00
8                                      3.2756403003419869e+00
9                                      3.7251008477027745e+00
10                                     3.7806956131929423e+00
11                                     3.0915308995462425e+00
12                                     3.7835156239083179e+00
13                                     3.9394348299371789e+00
14                                     2.0864017769667349e+00
15                                     3.8347737023730271e+00
16                                     3.8460779091614006e+00
17                                     3.9141027518107947e+00
18                                     3.8778564429657054e+00
19                                     3.8671062890614918e+00
20                                     3.9125954450289364e+00
21                                     2.7672027617361072e+00
22                                     3.7334586603064954e+00
23                                     2.8027777893533399e+00
24                                     9.3492313924205617e-01
25                                     9.3243699741700103e-01
26                                     9.3694557073567508e-01
27                                     9.3072052541056161e-01
28                                     9.3739837433362616e-01
29                                     9.3799268127449209e-01
30                                     9.4465411207246408e-01
31                                     9.2344595979802768e-01
32                                     9.2852932374025932e-01
33                                     9.2620293382201035e-01
34                                     9.4327315543687806e-01
35                                     9.3629016445918145e-01
36                                     9.3678811453743926e-01
37                                     9.4256119779865810e-01
   &FA [&Type "ArrayOfDoubles", &Dim (38,1)] "Mayer's free valence"
                                                         0

0                                      0.0000000000000000e+00
1                                      0.0000000000000000e+00
2                                      0.0000000000000000e+00
3                                      0.0000000000000000e+00
4                                      0.0000000000000000e+00
5                                      0.0000000000000000e+00
6                                      0.0000000000000000e+00
7                                      0.0000000000000000e+00
8                                      0.0000000000000000e+00
9                                      0.0000000000000000e+00
10                                     0.0000000000000000e+00
11                                     0.0000000000000000e+00
12                                     0.0000000000000000e+00
13                                     0.0000000000000000e+00
14                                     0.0000000000000000e+00
15                                     0.0000000000000000e+00
16                                     0.0000000000000000e+00
17                                     0.0000000000000000e+00
18                                     0.0000000000000000e+00
19                                     0.0000000000000000e+00
20                                     0.0000000000000000e+00
21                                     0.0000000000000000e+00
22                                     0.0000000000000000e+00
23                                     0.0000000000000000e+00
24                                     0.0000000000000000e+00
25                                     0.0000000000000000e+00
26                                     0.0000000000000000e+00
27                                     0.0000000000000000e+00
28                                     0.0000000000000000e+00
29                                     0.0000000000000000e+00
30                                     0.0000000000000000e+00
31                                     0.0000000000000000e+00
32                                     0.0000000000000000e+00
33                                     0.0000000000000000e+00
34                                     0.0000000000000000e+00
35                                     0.0000000000000000e+00
36                                     0.0000000000000000e+00
37                                     0.0000000000000000e+00
   &Method [&Type "String"] "SCF"
   &Level [&Type "String"] "Relaxed density"
   &Mult [&Type "Integer"] 1
   &State [&Type "Integer"] -1
   &Irrep [&Type "Integer"] 0
$End
$SCF_Energy
   &GeometryIndex 21
   &Method [&Type "String"] "SCF"
   &totalEnergy [&Type "ArrayOfDoubles", &Dim (1,1)] "Total energy of each state"
                                                         0

0                                     -1.1335216464451382e+03
   &Mult [&Type "ArrayOfIntegers", &Dim (1,1)] "Multiplicity of each state"
                                                         0

0                                                        1
$End
$DFT_Energy
   &GeometryIndex 21
   &nAlphaEl [&Type "Integer"] 85
   &nBetaEl [&Type "Integer"] 85
   &nTotalEl [&Type "Integer"] 170
   &finalEn [&Type "Double"]      -1.1335216464451382e+03  "No Van der Waals correction"
   &eExchange [&Type "Double"]      -1.1699724036085871e+02
   &eCorr [&Type "Double"]      -6.9222296907840715e+00
   &eXC [&Type "Double"]      -1.2391947005164278e+02
   &eCNL [&Type "Double"]       0.0000000000000000e+00
$End
$SCF_Timings
   &GeometryIndex 21
   &TOTAL [&Type "Double"]       2.2641908000000001e+01
   &PREP [&Type "Double"]       6.8294699999999997e-01
   &FOCK [&Type "Double"]       2.0887823000000004e+01
   &DENS [&Type "Double"]       4.3117999999999768e-02
   &ETOT [&Type "Double"]       1.9186999999998733e-02
   &POP [&Type "Double"]       8.6791000000001617e-02
   &TRAFO [&Type "Double"]       3.6711999999997857e-02
   &DIIS [&Type "Double"]       4.9986999999999782e-02
   &SOSCF [&Type "Double"]       2.2734499999999702e-01
   &XC [&Type "Double"]       2.1618689999999985e+00
   &FOCKSTART [&Type "Double"]       7.9150000000007825e-03
   &INT_PREP [&Type "Double"]       3.9999999996709334e-06
   &INT_BF [&Type "Double"]       6.0265499999999150e-01
   &INT_DENS [&Type "Double"]       5.0208199999992420e-01
   &INT_DENSIO [&Type "Double"]       2.9850856387000025e+04
   &INT_FUNC [&Type "Double"]       7.1852000000033556e-02
   &INT_POT [&Type "Double"]       4.1521100000004285e-01
   &INT_POTIO [&Type "Double"]       1.7523999999975892e-02
   &INT_SUM [&Type "Double"]       3.1899999999840389e-04
   &SPLITRIJ [&Type "Double"]       2.1379500000000005e+00
   &COSX [&Type "Double"]       1.7747596999999999e+01
$End
$Single_Point_Data
   &GeometryIndex 21
   &FinalEnergy [&Type "Double"]      -1.1335216464451382e+03  "Final single point energy"
   &Converged [&Type "Boolean"] true
$End
$SCF_Dipole_Moment
   &GeometryIndex 21
   &dipoleMagnitude [&Type "Double", &Units "a.u."]       9.6204586172213458e-01
   &dipoleElecContrib [&Type "ArrayOfDoubles", &Dim (3,1)] "Electronic contribution"
                                                         0

0                                     -2.8277230085918486e+01
1                                      3.4318303289818379e+00
2                                     -2.4104705058662153e+00
   &dipoleNucContrib [&Type "ArrayOfDoubles", &Dim (3,1)] "Nuclear contribution"
                                                         0

0                                      2.8304953606109756e+01
1                                     -4.0855579280719132e+00
2                                      1.7052018530304220e+00
   &dipoleTotal [&Type "ArrayOfDoubles", &Dim (3,1)] "Total"
                                                         0

0                                      2.7723520191269557e-02
1                                     -6.5372759909007527e-01
2                                     -7.0526865283579321e-01
   &doAtomicDipole [&Type "Boolean"] false
   &Method [&Type "String"] "SCF"
   &Level [&Type "String"] "Relaxed density"
   &Mult [&Type "Integer"] 1
   &State [&Type "Integer"] -1
   &Irrep [&Type "Integer"] 0
$End
$Calculation_Info
   &GeometryIndex 21
   &Mult [&Type "Integer"] 1
   &Charge [&Type "Integer"] 0
   &NumOfAtoms [&Type "Integer"] 38
   &NumOfElectrons [&Type "Integer"] 170
   &NumOfBasisFuncts [&Type "Integer"] 364
   &NumOfAuxCBasisFuncts [&Type "Integer"] 0
   &NumOfAuxJBasisFuncts [&Type "Integer"] 1330
   &NumOfAuxJKBasisFuncts [&Type "Integer"] 0
   &NumOfCABSBasisFuncts [&Type "Integer"] 0
$End
$Calculation_Timings
   &GeometryIndex 21
   &GTOINT [&Type "Double"]       8.1508582999999746e+01
   &SCF [&Type "Double"]       7.7101387399999976e+02
   &SCFGRAD [&Type "Double"]       3.7160524900000001e+02
   &GSTEP [&Type "Double"]       2.1801200000045828e-01
   &PROP [&Type "Double"]       1.5687439999999242e+00
   &SUM [&Type "Double"]       1.2259144620000000e+03
$End
