*************************************************
******************* ORCA 6.1.1 ******************
*************************************************
$Calculation_Status
   &GeometryIndex 7
   &version [&Type "String"] "6.1.1"
   &progName [&Type "String"] "LeanSCF"
   &Status [&Type "String"] "NORMAL TERMINATION"
$End
$Geometry
   &GeometryIndex 1
   &NAtoms [&Type "Integer"] 42
   &NCorelessECP [&Type "Integer"] 0
   &NGhostAtoms [&Type "Integer"] 0
   &CartesianCoordinates [&Type "Coordinates", &Dim(42,4), &Units "Bohr"] 
              C    -11.514619496888    1.969776255762    2.954437673199
              C    -12.734112948001   -0.022757045865    1.750748285203
              C    -11.341474417011   -1.759934225043    0.351425263755
              C     -8.705973703592   -1.515900850260    0.144534002599
              C     -7.418214991932    0.501429173135    1.355585404565
              C     -8.895358560740    2.241527736636    2.769018765391
              C     -4.725490668869    0.690016395780    1.102244051428
              C     -3.350390232595    2.644662105717    2.257535096490
              C     -0.750694141337    2.831790138532    2.016443401688
              C      0.665341429067    1.076324492186    0.601108466145
              C     -0.665343394382   -0.937016905155   -0.601118765152
              C     -3.366985599633   -1.135465474657   -0.353304936546
              C     -4.760402319844   -3.103099763641   -1.514930721554
              C     -7.363583084990   -3.280402184321   -1.266571329013
              C      0.750685184035   -2.692453884356   -2.016499583246
              C      3.350380783964   -2.505314343108   -2.257602257357
              C      4.725485925657   -0.550687719405   -1.102276422437
              C      3.366984333516    1.274772872715    0.353307053039
              C      4.760407422105    3.242366929430    1.515004194106
              C      7.363590776175    3.419667252513    1.266645406278
              C      8.705975064195    1.655192450207   -0.144508793653
              C      7.418210362103   -0.362098399165   -1.355619967656
              C      8.895353685247   -2.102183337740   -2.769078027203
              C     11.514621877943   -1.830460429526   -2.954462466406
              C     12.734112116521    0.162067618663   -1.750766728931
              C     11.341478631101    1.899208571791   -0.351384200006
              H    -12.605177557493    3.317127651131    4.041317514166
              H    -14.764263459304   -0.221784022742    1.902431121768
              H    -12.326533924156   -3.299819951826   -0.572636699478
              H     -8.102104687716    3.832489982921    3.755818861483
              H     -4.229085086997    4.092187127554    3.383426046923
              H      0.083154960776    4.408829959807    2.987813600437
              H     -3.911649193377   -4.561981226961   -2.644354080357
              H     -8.338959389759   -4.824995502362   -2.195363144479
              H     -0.083172554127   -4.269455986697   -2.987930555587
              H      4.229069288886   -3.952815365423   -3.383531550333
              H      3.911660815192    4.701206913261    2.644496357838
              H      8.338979024014    4.964221377635    2.195496785911
              H      8.102097034325   -3.693134812586   -3.755892277343
              H     12.605197116159   -3.177830759950   -4.041309331651
              H     14.764261720756    0.361089625560   -1.902470768222
              H     12.326541804314    3.439031956509    0.572775273096
$End
$SCF_Mulliken_Population_Analysis
   &GeometryIndex 1
   &NAtoms [&Type "Integer"] 42
   &ATNO [&Type "ArrayOfIntegers", &Dim (42,1)] 
                                                         0

0                                                        6
1                                                        6
2                                                        6
3                                                        6
4                                                        6
5                                                        6
6                                                        6
7                                                        6
8                                                        6
9                                                        6
10                                                       6
11                                                       6
12                                                       6
13                                                       6
14                                                       6
15                                                       6
16                                                       6
17                                                       6
18                                                       6
19                                                       6
20                                                       6
21                                                       6
22                                                       6
23                                                       6
24                                                       6
25                                                       6
26                                                       1
27                                                       1
28                                                       1
29                                                       1
30                                                       1
31                                                       1
32                                                       1
33                                                       1
34                                                       1
35                                                       1
36                                                       1
37                                                       1
38                                                       1
39                                                       1
40                                                       1
41                                                       1
   &AtomicCharges [&Type "ArrayOfDoubles", &Dim (42,1)] 
                                                         0

0                                     -1.3028838462712322e-01
1                                     -1.2371255361169542e-01
2                                     -2.1239356819442801e-01
3                                      1.7514423178672622e-01
4                                      5.7786467933864216e-02
5                                     -1.9827562163920831e-01
6                                      9.2499595231768872e-02
7                                     -2.1011627000986977e-01
8                                     -2.1297090435287203e-01
9                                      8.1540961676390467e-02
10                                     8.1554732514816486e-02
11                                     7.0854822898485992e-02
12                                    -2.0935339670402353e-01
13                                    -2.1070907157579111e-01
14                                    -2.1298059995464502e-01
15                                    -2.1011061355522642e-01
16                                     9.2489999776818266e-02
17                                     7.0870731648702723e-02
18                                    -2.0935637319903666e-01
19                                    -2.1070290049735085e-01
20                                     1.7514368478441433e-01
21                                     5.7776303685480812e-02
22                                    -1.9827121783851798e-01
23                                    -1.3029185420880118e-01
24                                    -1.2370195615500190e-01
25                                    -2.1239762274400764e-01
26                                     1.2658428383292197e-01
27                                     1.2539751811973132e-01
28                                     1.2850378655545469e-01
29                                     1.3243178112422205e-01
30                                     1.2958505142732935e-01
31                                     1.2960162802687503e-01
32                                     1.3036723831758135e-01
33                                     1.2751651667173980e-01
34                                     1.2959980855474384e-01
35                                     1.2958694381551850e-01
36                                     1.3036634361991029e-01
37                                     1.2751758368541921e-01
38                                     1.3243086722826247e-01
39                                     1.2658405099620418e-01
40                                     1.2539746320763712e-01
41                                     1.2850051174653143e-01
   &Method [&Type "String"] "SCF"
   &Level [&Type "String"] "Relaxed density"
   &Mult [&Type "Integer"] 1
   &State [&Type "Integer"] -1
   &Irrep [&Type "Integer"] 0
$End
$SCF_Loewdin_Population_Analysis
   &GeometryIndex 1
   &NAtoms [&Type "Integer"] 42
   &ATNO [&Type "ArrayOfIntegers", &Dim (42,1)] 
                                                         0

0                                                        6
1                                                        6
2                                                        6
3                                                        6
4                                                        6
5                                                        6
6                                                        6
7                                                        6
8                                                        6
9                                                        6
10                                                       6
11                                                       6
12                                                       6
13                                                       6
14                                                       6
15                                                       6
16                                                       6
17                                                       6
18                                                       6
19                                                       6
20                                                       6
21                                                       6
22                                                       6
23                                                       6
24                                                       6
25                                                       6
26                                                       1
27                                                       1
28                                                       1
29                                                       1
30                                                       1
31                                                       1
32                                                       1
33                                                       1
34                                                       1
35                                                       1
36                                                       1
37                                                       1
38                                                       1
39                                                       1
40                                                       1
41                                                       1
   &AtomicCharges [&Type "ArrayOfDoubles", &Dim (42,1)] 
                                                         0

0                                     -1.3143294583498655e-01
1                                     -1.3138928975646014e-01
2                                     -1.2135611436195060e-01
3                                     -1.5788934892536410e-02
4                                     -7.3193884236051332e-03
5                                     -1.2364078184038529e-01
6                                     -9.3646320531215466e-03
7                                     -1.2486312960246782e-01
8                                     -1.2546208160057759e-01
9                                     -8.5614226215149358e-03
10                                    -8.5612883068995060e-03
11                                    -8.1529501840407193e-03
12                                    -1.2776642244716818e-01
13                                    -1.2255672190493172e-01
14                                    -1.2546192260181854e-01
15                                    -1.2486332757605467e-01
16                                    -9.3645195784519686e-03
17                                    -8.1527822635480973e-03
18                                    -1.2776624755319599e-01
19                                    -1.2255666653546449e-01
20                                    -1.5789041989469510e-02
21                                    -7.3195709126219199e-03
22                                    -1.2364074271469683e-01
23                                    -1.3143310062299740e-01
24                                    -1.3138923525666613e-01
25                                    -1.2135589517167134e-01
26                                     1.3138416734039549e-01
27                                     1.3072400783975657e-01
28                                     1.3182878132524189e-01
29                                     1.3224041595539704e-01
30                                     1.3297186457926702e-01
31                                     1.3304001942791610e-01
32                                     1.3310344054669199e-01
33                                     1.3236194796117184e-01
34                                     1.3303999084035911e-01
35                                     1.3297196109066112e-01
36                                     1.3310354443924899e-01
37                                     1.3236197750214296e-01
38                                     1.3224028565338852e-01
39                                     1.3138418595195667e-01
40                                     1.3072399239383392e-01
41                                     1.3182857375984758e-01
   &Method [&Type "String"] "SCF"
   &Level [&Type "String"] "Relaxed density"
   &Mult [&Type "Integer"] 1
   &State [&Type "Integer"] -1
   &Irrep [&Type "Integer"] 0
$End
$SCF_Mayer_Population_Analysis
   &GeometryIndex 1
   &NAtoms [&Type "Integer"] 42 "Total number of atoms"
   &NBondOrdersPrint [&Type "Integer"] 47 "The number of bond orders larger than threshold"
   &bondThresh [&Type "Double"]       1.0000000000000001e-01  "The threshold for printing"
   &components [&Type "ArrayOfIntegers", &Dim (47,4)] "The indices and atomic numbers of the bonding atoms"
                                                         0                           1                           2                           3

0                                                        0                           6                           1                           6
1                                                        0                           6                           5                           6
2                                                        0                           6                          26                           1
3                                                        1                           6                           2                           6
4                                                        1                           6                          27                           1
5                                                        2                           6                           3                           6
6                                                        2                           6                          28                           1
7                                                        3                           6                           4                           6
8                                                        3                           6                          13                           6
9                                                        4                           6                           5                           6
10                                                       4                           6                           6                           6
11                                                       5                           6                          29                           1
12                                                       6                           6                           7                           6
13                                                       6                           6                          11                           6
14                                                       7                           6                           8                           6
15                                                       7                           6                          30                           1
16                                                       8                           6                           9                           6
17                                                       8                           6                          31                           1
18                                                       9                           6                          10                           6
19                                                       9                           6                          17                           6
20                                                      10                           6                          11                           6
21                                                      10                           6                          14                           6
22                                                      11                           6                          12                           6
23                                                      12                           6                          13                           6
24                                                      12                           6                          32                           1
25                                                      13                           6                          33                           1
26                                                      14                           6                          15                           6
27                                                      14                           6                          34                           1
28                                                      15                           6                          16                           6
29                                                      15                           6                          35                           1
30                                                      16                           6                          17                           6
31                                                      16                           6                          21                           6
32                                                      17                           6                          18                           6
33                                                      18                           6                          19                           6
34                                                      18                           6                          36                           1
35                                                      19                           6                          20                           6
36                                                      19                           6                          37                           1
37                                                      20                           6                          21                           6
38                                                      20                           6                          25                           6
39                                                      21                           6                          22                           6
40                                                      22                           6                          23                           6
41                                                      22                           6                          38                           1
42                                                      23                           6                          24                           6
43                                                      23                           6                          39                           1
44                                                      24                           6                          25                           6
45                                                      24                           6                          40                           1
46                                                      25                           6                          41                           1
   &BondOrders [&Type "ArrayOfDoubles", &Dim (47,1)] "The bond orders"
                                                         0

0                                      1.3720881185978118e+00
1                                      1.4882560442270329e+00
2                                      9.3038223133833575e-01
3                                      1.4946046417674339e+00
4                                      9.3028792370036673e-01
5                                      1.3006852084311635e+00
6                                      9.2525407622924138e-01
7                                      1.3115336467733121e+00
8                                      1.2442123803790717e+00
9                                      1.3299742851167549e+00
10                                     1.1664092680431328e+00
11                                     9.1453162264886600e-01
12                                     1.2786936691734350e+00
13                                     1.3264602071913041e+00
14                                     1.5066413303560291e+00
15                                     9.1496904304415150e-01
16                                     1.2725104765898412e+00
17                                     9.1417867937769792e-01
18                                     1.3142390262200359e+00
19                                     1.1810647765167177e+00
20                                     1.1810679900962922e+00
21                                     1.2725040151021165e+00
22                                     1.2508518808179041e+00
23                                     1.5293904062411912e+00
24                                     9.1483739388575358e-01
25                                     9.2507594056035813e-01
26                                     1.5066426266306050e+00
27                                     9.1417962296983535e-01
28                                     1.2786951674410421e+00
29                                     9.1496864338674100e-01
30                                     1.3264618652616980e+00
31                                     1.1664023981924150e+00
32                                     1.2508412775188609e+00
33                                     1.5293914300531060e+00
34                                     9.1483968942755811e-01
35                                     1.2442110016989918e+00
36                                     9.2507603699471608e-01
37                                     1.3115359646207829e+00
38                                     1.3006913716694473e+00
39                                     1.3299747845603833e+00
40                                     1.4882589785777041e+00
41                                     9.1453337218624231e-01
42                                     1.3720903199218095e+00
43                                     9.3037952956833214e-01
44                                     1.4946042708275238e+00
45                                     9.3028793646411545e-01
46                                     9.2525279444903386e-01
   &ATNO [&Type "ArrayOfIntegers", &Dim (42,1)] "Atomic number of the elements"
                                                         0

0                                                        6
1                                                        6
2                                                        6
3                                                        6
4                                                        6
5                                                        6
6                                                        6
7                                                        6
8                                                        6
9                                                        6
10                                                       6
11                                                       6
12                                                       6
13                                                       6
14                                                       6
15                                                       6
16                                                       6
17                                                       6
18                                                       6
19                                                       6
20                                                       6
21                                                       6
22                                                       6
23                                                       6
24                                                       6
25                                                       6
26                                                       1
27                                                       1
28                                                       1
29                                                       1
30                                                       1
31                                                       1
32                                                       1
33                                                       1
34                                                       1
35                                                       1
36                                                       1
37                                                       1
38                                                       1
39                                                       1
40                                                       1
41                                                       1
   &NA [&Type "ArrayOfDoubles", &Dim (42,1)] "Mulliken gross atomic population"
                                                         0

0                                      6.1302883846271197e+00
1                                      6.1237125536116936e+00
2                                      6.2123935681944289e+00
3                                      5.8248557682132729e+00
4                                      5.9422135320661313e+00
5                                      6.1982756216392101e+00
6                                      5.9075004047682302e+00
7                                      6.2101162700098671e+00
8                                      6.2129709043528720e+00
9                                      5.9184590383236095e+00
10                                     5.9184452674851844e+00
11                                     5.9291451771015140e+00
12                                     6.2093533967040191e+00
13                                     6.2107090715757884e+00
14                                     6.2129805999546441e+00
15                                     6.2101106135552264e+00
16                                     5.9075100002231782e+00
17                                     5.9291292683512964e+00
18                                     6.2093563731990411e+00
19                                     6.2107029004973491e+00
20                                     5.8248563152155866e+00
21                                     5.9422236963145201e+00
22                                     6.1982712178385162e+00
23                                     6.1302918542088012e+00
24                                     6.1237019561550010e+00
25                                     6.2123976227440085e+00
26                                     8.7341571616707780e-01
27                                     8.7460248188026846e-01
28                                     8.7149621344454520e-01
29                                     8.6756821887577806e-01
30                                     8.7041494857267088e-01
31                                     8.7039837197312508e-01
32                                     8.6963276168241888e-01
33                                     8.7248348332826009e-01
34                                     8.7040019144525604e-01
35                                     8.7041305618448117e-01
36                                     8.6963365638008949e-01
37                                     8.7248241631458090e-01
38                                     8.6756913277173742e-01
39                                     8.7341594900379560e-01
40                                     8.7460253679236311e-01
41                                     8.7149948825346857e-01
   &ZA [&Type "ArrayOfDoubles", &Dim (42,1)] "Total nuclear charge"
                                                         0

0                                      6.0000000000000000e+00
1                                      6.0000000000000000e+00
2                                      6.0000000000000000e+00
3                                      6.0000000000000000e+00
4                                      6.0000000000000000e+00
5                                      6.0000000000000000e+00
6                                      6.0000000000000000e+00
7                                      6.0000000000000000e+00
8                                      6.0000000000000000e+00
9                                      6.0000000000000000e+00
10                                     6.0000000000000000e+00
11                                     6.0000000000000000e+00
12                                     6.0000000000000000e+00
13                                     6.0000000000000000e+00
14                                     6.0000000000000000e+00
15                                     6.0000000000000000e+00
16                                     6.0000000000000000e+00
17                                     6.0000000000000000e+00
18                                     6.0000000000000000e+00
19                                     6.0000000000000000e+00
20                                     6.0000000000000000e+00
21                                     6.0000000000000000e+00
22                                     6.0000000000000000e+00
23                                     6.0000000000000000e+00
24                                     6.0000000000000000e+00
25                                     6.0000000000000000e+00
26                                     1.0000000000000000e+00
27                                     1.0000000000000000e+00
28                                     1.0000000000000000e+00
29                                     1.0000000000000000e+00
30                                     1.0000000000000000e+00
31                                     1.0000000000000000e+00
32                                     1.0000000000000000e+00
33                                     1.0000000000000000e+00
34                                     1.0000000000000000e+00
35                                     1.0000000000000000e+00
36                                     1.0000000000000000e+00
37                                     1.0000000000000000e+00
38                                     1.0000000000000000e+00
39                                     1.0000000000000000e+00
40                                     1.0000000000000000e+00
41                                     1.0000000000000000e+00
   &QA [&Type "ArrayOfDoubles", &Dim (42,1)] "Mulliken gross atomic charge"
                                                         0

0                                     -1.3028838462711967e-01
1                                     -1.2371255361169364e-01
2                                     -2.1239356819442889e-01
3                                      1.7514423178672711e-01
4                                      5.7786467933868657e-02
5                                     -1.9827562163921009e-01
6                                      9.2499595231769760e-02
7                                     -2.1011627000986710e-01
8                                     -2.1297090435287203e-01
9                                      8.1540961676390467e-02
10                                     8.1554732514815598e-02
11                                     7.0854822898485992e-02
12                                    -2.0935339670401909e-01
13                                    -2.1070907157578844e-01
14                                    -2.1298059995464413e-01
15                                    -2.1011061355522642e-01
16                                     9.2489999776821819e-02
17                                     7.0870731648703611e-02
18                                    -2.0935637319904110e-01
19                                    -2.1070290049734908e-01
20                                     1.7514368478441344e-01
21                                     5.7776303685479924e-02
22                                    -1.9827121783851620e-01
23                                    -1.3029185420880118e-01
24                                    -1.2370195615500101e-01
25                                    -2.1239762274400853e-01
26                                     1.2658428383292220e-01
27                                     1.2539751811973154e-01
28                                     1.2850378655545480e-01
29                                     1.3243178112422194e-01
30                                     1.2958505142732912e-01
31                                     1.2960162802687492e-01
32                                     1.3036723831758112e-01
33                                     1.2751651667173991e-01
34                                     1.2959980855474396e-01
35                                     1.2958694381551883e-01
36                                     1.3036634361991051e-01
37                                     1.2751758368541910e-01
38                                     1.3243086722826258e-01
39                                     1.2658405099620440e-01
40                                     1.2539746320763689e-01
41                                     1.2850051174653143e-01
   &VA [&Type "ArrayOfDoubles", &Dim (42,1)] "Mayer's total valence"
                                                         0

0                                      3.9346528293563723e+00
1                                      3.9258135374012975e+00
2                                      3.9048482076197013e+00
3                                      3.9876884595677025e+00
4                                      3.9878940790124187e+00
5                                      3.8819927275209460e+00
6                                      3.9404737002207098e+00
7                                      3.8631953418216378e+00
8                                      3.8629539751516258e+00
9                                      3.9442224885261741e+00
10                                     3.9442059921420451e+00
11                                     3.9401248193122509e+00
12                                     3.8520899152708243e+00
13                                     3.8791253104350290e+00
14                                     3.8629566378369655e+00
15                                     3.8631970552153732e+00
16                                     3.9404757321148400e+00
17                                     3.9401029757752259e+00
18                                     3.8520843607008572e+00
19                                     3.8791159604342011e+00
20                                     3.9876954340075175e+00
21                                     3.9878964619612773e+00
22                                     3.8819973827298462e+00
23                                     3.9346572836211346e+00
24                                     3.9258092970491369e+00
25                                     3.9048530541373387e+00
26                                     9.3843961053672409e-01
27                                     9.3803881704921155e-01
28                                     9.3861264693249469e-01
29                                     9.3903917714761920e-01
30                                     9.4202041337034381e-01
31                                     9.4221742873899172e-01
32                                     9.4145009460230733e-01
33                                     9.4065629429302766e-01
34                                     9.4221943036439448e-01
35                                     9.4201959494310117e-01
36                                     9.4145104542195612e-01
37                                     9.4065590525583587e-01
38                                     9.3903888798202195e-01
39                                     9.3844006451511497e-01
40                                     9.3803881861114813e-01
41                                     9.3861381613224359e-01
   &BVA [&Type "ArrayOfDoubles", &Dim (42,1)] "Mayer's bonded valence"
                                                         0

0                                      3.9346528293563825e+00
1                                      3.9258135374013223e+00
2                                      3.9048482076196880e+00
3                                      3.9876884595677398e+00
4                                      3.9878940790124089e+00
5                                      3.8819927275209349e+00
6                                      3.9404737002206804e+00
7                                      3.8631953418216978e+00
8                                      3.8629539751516075e+00
9                                      3.9442224885261234e+00
10                                     3.9442059921420025e+00
11                                     3.9401248193122198e+00
12                                     3.8520899152708146e+00
13                                     3.8791253104350130e+00
14                                     3.8629566378370095e+00
15                                     3.8631970552153709e+00
16                                     3.9404757321148178e+00
17                                     3.9401029757752557e+00
18                                     3.8520843607008475e+00
19                                     3.8791159604342349e+00
20                                     3.9876954340075752e+00
21                                     3.9878964619612876e+00
22                                     3.8819973827298595e+00
23                                     3.9346572836211031e+00
24                                     3.9258092970491023e+00
25                                     3.9048530541373894e+00
26                                     9.3843961053671987e-01
27                                     9.3803881704922842e-01
28                                     9.3861264693250002e-01
29                                     9.3903917714761720e-01
30                                     9.4202041337035536e-01
31                                     9.4221742873899150e-01
32                                     9.4145009460230744e-01
33                                     9.4065629429303010e-01
34                                     9.4221943036441269e-01
35                                     9.4201959494309495e-01
36                                     9.4145104542194680e-01
37                                     9.4065590525583020e-01
38                                     9.3903888798203472e-01
39                                     9.3844006451511786e-01
40                                     9.3803881861114924e-01
41                                     9.3861381613224371e-01
   &FA [&Type "ArrayOfDoubles", &Dim (42,1)] "Mayer's free valence"
                                                         0

0                                      0.0000000000000000e+00
1                                      0.0000000000000000e+00
2                                      0.0000000000000000e+00
3                                      0.0000000000000000e+00
4                                      0.0000000000000000e+00
5                                      0.0000000000000000e+00
6                                      0.0000000000000000e+00
7                                      0.0000000000000000e+00
8                                      0.0000000000000000e+00
9                                      0.0000000000000000e+00
10                                     0.0000000000000000e+00
11                                     0.0000000000000000e+00
12                                     0.0000000000000000e+00
13                                     0.0000000000000000e+00
14                                     0.0000000000000000e+00
15                                     0.0000000000000000e+00
16                                     0.0000000000000000e+00
17                                     0.0000000000000000e+00
18                                     0.0000000000000000e+00
19                                     0.0000000000000000e+00
20                                     0.0000000000000000e+00
21                                     0.0000000000000000e+00
22                                     0.0000000000000000e+00
23                                     0.0000000000000000e+00
24                                     0.0000000000000000e+00
25                                     0.0000000000000000e+00
26                                     0.0000000000000000e+00
27                                     0.0000000000000000e+00
28                                     0.0000000000000000e+00
29                                     0.0000000000000000e+00
30                                     0.0000000000000000e+00
31                                     0.0000000000000000e+00
32                                     0.0000000000000000e+00
33                                     0.0000000000000000e+00
34                                     0.0000000000000000e+00
35                                     0.0000000000000000e+00
36                                     0.0000000000000000e+00
37                                     0.0000000000000000e+00
38                                     0.0000000000000000e+00
39                                     0.0000000000000000e+00
40                                     0.0000000000000000e+00
41                                     0.0000000000000000e+00
   &Method [&Type "String"] "SCF"
   &Level [&Type "String"] "Relaxed density"
   &Mult [&Type "Integer"] 1
   &State [&Type "Integer"] -1
   &Irrep [&Type "Integer"] 0
$End
$SCF_Energy
   &GeometryIndex 1
   &Method [&Type "String"] "SCF"
   &totalEnergy [&Type "ArrayOfDoubles", &Dim (1,1)] "Total energy of each state"
                                                         0

0                                     -9.9980412260801393e+02
   &Mult [&Type "ArrayOfIntegers", &Dim (1,1)] "Multiplicity of each state"
                                                         0

0                                                        1
$End
$DFT_Energy
   &GeometryIndex 1
   &nAlphaEl [&Type "Integer"] 85
   &nBetaEl [&Type "Integer"] 85
   &nTotalEl [&Type "Integer"] 171
   &finalEn [&Type "Double"]      -9.9980412260801393e+02  "No Van der Waals correction"
   &eExchange [&Type "Double"]      -1.1177650687303375e+02
   &eCorr [&Type "Double"]      -6.8558161763621701e+00
   &eXC [&Type "Double"]      -1.1863232304939592e+02
   &eCNL [&Type "Double"]       0.0000000000000000e+00
$End
$SCF_Timings
   &GeometryIndex 1
   &TOTAL [&Type "Double"]       5.0487947999999996e+01
   &PREP [&Type "Double"]       6.8825400000000003e-01
   &FOCK [&Type "Double"]       4.7630472999999995e+01
   &DENS [&Type "Double"]       1.3366600000000517e-01
   &ETOT [&Type "Double"]       5.2220999999997630e-02
   &POP [&Type "Double"]       5.0975000000001103e-02
   &TRAFO [&Type "Double"]       9.3632000000000382e-02
   &DIIS [&Type "Double"]       3.8296100000000166e-01
   &SOSCF [&Type "Double"]       4.5802400000000620e-01
   &XC [&Type "Double"]       5.4523029999999837e+00
   &FOCKSTART [&Type "Double"]       1.9953000000003884e-02
   &INT_PREP [&Type "Double"]       9.0000000003698233e-06
   &INT_BF [&Type "Double"]       1.5323760000000259e+00
   &INT_DENS [&Type "Double"]       1.3714629999998564e+00
   &INT_DENSIO [&Type "Double"]       1.5366040953300026e+05
   &INT_FUNC [&Type "Double"]       1.6416500000006362e-01
   &INT_POT [&Type "Double"]       1.3649719999998640e+00
   &INT_POTIO [&Type "Double"]       4.3756000000031214e-02
   &INT_SUM [&Type "Double"]       1.2770000000026371e-03
   &SPLITRIJ [&Type "Double"]       6.4226469999999871e+00
   &COSX [&Type "Double"]       3.7085211000000001e+01
$End
$Single_Point_Data
   &GeometryIndex 1
   &FinalEnergy [&Type "Double"]      -9.9980412260801393e+02  "Final single point energy"
   &Converged [&Type "Boolean"] true
$End
$SCF_Nuc_Gradient
   &GeometryIndex 1
   &NAtoms [&Type "Integer"] 42
   &gradNorm [&Type "Double"]       1.1748890157545792e-01
   &grad [&Type "ArrayOfDoubles", &Dim (126,1)] 
                                                         0

0                                     -1.7739470931335405e-02
1                                     -6.5044454573481708e-03
2                                     -1.9714276900914818e-03
3                                      8.1868982202798479e-04
4                                      1.5566739672760184e-02
5                                      1.0634718028405429e-02
6                                      1.7224376397685898e-02
7                                     -1.3166129954717026e-02
8                                     -1.1554575291970598e-02
9                                      1.6187245425817440e-02
10                                    -4.4184695700966170e-03
11                                    -5.3601378592347711e-03
12                                     8.2898259665793311e-03
13                                    -9.0472715512401273e-03
14                                    -7.4268454138840291e-03
15                                     1.6977730419272613e-02
16                                     5.0405041669814299e-03
17                                     1.0613864597804057e-03
18                                    -3.7850157326056316e-03
19                                     7.5236242062600642e-03
20                                     5.7454884025915330e-03
21                                    -2.6629830037987190e-02
22                                    -5.7210406491400301e-03
23                                    -1.5551192132298719e-04
24                                     2.4862530946459016e-02
25                                    -1.8568427561108380e-03
26                                    -4.8234691316621815e-03
27                                    -1.3153906234333879e-03
28                                     4.7005916975213762e-03
29                                     3.4437431003887693e-03
30                                     1.3154418683071489e-03
31                                    -4.7014871157572344e-03
32                                    -3.4429737197182245e-03
33                                     2.6366112584424173e-03
34                                    -6.9113483807665965e-03
35                                    -5.1612737877769037e-03
36                                     2.9052305867623945e-02
37                                     8.0182111684319393e-03
38                                     1.4023432115958384e-03
39                                    -3.8957750859722973e-02
40                                     1.1552923288739428e-02
41                                     1.3540248274894875e-02
42                                    -2.4862800661868911e-02
43                                     1.8582768759583812e-03
44                                     4.8247927416406253e-03
45                                     2.6629793291906900e-02
46                                     5.7185782381775907e-03
47                                     1.5434877931963520e-04
48                                     3.7851964004163713e-03
49                                    -7.5232442430035150e-03
50                                    -5.7447041501254605e-03
51                                    -2.6368497730095836e-03
52                                     6.9116865044201933e-03
53                                     5.1597363087148192e-03
54                                    -2.9050904085480722e-02
55                                    -8.0193840718650600e-03
56                                    -1.4021222442188799e-03
57                                     3.8956830397767192e-02
58                                    -1.1551362924257735e-02
59                                    -1.3541427134387059e-02
60                                    -1.6187045074110611e-02
61                                     4.4183800792427647e-03
62                                     5.3605902236585380e-03
63                                    -8.2903674207451122e-03
64                                     9.0477679111645171e-03
65                                     7.4271073732900122e-03
66                                    -1.6977439824566065e-02
67                                    -5.0392358554148947e-03
68                                    -1.0636502744124365e-03
69                                     1.7740030005335333e-02
70                                     6.5039708782637928e-03
71                                     1.9737166463906358e-03
72                                    -8.1903803858421331e-04
73                                    -1.5566913061823139e-02
74                                    -1.0638076025835885e-02
75                                    -1.7225127520464997e-02
76                                     1.3166328971381758e-02
77                                     1.1555974993401802e-02
78                                     3.6203265365380988e-04
79                                    -2.6500314813391046e-03
80                                    -1.8773262653471456e-03
81                                     3.3297269339321311e-03
82                                     7.0129052946755685e-04
83                                     1.2818981898300025e-05
84                                    -2.1560416385971171e-03
85                                     2.8944261826263917e-03
86                                     2.3119911091214335e-03
87                                    -8.3477052282801070e-03
88                                    -3.1441178673107806e-03
89                                    -9.9205060795068412e-04
90                                     7.7746869761243231e-03
91                                    -1.6714945006746085e-03
92                                    -2.2782797957888457e-03
93                                    -9.0336526049344668e-03
94                                    -3.1707396391447151e-03
95                                    -9.1880414404485466e-04
96                                    -9.9257185096200129e-03
97                                     1.8313684397675556e-03
98                                     2.6942631691600355e-03
99                                     2.5317501816667642e-03
100                                    5.6896042415663373e-04
101                                    2.9641246309497493e-05
102                                    9.0336488024277684e-03
103                                    3.1702483555196281e-03
104                                    9.1749655095110794e-04
105                                   -7.7749102103782247e-03
106                                    1.6714987199378528e-03
107                                    2.2786629715908502e-03
108                                    9.9243872320454035e-03
109                                   -1.8295849211739101e-03
110                                   -2.6926757601209578e-03
111                                   -2.5311311570977019e-03
112                                   -5.6826592676795240e-04
113                                   -2.9071864294016869e-05
114                                    8.3484996527426192e-03
115                                    3.1445813955994217e-03
116                                    9.9237436407811908e-04
117                                   -3.6036627300373159e-04
118                                    2.6485362404969348e-03
119                                    1.8777637688476290e-03
120                                   -3.3296726503616314e-03
121                                   -7.0146153785825491e-04
122                                   -1.4192203969604772e-05
123                                    2.1548883610171404e-03
124                                   -2.8956224767001659e-03
125                                   -2.3106114188759380e-03
   &Method [&Type "String"] "SCF"
   &Level [&Type "String"] "Relaxed density"
   &Mult [&Type "Integer"] 1
   &State [&Type "Integer"] 0
   &Irrep [&Type "Integer"] 0
$End
$Geometry
   &GeometryIndex 2
   &NAtoms [&Type "Integer"] 42
   &NCorelessECP [&Type "Integer"] 0
   &NGhostAtoms [&Type "Integer"] 0
   &CartesianCoordinates [&Type "Coordinates", &Dim(42,4), &Units "Bohr"] 
              C    -11.523776475742    1.980705654737    2.962953863770
              C    -12.775654713382   -0.021907286135    1.757193522393
              C    -11.401104835891   -1.757656438240    0.361733944469
              C     -8.747185059367   -1.530612913780    0.140471219248
              C     -7.451996065463    0.498931934268    1.358751868099
              C     -8.918349693122    2.238768068358    2.770263982588
              C     -4.736453177908    0.687888288322    1.102496263437
              C     -3.342612225802    2.654577872193    2.263740052609
              C     -0.756494208081    2.841133303794    2.024168036921
              C      0.667019188889    1.075685916316    0.600466911165
              C     -0.667021836780   -0.936342674470   -0.600489664598
              C     -3.380739416860   -1.135604891732   -0.351376286720
              C     -4.768234797543   -3.119813990571   -1.525290965140
              C     -7.349796084058   -3.309542806082   -1.288357752267
              C      0.756482969109   -2.701772643177   -2.024223097638
              C      3.342599897523   -2.515212141599   -2.263798206157
              C      4.736447280080   -0.548547916374   -1.102519501045
              C      3.380740740117    1.274935695085    0.351374592089
              C      4.768251493558    3.259109128484    1.525338162664
              C      7.349818001685    3.448817197629    1.288413277411
              C      8.747196509885    1.669898597110   -0.140447324812
              C      7.451991212469   -0.359613190121   -1.358764472535
              C      8.918329232941   -2.099453093704   -2.770289144724
              C     11.523761040638   -1.841420174369   -2.962965072986
              C     12.775654503349    0.161173672041   -1.757188427189
              C     11.401120549054    1.896916204668   -0.361701983466
              H    -12.598723838328    3.344940034547    4.058802119019
              H    -14.815010466641   -0.211697311394    1.916377055517
              H    -12.382638842294   -3.304348195244   -0.567443180208
              H     -8.076998064547    3.829694637470    3.750075229008
              H     -4.254526856370    4.099734512062    3.393217385940
              H      0.120013116786    4.419649971433    2.990952596006
              H     -3.861126460145   -4.567640587532   -2.655603288975
              H     -8.319380441206   -4.860504101874   -2.222182066311
              H     -0.120033295783   -4.280263952521   -2.991042755230
              H      4.254509498555   -3.960354056398   -3.393302478058
              H      3.861158797869    4.706910640458    2.655693380500
              H      8.319416303266    4.999746641410    2.222276748407
              H      8.076960069089   -3.690364202574   -3.750113870338
              H     12.598707318954   -3.205665904592   -4.058799972544
              H     14.815010471953    0.350945817689   -1.916388168278
              H     12.382668602851    3.443569081067    0.567527486856
$End
$SCF_Energy
   &GeometryIndex 2
   &Method [&Type "String"] "SCF"
   &totalEnergy [&Type "ArrayOfDoubles", &Dim (1,1)] "Total energy of each state"
                                                         0

0                                     -9.9981206752735886e+02
   &Mult [&Type "ArrayOfIntegers", &Dim (1,1)] "Multiplicity of each state"
                                                         0

0                                                        1
$End
$DFT_Energy
   &GeometryIndex 2
   &nAlphaEl [&Type "Integer"] 85
   &nBetaEl [&Type "Integer"] 85
   &nTotalEl [&Type "Integer"] 171
   &finalEn [&Type "Double"]      -9.9981206752735886e+02  "No Van der Waals correction"
   &eExchange [&Type "Double"]      -1.1170052479397438e+02
   &eCorr [&Type "Double"]      -6.8503994749117334e+00
   &eXC [&Type "Double"]      -1.1855092426888612e+02
   &eCNL [&Type "Double"]       0.0000000000000000e+00
$End
$SCF_Timings
   &GeometryIndex 2
   &TOTAL [&Type "Double"]       3.9561980000000005e+01
   &PREP [&Type "Double"]       6.7363600000000001e-01
   &FOCK [&Type "Double"]       3.6695677000000003e+01
   &DENS [&Type "Double"]       8.8704000000003447e-02
   &ETOT [&Type "Double"]       3.8126000000002769e-02
   &POP [&Type "Double"]       9.9999999747524271e-07
   &TRAFO [&Type "Double"]       1.0114800000000113e-01
   &DIIS [&Type "Double"]       2.3843199999999953e-01
   &SOSCF [&Type "Double"]       3.6237100000000400e-01
   &XC [&Type "Double"]       3.7747959999999985e+00
   &FOCKSTART [&Type "Double"]       1.3841999999995580e-02
   &INT_PREP [&Type "Double"]       5.0000000033634251e-06
   &INT_BF [&Type "Double"]       1.0806679999999318e+00
   &INT_DENS [&Type "Double"]       9.2510400000015913e-01
   &INT_DENSIO [&Type "Double"]       8.6284468788000144e+04
   &INT_FUNC [&Type "Double"]       1.1753899999985862e-01
   &INT_POT [&Type "Double"]       8.7440600000006974e-01
   &INT_POTIO [&Type "Double"]       3.1060000000084464e-02
   &INT_SUM [&Type "Double"]       4.6700000000399200e-04
   &SPLITRIJ [&Type "Double"]       4.2424579999999992e+00
   &COSX [&Type "Double"]       3.0389088000000001e+01
$End
$Single_Point_Data
   &GeometryIndex 2
   &FinalEnergy [&Type "Double"]      -9.9981206752735886e+02  "Final single point energy"
   &Converged [&Type "Boolean"] true
$End
$SCF_Nuc_Gradient
   &GeometryIndex 2
   &NAtoms [&Type "Integer"] 42
   &gradNorm [&Type "Double"]       5.4156013817475084e-02
   &grad [&Type "ArrayOfDoubles", &Dim (126,1)] 
                                                         0

0                                     -6.3180188896220096e-03
1                                     -2.4656582289429296e-03
2                                     -8.1039681575469091e-04
3                                      6.4185221259566161e-04
4                                      5.6726328204804444e-03
5                                      3.8282196340837203e-03
6                                      5.6159516319423189e-03
7                                     -6.1157894552788805e-03
8                                     -5.0250738548368590e-03
9                                      6.4151645777097872e-03
10                                    -4.0191628375638860e-04
11                                    -1.1957414306190128e-03
12                                     2.3109972817382668e-03
13                                    -1.3380861619809170e-03
14                                    -1.2534074199886808e-03
15                                     9.2079625607598692e-03
16                                    -3.8575398622153756e-04
17                                    -1.5709150109406017e-03
18                                    -1.8736079997464100e-03
19                                     4.4687319708918982e-03
20                                     3.3600870023698971e-03
21                                    -1.2888701670184438e-02
22                                    -3.9483005011332825e-03
23                                    -8.9019158556565003e-04
24                                     1.3087957541408887e-02
25                                    -2.9416027347458976e-03
26                                    -3.8946326890286417e-03
27                                    -1.2748412748166404e-03
28                                     2.9037166795355188e-03
29                                     2.1903702855174435e-03
30                                     1.2747245491596115e-03
31                                    -2.9038812748763271e-03
32                                    -2.1902442646326604e-03
33                                     2.5241413483154118e-04
34                                    -5.2078604655996646e-03
35                                    -3.6372966124143605e-03
36                                     1.5230804712988544e-02
37                                     6.5221422611123486e-03
38                                     2.3313458123298894e-03
39                                    -1.6594191945869224e-02
40                                     2.5031754332797140e-03
41                                     4.1017029366274965e-03
42                                    -1.3088630606493151e-02
43                                     2.9420676751011621e-03
44                                     3.8946615904077268e-03
45                                     1.2889801386943456e-02
46                                     3.9474113434436950e-03
47                                     8.8966174027210743e-04
48                                     1.8743016869174622e-03
49                                    -4.4685623698703797e-03
50                                    -3.3603101597484419e-03
51                                    -2.5396971734034657e-04
52                                     5.2084637573364609e-03
53                                     3.6378047737682523e-03
54                                    -1.5231128605758690e-02
55                                    -6.5210939802749363e-03
56                                    -2.3308358155350525e-03
57                                     1.6595561710557122e-02
58                                    -2.5031854682867477e-03
59                                    -4.1019419092480983e-03
60                                    -6.4157046855773253e-03
61                                     4.0142678544998617e-04
62                                     1.1957235308862543e-03
63                                    -2.3111840994428090e-03
64                                     1.3382320987127307e-03
65                                     1.2534406809211300e-03
66                                    -9.2089599597086902e-03
67                                     3.8660737665910383e-04
68                                     1.5710875649728798e-03
69                                     6.3193823162688012e-03
70                                     2.4652124833298428e-03
71                                     8.1001184564931383e-04
72                                    -6.4156958226538330e-04
73                                    -5.6723850876083948e-03
74                                    -3.8284601809267689e-03
75                                    -5.6152857152236141e-03
76                                     6.1157270448400358e-03
77                                     5.0244252973571102e-03
78                                    -2.3147695439726390e-04
79                                    -2.6151628853604558e-04
80                                    -1.4598805004706339e-04
81                                    -8.7124581160391568e-05
82                                    -1.3625035767550475e-04
83                                    -8.1493110635988408e-05
84                                    -2.2579796839603122e-03
85                                     1.1632640362050639e-03
86                                     1.1280732436034779e-03
87                                    -3.8601824771570398e-03
88                                     9.8435833316951049e-04
89                                     1.2203545659582593e-03
90                                     3.7834861818934334e-03
91                                     1.5842356260206136e-03
92                                     5.3996043187887199e-04
93                                    -4.0163391570274126e-03
94                                     1.3085156285228272e-03
95                                     1.4651579503127954e-03
96                                    -4.4792253725132597e-03
97                                    -2.2062945023863800e-03
98                                    -8.6908879450836585e-04
99                                     2.1442891966145378e-03
100                                   -5.2474486806936005e-04
101                                   -6.6806617633206888e-04
102                                    4.0163671574077187e-03
103                                   -1.3087028953666646e-03
104                                   -1.4653690768146738e-03
105                                   -3.7829115237808242e-03
106                                   -1.5845180834519190e-03
107                                   -5.4003656623531626e-04
108                                    4.4791984190285516e-03
109                                    2.2061555906942865e-03
110                                    8.6945261503919291e-04
111                                   -2.1447110420203530e-03
112                                    5.2485421761455653e-04
113                                    6.6812951644895646e-04
114                                    3.8597985918787103e-03
115                                   -9.8474838419260191e-04
116                                   -1.2204977698054287e-03
117                                    2.3164040718384737e-04
118                                    2.6150762126485316e-04
119                                    1.4692529773879803e-04
120                                    8.6559042725642410e-05
121                                    1.3568062228620781e-04
122                                    8.0366414434287353e-05
123                                    2.2575302450170143e-03
124                                   -1.1632680292630315e-03
125                                   -1.1269754345630129e-03
   &Method [&Type "String"] "SCF"
   &Level [&Type "String"] "Relaxed density"
   &Mult [&Type "Integer"] 1
   &State [&Type "Integer"] 0
   &Irrep [&Type "Integer"] 0
$End
$Geometry
   &GeometryIndex 3
   &NAtoms [&Type "Integer"] 42
   &NCorelessECP [&Type "Integer"] 0
   &NGhostAtoms [&Type "Integer"] 0
   &CartesianCoordinates [&Type "Coordinates", &Dim(42,4), &Units "Bohr"] 
              C    -11.522692735346    1.989136605795    2.967977218249
              C    -12.793916173257   -0.019210624353    1.761510777966
              C    -11.429690544814   -1.752055909893    0.370138831091
              C     -8.769381496079   -1.540161775704    0.137516193908
              C     -7.469803646968    0.491700644299    1.356457932758
              C     -8.929195436104    2.233729207190    2.767926993541
              C     -4.740108175960    0.681201201731    1.098685077119
              C     -3.337510770964    2.656707020428    2.265229282110
              C     -0.765795372001    2.845266859999    2.029004326179
              C      0.667013981985    1.073511730512    0.599084777771
              C     -0.667017475545   -0.934194769854   -0.599112263328
              C     -3.388714763381   -1.133799626921   -0.348912414157
              C     -4.778108968229   -3.130074182024   -1.530883053289
              C     -7.339826682531   -3.325562468339   -1.300337315775
              C      0.765785785603   -2.705930950653   -2.029061137634
              C      3.337497772088   -2.517359567678   -2.265290792022
              C      4.740104575868   -0.541882066491   -1.098710912030
              C      3.388714394822    1.273106347622    0.348901897416
              C      4.778109125983    3.269357373547    1.530909993680
              C      7.339828021153    3.464836918456    1.300382044014
              C      8.769385092769    1.679448123335   -0.137488057255
              C      7.469804435759   -0.352391449705   -1.356468253448
              C      8.929197391908   -2.094408685281   -2.767952859439
              C     11.522696938323   -1.849827930711   -2.967976941770
              C     12.793923280516    0.158493015548   -1.761466033473
              C     11.429697319804    1.891327668140   -0.370083861076
              H    -12.585175443490    3.362141632761    4.067412064026
              H    -14.833990343029   -0.201216634258    1.925991328929
              H    -12.396277755415   -3.306325133861   -0.566101353665
              H     -8.041102675531    3.811932115046    3.732111679452
              H     -4.287619451486    4.084936700228    3.389289520462
              H      0.149367615163    4.411893170109    2.982727887153
              H     -3.820185749787   -4.553837571986   -2.652389662479
              H     -8.319502392669   -4.874363047415   -2.231028509736
              H     -0.149384849477   -4.272529320003   -2.982822599008
              H      4.287597005495   -3.945569156407   -3.389384947050
              H      3.820190161360    4.693102203664    2.652439775233
              H      8.319510285202    5.013612545966    2.231108962500
              H      8.041102188893   -3.672590794194   -3.732168870313
              H     12.585185628010   -3.222821156706   -4.067422973465
              H     14.834001270567    0.340491434322   -1.925932925520
              H     12.396288574100    3.445574700401    0.566189191276
$End
$SCF_Energy
   &GeometryIndex 3
   &Method [&Type "String"] "SCF"
   &totalEnergy [&Type "ArrayOfDoubles", &Dim (1,1)] "Total energy of each state"
                                                         0

0                                     -9.9981435058964689e+02
   &Mult [&Type "ArrayOfIntegers", &Dim (1,1)] "Multiplicity of each state"
                                                         0

0                                                        1
$End
$DFT_Energy
   &GeometryIndex 3
   &nAlphaEl [&Type "Integer"] 85
   &nBetaEl [&Type "Integer"] 85
   &nTotalEl [&Type "Integer"] 171
   &finalEn [&Type "Double"]      -9.9981435058964689e+02  "No Van der Waals correction"
   &eExchange [&Type "Double"]      -1.1168359978089278e+02
   &eCorr [&Type "Double"]      -6.8491154288245371e+00
   &eXC [&Type "Double"]      -1.1853271520971731e+02
   &eCNL [&Type "Double"]       0.0000000000000000e+00
$End
$SCF_Timings
   &GeometryIndex 3
   &TOTAL [&Type "Double"]       4.0527870000000000e+01
   &PREP [&Type "Double"]       6.7534600000000000e-01
   &FOCK [&Type "Double"]       3.7690192999999994e+01
   &DENS [&Type "Double"]       1.0447900000000487e-01
   &ETOT [&Type "Double"]       4.2395000000002625e-02
   &TRAFO [&Type "Double"]       9.9218000000000472e-02
   &DIIS [&Type "Double"]       1.7218199999999939e-01
   &SOSCF [&Type "Double"]       4.1436099999999687e-01
   &XC [&Type "Double"]       4.1221270000000025e+00
   &FOCKSTART [&Type "Double"]       1.3403999999999971e-02
   &INT_PREP [&Type "Double"]       3.9999999943418629e-06
   &INT_BF [&Type "Double"]       1.1433100000000014e+00
   &INT_DENS [&Type "Double"]       9.8695400000009403e-01
   &INT_DENSIO [&Type "Double"]       9.0517044709000184e+04
   &INT_FUNC [&Type "Double"]       1.2359100000006773e-01
   &INT_POT [&Type "Double"]       9.5637699999995363e-01
   &INT_POTIO [&Type "Double"]       3.1430000000097102e-02
   &INT_SUM [&Type "Double"]       8.7500000000595435e-04
   &SPLITRIJ [&Type "Double"]       4.2148130000000013e+00
   &COSX [&Type "Double"]       3.1055557999999987e+01
$End
$Single_Point_Data
   &GeometryIndex 3
   &FinalEnergy [&Type "Double"]      -9.9981435058964689e+02  "Final single point energy"
   &Converged [&Type "Boolean"] true
$End
$SCF_Nuc_Gradient
   &GeometryIndex 3
   &NAtoms [&Type "Integer"] 42
   &gradNorm [&Type "Double"]       1.2533593035928188e-02
   &grad [&Type "ArrayOfDoubles", &Dim (126,1)] 
                                                         0

0                                      9.4252190057386720e-04
1                                      3.0921799371821934e-04
2                                      7.4020422186890644e-05
3                                     -1.7371342659344702e-04
4                                     -5.0306274360591846e-04
5                                     -3.2004692079268954e-04
6                                     -3.7756873351847686e-04
7                                     -5.9938166634904144e-04
8                                     -3.5594066422490328e-04
9                                     -8.6961836442606133e-05
10                                     3.1517476008770945e-04
11                                     2.2490112072992043e-04
12                                    -1.0247663722957739e-03
13                                     1.7124200532851221e-03
14                                     1.3275046730416226e-03
15                                     2.1629024654353929e-03
16                                    -1.5816850492914869e-03
17                                    -1.4008054656472896e-03
18                                     3.6014007183116092e-06
19                                     1.0933959968056003e-03
20                                     7.5586262521696104e-04
21                                    -2.2981473294883259e-03
22                                    -1.3583441048313910e-03
23                                    -6.1555541301915040e-04
24                                     2.9162803467414206e-03
25                                    -1.1560395564463449e-03
26                                    -1.2208545967785853e-03
27                                    -7.2140102573142739e-04
28                                     7.6353083342542774e-04
29                                     6.2919288877956794e-04
30                                     7.2343387015348648e-04
31                                    -7.6331569267152483e-04
32                                    -6.2957511350734963e-04
33                                    -1.1612792227748414e-03
34                                    -1.6779951600625455e-03
35                                    -9.8912735778758365e-04
36                                     2.8322712185410159e-03
37                                     2.1287879226288969e-03
38                                     1.0702868676827348e-03
39                                    -6.1819465140069974e-04
40                                    -6.7787838600077976e-04
41                                    -3.7205281086274272e-04
42                                    -2.9152436742439086e-03
43                                     1.1544463032079899e-03
44                                     1.2204245868432731e-03
45                                     2.2967952005402970e-03
46                                     1.3612855693507300e-03
47                                     6.1707194803273940e-04
48                                    -4.0733739171683325e-06
49                                    -1.0946953273769794e-03
50                                    -7.5588962813899832e-04
51                                     1.1617381953887146e-03
52                                     1.6786263940246557e-03
53                                     9.8943603084643283e-04
54                                    -2.8329373328363494e-03
55                                    -2.1290443890277233e-03
56                                    -1.0703428287107339e-03
57                                     6.1777418624422986e-04
58                                     6.7835970944175872e-04
59                                     3.7211585576710227e-04
60                                     8.7212526119775924e-05
61                                    -3.1583862130138418e-04
62                                    -2.2568941092614321e-04
63                                     1.0253817545563537e-03
64                                    -1.7127264147663093e-03
65                                    -1.3277733022305817e-03
66                                    -2.1627054264465317e-03
67                                     1.5824969633781161e-03
68                                     1.4004783883006730e-03
69                                    -9.4342645704081907e-04
70                                    -3.0980966973861990e-04
71                                    -7.4498572759131021e-05
72                                     1.7275804195256150e-04
73                                     5.0379786135062304e-04
74                                     3.2153807283880065e-04
75                                     3.7753990006437338e-04
76                                     5.9806268453979627e-04
77                                     3.5490938206053646e-04
78                                     7.4140332659788921e-05
79                                     3.5714245082105189e-04
80                                     2.3322733159253373e-04
81                                    -3.8155179999305178e-04
82                                    -3.1791814550519507e-04
83                                    -1.6618690982358152e-04
84                                    -1.1403124953187765e-03
85                                     3.1619042784242213e-04
86                                     3.8363666715807154e-04
87                                    -1.0767367992870341e-03
88                                     1.0312082080947693e-03
89                                     8.6352865046737670e-04
90                                     1.2191555118779562e-03
91                                     1.2620355473072498e-03
92                                     6.8845800292147152e-04
93                                    -1.2661524137237284e-03
94                                     1.1059728884325881e-03
95                                     9.4223494708968458e-04
96                                    -1.4681681188933038e-03
97                                    -1.4883644356147308e-03
98                                    -8.1445921030778856e-04
99                                     1.2940494203138170e-03
100                                   -5.4822849425029130e-04
101                                   -5.6096168878924657e-04
102                                    1.2657378129513341e-03
103                                   -1.1055269292152836e-03
104                                   -9.4210554475265829e-04
105                                   -1.2193170981896068e-03
106                                   -1.2621076459742309e-03
107                                   -6.8861317786211851e-04
108                                    1.4680312763902248e-03
109                                    1.4873400668068970e-03
110                                    8.1397857824730413e-04
111                                   -1.2938455807625787e-03
112                                    5.4850901786668294e-04
113                                    5.6141437520371151e-04
114                                    1.0772385564972731e-03
115                                   -1.0307466041379054e-03
116                                   -8.6302789763745280e-04
117                                   -7.3982174251807642e-05
118                                   -3.5683240734196708e-04
119                                   -2.3301521944033010e-04
120                                    3.8170120459971035e-04
121                                    3.1817200515382726e-04
122                                    1.6614385876074882e-04
123                                    1.1402202241054538e-03
124                                   -3.1663221347580373e-04
125                                   -3.8384354053334901e-04
   &Method [&Type "String"] "SCF"
   &Level [&Type "String"] "Relaxed density"
   &Mult [&Type "Integer"] 1
   &State [&Type "Integer"] 0
   &Irrep [&Type "Integer"] 0
$End
$Geometry
   &GeometryIndex 4
   &NAtoms [&Type "Integer"] 42
   &NCorelessECP [&Type "Integer"] 0
   &NGhostAtoms [&Type "Integer"] 0
   &CartesianCoordinates [&Type "Coordinates", &Dim(42,4), &Units "Bohr"] 
              C    -11.522514753085    1.991109983706    2.968976516980
              C    -12.793689038408   -0.018100257286    1.762100525624
              C    -11.428175072313   -1.749517789232    0.371844631412
              C     -8.769160241255   -1.540444491104    0.137568722054
              C     -7.469628776452    0.489147364496    1.354824877256
              C     -8.930128430843    2.232980934749    2.767338742855
              C     -4.738267406752    0.679114323826    1.097237559743
              C     -3.336252966165    2.657204231282    2.266057732815
              C     -0.768064626051    2.846327352875    2.030622944832
              C      0.666400188890    1.072465331079    0.598553626883
              C     -0.666410982025   -0.933143923277   -0.598590666133
              C     -3.388310246276   -1.132265079671   -0.347886923918
              C     -4.779853783749   -3.131881552812   -1.531798774606
              C     -7.338554600971   -3.327070043634   -1.301273200293
              C      0.768053419126   -2.706995231700   -2.030676552054
              C      3.336244290279   -2.517878586189   -2.266096798037
              C      4.738263851991   -0.539800634371   -1.097256893500
              C      3.388304047110    1.271581425466    0.347860315032
              C      4.779847092061    3.271197029398    1.531780036574
              C      7.338548750385    3.466377521329    1.301269162553
              C      8.769162722306    1.679743121570   -0.137553978904
              C      7.469631894267   -0.349850464910   -1.354814720757
              C      8.930138077205   -2.093701232779   -2.767305393264
              C     11.522526564462   -1.851833610144   -2.968926985731
              C     12.793699315024    0.157381961612   -1.762052990238
              C     11.428181067532    1.888810792391   -0.371811761378
              H    -12.584941175375    3.363829221838    4.067845120077
              H    -14.833058064216   -0.198767354769    1.927293977669
              H    -12.384133834699   -3.307892951578   -0.568630678253
              H     -8.026229830810    3.804800191074    3.724595092335
              H     -4.302665363726    4.075778812396    3.386311384946
              H      0.163075325100    4.406055699375    2.977574093571
              H     -3.803402209785   -4.544755922406   -2.648499900227
              H     -8.330133533770   -4.871507241140   -2.227091784865
              H     -0.163089524056   -4.266706070652   -2.977653893368
              H      4.302651152741   -3.936447466451   -3.386362226181
              H      3.803399611729    4.684077934851    2.648476828358
              H      8.330128599728    5.010812699156    2.227087159984
              H      8.026238146365   -3.665516349932   -3.724572258585
              H     12.584959604378   -3.224557720976   -4.067786561520
              H     14.833071208569    0.338042977124   -1.927237876863
              H     12.384139474839    3.447189462078    0.568661786020
$End
$SCF_Energy
   &GeometryIndex 4
   &Method [&Type "String"] "SCF"
   &totalEnergy [&Type "ArrayOfDoubles", &Dim (1,1)] "Total energy of each state"
                                                         0

0                                     -9.9981461870837609e+02
   &Mult [&Type "ArrayOfIntegers", &Dim (1,1)] "Multiplicity of each state"
                                                         0

0                                                        1
$End
$DFT_Energy
   &GeometryIndex 4
   &nAlphaEl [&Type "Integer"] 85
   &nBetaEl [&Type "Integer"] 85
   &nTotalEl [&Type "Integer"] 171
   &finalEn [&Type "Double"]      -9.9981461870837609e+02  "No Van der Waals correction"
   &eExchange [&Type "Double"]      -1.1168677228539306e+02
   &eCorr [&Type "Double"]      -6.8493879457952875e+00
   &eXC [&Type "Double"]      -1.1853616023118835e+02
   &eCNL [&Type "Double"]       0.0000000000000000e+00
$End
$SCF_Timings
   &GeometryIndex 4
   &TOTAL [&Type "Double"]       3.5439377999999998e+01
   &PREP [&Type "Double"]       6.7862800000000001e-01
   &FOCK [&Type "Double"]       3.3331784999999996e+01
   &DENS [&Type "Double"]       8.4143000000004520e-02
   &ETOT [&Type "Double"]       3.4447000000002781e-02
   &POP [&Type "Double"]       9.9999999747524271e-07
   &TRAFO [&Type "Double"]       4.9723000000000184e-02
   &DIIS [&Type "Double"]       6.2343000000000259e-02
   &SOSCF [&Type "Double"]       4.2094500000000412e-01
   &XC [&Type "Double"]       3.3609610000000032e+00
   &FOCKSTART [&Type "Double"]       1.3129000000004720e-02
   &INT_PREP [&Type "Double"]       5.9999999955095973e-06
   &INT_BF [&Type "Double"]       9.8185799999994661e-01
   &INT_DENS [&Type "Double"]       8.4695800000005317e-01
   &INT_DENSIO [&Type "Double"]       7.5835106127000225e+04
   &INT_FUNC [&Type "Double"]       1.0813399999996509e-01
   &INT_POT [&Type "Double"]       7.0178600000004110e-01
   &INT_POTIO [&Type "Double"]       2.7885000000015481e-02
   &INT_SUM [&Type "Double"]       1.2550000000048911e-03
   &SPLITRIJ [&Type "Double"]       3.7994299999999970e+00
   &COSX [&Type "Double"]       2.7278997000000007e+01
$End
$Single_Point_Data
   &GeometryIndex 4
   &FinalEnergy [&Type "Double"]      -9.9981461870837609e+02  "Final single point energy"
   &Converged [&Type "Boolean"] true
$End
$SCF_Nuc_Gradient
   &GeometryIndex 4
   &NAtoms [&Type "Integer"] 42
   &gradNorm [&Type "Double"]       5.5148196366610874e-03
   &grad [&Type "ArrayOfDoubles", &Dim (126,1)] 
                                                         0

0                                      1.0730412649458398e-03
1                                      5.4396963402955634e-04
2                                      2.2071526270900366e-04
3                                     -3.3881454368173136e-04
4                                     -8.7832266009844201e-04
5                                     -5.5888552040455480e-04
6                                     -4.7354007610503346e-04
7                                      4.1917984143222120e-04
8                                      3.6058860135442655e-04
9                                     -1.1038703322513166e-03
10                                     1.7811920319147842e-04
11                                     2.8051555262788297e-04
12                                    -9.3255412283746453e-04
13                                     8.6108479146739837e-04
14                                     7.2555220463122946e-04
15                                     4.0324100501472337e-04
16                                    -7.7162641503161766e-04
17                                    -5.9399576752840882e-04
18                                     3.8857536685114880e-04
19                                    -7.9591868619170031e-05
20                                    -1.1255646538253089e-04
21                                    -8.7465255475857595e-05
22                                    -4.0762217336275802e-04
23                                    -2.7258758367568192e-04
24                                     4.1072759181669249e-04
25                                    -3.0807218967071615e-04
26                                    -2.7776363453312775e-04
27                                    -2.1778808929831528e-04
28                                    -3.7147499110504190e-05
29                                     3.6803282813576560e-06
30                                     2.1684807034227926e-04
31                                     3.6792582271252816e-05
32                                    -2.9948421369496714e-06
33                                    -7.0733019447950796e-04
34                                    -8.2043157549498147e-05
35                                     4.6674838721710160e-05
36                                     2.7857178333656751e-04
37                                     5.1380952467361407e-04
38                                     3.2289994150679069e-04
39                                     1.3794191282856666e-03
40                                    -5.5784661073728092e-04
41                                    -5.7659128727846620e-04
42                                    -4.1020309360903506e-04
43                                     3.0777972752406291e-04
44                                     2.7762921526617440e-04
45                                     8.7362740443186482e-05
46                                     4.0727525145231591e-04
47                                     2.7290340952567521e-04
48                                    -3.8900798708865758e-04
49                                     7.9833588192870786e-05
50                                     1.1215133454560954e-04
51                                     7.0828174607343031e-04
52                                     8.1192728696416472e-05
53                                    -4.7658908772035824e-05
54                                    -2.7818450060901334e-04
55                                    -5.1307483140873578e-04
56                                    -3.2254977074983038e-04
57                                    -1.3805309968616536e-03
58                                     5.5787187398298466e-04
59                                     5.7635348593051972e-04
60                                     1.1033033191304789e-03
61                                    -1.7816591919004449e-04
62                                    -2.8023144070529402e-04
63                                     9.3353819763272727e-04
64                                    -8.6041701246381691e-04
65                                    -7.2546492900324791e-04
66                                    -4.0357209812333372e-04
67                                     7.7120324402704665e-04
68                                     5.9483462735784171e-04
69                                    -1.0730750482349505e-03
70                                    -5.4325871791566227e-04
71                                    -2.2033592073823771e-04
72                                     3.3938409628050947e-04
73                                     8.7827243553711618e-04
74                                     5.5871383189042348e-04
75                                     4.7267319107890254e-04
76                                    -4.1877033195128477e-04
77                                    -3.6024587556736376e-04
78                                     1.2788753712530965e-04
79                                     2.2277395794655097e-04
80                                     1.3153086393605240e-04
81                                    -1.3281964601530305e-04
82                                    -1.8686384152157356e-04
83                                    -1.1086691623351554e-04
84                                    -4.4075287330172519e-04
85                                     8.8634422274858071e-05
86                                     1.2760757761506869e-04
87                                    -2.8493694597817032e-04
88                                     4.1977715134033922e-04
89                                     3.3016120724349562e-04
90                                     4.0374854759114842e-04
91                                     5.2790934833896186e-04
92                                     3.0136293427723837e-04
93                                    -3.9503551772350487e-04
94                                     4.7459540807215372e-04
95                                     3.8169081489432266e-04
96                                    -4.7639278789995965e-04
97                                    -6.1141596828068190e-04
98                                    -3.5460478584616040e-04
99                                     6.2349534580442845e-04
100                                   -3.1216547180151766e-04
101                                   -3.0188938703876178e-04
102                                    3.9466789060296770e-04
103                                   -4.7459821496512178e-04
104                                   -3.8220440434826031e-04
105                                   -4.0410921264971700e-04
106                                   -5.2790641210398448e-04
107                                   -3.0133900991125007e-04
108                                    4.7636878437966323e-04
109                                    6.1140228355729964e-04
110                                    3.5464286417499769e-04
111                                   -6.2284155137859454e-04
112                                    3.1117187450749317e-04
113                                    3.0128621217552498e-04
114                                    2.8433762600299506e-04
115                                   -4.1970465680379876e-04
116                                   -3.3030817072271512e-04
117                                   -1.2728499767797330e-04
118                                   -2.2309729095040809e-04
119                                   -1.3186623249060447e-04
120                                    1.3336441237721264e-04
121                                    1.8693287411394172e-04
122                                    1.1071032243490514e-04
123                                    4.4127223098536228e-04
124                                   -8.7870505015574807e-05
125                                   -1.2726457846204409e-04
   &Method [&Type "String"] "SCF"
   &Level [&Type "String"] "Relaxed density"
   &Mult [&Type "Integer"] 1
   &State [&Type "Integer"] 0
   &Irrep [&Type "Integer"] 0
$End
$Geometry
   &GeometryIndex 5
   &NAtoms [&Type "Integer"] 42
   &NCorelessECP [&Type "Integer"] 0
   &NGhostAtoms [&Type "Integer"] 0
   &CartesianCoordinates [&Type "Coordinates", &Dim(42,4), &Units "Bohr"] 
              C    -11.523119425585    1.990769599246    2.968650307460
              C    -12.790805334851   -0.018485299793    1.761419596548
              C    -11.422522983713   -1.748811797484    0.371619557930
              C     -8.765072216670   -1.538477282922    0.138473368126
              C     -7.466673621739    0.489468063559    1.354681923557
              C     -8.930006053197    2.233718078174    2.767648881336
              C     -4.736251850917    0.679554375857    1.097382893948
              C     -3.335633093553    2.658384440214    2.267189674548
              C     -0.768163561120    2.847106390984    2.031544033534
              C      0.665944726299    1.072259481204    0.598500855073
              C     -0.665961306757   -0.932835312590   -0.598597794425
              C     -3.387168805335   -1.131370537239   -0.347457376975
              C     -4.780596427325   -3.131858805396   -1.531594572914
              C     -7.339539063607   -3.325554980411   -1.299887843558
              C      0.768138383602   -2.707680778899   -2.031649740986
              C      3.335608304212   -2.518976461871   -2.267281363127
              C      4.736237902723   -0.540178356150   -1.097435255065
              C      3.387163530016    1.270759873115    0.347398677817
              C      4.780618611829    3.271210028163    1.531573367353
              C      7.339572104387    3.464849120069    1.299915654259
              C      8.765095503343    1.677749170081   -0.138434488948
              C      7.466666382315   -0.350154200617   -1.354687144327
              C      8.929976744344   -2.094430789342   -2.767650447922
              C     11.523098130516   -1.851550840393   -2.968598903517
              C     12.790816730672    0.157655600177   -1.761318575659
              C     11.422558217408    1.888010737760   -0.371528424469
              H    -12.588474110609    3.361486548071    4.066375249112
              H    -14.829782517815   -0.199361829270    1.926414055288
              H    -12.371167654315   -3.309799250406   -0.571645049778
              H     -8.020734685463    3.802881401486    3.721987093683
              H     -4.309940125518    4.071780206090    3.385317777901
              H      0.171234385357    4.402828684711    2.974714502862
              H     -3.796161020273   -4.539605068209   -2.645670232326
              H     -8.340744051151   -4.866167995086   -2.221463831773
              H     -0.171263671725   -4.263398540303   -2.974820466367
              H      4.309909335441   -3.932376281260   -3.385410568152
              H      3.796203542925    4.678972952925    2.645646290702
              H      8.340790170803    5.005438590020    2.221519276577
              H      8.020680847361   -3.663560699571   -3.722023744660
              H     12.588434949990   -3.222284017932   -4.066319146910
              H     14.829802380255    0.338471384937   -1.926267388838
              H     12.371230640751    3.448958794959    0.571769341981
$End
$SCF_Energy
   &GeometryIndex 5
   &Method [&Type "String"] "SCF"
   &totalEnergy [&Type "ArrayOfDoubles", &Dim (1,1)] "Total energy of each state"
                                                         0

0                                     -9.9981468197108859e+02
   &Mult [&Type "ArrayOfIntegers", &Dim (1,1)] "Multiplicity of each state"
                                                         0

0                                                        1
$End
$DFT_Energy
   &GeometryIndex 5
   &nAlphaEl [&Type "Integer"] 85
   &nBetaEl [&Type "Integer"] 85
   &nTotalEl [&Type "Integer"] 171
   &finalEn [&Type "Double"]      -9.9981468197108859e+02  "No Van der Waals correction"
   &eExchange [&Type "Double"]      -1.1169066775465814e+02
   &eCorr [&Type "Double"]      -6.8497199616603854e+00
   &eXC [&Type "Double"]      -1.1854038771631852e+02
   &eCNL [&Type "Double"]       0.0000000000000000e+00
$End
$SCF_Timings
   &GeometryIndex 5
   &TOTAL [&Type "Double"]       3.3795629000000005e+01
   &PREP [&Type "Double"]       7.1449199999999990e-01
   &FOCK [&Type "Double"]       3.1430152000000003e+01
   &DENS [&Type "Double"]       8.0660999999999206e-02
   &ETOT [&Type "Double"]       3.1122000000001648e-02
   &TRAFO [&Type "Double"]       4.4398999999998523e-02
   &DIIS [&Type "Double"]       7.1865999999999985e-02
   &SOSCF [&Type "Double"]       3.6950600000000300e-01
   &XC [&Type "Double"]       3.1959919999999959e+00
   &FOCKSTART [&Type "Double"]       1.2197999999992604e-02
   &INT_PREP [&Type "Double"]       2.9999999995311555e-06
   &INT_BF [&Type "Double"]       9.6857600000005561e-01
   &INT_DENS [&Type "Double"]       8.3406199999993280e-01
   &INT_DENSIO [&Type "Double"]       6.2765258847000128e+04
   &INT_FUNC [&Type "Double"]       1.0292600000004892e-01
   &INT_POT [&Type "Double"]       7.1725799999996376e-01
   &INT_POTIO [&Type "Double"]       2.6091999999967364e-02
   &INT_SUM [&Type "Double"]       1.2460000000018567e-03
   &SPLITRIJ [&Type "Double"]       3.4888170000000063e+00
   &COSX [&Type "Double"]       2.6207570999999998e+01
$End
$Single_Point_Data
   &GeometryIndex 5
   &FinalEnergy [&Type "Double"]      -9.9981468197108859e+02  "Final single point energy"
   &Converged [&Type "Boolean"] true
$End
$SCF_Nuc_Gradient
   &GeometryIndex 5
   &NAtoms [&Type "Integer"] 42
   &gradNorm [&Type "Double"]       2.1515125976776061e-03
   &grad [&Type "ArrayOfDoubles", &Dim (126,1)] 
                                                         0

0                                      1.7872221724991866e-04
1                                      2.2046538169809282e-04
2                                      1.2529518897139852e-04
3                                     -1.7284292009089874e-04
4                                     -2.7180222178012359e-04
5                                     -1.6326112116822611e-04
6                                      1.0689562071048569e-04
7                                      3.6190615352066358e-04
8                                      2.3551124831942827e-04
9                                     -7.2995265485236924e-04
10                                    -8.5455938493815553e-06
11                                     1.0118745401224011e-04
12                                    -3.2943211737268552e-04
13                                    -5.0978712191299125e-05
14                                     1.2082399393634549e-05
15                                    -2.6311925675495673e-05
16                                    -6.4840088571910259e-05
17                                    -4.5463677789195356e-05
18                                     2.4207587976217415e-04
19                                    -2.9997391145031652e-04
20                                    -2.4343984492460752e-04
21                                     2.0775076486753696e-04
22                                     1.6787334049528368e-05
23                                    -2.1404387650712786e-05
24                                    -1.6825562039193831e-04
25                                     9.7445934369722043e-05
26                                     8.8054294260578314e-05
27                                     6.5066000230235010e-05
28                                    -2.2553903239903861e-04
29                                    -1.6743520487966235e-04
30                                    -6.5288091576784502e-05
31                                     2.2516858345541201e-04
32                                     1.6654451135620849e-04
33                                    -8.8316439169872085e-05
34                                     4.1729213959707315e-04
35                                     3.0147943592364647e-04
36                                    -1.6880049489523263e-04
37                                    -1.4512289298032610e-04
38                                    -7.0857628953147067e-05
39                                     6.4574949603467269e-04
40                                    -8.0932354207807755e-05
41                                    -1.4487178784181737e-04
42                                     1.6754217038879304e-04
43                                    -9.6548600784063243e-05
44                                    -8.7458750490924941e-05
45                                    -2.0736451720602955e-04
46                                    -1.6965952839502474e-05
47                                     2.0492885079596845e-05
48                                    -2.4048387349687173e-04
49                                     2.9953514687876270e-04
50                                     2.4309249733801483e-04
51                                     8.7658799470716198e-05
52                                    -4.1760095337184389e-04
53                                    -3.0164175855895356e-04
54                                     1.6943120785292698e-04
55                                     1.4486933629541399e-04
56                                     7.0950425565055597e-05
57                                    -6.4549170341667017e-04
58                                     8.1970349805698950e-05
59                                     1.4606734857314230e-04
60                                     7.3124338901188295e-04
61                                     9.1152055581075059e-06
62                                    -1.0065742704767899e-04
63                                     3.2798937271449891e-04
64                                     4.9819494618769111e-05
65                                    -1.2507513293692415e-05
66                                     2.7241245957126958e-05
67                                     6.4734724714216041e-05
68                                     4.5477468417987055e-05
69                                    -1.7981316951257154e-04
70                                    -2.2149021940788549e-04
71                                    -1.2592895552156202e-04
72                                     1.7346924457002644e-04
73                                     2.7151922908112691e-04
74                                     1.6304581440032551e-04
75                                    -1.0635856991018239e-04
76                                    -3.6079841912406430e-04
77                                    -2.3516361797006058e-04
78                                     7.8843410701801009e-05
79                                     5.3407183914722101e-05
80                                     2.1490466555834642e-05
81                                     1.0865517189151408e-05
82                                    -6.1574781221925695e-05
83                                    -4.4445009842984662e-05
84                                    -5.2812104037736063e-05
85                                    -3.7443832356376383e-06
86                                     8.8518672962389910e-06
87                                     9.7388587134289439e-06
88                                     1.2528403666528520e-05
89                                     5.5018761054154153e-06
90                                     5.3383550158658810e-05
91                                     5.2514271939696489e-05
92                                     2.4289065616120431e-05
93                                    -3.4390082961036073e-05
94                                     4.4415781025097800e-05
95                                     3.1725952758618337e-05
96                                    -5.8736684311916365e-05
97                                    -5.8882512865898740e-05
98                                    -3.1101931934215954e-05
99                                     1.5937002455822247e-04
100                                   -8.9268540575976330e-05
101                                   -8.0954845839309453e-05
102                                    3.3902501438726196e-05
103                                   -4.4181756068573108e-05
104                                   -3.0951701627729422e-05
105                                   -5.3685009905546366e-05
106                                   -5.2510143150247268e-05
107                                   -2.4285242975735644e-05
108                                    5.9416099889034180e-05
109                                    5.8987086230283259e-05
110                                    3.0850274398253053e-05
111                                   -1.5914817231110767e-04
112                                    8.9687323869991342e-05
113                                    8.0929420660832974e-05
114                                   -1.0427334377852149e-05
115                                   -1.2535231815047343e-05
116                                   -5.3333912931607941e-06
117                                   -7.9499401624660848e-05
118                                   -5.3006648146641799e-05
119                                   -2.1244224485808538e-05
120                                   -1.1210646036374783e-05
121                                    6.1733344713099658e-05
122                                    4.4712745721573605e-05
123                                    5.2266159036057358e-05
124                                    2.9405401837379053e-06
125                                   -9.2246153828162702e-06
   &Method [&Type "String"] "SCF"
   &Level [&Type "String"] "Relaxed density"
   &Mult [&Type "Integer"] 1
   &State [&Type "Integer"] 0
   &Irrep [&Type "Integer"] 0
$End
$Geometry
   &GeometryIndex 6
   &NAtoms [&Type "Integer"] 42
   &NCorelessECP [&Type "Integer"] 0
   &NGhostAtoms [&Type "Integer"] 0
   &CartesianCoordinates [&Type "Coordinates", &Dim(42,4), &Units "Bohr"] 
              C    -11.523364205147    1.990103943217    2.968119137580
              C    -12.789566164956   -0.019057970317    1.760706095848
              C    -11.420397727327   -1.749090302000    0.371004447916
              C     -8.763046474046   -1.537243304179    0.139000231196
              C     -7.465281669823    0.490614617210    1.355282553934
              C     -8.929961966695    2.234427599503    2.768085714824
              C     -4.735626750074    0.680384845996    1.097981836203
              C     -3.335317053520    2.658958324282    2.267782416192
              C     -0.767679975477    2.847216698486    2.031792076025
              C      0.665871447282    1.072348396644    0.598686260583
              C     -0.665877627752   -0.933061488089   -0.598699881339
              C     -3.386918725252   -1.131423354225   -0.347427967397
              C     -4.780853436970   -3.131597774763   -1.531245888381
              C     -7.340224039251   -3.324544189865   -1.299020129974
              C      0.767680582440   -2.707919523930   -2.031821091997
              C      3.335319031897   -2.519653480144   -2.267803629302
              C      4.735625424427   -0.541085354816   -1.097988910407
              C      3.386911685140    1.270710177961    0.347427691438
              C      4.780835496096    3.270882350340    1.531256873157
              C      7.340205592514    3.463833441891    1.299038696937
              C      8.763040673652    1.676545275896   -0.138987538254
              C      7.465283630638   -0.351308538078   -1.355288358250
              C      8.929976012155   -2.095105967810   -2.768108574403
              C     11.523379752935   -1.850776328796   -2.968121251226
              C     12.789571708032    0.158374339686   -1.760679860803
              C     11.420394766203    1.888395088183   -0.370973241729
              H    -12.590394987537    3.359824820778    4.065374454948
              H    -14.828550361467   -0.200045286620    1.925575797764
              H    -12.367329301205   -3.310603439413   -0.572927390146
              H     -8.021292447462    3.803719386889    3.722536287115
              H     -4.310452601278    4.071747863041    3.385693074458
              H      0.172982881867    4.402304744654    2.974401639468
              H     -3.795779340048   -4.538951706963   -2.644960974303
              H     -8.344246917581   -4.863978212446   -2.219302008361
              H     -0.172972611901   -4.262999531579   -2.974452400614
              H      4.310458391273   -3.932430246149   -3.385729040868
              H      3.795759151918    4.678227733970    2.644983471072
              H      8.344217051679    5.003265956058    2.219335238694
              H      8.021320259802   -3.664392261834   -3.722583323182
              H     12.590421052782   -3.220485631668   -4.065383198496
              H     14.828557670437    0.339359996472   -1.925534249020
              H     12.367322064907    3.449902689184    0.572974931996
$End
$SCF_Energy
   &GeometryIndex 6
   &Method [&Type "String"] "SCF"
   &totalEnergy [&Type "ArrayOfDoubles", &Dim (1,1)] "Total energy of each state"
                                                         0

0                                     -9.9981468822442525e+02
   &Mult [&Type "ArrayOfIntegers", &Dim (1,1)] "Multiplicity of each state"
                                                         0

0                                                        1
$End
$DFT_Energy
   &GeometryIndex 6
   &nAlphaEl [&Type "Integer"] 85
   &nBetaEl [&Type "Integer"] 85
   &nTotalEl [&Type "Integer"] 171
   &finalEn [&Type "Double"]      -9.9981468822442525e+02  "No Van der Waals correction"
   &eExchange [&Type "Double"]      -1.1169160938977515e+02
   &eCorr [&Type "Double"]      -6.8498038679416471e+00
   &eXC [&Type "Double"]      -1.1854141325771680e+02
   &eCNL [&Type "Double"]       0.0000000000000000e+00
$End
$SCF_Timings
   &GeometryIndex 6
   &TOTAL [&Type "Double"]       2.8630883000000001e+01
   &PREP [&Type "Double"]       6.9639799999999996e-01
   &FOCK [&Type "Double"]       2.6292341000000000e+01
   &DENS [&Type "Double"]       5.8644000000001029e-02
   &ETOT [&Type "Double"]       2.2591000000003802e-02
   &TRAFO [&Type "Double"]       4.5056999999999903e-02
   &DIIS [&Type "Double"]       5.8667999999999942e-02
   &SOSCF [&Type "Double"]       2.7987499999999965e-01
   &XC [&Type "Double"]       2.4194410000000017e+00
   &FOCKSTART [&Type "Double"]       1.1105999999996063e-02
   &INT_PREP [&Type "Double"]       2.0000000011677344e-06
   &INT_BF [&Type "Double"]       7.1512899999998858e-01
   &INT_DENS [&Type "Double"]       6.2155299999995250e-01
   &INT_DENSIO [&Type "Double"]       4.0357124773000076e+04
   &INT_FUNC [&Type "Double"]       7.6779000000075648e-02
   &INT_POT [&Type "Double"]       5.5641200000004876e-01
   &INT_POTIO [&Type "Double"]       1.8653999999992621e-02
   &INT_SUM [&Type "Double"]       3.5900000000310683e-04
   &SPLITRIJ [&Type "Double"]       2.6185549999999989e+00
   &COSX [&Type "Double"]       2.2857525000000003e+01
$End
$Single_Point_Data
   &GeometryIndex 6
   &FinalEnergy [&Type "Double"]      -9.9981468822442525e+02  "Final single point energy"
   &Converged [&Type "Boolean"] true
$End
$SCF_Nuc_Gradient
   &GeometryIndex 6
   &NAtoms [&Type "Integer"] 42
   &gradNorm [&Type "Double"]       8.6747229837215065e-04
   &grad [&Type "ArrayOfDoubles", &Dim (126,1)] 
                                                         0

0                                     -1.0824510841159207e-04
1                                      1.9881135023339103e-05
2                                      2.7491843285327999e-05
3                                     -3.4293331272153282e-05
4                                      2.2966114549400479e-05
5                                      2.0445458953369244e-05
6                                      1.9918194778947157e-04
7                                      1.2445481006112535e-04
8                                      5.8807616381148509e-05
9                                     -2.6822286407589963e-04
10                                    -6.4782917724492961e-05
11                                    -4.7431247963206080e-06
12                                    -6.3359660595826983e-05
13                                    -1.4470470782676145e-04
14                                    -9.1754696862896695e-05
15                                     1.1127353727352629e-05
16                                     4.5492510845748790e-05
17                                     2.7291155993286464e-05
18                                     6.6501839627808312e-05
19                                    -1.0857799565751163e-04
20                                    -8.5524687730674509e-05
21                                     4.3047323753736544e-05
22                                     3.2608879602970264e-05
23                                     1.5117202431066956e-05
24                                    -6.4664956705748344e-05
25                                     8.1489665940182032e-05
26                                     6.2900396620865773e-05
27                                     6.5724125971985958e-05
28                                    -9.6458278339968048e-05
29                                    -7.8103816011657057e-05
30                                    -6.6243281921493646e-05
31                                     9.6752542538127567e-05
32                                     7.8603661938153602e-05
33                                     6.8461918604698080e-05
34                                     2.2801096895861545e-04
35                                     1.4859603930595516e-04
36                                    -6.3491588895500661e-05
37                                    -1.2409326734323656e-04
38                                    -7.3293772793213419e-05
39                                     8.8011186051312196e-05
40                                     6.9287700821846210e-05
41                                     3.8235729368674143e-05
42                                     6.5325011757461082e-05
43                                    -8.1503321450862587e-05
44                                    -6.4032166046751327e-05
45                                    -4.2279052672927753e-05
46                                    -3.4199632173215200e-05
47                                    -1.4938492299020056e-05
48                                    -6.7944087701346523e-05
49                                     1.0960935486627535e-04
50                                     8.6464248225027844e-05
51                                    -6.9621991232171609e-05
52                                    -2.2881978059662023e-04
53                                    -1.4821340470018603e-04
54                                     6.4528918249817657e-05
55                                     1.2307960572037480e-04
56                                     7.2192179110294741e-05
57                                    -8.8674079421147134e-05
58                                    -6.9379089328788779e-05
59                                    -3.7954230712004822e-05
60                                     2.6853699101309081e-04
61                                     6.6058929275872313e-05
62                                     5.0253733134362349e-06
63                                     6.3217295825090947e-05
64                                     1.4574364718884791e-04
65                                     9.2337167910627738e-05
66                                    -9.8893554879228573e-06
67                                    -4.5984982637733984e-05
68                                    -2.8550927937853743e-05
69                                     1.0833000249582669e-04
70                                    -1.9543183060063973e-05
71                                    -2.6831093876050760e-05
72                                     3.3825785085914162e-05
73                                    -2.2835559240296996e-05
74                                    -2.0295445591761441e-05
75                                    -1.9884285807954261e-04
76                                    -1.2527910680773524e-04
77                                    -5.9250307921990264e-05
78                                     3.6354036910518639e-05
79                                     9.7431878045145526e-06
80                                    -1.9634027848269842e-06
81                                     1.6558870048033469e-05
82                                    -2.7406934248561110e-05
83                                    -2.1511754686702120e-05
84                                    -3.1202765198856675e-06
85                                    -6.1349886314454594e-06
86                                    -4.3648399261630999e-07
87                                     2.3173492622458047e-05
88                                    -3.1202447952599632e-05
89                                    -2.8229935659679350e-05
90                                     1.3001322322944708e-05
91                                    -1.2602395546595924e-05
92                                    -1.5067635289786607e-05
93                                     2.9910007731670518e-06
94                                    -1.7084034905689993e-05
95                                    -1.7586799577515300e-05
96                                    -1.2148801591782554e-05
97                                     1.6362123926860761e-05
98                                     1.5915371273211854e-05
99                                     4.7110181615669933e-05
100                                   -2.5247252704502232e-05
101                                   -2.0295236820774831e-05
102                                   -2.6215039704569065e-06
103                                    1.7755769047972381e-05
104                                    1.7541161974637953e-05
105                                   -1.3653512922304212e-05
106                                    1.2546861037743273e-05
107                                    1.5129502601463063e-05
108                                    1.1637110885115431e-05
109                                   -1.5852613109879066e-05
110                                   -1.5503195814323134e-05
111                                   -4.7188457540744966e-05
112                                    2.5221670478969838e-05
113                                    2.0245391415874003e-05
114                                   -2.2805960094643418e-05
115                                    3.1114974512636007e-05
116                                    2.7979535536792888e-05
117                                   -3.6130397020939231e-05
118                                   -1.0260226423780550e-05
119                                    1.5776238717346569e-06
120                                   -1.6511304053001830e-05
121                                    2.7399792798657452e-05
122                                    2.1540838521148797e-05
123                                    3.3067072437303890e-06
124                                    6.3724741483084379e-06
125                                    6.4311515438064681e-07
   &Method [&Type "String"] "SCF"
   &Level [&Type "String"] "Relaxed density"
   &Mult [&Type "Integer"] 1
   &State [&Type "Integer"] 0
   &Irrep [&Type "Integer"] 0
$End
$Geometry
   &GeometryIndex 7
   &NAtoms [&Type "Integer"] 42
   &NCorelessECP [&Type "Integer"] 0
   &NGhostAtoms [&Type "Integer"] 0
   &CartesianCoordinates [&Type "Coordinates", &Dim(42,4), &Units "Bohr"] 
              C    -11.523426755147    1.989759592489    2.967844492908
              C    -12.789310152159   -0.019430079240    1.760353017226
              C    -11.420000824078   -1.749380235709    0.370711002707
              C     -8.762385172226   -1.536741413909    0.139259621131
              C     -7.464881958933    0.491289820451    1.355713849188
              C     -8.930070762687    2.234783443488    2.768341936849
              C     -4.735500871189    0.680769052358    1.098278966551
              C     -3.335165900134    2.659131344878    2.268006143177
              C     -0.767456979577    2.847189564082    2.031882706008
              C      0.665877740608    1.072461142838    0.598786735711
              C     -0.665877328384   -0.933147977943   -0.598787845992
              C     -3.386981356567   -1.131554607291   -0.347485379361
              C     -4.780933611584   -3.131503905581   -1.531095288726
              C     -7.340421006537   -3.324240321264   -1.298714105640
              C      0.767457275312   -2.707880285046   -2.031882996607
              C      3.335164113400   -2.519807650293   -2.268014046163
              C      4.735499758168   -0.541453334161   -1.098278646016
              C      3.386983189147    1.270869529864    0.347488571306
              C      4.780935002768    3.270814804769    1.531102458622
              C      7.340422781444    3.463545340848    1.298712552044
              C      8.762386393884    1.676041585732   -0.139259267692
              C      7.464880688968   -0.351990155356   -1.355708023468
              C      8.930064405336   -2.095493083158   -2.768330870506
              C     11.523420096363   -1.850466130738   -2.967842514806
              C     12.789306686874    0.158726403891   -1.760358818307
              C     11.420002403763    1.888679758830   -0.370715316626
              H    -12.591165769030    3.359112778746    4.064929773947
              H    -14.828341786029   -0.200277658442    1.925295290687
              H    -12.366489594789   -3.311005028848   -0.573391169105
              H     -8.022158426888    3.804393834938    3.723108663584
              H     -4.310259172730    4.071931322415    3.386013807874
              H      0.173303600695    4.402217293842    2.974552940135
              H     -3.795915887127   -4.538973663352   -2.644793071991
              H     -8.345309999433   -4.863318179958   -2.218572980054
              H     -0.173296590537   -4.262913211295   -2.974555150099
              H      4.310263822099   -3.932602207693   -3.386026847930
              H      3.795926630075    4.678282602276    2.644808845724
              H      8.345311430443    5.002623354468    2.218571636461
              H      8.022152298842   -3.665107383501   -3.723093192611
              H     12.591158237188   -3.219820412424   -4.064925684305
              H     14.828338353725    0.339570006449   -1.925308597488
              H     12.366494939971    3.450308744209    0.573376820548
$End
$SCF_Mulliken_Population_Analysis
   &GeometryIndex 7
   &NAtoms [&Type "Integer"] 42
   &ATNO [&Type "ArrayOfIntegers", &Dim (42,1)] 
                                                         0

0                                                        6
1                                                        6
2                                                        6
3                                                        6
4                                                        6
5                                                        6
6                                                        6
7                                                        6
8                                                        6
9                                                        6
10                                                       6
11                                                       6
12                                                       6
13                                                       6
14                                                       6
15                                                       6
16                                                       6
17                                                       6
18                                                       6
19                                                       6
20                                                       6
21                                                       6
22                                                       6
23                                                       6
24                                                       6
25                                                       6
26                                                       1
27                                                       1
28                                                       1
29                                                       1
30                                                       1
31                                                       1
32                                                       1
33                                                       1
34                                                       1
35                                                       1
36                                                       1
37                                                       1
38                                                       1
39                                                       1
40                                                       1
41                                                       1
   &AtomicCharges [&Type "ArrayOfDoubles", &Dim (42,1)] 
                                                         0

0                                     -1.3704852022264902e-01
1                                     -1.2469249701974938e-01
2                                     -2.0596492170105574e-01
3                                      1.5874216773165095e-01
4                                      4.3436355683593497e-02
5                                     -1.8510094927377985e-01
6                                      8.3690423641392897e-02
7                                     -1.9954966842853672e-01
8                                     -1.9990132014520334e-01
9                                      6.7062618793316986e-02
10                                     6.7069900144852923e-02
11                                     5.0057095010735075e-02
12                                    -1.8354024331910068e-01
13                                    -2.0518584170123333e-01
14                                    -1.9990421963814242e-01
15                                    -1.9954749169282238e-01
16                                     8.3694063240468353e-02
17                                     5.0069344611423539e-02
18                                    -1.8354182423064103e-01
19                                    -2.0517875711124134e-01
20                                     1.5874039056532485e-01
21                                     4.3426898008323889e-02
22                                    -1.8509830516091519e-01
23                                    -1.3704999881347035e-01
24                                    -1.2469302599939347e-01
25                                    -2.0596770914112028e-01
26                                     1.2769768135525283e-01
27                                     1.2837063922594605e-01
28                                     1.2795149897494351e-01
29                                     1.3227080566471006e-01
30                                     1.3070279363104409e-01
31                                     1.3128705318860501e-01
32                                     1.3228041250381772e-01
33                                     1.2742561752201875e-01
34                                     1.3128875586847411e-01
35                                     1.3070302791674471e-01
36                                     1.3228001974219949e-01
37                                     1.2742460389937715e-01
38                                     1.3227303673184321e-01
39                                     1.2769761146833969e-01
40                                     1.2837067631157750e-01
41                                     1.2795180216317670e-01
   &Method [&Type "String"] "SCF"
   &Level [&Type "String"] "Relaxed density"
   &Mult [&Type "Integer"] 1
   &State [&Type "Integer"] -1
   &Irrep [&Type "Integer"] 0
$End
$SCF_Loewdin_Population_Analysis
   &GeometryIndex 7
   &NAtoms [&Type "Integer"] 42
   &ATNO [&Type "ArrayOfIntegers", &Dim (42,1)] 
                                                         0

0                                                        6
1                                                        6
2                                                        6
3                                                        6
4                                                        6
5                                                        6
6                                                        6
7                                                        6
8                                                        6
9                                                        6
10                                                       6
11                                                       6
12                                                       6
13                                                       6
14                                                       6
15                                                       6
16                                                       6
17                                                       6
18                                                       6
19                                                       6
20                                                       6
21                                                       6
22                                                       6
23                                                       6
24                                                       6
25                                                       6
26                                                       1
27                                                       1
28                                                       1
29                                                       1
30                                                       1
31                                                       1
32                                                       1
33                                                       1
34                                                       1
35                                                       1
36                                                       1
37                                                       1
38                                                       1
39                                                       1
40                                                       1
41                                                       1
   &AtomicCharges [&Type "ArrayOfDoubles", &Dim (42,1)] 
                                                         0

0                                     -1.2949155676863811e-01
1                                     -1.3009212448164575e-01
2                                     -1.2337940420659788e-01
3                                     -1.2896881661111692e-02
4                                     -7.7516834855417827e-03
5                                     -1.2459826828406229e-01
6                                     -9.0890710984012912e-03
7                                     -1.2457898109205434e-01
8                                     -1.2544968739078577e-01
9                                     -8.4044108793710492e-03
10                                    -8.4041036376305556e-03
11                                    -8.7185988819786786e-03
12                                    -1.2719842504814238e-01
13                                    -1.2330170767952797e-01
14                                    -1.2544986281793591e-01
15                                    -1.2457829482888894e-01
16                                    -9.0887438489586359e-03
17                                    -8.7182244601544667e-03
18                                    -1.2719904725435072e-01
19                                    -1.2330130936845851e-01
20                                    -1.2896937001495523e-02
21                                    -7.7516883088852850e-03
22                                    -1.2459803514147350e-01
23                                    -1.2949167667738859e-01
24                                    -1.3009221707012397e-01
25                                    -1.2337927102546331e-01
26                                     1.3172960358638264e-01
27                                     1.3212070186785940e-01
28                                     1.3105956010152697e-01
29                                     1.3112342596540594e-01
30                                     1.3212435279126966e-01
31                                     1.3227110600110481e-01
32                                     1.3267047189524139e-01
33                                     1.3185067464105327e-01
34                                     1.3227122216902387e-01
35                                     1.3212414651629478e-01
36                                     1.3267074237942367e-01
37                                     1.3185056331855249e-01
38                                     1.3112359610860513e-01
39                                     1.3172966421453414e-01
40                                     1.3212073493607868e-01
41                                     1.3105964590680830e-01
   &Method [&Type "String"] "SCF"
   &Level [&Type "String"] "Relaxed density"
   &Mult [&Type "Integer"] 1
   &State [&Type "Integer"] -1
   &Irrep [&Type "Integer"] 0
$End
$SCF_Mayer_Population_Analysis
   &GeometryIndex 7
   &NAtoms [&Type "Integer"] 42 "Total number of atoms"
   &NBondOrdersPrint [&Type "Integer"] 47 "The number of bond orders larger than threshold"
   &bondThresh [&Type "Double"]       1.0000000000000001e-01  "The threshold for printing"
   &components [&Type "ArrayOfIntegers", &Dim (47,4)] "The indices and atomic numbers of the bonding atoms"
                                                         0                           1                           2                           3

0                                                        0                           6                           1                           6
1                                                        0                           6                           5                           6
2                                                        0                           6                          26                           1
3                                                        1                           6                           2                           6
4                                                        1                           6                          27                           1
5                                                        2                           6                           3                           6
6                                                        2                           6                          28                           1
7                                                        3                           6                           4                           6
8                                                        3                           6                          13                           6
9                                                        4                           6                           5                           6
10                                                       4                           6                           6                           6
11                                                       5                           6                          29                           1
12                                                       6                           6                           7                           6
13                                                       6                           6                          11                           6
14                                                       7                           6                           8                           6
15                                                       7                           6                          30                           1
16                                                       8                           6                           9                           6
17                                                       8                           6                          31                           1
18                                                       9                           6                          10                           6
19                                                       9                           6                          17                           6
20                                                      10                           6                          11                           6
21                                                      10                           6                          14                           6
22                                                      11                           6                          12                           6
23                                                      12                           6                          13                           6
24                                                      12                           6                          32                           1
25                                                      13                           6                          33                           1
26                                                      14                           6                          15                           6
27                                                      14                           6                          34                           1
28                                                      15                           6                          16                           6
29                                                      15                           6                          35                           1
30                                                      16                           6                          17                           6
31                                                      16                           6                          21                           6
32                                                      17                           6                          18                           6
33                                                      18                           6                          19                           6
34                                                      18                           6                          36                           1
35                                                      19                           6                          20                           6
36                                                      19                           6                          37                           1
37                                                      20                           6                          21                           6
38                                                      20                           6                          25                           6
39                                                      21                           6                          22                           6
40                                                      22                           6                          23                           6
41                                                      22                           6                          38                           1
42                                                      23                           6                          24                           6
43                                                      23                           6                          39                           1
44                                                      24                           6                          25                           6
45                                                      24                           6                          40                           1
46                                                      25                           6                          41                           1
   &BondOrders [&Type "ArrayOfDoubles", &Dim (47,1)] "The bond orders"
                                                         0

0                                      1.3483604315548305e+00
1                                      1.5053029955600712e+00
2                                      9.3016759509035596e-01
3                                      1.5105238857781353e+00
4                                      9.3037074099898454e-01
5                                      1.3058715955682529e+00
6                                      9.2372011554451527e-01
7                                      1.3227019504498974e+00
8                                      1.2132120120595109e+00
9                                      1.3342838911900341e+00
10                                     1.1505698926803807e+00
11                                     9.1108488719808867e-01
12                                     1.2625023475854986e+00
13                                     1.3486405371405572e+00
14                                     1.5349246692303269e+00
15                                     9.1262776294607528e-01
16                                     1.2600100011135824e+00
17                                     9.1110917550760595e-01
18                                     1.3305091158990547e+00
19                                     1.1768507681894547e+00
20                                     1.1768492886936432e+00
21                                     1.2600102537735856e+00
22                                     1.2360257665922447e+00
23                                     1.5708499717687494e+00
24                                     9.1103859439736068e-01
25                                     9.2392102974559898e-01
26                                     1.5349323403618675e+00
27                                     9.1110687134217405e-01
28                                     1.2625064860490824e+00
29                                     9.1262617510001243e-01
30                                     1.3486414639346620e+00
31                                     1.1505541085055748e+00
32                                     1.2360230930311324e+00
33                                     1.5708495958015136e+00
34                                     9.1103923264256370e-01
35                                     1.2132142714067979e+00
36                                     9.2392127147716074e-01
37                                     1.3227044373413253e+00
38                                     1.3058749689215914e+00
39                                     1.3342848968981127e+00
40                                     1.5053067193050256e+00
41                                     9.1108458480291610e-01
42                                     1.3483605373670684e+00
43                                     9.3016662411613527e-01
44                                     1.5105216513344306e+00
45                                     9.3037132977713322e-01
46                                     9.2371736954719730e-01
   &ATNO [&Type "ArrayOfIntegers", &Dim (42,1)] "Atomic number of the elements"
                                                         0

0                                                        6
1                                                        6
2                                                        6
3                                                        6
4                                                        6
5                                                        6
6                                                        6
7                                                        6
8                                                        6
9                                                        6
10                                                       6
11                                                       6
12                                                       6
13                                                       6
14                                                       6
15                                                       6
16                                                       6
17                                                       6
18                                                       6
19                                                       6
20                                                       6
21                                                       6
22                                                       6
23                                                       6
24                                                       6
25                                                       6
26                                                       1
27                                                       1
28                                                       1
29                                                       1
30                                                       1
31                                                       1
32                                                       1
33                                                       1
34                                                       1
35                                                       1
36                                                       1
37                                                       1
38                                                       1
39                                                       1
40                                                       1
41                                                       1
   &NA [&Type "ArrayOfDoubles", &Dim (42,1)] "Mulliken gross atomic population"
                                                         0

0                                      6.1370485202226455e+00
1                                      6.1246924970197512e+00
2                                      6.2059649217010522e+00
3                                      5.8412578322683464e+00
4                                      5.9565636443164065e+00
5                                      6.1851009492737798e+00
6                                      5.9163095763586080e+00
7                                      6.1995496684285394e+00
8                                      6.1999013201452007e+00
9                                      5.9329373812066883e+00
10                                     5.9329300998551462e+00
11                                     5.9499429049892649e+00
12                                     6.1835402433191007e+00
13                                     6.2051858417012351e+00
14                                     6.1999042196381398e+00
15                                     6.1995474916928242e+00
16                                     5.9163059367595325e+00
17                                     5.9499306553885738e+00
18                                     6.1835418242306446e+00
19                                     6.2051787571112396e+00
20                                     5.8412596094346769e+00
21                                     5.9565731019916761e+00
22                                     6.1850983051609125e+00
23                                     6.1370499988134712e+00
24                                     6.1246930259993935e+00
25                                     6.2059677091411229e+00
26                                     8.7230231864474717e-01
27                                     8.7162936077405395e-01
28                                     8.7204850102505649e-01
29                                     8.6772919433528983e-01
30                                     8.6929720636895613e-01
31                                     8.6871294681139455e-01
32                                     8.6771958749618217e-01
33                                     8.7257438247798103e-01
34                                     8.6871124413152601e-01
35                                     8.6929697208325551e-01
36                                     8.6771998025780062e-01
37                                     8.7257539610062274e-01
38                                     8.6772696326815690e-01
39                                     8.7230238853166020e-01
40                                     8.7162932368842239e-01
41                                     8.7204819783682330e-01
   &ZA [&Type "ArrayOfDoubles", &Dim (42,1)] "Total nuclear charge"
                                                         0

0                                      6.0000000000000000e+00
1                                      6.0000000000000000e+00
2                                      6.0000000000000000e+00
3                                      6.0000000000000000e+00
4                                      6.0000000000000000e+00
5                                      6.0000000000000000e+00
6                                      6.0000000000000000e+00
7                                      6.0000000000000000e+00
8                                      6.0000000000000000e+00
9                                      6.0000000000000000e+00
10                                     6.0000000000000000e+00
11                                     6.0000000000000000e+00
12                                     6.0000000000000000e+00
13                                     6.0000000000000000e+00
14                                     6.0000000000000000e+00
15                                     6.0000000000000000e+00
16                                     6.0000000000000000e+00
17                                     6.0000000000000000e+00
18                                     6.0000000000000000e+00
19                                     6.0000000000000000e+00
20                                     6.0000000000000000e+00
21                                     6.0000000000000000e+00
22                                     6.0000000000000000e+00
23                                     6.0000000000000000e+00
24                                     6.0000000000000000e+00
25                                     6.0000000000000000e+00
26                                     1.0000000000000000e+00
27                                     1.0000000000000000e+00
28                                     1.0000000000000000e+00
29                                     1.0000000000000000e+00
30                                     1.0000000000000000e+00
31                                     1.0000000000000000e+00
32                                     1.0000000000000000e+00
33                                     1.0000000000000000e+00
34                                     1.0000000000000000e+00
35                                     1.0000000000000000e+00
36                                     1.0000000000000000e+00
37                                     1.0000000000000000e+00
38                                     1.0000000000000000e+00
39                                     1.0000000000000000e+00
40                                     1.0000000000000000e+00
41                                     1.0000000000000000e+00
   &QA [&Type "ArrayOfDoubles", &Dim (42,1)] "Mulliken gross atomic charge"
                                                         0

0                                     -1.3704852022264546e-01
1                                     -1.2469249701975116e-01
2                                     -2.0596492170105218e-01
3                                      1.5874216773165362e-01
4                                      4.3436355683593497e-02
5                                     -1.8510094927377985e-01
6                                      8.3690423641392009e-02
7                                     -1.9954966842853938e-01
8                                     -1.9990132014520068e-01
9                                      6.7062618793311657e-02
10                                     6.7069900144853811e-02
11                                     5.0057095010735075e-02
12                                    -1.8354024331910068e-01
13                                    -2.0518584170123511e-01
14                                    -1.9990421963813976e-01
15                                    -1.9954749169282415e-01
16                                     8.3694063240467464e-02
17                                     5.0069344611426203e-02
18                                    -1.8354182423064458e-01
19                                    -2.0517875711123956e-01
20                                     1.5874039056532308e-01
21                                     4.3426898008323889e-02
22                                    -1.8509830516091252e-01
23                                    -1.3704999881347124e-01
24                                    -1.2469302599939347e-01
25                                    -2.0596770914112295e-01
26                                     1.2769768135525283e-01
27                                     1.2837063922594605e-01
28                                     1.2795149897494351e-01
29                                     1.3227080566471017e-01
30                                     1.3070279363104387e-01
31                                     1.3128705318860545e-01
32                                     1.3228041250381783e-01
33                                     1.2742561752201897e-01
34                                     1.3128875586847399e-01
35                                     1.3070302791674449e-01
36                                     1.3228001974219938e-01
37                                     1.2742460389937726e-01
38                                     1.3227303673184310e-01
39                                     1.2769761146833980e-01
40                                     1.2837067631157761e-01
41                                     1.2795180216317670e-01
   &VA [&Type "ArrayOfDoubles", &Dim (42,1)] "Mayer's total valence"
                                                         0

0                                      3.9333296520979517e+00
1                                      3.9181681683135796e+00
2                                      3.9106927852644180e+00
3                                      3.9746263262819697e+00
4                                      3.9995412935423835e+00
5                                      3.8916812676505761e+00
6                                      3.9305267324996427e+00
7                                      3.8703855676026331e+00
8                                      3.8717742359079104e+00
9                                      3.9467143932612649e+00
10                                     3.9467063181856687e+00
11                                     3.9526127747068762e+00
12                                     3.8631758854343259e+00
13                                     3.8827788962301146e+00
14                                     3.8717853786558827e+00
15                                     3.8703936312129152e+00
16                                     3.9305133370993643e+00
17                                     3.9526074446599364e+00
18                                     3.8631733980396623e+00
19                                     3.8827773075285279e+00
20                                     3.9746339888243241e+00
21                                     3.9995342821861968e+00
22                                     3.8916838586784883e+00
23                                     3.9333335461032095e+00
24                                     3.9181639985220111e+00
25                                     3.9106902149506859e+00
26                                     9.3904741833831062e-01
27                                     9.3860043360648704e-01
28                                     9.3882265118093366e-01
29                                     9.3861140270967347e-01
30                                     9.4173311349688604e-01
31                                     9.4148967691680108e-01
32                                     9.4043701698196991e-01
33                                     9.4082216723645895e-01
34                                     9.4149000911804270e-01
35                                     9.4173385629121076e-01
36                                     9.4043670754410902e-01
37                                     9.4082261486208030e-01
38                                     9.3861087520901076e-01
39                                     9.3904731725545787e-01
40                                     9.3860064447552838e-01
41                                     9.3882278134785346e-01
   &BVA [&Type "ArrayOfDoubles", &Dim (42,1)] "Mayer's bonded valence"
                                                         0

0                                      3.9333296520979921e+00
1                                      3.9181681683135743e+00
2                                      3.9106927852644162e+00
3                                      3.9746263262819759e+00
4                                      3.9995412935423125e+00
5                                      3.8916812676506249e+00
6                                      3.9305267324995485e+00
7                                      3.8703855676025745e+00
8                                      3.8717742359079059e+00
9                                      3.9467143932612951e+00
10                                     3.9467063181855799e+00
11                                     3.9526127747068167e+00
12                                     3.8631758854343516e+00
13                                     3.8827788962301391e+00
14                                     3.8717853786558640e+00
15                                     3.8703936312129414e+00
16                                     3.9305133370993937e+00
17                                     3.9526074446599555e+00
18                                     3.8631733980396681e+00
19                                     3.8827773075285261e+00
20                                     3.9746339888243374e+00
21                                     3.9995342821861692e+00
22                                     3.8916838586784928e+00
23                                     3.9333335461032051e+00
24                                     3.9181639985219747e+00
25                                     3.9106902149506695e+00
26                                     9.3904741833831351e-01
27                                     9.3860043360648537e-01
28                                     9.3882265118094177e-01
29                                     9.3861140270968013e-01
30                                     9.4173311349686983e-01
31                                     9.4148967691680086e-01
32                                     9.4043701698197646e-01
33                                     9.4082216723646972e-01
34                                     9.4149000911804148e-01
35                                     9.4173385629120943e-01
36                                     9.4043670754411379e-01
37                                     9.4082261486208607e-01
38                                     9.3861087520901543e-01
39                                     9.3904731725545532e-01
40                                     9.3860064447551295e-01
41                                     9.3882278134785357e-01
   &FA [&Type "ArrayOfDoubles", &Dim (42,1)] "Mayer's free valence"
                                                         0

0                                      0.0000000000000000e+00
1                                      0.0000000000000000e+00
2                                      0.0000000000000000e+00
3                                      0.0000000000000000e+00
4                                      0.0000000000000000e+00
5                                      0.0000000000000000e+00
6                                      0.0000000000000000e+00
7                                      0.0000000000000000e+00
8                                      0.0000000000000000e+00
9                                      0.0000000000000000e+00
10                                     0.0000000000000000e+00
11                                     0.0000000000000000e+00
12                                     0.0000000000000000e+00
13                                     0.0000000000000000e+00
14                                     0.0000000000000000e+00
15                                     0.0000000000000000e+00
16                                     0.0000000000000000e+00
17                                     0.0000000000000000e+00
18                                     0.0000000000000000e+00
19                                     0.0000000000000000e+00
20                                     0.0000000000000000e+00
21                                     0.0000000000000000e+00
22                                     0.0000000000000000e+00
23                                     0.0000000000000000e+00
24                                     0.0000000000000000e+00
25                                     0.0000000000000000e+00
26                                     0.0000000000000000e+00
27                                     0.0000000000000000e+00
28                                     0.0000000000000000e+00
29                                     0.0000000000000000e+00
30                                     0.0000000000000000e+00
31                                     0.0000000000000000e+00
32                                     0.0000000000000000e+00
33                                     0.0000000000000000e+00
34                                     0.0000000000000000e+00
35                                     0.0000000000000000e+00
36                                     0.0000000000000000e+00
37                                     0.0000000000000000e+00
38                                     0.0000000000000000e+00
39                                     0.0000000000000000e+00
40                                     0.0000000000000000e+00
41                                     0.0000000000000000e+00
   &Method [&Type "String"] "SCF"
   &Level [&Type "String"] "Relaxed density"
   &Mult [&Type "Integer"] 1
   &State [&Type "Integer"] -1
   &Irrep [&Type "Integer"] 0
$End
$SCF_Energy
   &GeometryIndex 7
   &Method [&Type "String"] "SCF"
   &totalEnergy [&Type "ArrayOfDoubles", &Dim (1,1)] "Total energy of each state"
                                                         0

0                                     -9.9981468719806776e+02
   &Mult [&Type "ArrayOfIntegers", &Dim (1,1)] "Multiplicity of each state"
                                                         0

0                                                        1
$End
$DFT_Energy
   &GeometryIndex 7
   &nAlphaEl [&Type "Integer"] 85
   &nBetaEl [&Type "Integer"] 85
   &nTotalEl [&Type "Integer"] 171
   &finalEn [&Type "Double"]      -9.9981468719806776e+02  "No Van der Waals correction"
   &eExchange [&Type "Double"]      -1.1169164136537424e+02
   &eCorr [&Type "Double"]      -6.8498093202958064e+00
   &eXC [&Type "Double"]      -1.1854145068567004e+02
   &eCNL [&Type "Double"]       0.0000000000000000e+00
$End
$SCF_Timings
   &GeometryIndex 7
   &TOTAL [&Type "Double"]       2.3427213999999999e+01
   &PREP [&Type "Double"]       7.0728500000000005e-01
   &FOCK [&Type "Double"]       2.1140448999999997e+01
   &DENS [&Type "Double"]       3.6476000000002173e-02
   &ETOT [&Type "Double"]       1.5781999999999741e-02
   &POP [&Type "Double"]       6.5525000000000944e-02
   &TRAFO [&Type "Double"]       4.5766000000000417e-02
   &DIIS [&Type "Double"]       5.8893999999999558e-02
   &SOSCF [&Type "Double"]       1.7528499999999791e-01
   &XC [&Type "Double"]       1.8262730000000014e+00
   &FOCKSTART [&Type "Double"]       9.1969999999991225e-03
   &INT_PREP [&Type "Double"]       3.0000000030838692e-06
   &INT_BF [&Type "Double"]       4.6090100000001666e-01
   &INT_DENS [&Type "Double"]       4.3913600000000308e-01
   &INT_DENSIO [&Type "Double"]       2.3096491438000019e+04
   &INT_FUNC [&Type "Double"]       5.0450999999966939e-02
   &INT_POT [&Type "Double"]       4.4273800000003760e-01
   &INT_POTIO [&Type "Double"]       1.1706000000004657e-02
   &INT_SUM [&Type "Double"]       1.9300000000033180e-04
   &SPLITRIJ [&Type "Double"]       1.9234240000000011e+00
   &COSX [&Type "Double"]       1.9120077999999999e+01
$End
$Single_Point_Data
   &GeometryIndex 7
   &FinalEnergy [&Type "Double"]      -9.9981468719806776e+02  "Final single point energy"
   &Converged [&Type "Boolean"] true
$End
$SCF_Dipole_Moment
   &GeometryIndex 7
   &dipoleMagnitude [&Type "Double", &Units "a.u."]       1.1261636075518445e-05
   &dipoleElecContrib [&Type "ArrayOfDoubles", &Dim (3,1)] "Electronic contribution"
                                                         0

0                                      1.3760959307607123e-06
1                                      8.3322516515327294e-06
2                                      3.7115623654770946e-06
   &dipoleNucContrib [&Type "ArrayOfDoubles", &Dim (3,1)] "Nuclear contribution"
                                                         0

0                                      9.2335220305272969e-06
1                                     -1.0499983020828552e-05
2                                     -6.8037128345688203e-06
   &dipoleTotal [&Type "ArrayOfDoubles", &Dim (3,1)] "Total"
                                                         0

0                                      1.0609617961288009e-05
1                                     -2.1677313692958222e-06
2                                     -3.0921504690917256e-06
   &doAtomicDipole [&Type "Boolean"] false
   &Method [&Type "String"] "SCF"
   &Level [&Type "String"] "Relaxed density"
   &Mult [&Type "Integer"] 1
   &State [&Type "Integer"] -1
   &Irrep [&Type "Integer"] 0
$End
$Calculation_Info
   &GeometryIndex 7
   &Mult [&Type "Integer"] 1
   &Charge [&Type "Integer"] 0
   &NumOfAtoms [&Type "Integer"] 42
   &NumOfElectrons [&Type "Integer"] 172
   &NumOfBasisFuncts [&Type "Integer"] 396
   &NumOfAuxCBasisFuncts [&Type "Integer"] 0
   &NumOfAuxJBasisFuncts [&Type "Integer"] 1450
   &NumOfAuxJKBasisFuncts [&Type "Integer"] 0
   &NumOfCABSBasisFuncts [&Type "Integer"] 0
$End
$Calculation_Timings
   &GeometryIndex 7
   &GTOINT [&Type "Double"]       3.9989548000000021e+01
   &SCF [&Type "Double"]       2.9680007099999995e+02
   &SCFGRAD [&Type "Double"]       1.4220028700000006e+02
   &GSTEP [&Type "Double"]       1.1170499999998260e-01
   &PROP [&Type "Double"]       3.1228590000000054e+00
   &SUM [&Type "Double"]       4.8222447000000000e+02
$End
